-- MySQL dump 10.13  Distrib 5.5.62, for debian-linux-gnu (x86_64)
--
-- Host: localhost    Database: django_swrpg
-- ------------------------------------------------------
-- Server version	5.5.62-0ubuntu0.14.04.1

/*!40101 SET @OLD_CHARACTER_SET_CLIENT=@@CHARACTER_SET_CLIENT */;
/*!40101 SET @OLD_CHARACTER_SET_RESULTS=@@CHARACTER_SET_RESULTS */;
/*!40101 SET @OLD_COLLATION_CONNECTION=@@COLLATION_CONNECTION */;
/*!40101 SET NAMES utf8 */;
/*!40103 SET @OLD_TIME_ZONE=@@TIME_ZONE */;
/*!40103 SET TIME_ZONE='+00:00' */;
/*!40014 SET @OLD_UNIQUE_CHECKS=@@UNIQUE_CHECKS, UNIQUE_CHECKS=0 */;
/*!40014 SET @OLD_FOREIGN_KEY_CHECKS=@@FOREIGN_KEY_CHECKS, FOREIGN_KEY_CHECKS=0 */;
/*!40101 SET @OLD_SQL_MODE=@@SQL_MODE, SQL_MODE='NO_AUTO_VALUE_ON_ZERO' */;
/*!40111 SET @OLD_SQL_NOTES=@@SQL_NOTES, SQL_NOTES=0 */;

--
-- Table structure for table `adversaries_adversary`
--

DROP TABLE IF EXISTS `adversaries_adversary`;
/*!40101 SET @saved_cs_client     = @@character_set_client */;
/*!40101 SET character_set_client = utf8 */;
CREATE TABLE `adversaries_adversary` (
  `entry_ptr_id` int(11) NOT NULL,
  `level` varchar(20) NOT NULL,
  `brawn` int(11) NOT NULL,
  `agility` int(11) NOT NULL,
  `intellect` int(11) NOT NULL,
  `cunning` int(11) NOT NULL,
  `willpower` int(11) NOT NULL,
  `presence` int(11) NOT NULL,
  `soak_value` int(11) NOT NULL,
  `wound_threshold` int(11) NOT NULL,
  `strain_threshold` int(11) DEFAULT NULL,
  `melee_defense` int(11) NOT NULL,
  `ranged_defense` int(11) NOT NULL,
  PRIMARY KEY (`entry_ptr_id`),
  CONSTRAINT `entry_ptr_id_refs_id_87bf9c6f` FOREIGN KEY (`entry_ptr_id`) REFERENCES `base_entry` (`id`)
) ENGINE=InnoDB DEFAULT CHARSET=latin1;
/*!40101 SET character_set_client = @saved_cs_client */;

--
-- Dumping data for table `adversaries_adversary`
--

LOCK TABLES `adversaries_adversary` WRITE;
/*!40000 ALTER TABLE `adversaries_adversary` DISABLE KEYS */;
INSERT INTO `adversaries_adversary` VALUES (684,'Minion',2,3,2,3,2,2,3,5,NULL,0,0),(713,'Rival',3,3,2,2,2,2,4,15,NULL,0,0),(716,'Rival',3,3,2,2,3,1,5,15,NULL,0,0),(718,'Nemesis',2,3,4,3,4,5,2,13,16,0,0),(719,'Rival',3,3,2,3,2,2,5,13,NULL,0,0),(720,'Rival',2,3,3,3,2,3,2,12,NULL,0,0),(729,'Minion',3,2,2,2,1,1,3,6,NULL,0,0),(730,'Rival',2,2,3,4,1,3,3,12,NULL,0,0),(731,'Rival',4,3,2,3,2,1,5,16,NULL,0,0),(734,'Nemesis',3,4,3,4,3,2,3,17,15,1,1),(735,'Rival',1,2,4,4,2,2,1,11,NULL,0,0),(736,'Rival',2,2,4,3,3,3,2,12,NULL,0,0),(737,'Nemesis',2,3,3,4,3,4,3,14,13,1,1),(738,'Minion',2,3,1,2,1,2,4,5,NULL,0,0),(740,'Nemesis',4,4,2,3,2,3,5,20,12,1,1),(741,'Rival',3,3,1,3,2,1,3,15,NULL,0,0),(742,'Rival',2,3,2,3,2,3,2,14,NULL,0,0),(743,'Rival',2,2,4,3,2,1,2,12,NULL,0,0),(744,'Nemesis',2,3,3,3,2,4,3,18,12,1,1),(745,'Rival',2,3,2,3,2,3,2,12,NULL,0,0),(746,'Minion',3,2,2,2,1,1,4,5,NULL,0,0),(747,'Rival',1,2,3,3,2,2,2,11,NULL,0,0),(748,'Rival',2,3,2,3,2,2,2,12,NULL,0,0),(749,'Rival',2,2,3,3,2,3,2,12,0,0,0),(750,'Rival',2,2,2,2,2,4,2,12,NULL,0,0),(751,'Rival',2,2,3,2,3,3,2,12,NULL,0,0),(752,'Rival',2,3,3,2,2,2,2,12,NULL,0,0),(753,'Minion',2,2,2,2,2,2,4,4,NULL,0,0),(755,'Nemesis',2,2,4,4,3,3,2,14,13,0,0),(756,'Minion',1,2,1,3,1,3,1,3,NULL,0,0),(757,'Minion',2,3,2,3,2,2,3,6,NULL,0,0),(758,'Nemesis',4,4,3,3,3,3,6,20,13,1,1),(759,'Minion',2,2,2,2,2,1,4,5,NULL,0,0),(762,'Rival',3,2,2,2,3,2,4,14,NULL,0,0),(763,'Nemesis',2,2,4,3,2,4,2,14,12,2,0),(764,'Nemesis',4,4,3,5,3,2,4,18,20,2,3),(765,'Rival',3,3,3,3,3,3,3,14,NULL,0,0),(767,'Minion',2,2,2,2,2,2,3,5,NULL,0,0),(768,'Rival',2,3,2,3,2,2,3,11,NULL,0,0),(769,'Minion',3,3,2,2,3,1,5,5,NULL,0,0),(770,'Minion',2,3,2,2,2,2,2,5,NULL,0,0),(772,'Minion',2,2,2,2,2,2,3,5,NULL,0,0),(774,'Nemesis',2,2,3,4,3,4,3,14,14,0,0),(775,'Rival',3,3,3,4,3,3,4,14,NULL,0,0),(776,'Nemesis',3,3,3,4,3,4,4,16,16,0,0),(779,'Nemesis',6,1,4,6,5,3,10,30,20,0,0),(780,'Rival',2,2,2,3,3,3,2,12,NULL,0,0),(782,'Rival',2,3,3,2,3,2,4,14,NULL,0,0),(783,'Rival',2,3,2,2,3,3,2,12,NULL,0,0),(784,'Rival',2,2,3,2,3,5,2,12,NULL,0,0),(785,'Rival',2,3,2,3,2,3,2,13,NULL,0,0),(787,'Nemesis',3,4,3,4,2,2,3,16,14,2,1),(788,'Rival',4,2,1,1,1,1,5,14,NULL,0,0),(789,'Rival',2,2,4,2,3,3,3,12,0,0,0),(791,'Minion',2,3,2,2,2,4,3,5,NULL,0,0),(793,'Rival',5,3,2,3,2,2,5,16,NULL,0,0),(794,'Rival',3,2,3,4,2,4,4,13,NULL,0,0),(801,'Minion',2,2,1,1,1,1,4,4,NULL,0,0),(802,'Nemesis',4,3,3,3,1,1,7,19,10,0,1),(803,'Rival',1,1,2,2,1,1,3,11,NULL,0,0),(804,'Minion',1,1,1,1,1,1,3,3,NULL,0,0),(805,'Rival',1,1,2,1,1,1,3,10,NULL,0,0),(807,'Rival',1,1,3,1,1,2,3,10,NULL,0,0),(808,'Rival',2,2,1,2,1,1,5,14,NULL,0,0),(809,'Rival',2,3,1,3,1,1,5,9,NULL,0,0),(812,'Rival',1,3,1,3,1,1,4,15,NULL,0,0),(813,'Rival',1,3,2,1,1,1,2,5,NULL,0,0),(815,'Rival',1,1,3,1,1,3,2,8,NULL,0,0),(819,'Rival',4,1,2,1,1,1,8,20,NULL,1,1),(821,'Rival',2,4,1,1,1,1,3,10,NULL,0,0),(823,'Minion',1,3,1,1,1,1,0,2,NULL,0,0),(827,'Minion',2,1,1,1,1,1,3,2,NULL,0,0),(828,'Minion',2,2,1,1,1,1,4,4,NULL,0,0),(831,'Nemesis',2,2,3,4,2,3,3,13,13,0,0),(832,'Rival',2,3,2,3,2,2,2,12,NULL,0,0),(833,'Rival',2,3,2,3,3,2,3,16,NULL,0,0),(835,'Rival',1,2,3,1,1,1,2,3,NULL,0,0),(838,'Minion',1,3,1,1,1,1,1,4,NULL,1,1),(841,'Rival',4,2,1,2,1,1,4,22,NULL,0,0),(844,'Nemesis',6,2,1,3,3,1,12,40,15,0,0),(847,'Rival',5,3,1,3,2,1,6,18,NULL,0,0),(853,'Rival',3,2,2,3,2,2,4,12,NULL,0,0),(854,'Minion',2,2,2,2,2,2,2,6,NULL,0,0),(855,'Minion',3,2,2,2,2,2,5,8,NULL,0,0),(857,'Rival',1,1,2,3,1,1,3,12,NULL,0,0),(858,'Nemesis',4,2,2,4,3,1,5,16,14,0,0),(860,'Rival',3,2,1,1,2,1,5,14,NULL,0,0),(862,'Rival',2,3,2,2,1,2,3,12,NULL,1,1),(863,'Rival',3,3,3,3,2,2,4,14,NULL,1,0),(864,'Rival',1,3,1,3,1,1,0,0,NULL,0,0),(869,'Nemesis',2,3,3,4,3,4,2,16,15,0,0),(871,'Nemesis',2,2,5,3,3,2,3,14,16,0,0),(876,'Minion',2,3,2,2,2,2,3,5,NULL,0,0),(877,'Rival',2,3,3,2,3,3,3,12,NULL,0,0),(881,'Rival',3,2,3,2,2,1,4,10,NULL,0,0),(886,'Rival',2,2,2,3,2,3,3,10,NULL,0,0),(888,'Rival',3,2,2,2,2,2,4,8,NULL,0,0),(889,'Rival',3,3,2,3,2,2,5,12,NULL,0,0),(892,'Rival',2,2,1,2,1,1,4,14,NULL,1,1),(893,'Rival',2,4,2,3,2,3,2,12,NULL,0,0),(894,'Rival',2,3,3,3,2,4,2,12,NULL,0,0),(895,'Rival',3,4,2,2,2,2,3,13,NULL,0,0),(897,'Rival',2,3,2,3,2,2,2,12,NULL,0,0),(898,'Rival',2,3,2,3,2,3,2,12,NULL,0,0),(899,'Rival',2,3,1,2,1,1,5,14,NULL,0,0),(902,'Rival',2,4,1,3,2,1,2,12,NULL,0,0),(903,'Nemesis',5,1,4,4,3,3,9,30,20,0,2),(904,'Nemesis',2,2,4,3,3,3,2,12,13,0,0),(905,'Nemesis',2,2,2,4,2,4,2,12,12,2,2),(909,'Nemesis',2,3,4,3,2,2,2,12,14,0,0),(910,'Nemesis',1,3,3,5,4,3,1,11,16,2,2),(911,'Nemesis',4,3,2,4,2,3,5,15,14,0,0),(915,'Nemesis',2,2,4,4,3,2,2,12,13,2,2),(917,'Nemesis',3,2,4,1,3,1,8,10,4,0,0),(921,'Minion',1,4,1,1,1,1,1,3,NULL,1,1),(923,'Rival',3,3,2,3,3,2,4,10,NULL,1,1),(925,'Rival',3,3,2,3,3,2,4,10,NULL,1,1),(926,'Minion',3,3,2,2,2,2,4,5,NULL,1,1),(928,'Rival',2,2,1,2,1,1,5,10,NULL,0,0),(933,'Nemesis',2,3,3,4,3,3,2,16,14,2,1),(934,'Minion',3,3,1,2,1,2,4,5,NULL,0,0),(937,'Nemesis',2,3,3,3,3,2,4,14,12,1,1),(940,'Nemesis',2,3,2,4,3,3,3,12,14,0,0),(942,'Nemesis',2,3,4,4,3,3,3,14,16,0,0),(945,'Rival',2,3,1,1,1,1,3,12,NULL,2,1),(947,'Minion',2,3,2,1,2,2,3,6,NULL,0,0),(949,'Minion',2,3,2,2,2,2,2,12,NULL,0,0),(955,'Rival',3,4,1,2,2,1,3,10,NULL,1,0),(961,'Rival',3,2,1,2,2,1,5,8,NULL,0,0),(966,'Minion',5,2,1,1,1,1,7,8,NULL,0,0),(971,'Rival',1,3,1,3,1,3,1,2,NULL,1,1),(975,'Nemesis',4,2,1,3,2,2,8,20,15,0,0),(977,'Minion',2,2,2,2,2,2,4,6,NULL,0,0),(979,'Rival',2,2,3,3,2,3,5,12,NULL,0,0),(981,'Nemesis',3,4,3,3,3,2,5,15,15,1,1),(986,'Minion',2,4,1,2,1,1,3,4,NULL,0,1),(990,'Rival',5,3,1,3,1,1,5,25,NULL,0,0),(992,'Rival',2,1,4,2,3,2,3,10,NULL,0,0),(997,'Rival',6,1,1,1,1,1,6,15,NULL,1,1),(1000,'Minion',1,3,1,1,1,1,0,2,NULL,0,1),(1004,'Nemesis',5,4,1,3,2,2,8,22,24,0,0),(1009,'Rival',3,2,1,2,1,1,5,10,NULL,0,0),(1013,'Rival',4,2,1,1,1,2,6,12,NULL,0,0),(1019,'Nemesis',4,4,1,3,1,2,5,14,8,2,2),(1024,'Nemesis',5,4,1,3,1,1,5,16,6,1,0),(1029,'Rival',4,2,1,1,1,1,6,10,NULL,3,1),(1031,'Nemesis',2,2,3,4,3,3,4,16,18,1,1),(1034,'Rival',1,1,5,3,3,2,3,14,NULL,1,1),(1036,'Minion',3,3,1,1,2,1,5,6,NULL,0,0),(1038,'Nemesis',2,2,3,3,3,3,3,14,16,0,0),(1040,'Rival',4,2,2,3,2,2,6,16,NULL,0,0),(1041,'Nemesis',6,1,4,6,5,3,10,30,20,0,0),(1042,'Rival',2,1,3,2,2,2,2,10,NULL,0,0),(1043,'Rival',2,2,3,4,2,3,2,10,NULL,0,0),(1049,'Rival',4,2,1,2,1,1,6,15,NULL,0,0),(1050,'Rival',1,2,3,2,2,2,1,11,NULL,0,0),(1055,'Rival',5,3,1,1,1,1,7,18,NULL,0,0),(1059,'Rival',2,3,1,2,1,1,3,12,NULL,0,0),(1063,'Rival',5,2,1,2,2,1,5,17,NULL,0,0),(1069,'Rival',3,3,1,2,1,1,4,14,NULL,0,0),(1070,'Minion',3,2,1,2,2,1,4,6,NULL,0,0),(1071,'Rival',1,2,4,3,3,3,2,14,NULL,0,0),(1072,'Nemesis',2,3,3,3,3,3,2,14,15,0,0),(1074,'Nemesis',2,3,3,3,3,3,3,14,15,1,1),(1076,'Rival',2,2,2,2,3,1,2,12,NULL,0,0),(1077,'Rival',2,2,3,3,2,2,2,12,NULL,0,0),(1078,'Rival',3,4,2,2,1,2,5,16,NULL,0,0),(1079,'Rival',3,3,2,1,3,1,5,16,NULL,1,0),(1080,'Rival',2,2,3,4,2,3,5,14,NULL,1,1),(1082,'Rival',2,3,3,3,2,3,5,15,NULL,0,2),(1084,'Rival',4,3,2,3,2,1,5,16,NULL,0,0),(1085,'Minion',3,2,2,2,1,1,3,4,NULL,0,0),(1086,'Rival',2,3,3,2,2,2,4,12,NULL,0,0),(1088,'Rival',3,3,3,2,3,2,4,12,NULL,0,0),(1090,'Nemesis',3,4,2,4,3,3,6,16,12,1,1),(1092,'Rival',3,2,2,3,2,1,4,15,NULL,0,0),(1094,'Minion',2,3,2,3,1,2,3,5,NULL,0,0),(1095,'Rival',2,2,2,3,2,1,4,14,NULL,0,0),(1097,'Rival',2,3,2,3,2,2,3,13,NULL,0,1),(1098,'Rival',3,3,1,3,2,1,5,16,NULL,0,0),(1101,'Rival',1,2,4,3,2,2,1,11,NULL,0,0),(1102,'Rival',2,1,4,2,2,2,4,14,NULL,0,0),(1103,'Minion',1,1,3,2,2,2,3,7,NULL,0,0),(1107,'Minion',1,3,1,1,1,1,1,4,NULL,1,1),(1108,'Rival',2,2,3,3,2,3,2,12,NULL,0,0),(1109,'Rival',1,2,3,4,3,2,1,16,NULL,0,0),(1110,'Rival',2,3,2,4,2,2,4,17,NULL,0,0),(1112,'Minion',3,3,1,2,1,2,5,5,NULL,0,0),(1113,'Rival',4,2,1,1,1,1,5,14,NULL,0,0),(1115,'Nemesis',1,1,3,1,3,2,3,14,16,0,0),(1116,'Rival',1,1,4,2,1,1,3,11,NULL,0,0),(1118,'Rival',1,1,2,1,1,1,3,10,NULL,0,0),(1122,'Minion',1,1,1,1,1,1,3,3,NULL,0,0),(1123,'Minion',2,2,1,1,1,1,4,4,NULL,0,0),(1125,'Rival',1,3,1,3,1,1,4,5,NULL,0,0),(1127,'Rival',5,1,1,1,1,1,7,20,NULL,0,0),(1128,'Rival',1,1,3,1,1,2,3,10,NULL,0,0),(1131,'Minion',3,2,2,2,2,2,4,5,NULL,0,0),(1132,'Rival',3,2,2,2,2,3,4,14,NULL,0,0),(1134,'Rival',2,3,2,2,2,1,3,12,0,0,0),(1135,'Rival',3,3,2,3,2,3,4,18,NULL,1,1),(1136,'Rival',2,2,2,3,2,3,4,15,NULL,0,0),(1137,'Minion',2,3,2,2,1,2,4,8,NULL,0,0),(1138,'Rival',1,1,3,2,1,2,2,10,NULL,0,0),(1139,'Minion',2,2,2,1,2,1,4,5,NULL,0,0),(1140,'Rival',2,2,2,2,2,1,2,12,NULL,0,0),(1146,'Rival',1,4,1,1,1,1,1,20,NULL,0,0),(1150,'Rival',3,3,1,2,1,1,3,15,NULL,1,0),(1157,'Minion',1,3,1,1,1,1,2,3,NULL,1,1),(1163,'Rival',3,4,1,3,1,1,3,20,NULL,0,0),(1164,'Rival',3,4,2,3,1,1,3,20,NULL,0,0),(1169,'Rival',4,2,1,1,1,2,4,35,NULL,0,0),(1172,'Nemesis',2,2,4,3,4,5,4,15,20,0,0),(1175,'Nemesis',2,1,4,3,3,2,2,12,14,0,0),(1176,'Minion',2,2,2,1,2,1,2,5,NULL,0,0),(1179,'Minion',2,2,2,1,1,1,4,5,NULL,0,0),(1181,'Minion',3,3,2,2,3,1,5,10,NULL,0,0),(1185,'Rival',2,2,1,2,1,1,3,15,NULL,0,0),(1186,'Rival',2,3,2,2,2,1,2,12,NULL,0,0),(1187,'Rival',2,3,3,3,1,2,4,12,NULL,0,0),(1190,'Rival',3,2,3,2,2,2,5,15,NULL,0,0),(1191,'Minion',2,2,2,2,2,1,4,5,NULL,0,0),(1192,'Rival',3,3,2,2,3,2,3,17,NULL,0,0),(1252,'Minion',2,2,2,2,2,2,3,5,NULL,0,0),(1255,'Rival',1,2,3,3,2,3,1,12,NULL,0,0),(1257,'Rival',1,1,3,2,3,4,2,10,NULL,0,0),(1259,'Nemesis',2,3,4,4,3,4,4,16,14,0,0),(1262,'Rival',2,2,4,3,2,2,2,10,NULL,0,0),(1264,'Minion',3,2,3,2,2,1,3,4,NULL,0,0),(1266,'Rival',2,2,2,3,2,3,2,13,NULL,0,0),(1267,'Rival',2,2,2,2,3,1,3,12,NULL,0,0),(1270,'Nemesis',3,3,2,4,4,2,4,19,16,1,1),(1274,'Rival',3,3,2,3,2,2,5,13,NULL,0,0),(1275,'Rival',2,4,2,3,2,2,2,12,NULL,0,0),(1276,'Minion',2,3,2,3,2,2,2,5,NULL,0,0),(1278,'Rival',2,2,3,2,2,2,2,12,NULL,0,0),(1280,'Rival',2,2,3,3,2,2,2,12,NULL,0,0),(1284,'Nemesis',2,2,3,4,3,4,2,12,13,0,0),(1286,'Rival',3,3,2,3,4,1,4,13,0,0,0),(1288,'Minion',2,2,2,2,2,2,3,5,NULL,0,0),(1289,'Rival',2,3,2,2,2,2,3,12,NULL,0,0),(1290,'Nemesis',3,3,3,3,3,3,3,13,14,0,0),(1292,'Rival',1,2,2,3,3,2,1,11,NULL,0,0),(1293,'Minion',2,2,3,2,2,2,2,5,NULL,0,0),(1296,'Rival',4,3,2,2,2,1,8,16,NULL,1,1),(1300,'Minion',3,3,2,2,3,1,5,5,NULL,0,0),(1303,'Minion',3,3,2,2,3,1,4,5,NULL,0,0),(1306,'Minion',3,3,2,2,3,1,5,5,NULL,0,0),(1307,'Minion',2,3,2,2,2,2,2,5,NULL,0,0),(1309,'Rival',2,4,2,3,2,2,2,12,NULL,0,0),(1310,'Rival',2,2,3,3,2,3,2,12,NULL,0,0),(1311,'Rival',2,3,2,3,2,2,3,12,NULL,1,1),(1314,'Rival',2,2,4,3,2,2,2,12,NULL,0,0),(1315,'Rival',3,2,1,3,2,1,4,13,NULL,0,0),(1316,'Rival',2,2,3,3,2,2,2,12,NULL,0,0),(1318,'Rival',2,2,3,3,2,3,2,12,NULL,0,0),(1319,'Rival',2,2,4,2,2,3,2,12,NULL,0,0),(1321,'Nemesis',2,2,3,2,3,4,2,12,14,0,0),(1322,'Rival',2,2,3,3,2,3,2,12,NULL,0,0),(1324,'Rival',2,2,4,2,3,1,2,12,NULL,0,0),(1328,'Nemesis',3,3,4,2,4,2,4,13,12,0,0),(1330,'Minion',2,2,2,2,2,2,2,3,NULL,0,0),(1334,'Rival',3,2,3,4,3,3,3,15,NULL,0,0),(1336,'Rival',2,2,3,3,3,3,2,12,NULL,0,0),(1339,'Minion',3,2,2,2,2,2,3,4,NULL,0,0),(1342,'Rival',1,1,2,1,2,2,2,11,NULL,0,0),(1345,'Rival',2,3,2,2,2,3,3,12,NULL,0,0),(1346,'Minion',2,2,2,2,2,2,2,4,NULL,0,0),(1348,'Rival',2,2,2,2,3,3,2,12,NULL,0,0),(1350,'Rival',1,1,1,1,1,1,1,11,NULL,0,0),(1353,'Minion',1,3,1,2,1,1,1,4,NULL,0,3),(1354,'Minion',3,2,2,2,2,2,4,5,NULL,0,0),(1356,'Nemesis',2,2,4,3,3,4,2,16,13,0,0),(1357,'Minion',2,2,3,2,2,2,2,5,NULL,0,0),(1362,'Rival',3,4,1,4,2,2,3,9,NULL,0,0),(1363,'Minion',2,3,1,3,1,1,2,8,NULL,0,0),(1364,'Minion',1,3,1,3,1,1,1,6,NULL,0,0),(1366,'Rival',4,2,1,1,2,2,4,17,NULL,0,0),(1367,'Minion',2,3,1,2,2,1,2,6,NULL,0,0),(1368,'Nemesis',2,3,2,4,2,3,2,12,12,0,0),(1369,'Rival',3,2,2,3,3,2,3,13,NULL,0,0),(1373,'Rival',2,2,3,3,2,3,2,12,NULL,0,0),(1378,'Rival',1,1,3,1,1,1,3,10,NULL,0,0),(1381,'Minion',5,1,1,1,1,1,7,20,NULL,0,0),(1382,'Rival',1,3,2,2,1,1,3,11,NULL,0,0),(1383,'Nemesis',2,1,3,3,2,3,4,16,13,0,1),(1462,'Rival',3,1,2,2,1,1,5,14,NULL,2,2),(1463,'Rival',2,1,1,3,1,1,4,12,NULL,0,0),(1465,'Minion',1,1,1,1,1,0,2,1,NULL,0,0),(1468,'Minion',3,3,0,1,1,1,4,4,NULL,0,0),(1470,'Rival',1,2,2,2,1,3,3,7,NULL,0,0),(1492,'Nemesis',2,2,4,3,3,3,3,15,17,0,0),(1493,'Nemesis',3,4,3,2,3,3,4,18,20,0,0),(1494,'Nemesis',3,3,3,2,4,2,4,14,14,0,0),(1495,'Rival',3,3,2,2,3,1,3,13,NULL,0,0),(1497,'Rival',2,3,3,3,2,3,4,12,NULL,0,0),(1498,'Rival',2,2,4,2,3,3,2,12,NULL,0,0),(1499,'Rival',2,2,3,2,2,3,2,12,NULL,0,0),(1500,'Rival',2,3,2,2,1,1,2,15,NULL,0,0),(1503,'Rival',2,3,2,2,1,1,3,10,NULL,0,0),(1508,'Rival',4,3,1,3,1,1,4,20,NULL,1,1),(1509,'Rival',2,3,2,2,2,2,3,12,NULL,0,0),(1511,'Nemesis',3,3,3,3,3,1,5,15,14,0,0),(1512,'Rival',3,3,2,2,3,1,5,15,NULL,0,0),(1513,'Rival',2,4,2,3,2,2,2,12,NULL,0,0),(1514,'Minion',2,3,2,2,2,2,2,5,NULL,0,0),(1517,'Rival',3,3,1,2,1,1,3,12,NULL,0,0),(1520,'Nemesis',3,3,1,2,1,1,3,20,10,1,0),(1523,'Minion',2,2,1,1,1,1,0,6,NULL,0,0),(1541,'Minion',2,3,2,3,1,1,3,4,NULL,0,0),(1542,'Rival',3,3,2,2,1,1,3,10,NULL,0,0),(1543,'Rival',1,4,1,2,1,1,1,5,NULL,0,1),(1544,'Rival',4,3,2,2,1,1,4,15,NULL,0,0),(1545,'Nemesis',5,3,1,1,2,1,5,20,10,0,0),(1546,'Rival',1,3,3,2,2,2,1,11,NULL,0,0),(1548,'Rival',3,3,1,2,2,2,5,20,NULL,0,0),(1550,'Rival',2,4,2,3,2,2,3,14,NULL,0,0),(1551,'Rival',3,3,2,2,2,3,4,15,NULL,0,0),(1552,'Rival',2,2,3,2,2,3,2,11,NULL,0,0),(1553,'Rival',2,2,3,2,2,1,3,12,NULL,0,0),(1556,'Nemesis',2,3,4,3,3,2,4,16,20,2,2),(1558,'Rival',1,4,2,2,1,1,2,16,NULL,1,2),(1559,'Rival',2,2,2,2,2,2,2,12,NULL,0,0),(1560,'Rival',3,3,2,2,2,3,4,15,NULL,0,0),(1561,'Nemesis',2,2,3,3,3,3,2,15,18,0,0),(1563,'Minion',3,3,2,2,3,1,4,4,NULL,0,0),(1564,'Nemesis',3,3,3,3,3,2,5,18,29,2,2),(1570,'Minion',1,3,2,2,2,2,2,4,NULL,0,0),(1572,'Minion',3,2,1,2,2,1,3,3,NULL,0,0),(1574,'Rival',1,3,2,3,2,2,1,11,NULL,0,0),(1575,'Rival',2,3,2,3,2,1,2,15,NULL,0,0),(1576,'Rival',3,2,1,2,2,1,4,4,NULL,0,0),(1578,'Rival',2,2,2,2,2,2,2,5,NULL,0,0),(1581,'Minion',2,3,2,2,2,1,3,4,NULL,0,0),(1584,'Rival',2,3,2,3,2,2,2,12,NULL,0,0),(1589,'Rival',2,3,2,3,2,3,2,10,NULL,0,0),(1592,'Nemesis',2,2,4,2,3,4,2,14,12,0,0),(1594,'Minion',2,2,2,2,2,2,2,5,NULL,0,0),(1596,'Minion',2,2,2,2,2,2,3,5,NULL,0,0),(1597,'Rival',3,3,2,2,2,2,4,15,NULL,0,0),(1598,'Rival',1,1,2,1,1,1,2,6,NULL,0,0),(1600,'Nemesis',2,3,2,2,4,3,2,16,14,0,0),(1603,'Rival',2,2,2,2,3,3,2,8,NULL,0,0),(1672,'Rival',1,1,2,2,1,1,3,11,NULL,0,0),(1673,'Rival',1,2,2,2,1,1,2,9,NULL,0,0),(1707,'Rival',5,1,1,1,1,2,8,20,NULL,0,0),(1708,'Rival',5,1,1,1,1,1,10,26,NULL,0,0),(1714,'Rival',4,3,1,2,1,2,5,15,NULL,0,0),(1717,'Rival',4,3,1,1,2,2,7,16,NULL,0,0),(1721,'Rival',5,2,1,1,1,1,5,18,NULL,1,1),(1726,'Rival',3,2,1,1,2,1,5,14,NULL,0,0),(1730,'Rival',4,4,1,1,1,2,5,16,NULL,0,0),(1736,'Rival',7,1,1,1,2,1,16,55,NULL,1,1),(1739,'Rival',3,4,1,2,1,1,4,15,NULL,0,0),(1742,'Rival',3,6,1,2,1,2,4,13,NULL,0,0),(1746,'Rival',3,4,1,1,1,1,8,16,NULL,0,0),(1750,'Rival',4,4,1,3,2,2,6,17,NULL,0,0),(1751,'Rival',5,3,1,1,1,1,7,18,NULL,0,0),(1754,'Rival',3,3,1,3,1,1,6,18,NULL,0,1),(1757,'Rival',4,3,1,2,2,1,5,15,NULL,0,0),(1762,'Rival',4,2,1,1,1,1,5,15,NULL,0,0),(1766,'Rival',4,5,1,2,1,2,5,22,NULL,0,0),(1928,'Rival',4,4,1,2,2,1,4,20,NULL,0,0),(1929,'Rival',2,2,3,3,3,3,2,14,NULL,0,0),(1931,'Minion',2,1,1,1,2,1,3,15,NULL,0,0),(1932,'Rival',4,1,2,4,3,2,5,17,NULL,0,0),(1933,'Nemesis',5,1,4,5,4,3,7,20,15,0,0),(1935,'Rival',3,4,2,2,2,1,6,13,NULL,1,1),(1939,'Minion',4,3,1,3,2,1,6,9,NULL,1,1),(1941,'Minion',1,2,2,2,1,1,2,5,NULL,0,0),(1946,'Minion',3,2,1,4,4,1,4,7,NULL,0,0),(1947,'Rival',4,2,1,3,2,1,5,16,NULL,0,0),(1950,'Rival',5,2,1,2,2,1,6,18,NULL,0,0),(1952,'Rival',3,2,2,2,1,1,4,15,NULL,1,1),(1954,'Nemesis',4,3,2,2,3,2,6,18,15,1,1),(1955,'Minion',2,3,2,2,1,2,4,6,NULL,0,0),(1958,'Nemesis',2,3,3,3,2,3,2,16,20,0,0),(1959,'Minion',1,3,1,2,1,1,1,3,NULL,1,1),(1962,'Nemesis',5,2,1,3,3,1,6,20,10,0,0),(1965,'Rival',2,4,3,3,2,2,3,11,NULL,0,0),(1969,'Rival',4,4,1,2,3,1,4,18,NULL,0,0),(1973,'Rival',4,2,2,3,2,1,6,16,NULL,0,0),(1978,'Rival',3,3,1,3,2,1,4,12,NULL,0,0),(1981,'Rival',3,3,1,3,2,1,3,13,NULL,0,0),(1983,'Minion',2,1,2,2,3,3,1,4,NULL,0,0),(1985,'Rival',1,1,2,2,3,3,1,10,NULL,0,0),(1987,'Nemesis',1,1,3,4,3,5,2,10,15,1,1),(1991,'Rival',3,2,1,1,1,1,3,12,NULL,0,0),(1992,'Rival',2,4,2,2,3,3,4,12,NULL,0,0),(1994,'Nemesis',5,3,1,2,1,1,6,36,20,0,0),(1997,'Rival',3,3,2,2,2,1,4,12,NULL,0,0),(1999,'Rival',4,2,2,2,2,2,6,20,NULL,0,0),(2000,'Nemesis',3,3,4,3,2,2,5,15,13,1,0),(2001,'Rival',3,3,1,2,1,2,5,13,NULL,0,0),(2006,'Rival',1,2,3,4,3,3,1,10,NULL,0,0),(2010,'Minion',3,2,1,2,1,1,3,4,NULL,0,0),(2013,'Minion',3,3,2,2,3,1,5,5,NULL,0,0),(2017,'Rival',3,3,2,3,2,1,3,12,NULL,0,0),(2018,'Nemesis',2,4,3,3,2,3,3,12,12,0,0),(2019,'Minion',2,3,2,2,2,2,3,4,NULL,0,0),(2021,'Nemesis',4,2,3,3,3,2,6,16,12,0,0),(2022,'Minion',3,3,2,2,2,2,4,5,NULL,1,1),(2025,'Rival',1,1,3,4,3,3,1,11,NULL,0,0),(2027,'Nemesis',2,2,3,4,2,3,2,12,12,2,2),(2028,'Rival',4,3,3,2,2,2,5,13,NULL,1,1),(2029,'Nemesis',2,4,2,4,2,2,4,14,12,0,0),(2031,'Nemesis',3,3,1,2,2,1,5,13,12,1,0),(2032,'Minion',2,3,2,2,1,2,3,4,NULL,0,0),(2036,'Rival',4,3,1,3,2,1,6,16,NULL,0,0),(2037,'Nemesis',3,3,3,3,2,3,5,15,14,0,0),(2038,'Rival',2,3,2,2,1,2,4,12,NULL,0,0),(2040,'Rival',4,3,1,1,2,1,6,10,NULL,1,0),(2045,'Minion',3,2,1,2,1,1,4,3,NULL,1,0),(2120,'Rival',1,1,3,1,1,2,2,10,NULL,0,0),(2121,'Rival',1,1,3,1,1,2,2,9,NULL,0,0),(2123,'Rival',1,1,3,2,1,2,2,10,NULL,0,0),(2125,'Rival',1,1,3,1,1,2,2,10,NULL,0,0),(2127,'Rival',1,1,3,1,2,1,2,14,NULL,0,0),(2129,'Rival',1,1,2,1,2,3,2,10,NULL,0,0),(2131,'Rival',1,1,3,1,1,2,2,10,NULL,0,0),(2147,'Minion',4,1,1,1,2,1,4,9,NULL,1,0),(2151,'Minion',3,1,1,2,1,1,3,7,NULL,0,0),(2154,'Rival',3,4,1,3,1,2,3,13,NULL,0,0),(2156,'Rival',4,3,1,1,2,2,5,16,NULL,0,0),(2159,'Minion',2,2,3,2,2,3,2,3,NULL,0,0),(2161,'Minion',3,3,2,2,2,2,3,4,NULL,0,0),(2163,'Rival',3,2,3,2,2,2,3,13,NULL,0,0),(2165,'Rival',2,3,3,3,2,3,2,12,NULL,0,0),(2166,'Nemesis',2,2,3,3,4,4,2,10,16,0,0),(2171,'Rival',2,2,1,1,1,2,2,7,NULL,0,0),(2175,'Rival',1,4,1,2,1,2,2,6,NULL,0,0),(2180,'Nemesis',1,2,3,2,2,4,1,13,15,0,0),(2183,'Minion',2,3,1,1,1,1,2,4,NULL,0,0),(2186,'Rival',5,3,1,2,1,1,8,30,NULL,1,1),(2189,'Rival',6,2,2,3,1,1,15,50,NULL,0,0),(2190,'Rival',2,2,3,1,2,2,2,11,NULL,0,0),(2191,'Nemesis',2,2,4,1,3,3,2,12,12,0,0),(2194,'Rival',4,2,2,1,1,1,5,15,NULL,0,0),(2196,'Minion',2,3,2,2,1,1,3,4,NULL,1,1),(2198,'Rival',3,4,3,3,2,2,4,13,NULL,1,1),(2199,'Nemesis',2,4,3,4,3,3,2,12,13,0,0),(2200,'Rival',1,3,3,4,2,3,1,11,NULL,0,0),(2201,'Nemesis',3,4,3,3,2,4,3,14,15,2,2),(2205,'Minion',1,4,1,3,1,1,1,2,NULL,0,0),(2208,'Rival',5,3,1,3,1,1,6,16,NULL,0,0),(2210,'Minion',2,2,3,2,1,1,3,5,NULL,1,0),(2212,'Rival',2,2,2,3,2,4,2,12,NULL,0,0),(2216,'Minion',2,3,1,3,1,1,2,4,NULL,0,0),(2219,'Rival',4,2,1,2,1,1,6,14,NULL,0,0),(2223,'Rival',5,2,1,3,1,1,6,20,NULL,0,0),(2224,'Rival',2,3,3,2,2,2,3,16,NULL,0,0),(2225,'Nemesis',2,3,4,4,3,4,2,16,14,0,0),(2226,'Rival',2,2,4,3,2,2,2,10,NULL,0,0),(2227,'Nemesis',3,2,4,3,3,4,4,16,14,0,0),(2280,'Rival',1,1,3,1,2,1,2,8,NULL,0,0),(2282,'Minion',1,2,1,1,1,1,2,3,NULL,0,0),(2284,'Rival',1,2,3,1,2,1,2,11,NULL,0,0),(2285,'Rival',1,1,3,2,2,2,2,10,NULL,0,0),(2286,'Rival',1,2,2,1,1,2,1,6,NULL,0,0),(2287,'Rival',2,4,1,1,1,1,3,10,NULL,0,0),(2298,'Rival',2,4,3,4,3,2,2,16,NULL,0,0),(2301,'Rival',2,4,2,3,2,3,2,15,NULL,0,0),(2302,'Minion',2,3,2,3,2,2,2,5,NULL,0,0),(2303,'Nemesis',2,4,2,3,3,3,2,12,13,0,0),(2304,'Rival',2,3,2,2,2,2,2,12,NULL,0,0),(2305,'Rival',2,2,4,3,4,3,3,12,NULL,1,1),(2306,'Rival',2,2,3,4,3,4,3,12,NULL,1,1),(2308,'Nemesis',2,3,3,4,3,3,3,12,15,1,1),(2310,'Nemesis',2,3,3,3,2,3,4,13,15,0,0),(2311,'Minion',3,3,2,2,3,2,5,5,NULL,0,0),(2313,'Nemesis',2,2,3,3,3,4,3,12,13,1,1),(2314,'Minion',3,3,2,2,2,2,5,5,NULL,2,2),(2315,'Rival',3,3,4,3,2,2,5,8,NULL,2,2),(2316,'Nemesis',3,3,2,4,3,3,4,17,15,1,1),(2318,'Nemesis',2,3,4,3,3,2,2,12,15,1,1),(2320,'Rival',2,3,3,2,1,3,2,12,NULL,0,0),(2321,'Rival',2,3,3,4,2,3,3,12,NULL,1,1),(2324,'Minion',2,2,1,1,1,1,2,3,NULL,0,0),(2328,'Nemesis',6,2,1,2,4,2,10,40,14,0,0),(2332,'Rival',5,4,1,3,2,1,6,14,NULL,0,0),(2334,'Nemesis',2,3,3,4,3,4,2,12,13,0,0),(2335,'Rival',2,3,2,3,2,3,3,12,NULL,1,0),(2338,'Rival',1,2,4,3,2,3,1,11,NULL,0,0),(2340,'Minion',4,1,1,1,1,1,5,5,NULL,0,0),(2341,'Rival',1,3,4,2,3,2,2,11,NULL,0,0),(2342,'Rival',4,3,2,3,2,2,6,16,NULL,1,1),(2345,'Nemesis',2,3,2,3,3,2,5,15,15,0,0),(2348,'Rival',2,2,2,2,3,2,5,15,NULL,0,0),(2352,'Rival',2,2,2,2,3,1,5,13,NULL,0,0),(2353,'Minion',2,3,1,2,1,2,3,5,NULL,0,0),(2354,'Rival',2,3,3,2,2,3,4,14,NULL,0,0),(2356,'Nemesis',2,3,4,4,3,3,3,16,16,0,0),(2357,'Minion',3,3,2,2,2,2,4,6,NULL,1,1),(2362,'Rival',4,4,1,3,2,1,4,16,NULL,0,0),(2365,'Minion',1,3,1,4,1,1,2,3,NULL,0,0),(2369,'Rival',5,2,1,3,2,1,5,24,NULL,0,0),(2370,'Rival',3,3,2,2,2,1,5,16,NULL,1,1),(2371,'Nemesis',5,2,3,4,4,3,6,20,16,0,0),(2373,'Rival',2,2,3,4,2,3,2,13,NULL,0,0),(2376,'Rival',3,3,2,2,2,2,3,13,NULL,0,0),(2378,'Nemesis',4,3,2,2,2,3,5,15,14,0,0),(2381,'Rival',3,2,2,3,3,2,4,13,NULL,0,0),(2382,'Rival',5,2,1,3,2,1,5,16,NULL,0,0),(2383,'Rival',4,2,3,2,2,3,3,15,NULL,1,1),(2384,'Minion',3,2,2,1,2,2,4,4,NULL,0,0),(2386,'Nemesis',2,2,4,4,3,4,2,12,13,0,0),(2387,'Rival',3,3,2,2,3,2,4,13,NULL,0,0),(2388,'Minion',2,2,2,2,2,2,4,4,NULL,0,0),(2392,'Minion',2,4,1,3,2,2,2,4,NULL,0,0),(2394,'Minion',2,2,2,2,2,2,2,3,NULL,0,0),(2396,'Minion',3,3,1,2,2,2,4,5,NULL,0,0),(2399,'Nemesis',5,3,1,3,3,2,6,24,8,1,1),(2400,'Nemesis',2,2,4,4,3,4,2,13,13,0,0),(2401,'Minion',2,2,3,2,2,2,3,3,NULL,0,0),(2404,'Minion',2,3,2,2,2,2,2,3,NULL,0,0),(2406,'Nemesis',2,4,3,3,3,2,3,16,15,0,0),(2410,'Rival',2,4,3,3,2,2,2,14,NULL,0,0),(2414,'Rival',2,4,3,3,2,2,2,10,NULL,0,0),(2415,'Minion',3,2,2,2,2,1,5,4,NULL,0,0),(2417,'Minion',3,2,3,2,2,2,3,3,NULL,0,0),(2419,'Minion',2,3,3,2,2,2,2,3,NULL,0,0),(2421,'Nemesis',5,3,1,3,3,2,7,24,8,1,1),(2422,'Minion',4,4,2,3,3,2,6,5,0,1,1),(2425,'Nemesis',2,4,4,4,4,5,5,16,18,1,0),(2429,'Nemesis',3,3,3,3,4,2,4,16,18,0,0),(2580,'Nemesis',3,3,2,3,2,2,5,18,14,1,1),(2581,'Minion',1,3,3,2,2,3,1,4,NULL,0,0),(2583,'Rival',2,3,3,2,2,2,3,12,NULL,0,0),(2585,'Rival',2,3,2,3,2,2,3,11,NULL,0,0),(2587,'Minion',3,2,2,2,2,2,4,4,NULL,0,0),(2589,'Rival',3,3,2,3,3,1,4,16,NULL,0,0),(2591,'Minion',2,2,3,2,2,1,3,3,NULL,0,0),(2592,'Rival',2,2,3,3,2,4,3,12,NULL,0,0),(2593,'Nemesis',6,1,4,5,5,3,10,30,30,0,0),(2594,'Rival',2,3,3,3,2,1,3,12,NULL,0,0),(2596,'Rival',2,2,3,2,2,1,2,8,NULL,0,0),(2599,'Nemesis',3,3,3,3,3,2,3,18,20,1,1),(2600,'Minion',3,2,2,2,2,1,5,5,NULL,0,0),(2602,'Nemesis',3,3,3,2,2,2,5,16,12,1,1),(2603,'Minion',1,1,4,1,1,1,3,3,NULL,0,0),(2605,'Nemesis',4,4,2,3,1,1,8,20,14,1,1),(2609,'Rival',1,1,3,1,2,1,3,12,NULL,0,0),(2614,'Rival',2,3,2,3,1,1,4,12,NULL,0,1),(2620,'Rival',2,3,3,2,2,2,2,12,NULL,0,0),(2621,'Rival',2,3,3,3,3,2,2,12,NULL,0,1),(2623,'Rival',2,2,4,4,2,1,2,9,NULL,0,0),(2625,'Rival',2,2,2,4,1,2,2,12,NULL,0,0),(2628,'Rival',2,3,2,3,2,1,3,14,NULL,0,0),(2630,'Nemesis',3,3,3,3,4,3,4,18,18,1,1),(2632,'Nemesis',3,4,2,4,3,1,3,15,14,0,0),(2635,'Nemesis',4,3,2,2,2,3,6,19,16,2,0),(2639,'Nemesis',5,3,1,3,3,1,12,25,15,2,0),(2643,'Minion',4,1,1,1,1,1,3,9,NULL,0,0),(2647,'Rival',1,2,2,2,1,3,1,3,NULL,0,0),(2651,'Rival',2,2,2,3,1,1,5,12,NULL,0,0),(2656,'Minion',1,2,1,1,1,1,1,3,NULL,0,0),(2660,'Rival',3,3,1,2,2,1,4,12,NULL,0,0),(2665,'Rival',3,3,1,2,2,1,5,12,NULL,1,0),(2669,'Minion',1,0,1,2,2,1,1,2,NULL,0,0),(2670,'Rival',3,2,2,3,3,2,3,12,NULL,0,0),(2671,'Nemesis',2,3,4,3,2,1,4,18,13,1,1),(2674,'Rival',3,2,2,2,2,2,4,14,NULL,0,0),(2675,'Rival',1,2,3,1,2,2,1,10,NULL,0,0),(2677,'Minion',2,2,2,2,2,2,4,4,NULL,0,0),(2678,'Nemesis',3,3,3,3,3,3,3,14,15,0,0),(2679,'Minion',2,2,2,2,2,2,4,4,NULL,0,0),(2681,'Nemesis',5,2,1,3,1,1,7,22,22,0,0),(2683,'Rival',3,3,1,2,1,1,5,14,NULL,0,0),(2684,'Minion',3,3,2,2,3,1,4,5,NULL,0,0),(2689,'Rival',5,1,1,2,3,2,5,20,NULL,0,0),(2692,'Rival',3,3,1,2,2,1,4,8,NULL,1,1),(2694,'Nemesis',3,3,2,3,4,1,5,18,14,0,0),(2716,'Rival',1,1,3,2,2,3,3,10,NULL,0,0),(2786,'Rival',3,1,1,2,2,1,5,15,NULL,1,0),(2788,'Minion',1,3,1,1,1,1,1,3,NULL,1,1),(2790,'Minion',1,3,1,1,1,1,1,3,NULL,0,0),(2842,'Rival',4,3,1,3,1,1,5,20,NULL,1,1),(2846,'Rival',4,3,1,2,1,1,5,15,NULL,0,0),(2849,'Minion',2,3,2,2,2,2,4,4,NULL,1,0),(2853,'Rival',3,3,2,2,2,2,5,13,NULL,1,0),(2856,'Rival',2,3,2,2,2,3,3,12,NULL,1,0),(2858,'Minion',1,3,2,2,2,2,2,4,NULL,1,0),(2861,'Rival',1,3,3,3,2,3,2,9,NULL,1,0),(2863,'Nemesis',3,3,2,3,3,4,5,18,20,1,1),(2864,'Nemesis',2,2,3,3,3,4,2,12,14,0,0),(2869,'Nemesis',4,4,3,3,2,4,6,20,20,1,1),(2871,'Minion',1,2,3,3,1,2,2,3,NULL,0,0),(2873,'Minion',2,3,2,3,1,2,3,4,NULL,0,0),(2877,'Rival',2,3,3,4,2,2,3,14,NULL,1,1),(2879,'Rival',2,1,3,3,2,3,2,10,NULL,0,0),(2880,'Rival',1,1,4,4,2,2,1,8,NULL,0,0),(2882,'Rival',3,3,2,2,3,2,5,20,NULL,0,0),(2885,'Nemesis',2,3,4,4,4,3,5,16,20,1,1),(2886,'Minion',3,3,1,2,1,1,5,5,NULL,0,0),(2891,'Rival',5,3,1,1,1,1,8,18,NULL,0,0),(2893,'Rival',4,3,1,2,2,1,5,6,NULL,0,0),(2897,'Rival',3,3,2,2,2,3,7,1,NULL,1,1),(2900,'Nemesis',4,4,3,4,4,4,6,20,22,1,1),(2902,'Rival',2,2,2,4,1,2,2,10,NULL,0,0),(2904,'Rival',2,3,2,1,1,1,5,15,NULL,0,0),(2905,'Rival',2,2,2,3,2,3,3,10,NULL,0,0),(2906,'Rival',2,2,1,2,1,1,3,8,NULL,0,0),(2907,'Rival',2,2,2,3,2,3,2,10,NULL,0,0),(2908,'Nemesis',4,3,2,3,3,2,5,16,11,0,0),(2910,'Rival',0,0,3,2,3,2,0,0,NULL,0,0),(2912,'Rival',2,3,2,2,1,1,3,6,NULL,0,0),(2913,'Rival',2,3,2,2,1,1,4,8,NULL,0,0),(2916,'Minion',3,3,1,2,1,1,4,5,NULL,0,0),(2918,'Nemesis',3,3,2,3,2,1,4,14,14,0,0),(2922,'Rival',3,4,1,4,2,1,4,15,NULL,1,1),(2926,'Minion',1,2,1,1,1,1,1,1,NULL,0,0),(2930,'Rival',5,3,1,2,2,1,7,21,NULL,1,0),(2935,'Nemesis',6,4,1,1,3,1,12,25,11,0,0),(2941,'Minion',1,2,1,2,1,2,1,3,NULL,0,0),(2945,'Rival',5,4,1,2,1,1,6,45,NULL,0,0),(2956,'Rival',4,3,1,1,2,3,8,18,NULL,0,0),(2962,'Nemesis',6,2,1,2,3,1,15,64,42,0,0),(2965,'Rival',4,3,1,2,1,1,6,14,NULL,0,0),(2968,'Minion',1,2,1,1,1,1,2,3,NULL,0,0),(2972,'Nemesis',5,3,1,3,2,1,12,22,24,2,0),(2975,'Minion',1,3,1,2,1,1,1,2,NULL,0,2),(2979,'Nemesis',6,2,1,1,2,1,8,18,18,3,0),(3005,'Minion',1,2,1,1,1,1,1,2,NULL,0,0),(3008,'Minion',3,2,2,2,2,2,4,6,NULL,2,2),(3013,'Nemesis',3,2,2,2,3,3,5,15,15,1,1),(3016,'Rival',3,2,3,2,2,3,5,21,NULL,1,1),(3019,'Rival',4,2,1,2,1,1,7,21,NULL,1,1),(3023,'Nemesis',4,3,2,3,2,2,6,18,12,0,0),(3027,'Minion',3,2,2,2,2,1,4,6,NULL,0,0),(3031,'Nemesis',1,2,4,4,4,1,2,14,20,0,0),(3033,'Nemesis',1,2,4,4,4,2,2,16,18,0,0),(3037,'Minion',1,3,1,1,1,1,0,1,NULL,1,1),(3041,'Rival',2,4,1,3,2,2,2,6,NULL,1,1),(3044,'Minion',1,2,1,2,1,1,1,2,NULL,0,0),(3048,'Minion',3,2,1,1,1,1,5,12,NULL,0,0),(3049,'Minion',3,2,2,1,3,2,3,8,NULL,2,0),(3052,'Nemesis',2,3,4,1,5,3,2,14,21,0,0),(3056,'Rival',3,3,3,3,1,2,2,12,NULL,0,0),(3061,'Rival',3,3,1,2,2,1,4,15,NULL,0,0),(3064,'Rival',2,3,1,3,2,1,2,10,NULL,0,0),(3067,'Rival',4,2,3,3,3,2,7,17,NULL,0,0),(3069,'Minion',1,3,3,2,3,3,4,15,NULL,0,0),(3072,'Rival',3,3,2,2,2,2,5,12,NULL,1,1),(3076,'Rival',3,2,2,3,3,2,4,11,NULL,0,0),(3080,'Rival',2,3,2,2,2,2,3,11,NULL,0,0),(3084,'Rival',4,3,1,1,2,1,7,18,NULL,0,0),(3086,'Nemesis',3,2,2,3,3,2,4,18,18,2,2),(3094,'Rival',2,3,1,2,1,1,3,8,NULL,0,0),(3097,'Rival',5,3,1,2,1,1,7,10,NULL,0,0),(3100,'Rival',4,2,1,2,2,1,6,16,NULL,0,0),(3104,'Nemesis',3,4,3,4,3,2,5,18,18,1,1),(3109,'Rival',5,3,2,2,1,1,7,10,NULL,0,0),(3111,'Rival',1,2,1,1,1,1,1,6,NULL,0,0),(3114,'Rival',3,3,1,3,2,1,4,14,NULL,0,0),(3115,'Rival',3,2,2,4,2,3,4,15,NULL,1,1),(3121,'Nemesis',2,3,3,3,4,5,5,25,24,1,1),(3122,'Minion',2,2,2,2,2,2,4,5,NULL,0,0),(3126,'Nemesis',5,3,1,3,2,1,7,32,20,0,0),(3130,'Rival',3,3,2,3,3,2,4,15,NULL,1,1),(3132,'Minion',3,3,2,2,2,2,4,4,NULL,1,0),(3133,'Nemesis',1,2,4,4,4,1,2,16,18,0,0),(3162,'Minion',1,1,1,1,1,1,2,5,NULL,0,0),(3163,'Minion',1,1,1,1,1,1,2,3,NULL,0,0),(3166,'Minion',1,1,1,1,1,1,2,5,NULL,0,0),(3167,'Minion',1,1,1,1,1,1,3,6,NULL,1,1),(3316,'Rival',1,1,4,3,1,3,3,10,NULL,0,0),(3319,'Rival',3,2,1,1,1,2,5,12,NULL,1,1),(3323,'Rival',1,1,3,2,1,1,3,10,NULL,0,0),(3328,'Minion',1,2,1,3,1,1,2,4,NULL,0,0),(3330,'Rival',2,3,2,2,1,3,4,14,NULL,0,0),(3339,'Rival',3,3,2,3,1,1,6,15,NULL,2,0),(3342,'Rival',2,1,3,2,1,4,3,8,NULL,0,0),(3521,'Minion',1,1,0,0,1,1,3,2,NULL,0,0),(3524,'Rival',3,2,2,2,3,2,4,10,NULL,0,0),(3527,'Nemesis',4,2,2,2,3,1,5,15,10,1,1),(3533,'Nemesis',2,2,3,4,2,3,3,10,10,0,0);
/*!40000 ALTER TABLE `adversaries_adversary` ENABLE KEYS */;
UNLOCK TABLES;

--
-- Table structure for table `adversaries_adversary_abilities`
--

DROP TABLE IF EXISTS `adversaries_adversary_abilities`;
/*!40101 SET @saved_cs_client     = @@character_set_client */;
/*!40101 SET character_set_client = utf8 */;
CREATE TABLE `adversaries_adversary_abilities` (
  `id` int(11) NOT NULL AUTO_INCREMENT,
  `adversary_id` int(11) NOT NULL,
  `ability_id` int(11) NOT NULL,
  PRIMARY KEY (`id`),
  UNIQUE KEY `adversary_id` (`adversary_id`,`ability_id`),
  KEY `adversaries_adversary_abilities_d8137144` (`adversary_id`),
  KEY `adversaries_adversary_abilities_e5ff2a24` (`ability_id`),
  CONSTRAINT `ability_id_refs_entry_ptr_id_fd2c639f` FOREIGN KEY (`ability_id`) REFERENCES `character_ability` (`entry_ptr_id`),
  CONSTRAINT `adversary_id_refs_entry_ptr_id_b0e9442c` FOREIGN KEY (`adversary_id`) REFERENCES `adversaries_adversary` (`entry_ptr_id`)
) ENGINE=InnoDB AUTO_INCREMENT=663 DEFAULT CHARSET=latin1;
/*!40101 SET character_set_client = @saved_cs_client */;

--
-- Dumping data for table `adversaries_adversary_abilities`
--

LOCK TABLES `adversaries_adversary_abilities` WRITE;
/*!40000 ALTER TABLE `adversaries_adversary_abilities` DISABLE KEYS */;
INSERT INTO `adversaries_adversary_abilities` VALUES (299,713,711),(298,713,712),(556,716,711),(300,718,717),(23,734,732),(24,734,733),(306,740,739),(26,752,726),(295,755,754),(285,762,760),(552,768,711),(296,774,773),(308,776,773),(554,779,777),(555,779,778),(98,793,792),(83,801,800),(307,802,800),(288,803,800),(289,804,800),(461,805,800),(462,807,800),(463,807,806),(293,808,800),(62,809,800),(63,812,800),(64,813,800),(66,815,800),(73,819,795),(71,819,800),(72,819,816),(70,821,800),(93,823,723),(92,823,800),(86,827,800),(88,827,824),(87,827,825),(94,828,800),(99,831,829),(100,835,800),(103,853,851),(106,857,800),(107,869,865),(109,876,873),(110,877,711),(438,881,878),(439,881,879),(294,886,882),(116,889,882),(118,892,800),(119,897,896),(121,899,800),(122,903,777),(123,903,778),(124,909,906),(125,915,912),(126,917,800),(127,925,732),(128,925,733),(130,928,800),(133,933,930),(134,933,931),(136,937,935),(137,940,939),(139,945,800),(141,1038,754),(142,1041,777),(143,1041,778),(146,1074,1073),(147,1110,739),(150,1115,800),(151,1115,1114),(152,1116,800),(157,1122,800),(158,1123,800),(159,1125,800),(160,1125,1124),(162,1127,800),(164,1128,800),(165,1138,800),(166,1138,806),(167,1172,1170),(168,1172,1171),(169,1175,1173),(170,1175,1174),(171,1176,1170),(172,1176,1171),(173,1179,800),(174,1185,800),(175,1185,1182),(176,1185,1183),(178,1190,1188),(179,1192,792),(301,1252,873),(302,1259,1258),(183,1266,726),(305,1270,1268),(303,1274,733),(304,1274,1271),(190,1286,1285),(192,1288,1287),(200,1296,800),(201,1296,1294),(202,1314,1312),(213,1324,1294),(217,1328,930),(218,1328,1325),(219,1328,1326),(221,1342,800),(223,1350,800),(224,1353,800),(226,1356,711),(225,1356,717),(228,1362,1358),(229,1363,1358),(231,1364,1358),(232,1366,792),(236,1378,800),(243,1381,800),(244,1381,1010),(245,1382,800),(246,1383,800),(247,1462,800),(248,1463,800),(249,1465,800),(250,1465,1464),(251,1468,800),(252,1470,800),(253,1470,1469),(254,1492,1258),(255,1493,1268),(260,1503,800),(262,1503,1182),(263,1503,1183),(261,1503,1501),(264,1511,1510),(265,1512,711),(266,1553,800),(269,1558,800),(270,1558,816),(272,1570,1565),(273,1574,1565),(277,1578,800),(278,1578,816),(282,1597,711),(281,1597,712),(284,1598,800),(311,1672,800),(312,1673,800),(313,1931,777),(314,1931,1930),(315,1932,777),(316,1932,778),(317,1933,777),(318,1933,778),(319,1935,1934),(324,1950,1948),(325,1950,1949),(327,1954,1953),(329,1958,1956),(330,1959,726),(331,1959,878),(333,1981,1979),(336,1983,816),(337,1983,878),(446,1985,816),(447,1985,878),(342,1987,816),(343,1987,878),(348,1992,816),(349,1992,878),(351,1997,1995),(352,1999,1998),(353,2006,816),(354,2006,878),(355,2021,2020),(358,2031,800),(570,2040,800),(571,2040,2039),(361,2120,800),(362,2120,806),(363,2121,800),(364,2121,806),(365,2123,800),(366,2123,806),(367,2125,800),(369,2125,806),(368,2125,2124),(370,2127,800),(371,2127,2126),(372,2129,800),(373,2129,2128),(374,2131,800),(376,2131,806),(375,2131,2130),(377,2166,773),(378,2180,2176),(379,2190,726),(380,2191,726),(381,2196,2195),(382,2198,2197),(383,2210,2209),(385,2224,711),(384,2224,712),(386,2227,711),(387,2280,800),(388,2282,800),(389,2284,800),(390,2285,800),(392,2286,800),(393,2287,800),(394,2298,2295),(395,2301,726),(396,2305,726),(398,2306,726),(397,2306,1850),(632,2315,800),(400,2340,800),(406,2345,2343),(405,2345,2344),(407,2348,2344),(408,2348,2347),(413,2352,2344),(414,2352,2349),(415,2352,2350),(416,2352,2351),(417,2356,739),(418,2370,800),(419,2382,2366),(421,2399,2397),(423,2400,773),(426,2421,2397),(429,2425,2423),(432,2580,1170),(433,2580,1171),(434,2581,951),(435,2589,2588),(442,2591,878),(443,2591,879),(444,2593,777),(445,2593,778),(449,2599,2598),(451,2603,800),(452,2603,878),(454,2605,800),(458,2609,800),(459,2609,816),(460,2609,878),(491,2614,800),(492,2614,816),(493,2614,2610),(467,2621,931),(468,2623,2622),(469,2625,2624),(561,2628,2626),(562,2630,2626),(477,2632,2575),(476,2632,2626),(479,2635,2573),(478,2635,2626),(480,2670,798),(481,2671,1623),(483,2674,2673),(486,2681,800),(487,2681,1010),(490,2683,800),(495,2694,711),(496,2716,800),(497,2716,2715),(501,2786,800),(502,2786,2782),(503,2786,2783),(511,2788,800),(512,2788,816),(513,2788,878),(508,2790,800),(509,2790,816),(510,2790,878),(514,2849,1763),(516,2853,1763),(515,2853,2850),(519,2856,1763),(520,2856,2854),(521,2858,1763),(523,2861,1763),(525,2863,2571),(524,2863,2626),(526,2864,717),(527,2869,2865),(528,2871,2870),(531,2877,2876),(532,2882,2881),(534,2885,2883),(535,2886,800),(536,2891,800),(538,2891,2887),(537,2891,2888),(539,2893,2892),(542,2897,2894),(543,2897,2895),(551,2900,930),(550,2900,1325),(548,2900,2626),(549,2900,2836),(557,2902,2901),(558,2904,800),(559,2904,816),(560,2904,2610),(563,2908,2020),(569,2918,930),(567,2918,2577),(568,2918,2626),(572,3013,1325),(573,3013,2573),(574,3016,3014),(576,3023,2573),(575,3023,2626),(579,3031,1326),(580,3031,2575),(585,3033,1326),(586,3033,2575),(584,3033,2626),(590,3052,2572),(589,3052,2577),(591,3069,878),(593,3080,3077),(594,3086,2572),(595,3094,800),(602,3097,800),(600,3104,1325),(601,3104,2574),(603,3109,800),(605,3111,816),(607,3115,931),(612,3121,931),(611,3121,2626),(613,3121,3116),(615,3133,931),(616,3133,1326),(617,3133,2575),(614,3133,2626),(618,3162,800),(619,3162,878),(622,3163,800),(623,3163,878),(628,3166,800),(629,3166,878),(630,3167,800),(631,3167,878),(634,3316,800),(635,3316,3315),(639,3319,800),(640,3323,800),(641,3323,3321),(642,3328,800),(645,3330,800),(647,3339,800),(646,3339,3336),(648,3342,800),(649,3342,3341),(653,3521,800),(654,3521,878),(655,3521,3519),(657,3524,800),(660,3527,800),(661,3527,2887),(662,3533,800);
/*!40000 ALTER TABLE `adversaries_adversary_abilities` ENABLE KEYS */;
UNLOCK TABLES;

--
-- Table structure for table `adversaries_adversary_equipment`
--

DROP TABLE IF EXISTS `adversaries_adversary_equipment`;
/*!40101 SET @saved_cs_client     = @@character_set_client */;
/*!40101 SET character_set_client = utf8 */;
CREATE TABLE `adversaries_adversary_equipment` (
  `id` int(11) NOT NULL AUTO_INCREMENT,
  `adversary_id` int(11) NOT NULL,
  `gear_id` int(11) NOT NULL,
  PRIMARY KEY (`id`),
  UNIQUE KEY `adversary_id` (`adversary_id`,`gear_id`),
  KEY `adversaries_adversary_equipment_d8137144` (`adversary_id`),
  KEY `adversaries_adversary_equipment_1d9dd0a5` (`gear_id`),
  CONSTRAINT `adversary_id_refs_entry_ptr_id_c1415f67` FOREIGN KEY (`adversary_id`) REFERENCES `adversaries_adversary` (`entry_ptr_id`),
  CONSTRAINT `gear_id_refs_entry_ptr_id_5ecb83f7` FOREIGN KEY (`gear_id`) REFERENCES `equipment_gear` (`entry_ptr_id`)
) ENGINE=InnoDB AUTO_INCREMENT=2172 DEFAULT CHARSET=latin1;
/*!40101 SET character_set_client = @saved_cs_client */;

--
-- Dumping data for table `adversaries_adversary_equipment`
--

LOCK TABLES `adversaries_adversary_equipment` WRITE;
/*!40000 ALTER TABLE `adversaries_adversary_equipment` DISABLE KEYS */;
INSERT INTO `adversaries_adversary_equipment` VALUES (1153,684,160),(1154,684,173),(1155,684,710),(1156,713,2),(1157,713,156),(1158,713,714),(1943,716,45),(1945,716,51),(1941,716,163),(1944,716,173),(1946,716,186),(1942,716,715),(1167,718,156),(1932,719,162),(1931,719,168),(1933,719,311),(1934,720,156),(1930,729,156),(1929,729,178),(1240,730,162),(1241,730,186),(469,731,159),(468,731,180),(45,734,156),(46,735,157),(1230,736,1),(1231,736,44),(1232,736,157),(51,737,157),(50,737,167),(52,737,309),(1215,738,159),(1213,738,162),(1214,738,186),(1212,738,312),(1217,740,163),(1216,740,185),(1218,740,309),(1222,741,172),(1220,741,184),(1221,741,188),(1223,742,33),(1224,742,162),(1225,742,174),(1226,743,35),(1227,743,189),(1210,744,162),(1211,744,309),(1209,745,156),(1956,746,156),(1955,746,170),(1954,746,184),(79,747,156),(1198,748,158),(86,749,156),(87,749,175),(85,749,179),(1107,750,1),(1108,750,158),(1109,751,21),(1110,751,158),(92,752,49),(93,752,50),(94,752,157),(96,753,156),(97,753,174),(95,753,312),(1116,755,1),(1117,755,44),(1118,755,158),(101,756,190),(1200,757,156),(1201,757,310),(1207,758,163),(1208,758,174),(1206,758,186),(1205,758,313),(1084,759,184),(1086,759,191),(1085,759,761),(1087,762,184),(1089,762,191),(1088,762,761),(1091,763,157),(1090,763,314),(1166,764,167),(1165,764,173),(1164,764,187),(1162,765,21),(1163,765,158),(826,767,156),(827,767,766),(1920,768,156),(1921,768,310),(1974,769,45),(1976,769,51),(1972,769,160),(1975,769,173),(1977,769,186),(1973,769,715),(156,770,158),(1678,772,159),(1677,772,771),(1119,774,158),(162,775,156),(161,775,160),(163,775,310),(1234,776,162),(1235,776,181),(1928,779,192),(1219,780,158),(1174,782,160),(1175,782,781),(171,783,193),(172,784,157),(1105,785,157),(1104,785,187),(233,787,183),(232,788,245),(231,789,157),(1106,791,790),(229,793,185),(228,794,162),(218,801,160),(1233,802,166),(1099,803,49),(1100,804,49),(1761,805,1119),(1103,808,156),(200,809,240),(201,809,810),(202,812,241),(203,812,811),(204,813,242),(206,815,814),(211,819,243),(210,819,817),(209,821,244),(224,823,822),(221,827,826),(225,828,160),(235,831,44),(236,831,49),(237,831,51),(234,831,162),(239,831,186),(238,831,310),(240,831,830),(242,832,1),(241,832,144),(244,833,1),(246,833,21),(243,833,144),(245,833,307),(247,835,834),(252,853,310),(251,853,852),(253,854,162),(255,855,186),(254,855,312),(271,857,856),(258,858,162),(257,858,185),(259,858,310),(264,860,157),(263,860,859),(267,862,167),(266,862,861),(270,863,27),(268,863,160),(269,863,312),(275,869,157),(272,869,866),(273,869,867),(274,869,868),(806,871,157),(807,871,870),(805,871,872),(286,876,246),(287,876,247),(284,876,874),(285,876,875),(288,877,1),(290,877,45),(291,877,246),(292,877,247),(289,877,874),(1698,881,870),(1697,881,880),(1111,886,883),(1112,886,884),(301,888,1),(303,888,156),(302,888,178),(304,888,887),(305,889,1),(307,889,156),(306,889,178),(308,889,887),(309,892,890),(310,892,891),(311,893,158),(312,894,158),(313,895,162),(314,897,44),(317,898,1),(318,898,156),(320,899,891),(321,904,44),(323,905,44),(324,905,157),(322,905,314),(326,909,157),(325,909,907),(328,910,44),(329,910,157),(327,910,314),(330,911,162),(331,911,310),(335,915,158),(334,915,314),(332,915,913),(333,915,914),(336,917,916),(351,923,162),(352,923,186),(350,923,922),(341,925,162),(342,925,186),(339,925,922),(340,925,924),(343,926,1),(345,926,186),(346,926,191),(344,926,922),(348,928,891),(349,928,927),(354,933,929),(357,934,159),(355,934,178),(356,934,310),(363,937,1),(366,937,246),(367,937,247),(365,937,875),(364,937,938),(368,940,157),(370,940,199),(369,940,310),(373,942,167),(372,942,310),(371,942,941),(376,945,891),(377,945,943),(375,945,944),(379,947,162),(380,947,946),(381,949,948),(385,977,184),(386,977,285),(384,977,976),(387,979,1),(388,979,44),(392,979,156),(391,979,184),(389,979,976),(390,979,978),(399,981,159),(396,981,162),(398,981,186),(397,981,980),(403,992,298),(404,992,991),(407,1031,1),(408,1031,162),(409,1031,1030),(526,1034,157),(527,1034,1030),(524,1034,1032),(525,1034,1033),(418,1036,300),(416,1036,312),(417,1036,1035),(422,1038,1),(425,1038,44),(423,1038,156),(424,1038,1037),(426,1040,1),(430,1040,27),(428,1040,51),(431,1040,159),(429,1040,312),(427,1040,1039),(432,1041,1),(433,1041,44),(436,1042,21),(435,1042,44),(434,1042,49),(2119,1043,1),(2120,1043,157),(2121,1043,1033),(440,1050,49),(441,1050,50),(442,1050,278),(445,1070,159),(443,1070,284),(444,1070,1037),(447,1071,167),(446,1071,1037),(449,1072,158),(448,1072,186),(453,1074,309),(452,1074,1075),(454,1076,186),(455,1077,157),(456,1078,162),(457,1078,311),(459,1079,27),(461,1079,300),(458,1079,312),(460,1079,1035),(463,1080,301),(462,1080,309),(467,1082,156),(466,1082,178),(464,1082,312),(465,1082,1081),(471,1084,162),(472,1084,1083),(476,1085,156),(475,1085,178),(478,1086,1),(480,1086,27),(479,1086,162),(481,1086,184),(477,1086,312),(483,1088,290),(484,1088,1087),(488,1090,156),(489,1090,302),(487,1090,1089),(494,1092,49),(495,1092,50),(497,1092,157),(498,1092,186),(496,1092,1091),(502,1094,158),(501,1094,302),(503,1094,1093),(2122,1095,1),(2123,1095,27),(2124,1095,156),(2125,1095,179),(2126,1095,310),(509,1097,1096),(512,1098,27),(513,1098,162),(511,1098,178),(510,1098,312),(515,1101,51),(514,1101,1099),(516,1101,1100),(517,1102,1),(519,1102,27),(520,1102,174),(518,1102,298),(521,1103,1),(523,1103,174),(522,1103,298),(528,1108,20),(529,1109,1),(530,1109,44),(532,1110,1),(533,1110,162),(531,1110,312),(535,1112,162),(536,1112,1111),(538,1113,245),(540,1115,160),(542,1116,49),(541,1116,856),(548,1122,1120),(549,1122,1121),(550,1123,160),(551,1127,1126),(552,1131,1129),(553,1131,1130),(555,1132,157),(554,1132,1130),(559,1134,157),(558,1134,1130),(560,1134,1133),(561,1135,1),(562,1135,162),(564,1135,186),(563,1135,309),(566,1136,1),(568,1136,51),(569,1136,156),(567,1136,186),(565,1136,312),(624,1137,1),(626,1137,156),(625,1137,186),(623,1137,312),(575,1139,1),(577,1139,44),(576,1139,156),(574,1139,184),(578,1139,761),(579,1140,948),(581,1172,1),(582,1172,162),(583,1172,180),(580,1172,312),(585,1175,26),(586,1175,44),(584,1175,156),(587,1176,1),(588,1176,154),(589,1176,180),(592,1179,155),(590,1179,1177),(591,1179,1178),(597,1181,45),(599,1181,51),(601,1181,158),(596,1181,163),(598,1181,173),(600,1181,1180),(603,1185,891),(602,1185,1184),(604,1186,948),(606,1187,1),(609,1187,49),(607,1187,51),(608,1187,156),(605,1187,312),(614,1190,1),(615,1190,151),(613,1190,160),(616,1190,312),(618,1191,1),(619,1191,162),(617,1191,312),(620,1192,161),(622,1192,171),(621,1192,226),(1168,1252,160),(1170,1252,180),(1169,1252,771),(1177,1255,158),(1178,1255,1253),(1176,1255,1254),(1114,1257,1),(1115,1257,44),(1113,1257,1256),(1172,1259,158),(1173,1259,159),(1171,1259,771),(642,1262,157),(641,1262,1260),(643,1262,1261),(645,1264,1261),(646,1264,1263),(648,1266,157),(647,1266,1265),(650,1267,158),(649,1267,771),(1189,1270,167),(1188,1270,186),(1191,1270,309),(1190,1270,1269),(1187,1274,158),(1186,1274,186),(1184,1274,1272),(1185,1274,1273),(1182,1275,69),(1183,1275,158),(1181,1275,948),(1180,1276,158),(1179,1276,948),(670,1278,1),(672,1278,158),(671,1278,1277),(673,1280,167),(674,1280,1279),(1237,1284,1281),(1238,1284,1282),(1239,1284,1283),(678,1286,157),(679,1286,310),(685,1288,157),(684,1288,164),(686,1288,710),(693,1289,159),(692,1289,710),(698,1290,158),(696,1290,1033),(697,1290,1253),(699,1292,32),(701,1292,157),(700,1292,1291),(702,1293,158),(721,1296,48),(722,1296,177),(724,1296,1295),(725,1296,1297),(723,1296,1298),(941,1300,45),(940,1300,51),(938,1300,160),(939,1300,1299),(942,1300,1301),(1135,1303,45),(1137,1303,51),(1140,1303,158),(1136,1303,173),(1139,1303,1180),(1138,1303,1302),(1143,1306,164),(1141,1306,1304),(1142,1306,1305),(1985,1307,158),(1984,1307,948),(1152,1309,158),(1150,1309,948),(1151,1309,1308),(1199,1310,156),(1950,1311,48),(1951,1311,51),(1947,1311,167),(1948,1311,171),(1949,1311,174),(1952,1311,309),(760,1314,157),(759,1314,1313),(1197,1315,173),(1195,1315,185),(1196,1315,315),(1095,1316,49),(1096,1316,1263),(785,1318,44),(787,1318,157),(786,1318,1317),(1094,1319,23),(1092,1319,26),(1093,1319,28),(1121,1321,1),(1122,1321,44),(1120,1321,1320),(799,1322,1),(800,1322,44),(801,1322,158),(808,1324,1),(810,1324,158),(809,1324,1323),(813,1328,183),(812,1328,1327),(814,1330,1329),(815,1330,1331),(823,1334,44),(824,1334,157),(825,1334,1189),(821,1334,1332),(822,1334,1333),(830,1336,158),(828,1336,866),(829,1336,1037),(831,1336,1335),(837,1339,36),(838,1339,38),(835,1339,1337),(836,1339,1338),(840,1342,1341),(841,1342,1343),(839,1342,1344),(842,1345,1),(843,1345,156),(844,1345,766),(852,1346,1),(854,1346,36),(853,1346,51),(848,1348,1),(850,1348,36),(851,1348,44),(849,1348,51),(857,1350,856),(858,1350,1121),(859,1350,1349),(860,1350,1351),(862,1353,1279),(861,1353,1352),(863,1354,1),(864,1354,156),(865,1354,766),(867,1356,156),(868,1356,1279),(866,1356,1355),(869,1357,156),(872,1362,1359),(871,1362,1361),(873,1363,1360),(874,1363,1361),(876,1364,1360),(877,1364,1365),(878,1366,161),(879,1367,162),(881,1368,44),(880,1368,162),(883,1369,44),(882,1369,162),(885,1373,44),(884,1373,162),(892,1378,1119),(890,1378,1376),(891,1378,1377),(897,1381,1379),(898,1381,1380),(899,1382,856),(900,1382,1121),(901,1383,1),(903,1383,44),(902,1383,162),(906,1462,30),(907,1462,1087),(904,1462,1436),(905,1462,1461),(908,1463,156),(909,1463,165),(910,1468,1466),(911,1468,1467),(913,1492,158),(912,1492,771),(914,1493,162),(915,1493,307),(917,1494,156),(916,1494,771),(919,1495,157),(918,1495,1260),(920,1495,1261),(924,1497,158),(923,1497,186),(922,1497,1272),(925,1497,1273),(921,1497,1496),(926,1498,26),(927,1498,28),(929,1499,158),(928,1499,948),(931,1500,157),(930,1500,1260),(932,1500,1261),(935,1503,1502),(934,1503,1504),(937,1509,159),(936,1509,710),(946,1511,45),(943,1511,51),(944,1511,163),(945,1511,173),(948,1511,186),(947,1511,1299),(951,1512,45),(953,1512,51),(949,1512,163),(952,1512,173),(954,1512,186),(950,1512,715),(956,1513,158),(955,1513,948),(959,1514,156),(960,1514,948),(961,1546,156),(962,1546,948),(969,1548,160),(970,1548,1547),(977,1550,158),(975,1550,771),(976,1550,1549),(974,1551,156),(973,1551,771),(978,1552,158),(979,1553,891),(985,1556,156),(983,1556,314),(986,1556,1554),(984,1556,1555),(987,1558,1557),(989,1559,158),(988,1559,1272),(991,1560,156),(990,1560,771),(992,1561,156),(996,1563,156),(997,1563,186),(995,1563,1562),(1000,1564,156),(998,1564,312),(999,1564,314),(1006,1570,1566),(1007,1570,1567),(1004,1570,1568),(1005,1570,1569),(1008,1572,1571),(1010,1574,157),(1011,1574,1567),(1009,1574,1573),(1024,1575,1),(1025,1575,156),(1028,1576,179),(1027,1576,1562),(1029,1578,1577),(1034,1581,158),(1032,1581,1579),(1033,1581,1580),(1038,1584,1),(1039,1584,156),(1040,1584,1582),(1041,1584,1583),(1042,1589,72),(1043,1589,1585),(1044,1589,1586),(1045,1589,1587),(1046,1589,1588),(1048,1592,1),(1049,1592,44),(1053,1592,1087),(1050,1592,1587),(1051,1592,1590),(1052,1592,1591),(1056,1594,44),(1055,1594,1587),(1054,1594,1593),(1060,1596,156),(1061,1596,1087),(1059,1596,1595),(1062,1597,1),(1065,1597,156),(1063,1597,714),(1064,1597,1587),(1066,1597,1591),(1074,1598,1119),(1075,1600,1599),(1076,1603,1),(1079,1603,44),(1080,1603,49),(1081,1603,1587),(1078,1603,1601),(1077,1603,1602),(1242,1672,856),(1243,1672,1121),(1244,1673,1121),(1245,1929,866),(1248,1935,163),(1247,1935,186),(1246,1935,313),(1251,1941,310),(1250,1941,1940),(1253,1950,1951),(1254,1952,309),(1255,1952,1781),(1257,1954,1779),(1259,1955,156),(1258,1955,186),(1260,1955,310),(1261,1958,1957),(1263,1965,30),(1262,1965,1771),(1264,1965,1783),(1266,1981,159),(1265,1981,1778),(1267,1983,1982),(1722,1985,157),(1721,1985,1800),(1720,1985,1984),(1273,1987,309),(1271,1987,1986),(1272,1987,1988),(1274,1987,1989),(1280,1992,160),(1282,1992,173),(1284,1992,312),(1283,1992,1990),(1281,1992,1993),(1286,1997,1774),(1290,2000,36),(1289,2000,51),(1288,2000,162),(1291,2000,187),(1287,2000,312),(1295,2001,36),(1293,2001,162),(1294,2001,179),(1296,2001,186),(1292,2001,312),(1297,2006,2003),(1298,2006,2004),(1299,2006,2005),(2129,2013,17),(2127,2013,45),(2132,2013,159),(2128,2013,173),(2130,2013,2011),(2131,2013,2012),(1312,2018,44),(1311,2018,162),(1313,2018,310),(1314,2019,156),(1315,2019,310),(1317,2021,1),(1318,2021,157),(1319,2021,167),(1316,2021,312),(1320,2022,1),(1321,2022,41),(1324,2022,156),(1325,2022,159),(1322,2022,180),(1323,2022,309),(1327,2025,157),(1328,2025,2023),(1326,2025,2024),(1331,2027,158),(1330,2027,314),(1329,2027,866),(1332,2028,1),(1335,2028,20),(1333,2028,44),(1334,2028,51),(1337,2028,156),(1336,2028,309),(1339,2029,1),(1341,2029,51),(1342,2029,156),(1338,2029,160),(1340,2029,186),(1347,2031,160),(1350,2031,311),(1348,2031,1178),(1349,2031,2030),(1351,2032,156),(1352,2032,180),(1353,2032,310),(1356,2037,162),(1355,2037,178),(1354,2037,312),(1358,2038,156),(1357,2038,312),(2008,2040,159),(2007,2040,187),(1361,2123,2),(1362,2123,2122),(1363,2159,1),(1364,2159,44),(1365,2159,2158),(1367,2161,1),(1368,2161,44),(1366,2161,2160),(1369,2163,2162),(1370,2165,2164),(1371,2166,158),(1372,2180,1),(1375,2180,44),(1376,2180,2177),(1373,2180,2178),(1374,2180,2179),(1377,2190,1),(1378,2190,1260),(1379,2190,1261),(1380,2191,1),(1381,2191,44),(1382,2196,156),(1383,2196,309),(1384,2198,156),(1385,2198,309),(1386,2199,156),(1387,2200,1),(1388,2200,44),(1389,2201,1),(1391,2201,156),(1390,2201,314),(1392,2210,173),(1394,2212,2158),(1393,2212,2211),(1395,2224,1),(1398,2224,44),(1397,2224,158),(1396,2224,308),(1399,2225,157),(1400,2225,158),(1401,2226,1),(1402,2226,44),(1404,2226,49),(1403,2226,158),(1406,2227,158),(1407,2227,159),(1405,2227,771),(1408,2280,1119),(1409,2280,2279),(1411,2282,2278),(1410,2282,2281),(1412,2284,2283),(1413,2287,189),(1416,2298,158),(1414,2298,2296),(1415,2298,2297),(1420,2301,158),(1417,2301,948),(1418,2301,2299),(1419,2301,2300),(1426,2302,158),(1425,2302,948),(1424,2302,2296),(1429,2303,158),(1427,2303,948),(1428,2303,1308),(1432,2304,158),(1430,2304,948),(1431,2304,1308),(1434,2305,157),(1433,2305,309),(1435,2306,1),(1437,2306,157),(1436,2306,309),(1438,2308,1),(1441,2308,157),(1440,2308,309),(1439,2308,2307),(1443,2310,1),(1444,2310,159),(1446,2310,173),(1442,2310,312),(1445,2310,2309),(1450,2311,159),(1449,2311,173),(1448,2311,180),(1447,2311,312),(1453,2313,156),(1452,2313,2312),(1454,2314,1),(1458,2314,30),(1456,2314,159),(1455,2314,312),(1459,2314,1087),(1457,2314,1436),(2117,2315,30),(2114,2315,159),(2118,2315,1087),(2115,2315,1436),(2116,2315,1461),(1465,2316,1),(1468,2316,44),(1466,2316,156),(1467,2316,309),(1470,2318,157),(1471,2318,309),(1469,2318,2317),(1472,2320,1),(1473,2320,44),(1474,2320,158),(1475,2320,2319),(1476,2321,1),(1477,2321,44),(1479,2321,157),(1478,2321,309),(1481,2334,27),(1483,2334,157),(1480,2334,186),(1482,2334,2333),(1491,2335,15),(1489,2335,157),(1488,2335,310),(1490,2335,1886),(1499,2338,158),(1498,2338,866),(1496,2338,2336),(1497,2338,2337),(1500,2340,2339),(1501,2341,35),(1502,2341,44),(1503,2341,49),(1506,2341,55),(1504,2341,178),(1505,2341,310),(1660,2342,162),(1661,2342,179),(1662,2342,309),(1515,2345,51),(1516,2345,156),(1518,2345,173),(1517,2345,186),(1514,2345,2346),(1520,2348,51),(1521,2348,156),(1523,2348,166),(1519,2348,186),(1522,2348,2346),(1530,2352,51),(1528,2352,160),(1529,2352,186),(1531,2352,2346),(1536,2353,159),(1532,2353,162),(1534,2353,186),(1533,2353,187),(1535,2353,310),(1538,2354,156),(1537,2354,187),(1540,2354,311),(1539,2354,1253),(1543,2356,156),(1541,2356,186),(1544,2356,310),(1542,2356,2355),(1547,2357,159),(1545,2357,185),(1546,2357,309),(1548,2370,51),(1549,2370,159),(1550,2371,1),(1552,2371,162),(1551,2371,866),(1553,2373,1),(1555,2373,44),(1554,2373,2372),(1556,2376,2374),(1557,2376,2375),(1561,2378,310),(1558,2378,2377),(1559,2378,2379),(1560,2378,2380),(1565,2381,51),(1563,2381,169),(1564,2381,170),(1567,2381,182),(1566,2381,308),(1562,2381,1569),(1568,2382,2368),(1570,2383,36),(1572,2383,162),(1569,2383,178),(1571,2383,309),(1573,2384,160),(1576,2384,174),(1575,2384,181),(1574,2384,308),(1584,2386,157),(1583,2386,2385),(1579,2387,1),(1581,2387,156),(1580,2387,186),(1582,2387,310),(1589,2388,1),(1588,2388,36),(1587,2388,156),(1586,2388,184),(1585,2388,312),(1590,2394,2393),(1595,2396,159),(1594,2396,187),(1593,2396,2395),(1596,2399,309),(1597,2399,2398),(1599,2400,1886),(1601,2401,51),(1600,2401,162),(1602,2401,186),(1603,2401,310),(1605,2404,51),(1606,2404,156),(1604,2404,2403),(1607,2406,39),(1609,2406,167),(1608,2406,2405),(1612,2410,39),(1611,2410,156),(1610,2410,2403),(1613,2414,1),(1614,2414,156),(1615,2414,2413),(1619,2415,36),(1617,2415,156),(1618,2415,186),(1616,2415,312),(1620,2417,36),(1621,2417,47),(1623,2417,49),(1624,2417,51),(1626,2417,156),(1625,2417,1263),(1622,2417,2416),(1631,2419,47),(1627,2419,49),(1629,2419,51),(1630,2419,186),(1628,2419,2418),(1635,2421,311),(1634,2421,2420),(1637,2422,162),(1638,2422,187),(1636,2422,313),(1639,2422,2374),(1647,2425,36),(1648,2425,158),(1652,2425,1886),(1649,2425,2424),(1650,2425,2426),(1651,2425,2427),(1656,2429,1),(1659,2429,44),(1657,2429,156),(1658,2429,157),(1655,2429,2428),(1668,2580,45),(1671,2580,51),(1672,2580,309),(1667,2580,2532),(1670,2580,2578),(1669,2580,2579),(1673,2581,1452),(1675,2583,44),(1674,2583,156),(1676,2583,2582),(1680,2585,49),(1681,2585,157),(1679,2585,2584),(1689,2587,1),(1691,2587,156),(1688,2587,184),(1690,2587,2586),(1693,2589,186),(1692,2589,2578),(1702,2591,49),(1703,2591,51),(1704,2591,870),(1705,2591,2590),(1706,2592,32),(1707,2592,157),(1708,2592,494),(1719,2594,53),(1715,2594,57),(1717,2594,61),(1716,2594,162),(1718,2594,186),(1726,2596,2595),(1728,2599,168),(1729,2599,2597),(1731,2600,1),(1733,2600,30),(1732,2600,184),(1734,2600,191),(1730,2600,312),(1738,2602,162),(1739,2602,313),(1737,2602,2601),(1754,2603,44),(1757,2605,2519),(1756,2605,2604),(1759,2609,2606),(1760,2609,2607),(1758,2609,2608),(1812,2614,891),(1813,2614,2611),(1814,2614,2612),(1815,2614,2613),(1766,2620,49),(1768,2620,157),(1767,2620,2619),(1769,2621,156),(1770,2623,35),(1771,2623,157),(1772,2625,157),(1961,2628,2520),(1962,2628,2627),(1963,2630,2627),(1964,2630,2629),(1779,2632,2631),(1781,2670,51),(1782,2670,156),(1780,2670,178),(1785,2671,27),(1783,2671,160),(1784,2671,313),(1786,2671,2516),(1791,2674,185),(1795,2675,36),(1793,2675,44),(1794,2675,2676),(1797,2677,1),(1798,2677,184),(1796,2677,312),(1799,2678,9),(1801,2678,21),(1800,2678,36),(1802,2678,167),(1804,2679,1),(1806,2679,158),(1805,2679,184),(1803,2679,312),(1807,2681,2680),(1811,2683,181),(1810,2683,2682),(1821,2684,159),(1818,2684,1180),(1819,2684,2685),(1820,2684,2686),(1828,2694,7),(1831,2694,45),(1832,2694,51),(1830,2694,173),(1829,2694,715),(1827,2694,2693),(1833,2786,2784),(1834,2786,2785),(1837,2788,2787),(1836,2790,2789),(1841,2849,30),(1839,2849,169),(1838,2849,312),(1840,2849,2847),(1842,2849,2848),(1843,2853,1),(1848,2853,30),(1846,2853,169),(1847,2853,312),(1849,2853,2847),(1844,2853,2851),(1845,2853,2852),(1854,2856,170),(1855,2856,2847),(1853,2856,2848),(1856,2856,2855),(1858,2858,170),(1859,2858,2847),(1860,2858,2855),(1857,2858,2857),(1865,2861,2847),(1863,2861,2859),(1864,2861,2860),(1866,2863,1),(1871,2863,156),(1870,2863,174),(1869,2863,2516),(1867,2863,2530),(1868,2863,2862),(1872,2864,156),(1873,2869,48),(1877,2869,175),(1874,2869,2866),(1875,2869,2867),(1876,2869,2868),(1879,2871,158),(1878,2871,184),(1883,2873,158),(1881,2873,178),(1882,2873,310),(1880,2873,2872),(1893,2877,309),(1890,2877,2872),(1891,2877,2874),(1892,2877,2875),(1894,2879,157),(1895,2880,157),(1896,2880,174),(1899,2882,45),(1901,2882,51),(1900,2882,173),(1902,2882,186),(1898,2882,204),(1897,2882,715),(1906,2885,1),(1909,2885,2517),(1907,2885,2530),(1908,2885,2884),(1913,2886,159),(1911,2886,173),(1912,2886,174),(1910,2886,187),(1914,2897,2896),(1917,2900,2530),(1919,2900,2898),(1918,2900,2899),(1953,2902,156),(1958,2904,3),(1957,2904,162),(1959,2904,2612),(1960,2904,2903),(1966,2905,27),(1967,2905,157),(1968,2905,310),(1965,2905,2619),(1978,2906,891),(1970,2907,1),(1971,2907,156),(1980,2908,1),(1982,2908,27),(1981,2908,162),(1983,2908,310),(1979,2908,2619),(1988,2912,170),(1989,2912,2911),(1994,2913,1),(1997,2913,156),(1995,2913,186),(1996,2913,771),(2002,2918,1),(2004,2918,27),(2005,2918,156),(2003,2918,2627),(2006,2918,2917),(2011,3008,2982),(2010,3008,3006),(2012,3008,3007),(2018,3013,2946),(2017,3013,2987),(2013,3013,3009),(2014,3013,3010),(2015,3013,3011),(2016,3013,3012),(2019,3027,3024),(2020,3027,3025),(2021,3027,3026),(2023,3031,2992),(2024,3031,3028),(2025,3031,3029),(2029,3033,2992),(2030,3033,3028),(2031,3033,3029),(2028,3033,3032),(2032,3049,2947),(2033,3052,3050),(2034,3052,3051),(2035,3069,3051),(2036,3069,3068),(2068,3072,1),(2069,3072,30),(2070,3072,3070),(2071,3072,3071),(2045,3076,1),(2048,3076,3073),(2046,3076,3074),(2047,3076,3075),(2051,3080,315),(2052,3080,3078),(2053,3080,3079),(2056,3086,2773),(2054,3086,2778),(2055,3086,3085),(2058,3094,159),(2057,3094,3093),(2073,3097,3095),(2072,3097,3096),(2064,3104,27),(2065,3104,204),(2066,3104,3102),(2067,3104,3103),(2076,3109,3095),(2074,3109,3107),(2075,3109,3108),(2077,3111,3110),(2083,3115,1),(2084,3115,44),(2085,3115,156),(2086,3115,309),(2087,3115,2513),(2091,3121,1),(2093,3121,44),(2092,3121,162),(2094,3121,3117),(2095,3121,3118),(2097,3122,156),(2098,3122,173),(2096,3122,312),(2101,3130,3127),(2099,3130,3128),(2100,3130,3129),(2106,3132,310),(2104,3132,3128),(2105,3132,3131),(2108,3133,3028),(2109,3133,3029),(2107,3133,3032),(2110,3163,3164),(2112,3166,3165),(2113,3167,18),(2142,3319,174),(2140,3319,944),(2141,3319,3320),(2143,3328,3325),(2144,3328,3326),(2145,3328,3327),(2160,3330,3165),(2159,3330,3325),(2155,3330,3331),(2156,3330,3332),(2157,3330,3333),(2158,3330,3334),(2163,3339,3284),(2161,3339,3337),(2162,3339,3338),(2164,3521,3520),(2166,3524,3523),(2167,3524,3525),(2168,3527,3528),(2169,3527,3529),(2170,3527,3530),(2171,3533,3532);
/*!40000 ALTER TABLE `adversaries_adversary_equipment` ENABLE KEYS */;
UNLOCK TABLES;

--
-- Table structure for table `adversaries_creature`
--

DROP TABLE IF EXISTS `adversaries_creature`;
/*!40101 SET @saved_cs_client     = @@character_set_client */;
/*!40101 SET character_set_client = utf8 */;
CREATE TABLE `adversaries_creature` (
  `adversary_ptr_id` int(11) NOT NULL,
  `species_id` int(11) NOT NULL,
  PRIMARY KEY (`adversary_ptr_id`),
  KEY `adversaries_creature_e1800d51` (`species_id`),
  CONSTRAINT `adversary_ptr_id_refs_entry_ptr_id_6d71be55` FOREIGN KEY (`adversary_ptr_id`) REFERENCES `adversaries_adversary` (`entry_ptr_id`),
  CONSTRAINT `species_id_refs_entry_ptr_id_8273f844` FOREIGN KEY (`species_id`) REFERENCES `character_species` (`entry_ptr_id`)
) ENGINE=InnoDB DEFAULT CHARSET=latin1;
/*!40101 SET character_set_client = @saved_cs_client */;

--
-- Dumping data for table `adversaries_creature`
--

LOCK TABLES `adversaries_creature` WRITE;
/*!40000 ALTER TABLE `adversaries_creature` DISABLE KEYS */;
INSERT INTO `adversaries_creature` VALUES (838,836),(841,839),(1991,839),(1994,839),(844,842),(847,845),(902,901),(921,918),(955,953),(961,958),(966,964),(971,969),(975,973),(986,983),(990,987),(997,994),(1000,998),(1004,1002),(1009,1006),(1013,1011),(1019,1016),(1024,1021),(1029,1027),(1049,1045),(1055,1053),(1751,1053),(1059,1057),(1063,1061),(1069,1066),(1107,1104),(1146,1144),(1150,1147),(1157,1154),(1163,1159),(1164,1159),(1169,1166),(1508,1506),(1517,1515),(1520,1518),(1523,1521),(1542,1524),(1543,1525),(1544,1526),(1545,1528),(1541,1531),(1707,1702),(1708,1705),(1714,1711),(1717,1715),(1721,1719),(1726,1724),(1730,1728),(1736,1734),(1739,1737),(1742,1740),(1746,1744),(1750,1748),(1754,1752),(1757,1755),(1762,1760),(1766,1764),(1947,1795),(1928,1926),(1939,1937),(1946,1944),(1962,1961),(1969,1966),(1973,1971),(1978,1975),(2010,2007),(2017,2015),(2036,2033),(2045,2042),(2147,2145),(2151,2149),(2154,2152),(2156,2155),(2171,2168),(2175,2173),(2183,2181),(2186,2184),(2189,2187),(2194,2192),(2205,2203),(2208,2206),(2216,2214),(2219,2217),(2223,2221),(2324,2322),(2328,2325),(2332,2330),(2362,2359),(2365,2363),(2369,2367),(2392,2390),(2639,2637),(2643,2641),(2647,2645),(2651,2649),(2656,2653),(2660,2658),(2665,2662),(2669,2667),(2689,2687),(2692,2690),(2842,2840),(2846,2844),(2916,2914),(2922,2920),(2926,2924),(2930,2927),(2935,2933),(2941,2938),(2945,2943),(2956,2953),(2962,2959),(2965,2963),(2968,2966),(2972,2969),(2975,2973),(2979,2976),(3005,3003),(3019,3017),(3037,3035),(3041,3039),(3044,3042),(3048,3046),(3061,3057),(3064,3062),(3067,3065),(3084,3081),(3100,3098),(3114,3112),(3126,3123);
/*!40000 ALTER TABLE `adversaries_creature` ENABLE KEYS */;
UNLOCK TABLES;

--
-- Table structure for table `adversaries_creatureweapon`
--

DROP TABLE IF EXISTS `adversaries_creatureweapon`;
/*!40101 SET @saved_cs_client     = @@character_set_client */;
/*!40101 SET character_set_client = utf8 */;
CREATE TABLE `adversaries_creatureweapon` (
  `weapon_ptr_id` int(11) NOT NULL,
  `species_id` int(11) NOT NULL,
  PRIMARY KEY (`weapon_ptr_id`),
  KEY `adversaries_creatureweapon_e1800d51` (`species_id`),
  CONSTRAINT `species_id_refs_entry_ptr_id_100c753b` FOREIGN KEY (`species_id`) REFERENCES `character_species` (`entry_ptr_id`),
  CONSTRAINT `weapon_ptr_id_refs_gear_ptr_id_c9c05e3e` FOREIGN KEY (`weapon_ptr_id`) REFERENCES `equipment_weapon` (`gear_ptr_id`)
) ENGINE=InnoDB DEFAULT CHARSET=latin1;
/*!40101 SET character_set_client = @saved_cs_client */;

--
-- Dumping data for table `adversaries_creatureweapon`
--

LOCK TABLES `adversaries_creatureweapon` WRITE;
/*!40000 ALTER TABLE `adversaries_creatureweapon` DISABLE KEYS */;
INSERT INTO `adversaries_creatureweapon` VALUES (837,836),(840,839),(843,842),(846,845),(919,918),(920,918),(954,953),(959,958),(960,958),(965,964),(970,969),(974,973),(984,983),(985,983),(988,987),(989,987),(995,994),(996,994),(999,998),(1003,1002),(1007,1006),(1008,1006),(1012,1011),(1017,1016),(1018,1016),(1022,1021),(1023,1021),(1028,1027),(1046,1045),(1047,1045),(1048,1045),(1054,1053),(1058,1057),(1062,1061),(1067,1066),(1068,1066),(1105,1104),(1106,1104),(1145,1144),(1148,1147),(1149,1147),(1155,1154),(1156,1154),(1160,1159),(1161,1159),(1162,1159),(1167,1166),(1168,1166),(1507,1506),(1516,1515),(1519,1518),(1522,1521),(1534,1524),(1535,1524),(1536,1525),(1537,1526),(1538,1526),(1539,1528),(1540,1528),(1532,1531),(1533,1531),(1706,1705),(1712,1711),(1713,1711),(1716,1715),(1720,1719),(1725,1724),(1729,1728),(1735,1734),(1738,1737),(1741,1740),(1745,1744),(1749,1748),(1753,1752),(1756,1755),(1761,1760),(1765,1764),(1927,1926),(1938,1937),(1945,1944),(1963,1961),(1964,1961),(1967,1966),(1968,1966),(1972,1971),(1976,1975),(1977,1975),(2008,2007),(2009,2007),(2016,2015),(2034,2033),(2035,2033),(2043,2042),(2044,2042),(2146,2145),(2150,2149),(2153,2152),(2157,2155),(2169,2168),(2170,2168),(2174,2173),(2182,2181),(2185,2184),(2188,2187),(2193,2192),(2204,2203),(2207,2206),(2215,2214),(2218,2217),(2222,2221),(2323,2322),(2326,2325),(2327,2325),(2331,2330),(2360,2359),(2361,2359),(2364,2363),(2391,2390),(2638,2637),(2642,2641),(2646,2645),(2650,2649),(2654,2653),(2655,2653),(2659,2658),(2663,2662),(2664,2662),(2668,2667),(2688,2687),(2691,2690),(2841,2840),(2845,2844),(2915,2914),(2921,2920),(2925,2924),(2928,2927),(2929,2927),(2934,2933),(2939,2938),(2944,2943),(2954,2953),(2955,2953),(2960,2959),(2961,2959),(2964,2963),(2967,2966),(2970,2969),(2971,2969),(2974,2973),(2977,2976),(2978,2976),(3004,3003),(3018,3017),(3036,3035),(3040,3039),(3043,3042),(3047,3046),(3059,3057),(3060,3057),(3063,3062),(3066,3065),(3082,3081),(3083,3081),(3099,3098),(3101,3098),(3113,3112),(3124,3123),(3125,3123);
/*!40000 ALTER TABLE `adversaries_creatureweapon` ENABLE KEYS */;
UNLOCK TABLES;

--
-- Table structure for table `adversaries_skillentry`
--

DROP TABLE IF EXISTS `adversaries_skillentry`;
/*!40101 SET @saved_cs_client     = @@character_set_client */;
/*!40101 SET character_set_client = utf8 */;
CREATE TABLE `adversaries_skillentry` (
  `id` int(11) NOT NULL AUTO_INCREMENT,
  `adversary_id` int(11) NOT NULL,
  `skill_id` int(11) NOT NULL,
  `rank` int(11) DEFAULT NULL,
  PRIMARY KEY (`id`),
  KEY `adversaries_skillentry_d8137144` (`adversary_id`),
  KEY `adversaries_skillentry_85a9a3f0` (`skill_id`),
  CONSTRAINT `adversary_id_refs_entry_ptr_id_ec99752a` FOREIGN KEY (`adversary_id`) REFERENCES `adversaries_adversary` (`entry_ptr_id`),
  CONSTRAINT `skill_id_refs_entry_ptr_id_77ba03b2` FOREIGN KEY (`skill_id`) REFERENCES `character_skill` (`entry_ptr_id`)
) ENGINE=InnoDB AUTO_INCREMENT=3542 DEFAULT CHARSET=latin1;
/*!40101 SET character_set_client = @saved_cs_client */;

--
-- Dumping data for table `adversaries_skillentry`
--

LOCK TABLES `adversaries_skillentry` WRITE;
/*!40000 ALTER TABLE `adversaries_skillentry` DISABLE KEYS */;
INSERT INTO `adversaries_skillentry` VALUES (1,684,511,NULL),(2,684,524,NULL),(3,684,525,NULL),(4,713,511,3),(5,713,534,2),(6,713,525,2),(7,713,532,2),(8,716,502,2),(9,716,511,2),(10,716,514,3),(11,716,518,2),(12,716,524,2),(13,716,525,2),(14,716,526,2),(15,716,532,2),(16,718,504,3),(17,718,505,4),(18,718,507,3),(19,718,510,4),(20,718,511,3),(21,718,509,4),(22,718,514,4),(23,718,525,2),(24,718,529,2),(25,718,532,2),(26,719,503,1),(27,719,505,1),(28,719,508,1),(29,719,524,1),(30,719,525,1),(31,719,530,2),(32,719,532,1),(33,720,504,2),(34,720,507,1),(35,720,535,3),(36,720,525,2),(37,720,527,2),(38,720,529,2),(39,720,532,1),(47,729,503,NULL),(48,729,505,NULL),(49,729,518,NULL),(50,729,525,NULL),(51,730,519,1),(52,730,524,2),(53,730,525,2),(54,730,532,1),(55,731,524,1),(56,731,518,2),(57,731,521,1),(58,731,530,2),(59,731,532,1),(60,734,503,3),(61,734,507,2),(62,734,508,2),(63,734,518,3),(64,734,525,2),(65,734,528,3),(66,734,532,2),(67,735,506,1),(68,735,531,2),(69,735,521,2),(70,735,527,2),(71,735,532,1),(72,736,510,2),(73,736,534,2),(74,736,521,2),(75,736,532,1),(76,737,504,2),(77,737,505,2),(78,737,507,2),(79,737,510,4),(80,737,525,2),(81,737,521,2),(82,737,532,2),(83,738,507,NULL),(84,738,524,NULL),(85,738,525,NULL),(86,740,505,3),(87,740,507,3),(88,740,508,2),(89,740,510,3),(90,740,513,2),(91,740,514,2),(92,740,524,3),(93,740,518,4),(94,740,526,2),(95,740,527,3),(96,741,505,2),(97,741,518,2),(98,741,525,2),(99,741,532,2),(100,742,506,1),(101,742,510,2),(102,742,523,2),(103,742,527,2),(104,742,528,2),(105,742,532,1),(106,743,506,2),(107,743,507,2),(108,743,527,1),(109,744,501,3),(110,744,504,2),(111,744,507,3),(112,744,513,3),(113,744,531,3),(114,744,525,3),(115,744,522,3),(116,744,523,4),(117,744,527,2),(118,744,529,4),(119,744,532,2),(120,745,504,2),(121,745,507,1),(122,745,525,2),(123,745,523,3),(124,745,527,2),(125,745,529,2),(126,745,532,1),(127,746,518,NULL),(128,746,525,NULL),(129,746,524,NULL),(130,746,527,NULL),(131,747,501,4),(132,747,507,1),(133,747,513,2),(134,747,525,1),(135,747,521,5),(136,747,522,3),(137,747,523,3),(138,747,530,1),(139,748,503,1),(140,748,522,1),(141,748,525,1),(142,748,529,1),(143,749,531,2),(144,749,519,2),(145,749,525,1),(146,749,527,2),(147,749,529,2),(148,749,532,2),(149,750,504,2),(150,750,505,1),(151,750,507,1),(152,750,520,3),(153,751,501,1),(154,751,521,3),(155,751,532,2),(156,752,501,1),(157,752,506,1),(158,752,516,2),(159,752,532,1),(160,753,521,NULL),(161,753,525,NULL),(162,755,504,2),(163,755,505,2),(164,755,507,2),(165,755,510,2),(166,755,525,2),(167,755,521,4),(168,755,529,3),(169,755,532,3),(170,756,527,NULL),(171,756,528,NULL),(172,756,529,NULL),(173,756,530,NULL),(174,757,521,NULL),(175,757,525,NULL),(176,758,503,2),(177,758,505,2),(178,758,507,2),(179,758,524,3),(180,758,525,2),(181,758,518,2),(182,758,521,3),(183,758,523,2),(184,758,528,2),(185,758,532,3),(186,759,505,NULL),(187,759,518,NULL),(188,759,524,NULL),(189,762,505,1),(190,762,511,1),(191,762,514,1),(192,762,518,2),(193,762,524,2),(194,762,525,1),(195,762,532,1),(196,763,504,2),(197,763,505,4),(198,763,507,2),(199,763,510,3),(200,763,514,2),(201,763,519,3),(202,763,512,3),(203,763,520,2),(204,764,502,2),(205,764,503,2),(206,764,504,3),(207,764,507,3),(208,764,510,3),(209,764,509,3),(210,764,518,3),(211,764,521,2),(212,764,524,2),(213,764,525,3),(214,764,528,3),(215,764,532,4),(216,765,503,2),(217,765,504,2),(218,765,505,2),(219,765,510,2),(220,765,525,2),(221,765,529,2),(222,765,532,2),(223,767,521,NULL),(224,767,525,NULL),(225,768,511,3),(226,768,525,2),(227,768,532,2),(228,769,502,NULL),(229,769,511,NULL),(230,769,524,NULL),(231,769,518,NULL),(232,770,513,NULL),(233,770,523,NULL),(234,772,503,NULL),(235,772,511,NULL),(236,772,524,NULL),(237,772,525,NULL),(238,774,504,3),(239,774,505,4),(240,774,507,2),(241,774,510,3),(242,774,521,4),(243,774,512,4),(244,774,514,3),(245,774,525,3),(246,774,522,2),(247,774,526,2),(248,774,529,2),(249,774,527,3),(250,774,532,2),(251,775,502,2),(252,775,503,1),(253,775,507,2),(254,775,508,2),(255,775,524,3),(256,775,525,3),(257,775,529,3),(258,775,530,3),(259,775,532,2),(260,776,505,4),(261,776,507,3),(262,776,518,3),(263,776,519,3),(264,776,521,4),(265,776,524,3),(266,776,525,3),(267,776,529,4),(268,776,530,4),(269,776,532,2),(270,779,502,1),(271,779,504,2),(272,779,505,4),(273,779,507,5),(274,779,510,5),(275,779,511,5),(276,779,520,3),(277,779,531,3),(278,779,514,1),(279,779,518,2),(280,779,519,5),(281,779,525,2),(282,779,526,8),(283,780,504,2),(284,780,505,1),(285,780,507,2),(286,780,510,3),(287,780,519,4),(288,782,508,1),(289,782,507,1),(290,782,511,2),(291,782,518,1),(292,782,519,3),(293,782,524,2),(294,782,532,2),(295,783,504,1),(296,783,505,2),(297,783,507,1),(298,783,509,2),(299,783,512,2),(300,784,504,3),(301,784,507,2),(302,784,510,1),(303,784,509,2),(304,784,512,2),(305,784,514,3),(306,784,519,4),(307,784,532,1),(308,785,504,3),(309,785,507,1),(310,785,510,3),(311,785,512,2),(312,785,518,2),(313,787,505,2),(314,787,507,2),(315,787,510,3),(316,787,515,4),(317,787,786,4),(318,787,518,2),(319,787,521,4),(320,787,523,2),(321,787,529,3),(322,787,532,2),(323,788,503,3),(324,788,518,3),(325,789,504,3),(326,789,507,1),(327,789,515,3),(328,791,504,NULL),(329,791,508,NULL),(330,793,502,2),(331,793,503,4),(332,793,508,2),(333,793,518,4),(334,793,524,2),(335,793,532,2),(336,794,504,2),(337,794,505,4),(338,794,507,2),(339,794,510,4),(340,794,515,2),(349,801,524,NULL),(350,802,505,3),(351,802,506,4),(352,802,513,5),(353,802,516,3),(354,802,518,3),(355,802,524,5),(356,802,525,5),(357,802,522,3),(358,802,523,3),(359,802,532,2),(360,803,501,3),(361,803,506,3),(362,803,507,2),(363,803,516,2),(364,803,523,2),(365,804,516,NULL),(366,805,511,1),(367,805,517,3),(368,805,521,2),(369,807,504,2),(370,807,512,3),(371,807,533,3),(372,807,519,2),(373,807,521,1),(374,808,525,3),(375,808,532,3),(376,809,503,3),(377,809,521,3),(378,809,528,3),(379,809,530,3),(380,812,508,2),(381,812,521,3),(382,812,524,1),(383,812,532,3),(384,813,507,2),(385,813,522,2),(386,813,523,2),(387,813,525,1),(388,815,504,2),(389,815,506,2),(390,815,507,2),(391,815,519,2),(392,819,533,4),(393,819,521,3),(394,821,521,3),(395,821,525,1),(396,821,528,2),(397,821,530,3),(398,823,521,NULL),(399,823,532,NULL),(400,827,502,NULL),(401,828,524,NULL),(402,828,532,NULL),(403,831,501,1),(404,831,504,2),(405,831,505,4),(406,831,507,2),(407,831,510,2),(408,831,511,3),(409,831,531,2),(410,831,516,5),(411,831,517,1),(412,831,518,2),(413,831,519,3),(414,831,523,2),(415,831,525,3),(416,831,532,2),(417,832,505,1),(418,832,510,1),(419,832,511,1),(420,832,518,1),(421,832,525,1),(422,832,529,1),(423,832,532,1),(424,833,504,1),(425,833,505,2),(426,833,510,2),(427,833,525,2),(428,833,529,1),(429,833,532,2),(430,835,506,1),(431,835,516,2),(432,838,503,NULL),(433,838,508,NULL),(434,841,503,2),(435,841,521,1),(436,841,528,4),(437,841,530,2),(438,841,532,3),(439,844,503,2),(440,844,521,2),(441,844,530,3),(442,844,532,2),(443,847,503,2),(444,847,521,3),(445,847,530,3),(446,847,532,3),(447,853,505,1),(448,853,507,1),(449,853,525,3),(450,857,501,3),(451,857,506,3),(452,857,507,1),(453,857,516,2),(454,857,523,2),(455,858,505,4),(456,858,531,2),(457,858,518,2),(458,858,519,2),(459,858,523,3),(460,858,525,2),(461,858,527,2),(462,858,529,2),(463,858,532,2),(464,860,505,2),(465,860,513,3),(466,860,518,2),(467,860,525,1),(468,860,521,2),(469,860,523,1),(470,860,532,2),(471,862,502,1),(472,862,503,1),(473,862,521,1),(474,862,523,1),(475,862,525,2),(476,862,529,1),(477,862,532,1),(478,863,507,1),(479,863,511,2),(480,863,524,2),(481,863,525,1),(482,863,526,2),(483,863,532,2),(484,864,513,2),(485,864,523,2),(486,869,504,3),(487,869,507,2),(488,869,510,4),(489,869,511,2),(490,869,509,1),(491,869,531,2),(492,869,514,2),(493,869,519,3),(494,869,521,2),(495,869,525,2),(496,869,527,2),(497,869,528,2),(498,869,529,2),(499,869,532,1),(500,871,506,3),(501,871,511,3),(502,871,512,2),(503,871,520,1),(504,871,531,1),(505,871,516,2),(506,871,521,2),(507,871,532,2),(508,876,505,NULL),(509,876,511,NULL),(510,876,514,NULL),(511,876,518,NULL),(512,876,522,NULL),(513,876,525,NULL),(514,876,532,NULL),(515,877,505,1),(516,877,511,1),(517,877,514,2),(518,877,518,2),(519,877,522,2),(520,877,525,2),(521,877,532,2),(522,881,506,1),(523,881,516,2),(524,881,518,1),(525,886,504,1),(526,886,507,1),(527,886,510,1),(528,886,511,1),(529,886,519,2),(530,886,529,2),(531,888,503,1),(532,888,505,1),(533,888,525,1),(534,889,503,1),(535,889,505,1),(536,889,521,1),(537,889,525,1),(538,889,532,1),(539,892,525,3),(540,892,532,3),(541,893,504,4),(542,893,507,2),(543,893,522,3),(544,894,504,3),(545,894,507,3),(546,894,513,1),(547,894,522,2),(548,895,507,2),(549,895,513,3),(550,895,522,3),(551,895,525,3),(552,897,507,3),(553,897,513,3),(554,897,531,3),(555,897,529,2),(556,898,504,2),(557,898,506,2),(558,898,507,2),(559,898,516,3),(560,898,522,4),(561,898,529,2),(562,899,506,3),(563,899,513,3),(564,899,532,2),(565,902,502,3),(566,902,526,1),(567,902,530,2),(568,903,504,2),(569,903,505,4),(570,903,507,3),(571,903,510,3),(572,903,511,3),(573,903,520,2),(574,903,531,5),(575,903,514,2),(576,903,519,4),(577,903,526,5),(578,903,532,3),(579,904,504,2),(580,904,505,2),(581,904,507,2),(582,904,510,1),(583,904,512,4),(584,904,514,1),(585,904,519,3),(586,905,504,3),(587,905,505,2),(588,905,507,2),(589,905,510,3),(590,905,512,2),(591,905,519,4),(592,905,525,1),(593,905,529,1),(594,909,504,1),(595,909,506,1),(596,909,507,2),(597,909,510,2),(598,909,512,3),(599,909,519,1),(600,909,527,1),(601,909,529,1),(602,910,503,2),(603,910,504,3),(604,910,505,3),(605,910,507,3),(606,910,510,3),(607,910,511,4),(608,910,520,2),(609,910,531,2),(610,910,519,2),(611,910,521,3),(612,910,525,2),(613,910,529,2),(614,910,532,3),(615,911,503,3),(616,911,504,1),(617,911,505,3),(618,911,510,3),(619,911,511,1),(620,911,531,3),(621,911,514,1),(622,911,518,2),(623,911,519,2),(624,911,524,2),(625,911,525,2),(626,911,527,2),(627,911,529,3),(628,911,532,2),(629,915,504,2),(630,915,505,3),(631,915,507,2),(632,915,510,3),(633,915,509,4),(634,915,512,2),(635,915,519,4),(636,915,525,1),(637,917,511,2),(638,921,503,NULL),(639,921,508,NULL),(640,923,511,1),(641,923,518,2),(642,923,521,3),(643,923,525,3),(644,923,532,2),(645,925,511,1),(646,925,518,2),(647,925,521,3),(648,925,525,3),(649,925,532,2),(650,925,527,2),(651,925,528,3),(652,926,511,NULL),(653,926,518,NULL),(654,926,521,NULL),(655,926,524,NULL),(656,926,532,NULL),(657,928,525,3),(658,928,532,3),(659,933,504,2),(660,933,505,3),(661,933,507,3),(662,933,510,3),(663,933,511,2),(664,933,786,4),(665,933,518,2),(666,933,521,4),(667,933,528,2),(668,933,529,3),(669,933,532,3),(670,934,503,NULL),(671,934,505,NULL),(672,934,513,NULL),(673,934,524,NULL),(674,934,529,NULL),(675,937,505,2),(676,937,511,2),(677,937,514,3),(678,937,518,2),(679,937,522,2),(680,937,525,4),(681,937,532,3),(682,940,504,3),(683,940,507,2),(684,940,510,3),(685,940,531,4),(686,940,519,3),(687,940,521,2),(688,940,525,3),(689,940,529,4),(690,940,532,1),(691,942,507,4),(692,942,504,4),(693,942,505,2),(694,942,510,3),(695,942,512,5),(696,942,531,4),(697,942,519,5),(698,942,521,2),(699,942,525,2),(700,942,527,2),(701,942,529,4),(702,945,518,2),(703,945,525,3),(704,945,532,2),(705,947,513,NULL),(706,947,523,NULL),(707,949,507,NULL),(708,949,513,NULL),(709,949,522,NULL),(710,955,503,2),(711,955,508,2),(712,955,521,3),(713,955,528,3),(714,955,530,2),(715,961,503,3),(716,961,508,2),(717,961,526,3),(718,961,530,2),(719,961,532,2),(720,966,502,NULL),(721,966,503,NULL),(722,966,526,NULL),(723,971,503,1),(724,971,508,2),(725,971,521,2),(726,971,528,3),(727,975,503,3),(728,975,521,2),(729,975,526,2),(730,975,530,2),(731,975,532,3),(732,977,502,NULL),(733,977,503,NULL),(734,977,505,NULL),(735,977,518,NULL),(736,977,521,NULL),(737,977,525,NULL),(738,977,529,NULL),(739,979,504,2),(740,979,505,3),(741,979,507,2),(742,979,518,2),(743,979,531,3),(744,979,521,3),(745,979,525,2),(746,979,529,3),(747,979,532,2),(748,981,502,3),(749,981,505,3),(750,981,507,3),(751,981,511,2),(752,981,518,2),(753,981,521,3),(754,981,522,2),(755,981,523,2),(756,981,524,2),(757,981,525,2),(758,981,529,3),(759,981,528,2),(760,981,532,4),(761,986,503,NULL),(762,986,521,NULL),(763,986,532,NULL),(764,990,503,2),(765,990,521,4),(766,990,530,3),(767,990,532,3),(768,992,502,2),(769,992,507,2),(770,992,508,3),(771,992,518,3),(772,992,521,3),(773,992,524,3),(774,992,530,3),(775,992,532,2),(776,997,530,2),(777,1000,503,NULL),(778,1000,508,NULL),(779,1000,532,NULL),(780,1004,502,4),(781,1004,503,4),(782,1004,521,4),(783,1004,530,3),(784,1009,503,3),(785,1009,508,2),(786,1009,510,3),(787,1009,521,3),(788,1009,528,4),(789,1009,530,2),(790,1013,503,2),(791,1013,526,3),(792,1013,530,3),(793,1019,503,3),(794,1019,508,3),(795,1019,526,3),(796,1019,528,4),(797,1019,530,3),(798,1019,532,4),(799,1024,503,4),(800,1024,526,3),(801,1024,530,3),(802,1029,503,3),(803,1029,521,4),(804,1029,526,4),(805,1029,530,3),(806,1031,504,3),(807,1031,505,4),(808,1031,507,3),(809,1031,510,3),(810,1031,511,3),(811,1031,531,3),(812,1031,519,3),(813,1031,521,4),(814,1031,529,4),(815,1031,532,2),(816,1034,507,2),(817,1034,509,3),(818,1034,512,3),(819,1034,531,3),(820,1034,519,2),(821,1034,521,1),(822,1034,529,2),(823,1036,503,NULL),(824,1036,518,NULL),(825,1036,521,NULL),(826,1036,528,NULL),(827,1036,532,NULL),(828,1038,507,3),(829,1038,514,3),(830,1038,519,2),(831,1038,521,4),(832,1038,525,2),(833,1038,529,3),(834,1038,532,2),(835,1040,503,3),(836,1040,505,3),(837,1040,524,2),(838,1040,526,2),(839,1040,529,2),(840,1040,532,2),(841,1041,504,2),(842,1041,505,3),(843,1041,507,4),(844,1041,510,2),(845,1041,511,4),(846,1041,520,3),(847,1041,531,3),(848,1041,519,4),(849,1041,526,3),(850,1042,506,4),(851,1042,516,5),(852,1042,519,2),(853,1043,504,2),(854,1043,510,2),(855,1043,519,2),(856,1043,521,3),(858,1049,503,1),(859,1049,521,1),(860,1049,525,1),(861,1049,528,1),(862,1049,532,1),(863,1050,501,1),(864,1050,506,1),(865,1050,516,3),(866,1050,518,1),(867,1050,521,2),(868,1050,523,1),(869,1055,503,1),(870,1055,521,2),(871,1059,503,1),(872,1059,521,2),(873,1063,503,1),(874,1063,521,1),(875,1063,530,3),(876,1069,503,2),(877,1069,521,1),(878,1069,530,1),(879,1070,518,NULL),(880,1070,521,NULL),(881,1070,524,NULL),(882,1071,505,2),(883,1071,510,2),(884,1071,511,2),(885,1071,521,2),(886,1072,504,3),(887,1072,506,1),(888,1072,507,2),(889,1072,510,2),(890,1072,531,2),(891,1072,518,2),(892,1072,519,2),(893,1072,521,1),(894,1072,525,2),(895,1072,527,2),(896,1072,529,2),(897,1072,532,2),(898,1074,504,3),(899,1074,506,2),(900,1074,507,3),(901,1074,510,3),(902,1074,531,2),(903,1074,519,2),(904,1074,521,1),(905,1074,525,3),(906,1074,527,2),(907,1074,529,2),(908,1076,505,1),(909,1076,507,3),(910,1076,510,2),(911,1076,518,3),(912,1076,521,1),(913,1076,527,2),(914,1076,528,1),(915,1077,504,2),(916,1077,508,1),(917,1077,510,1),(918,1077,512,2),(919,1077,521,1),(920,1077,525,1),(921,1077,527,2),(922,1077,528,2),(923,1077,529,2),(924,1078,503,1),(925,1078,505,1),(926,1078,508,1),(927,1078,510,1),(928,1078,521,1),(929,1078,523,1),(930,1078,524,1),(931,1078,525,2),(932,1078,528,1),(933,1078,529,1),(934,1078,530,1),(935,1078,532,2),(936,1079,503,1),(937,1079,518,1),(938,1079,526,1),(939,1079,532,1),(940,1080,510,2),(941,1080,519,3),(942,1080,521,2),(943,1080,525,2),(944,1082,510,3),(945,1082,531,2),(946,1082,521,2),(947,1082,523,2),(948,1082,525,3),(949,1082,527,2),(950,1082,529,2),(951,1084,518,2),(952,1084,521,1),(953,1084,525,1),(954,1084,530,2),(955,1084,532,1),(956,1085,503,NULL),(957,1085,505,NULL),(958,1085,525,NULL),(959,1086,511,1),(960,1086,518,1),(961,1086,521,2),(962,1086,525,1),(963,1086,529,2),(964,1086,532,2),(965,1088,507,1),(966,1088,511,2),(967,1088,513,1),(968,1088,518,2),(969,1088,521,3),(970,1088,525,2),(971,1088,526,2),(972,1088,532,2),(973,1090,505,2),(974,1090,507,4),(975,1090,514,1),(976,1090,518,3),(977,1090,522,3),(978,1090,525,2),(979,1090,529,3),(980,1092,506,1),(981,1092,516,4),(982,1092,518,2),(983,1092,522,3),(984,1092,529,2),(985,1092,532,2),(986,1094,518,NULL),(987,1094,522,NULL),(988,1094,525,NULL),(989,1094,529,NULL),(990,1095,503,2),(991,1095,511,2),(992,1095,521,2),(993,1095,525,3),(994,1095,530,3),(995,1095,532,2),(996,1097,504,2),(997,1097,510,3),(998,1097,521,3),(999,1097,525,2),(1000,1097,527,3),(1001,1097,528,2),(1002,1097,529,2),(1003,1098,503,3),(1004,1098,507,2),(1005,1098,505,3),(1006,1098,525,2),(1007,1098,526,2),(1008,1101,504,1),(1009,1101,510,1),(1010,1101,512,2),(1011,1101,521,2),(1012,1101,527,3),(1013,1101,528,2),(1014,1101,529,1),(1015,1102,511,2),(1016,1102,514,2),(1017,1102,518,3),(1018,1102,521,3),(1019,1102,525,3),(1020,1102,532,3),(1021,1103,518,NULL),(1022,1103,521,NULL),(1023,1103,525,NULL),(1024,1103,532,NULL),(1025,1107,503,NULL),(1026,1107,508,NULL),(1027,1108,504,2),(1028,1108,510,2),(1029,1108,521,2),(1030,1108,527,2),(1031,1108,528,2),(1032,1109,507,4),(1033,1109,508,3),(1034,1109,511,4),(1035,1109,518,4),(1036,1109,519,2),(1037,1109,521,2),(1038,1109,528,2),(1039,1110,505,3),(1040,1110,510,3),(1041,1110,513,2),(1042,1110,514,2),(1043,1110,521,2),(1044,1110,523,3),(1045,1110,525,3),(1046,1112,513,NULL),(1047,1112,523,NULL),(1048,1112,525,NULL),(1049,1113,503,2),(1050,1113,518,2),(1051,1115,505,3),(1052,1115,512,3),(1053,1115,533,3),(1054,1115,521,1),(1055,1116,501,3),(1056,1116,506,2),(1057,1116,507,2),(1058,1116,516,2),(1059,1118,511,1),(1060,1118,517,3),(1061,1118,518,3),(1062,1118,521,2),(1063,1122,516,NULL),(1064,1122,518,NULL),(1065,1123,524,NULL),(1066,1125,513,2),(1067,1125,522,2),(1068,1125,521,3),(1069,1127,502,2),(1070,1128,504,2),(1071,1128,506,2),(1072,1128,533,1),(1073,1128,521,1),(1074,1131,502,NULL),(1075,1131,521,NULL),(1076,1132,502,1),(1077,1132,503,1),(1078,1132,514,1),(1079,1132,521,2),(1080,1132,525,1),(1081,1134,506,1),(1082,1134,518,2),(1083,1134,521,1),(1084,1134,525,1),(1085,1135,507,1),(1086,1135,510,2),(1087,1135,518,2),(1088,1135,523,3),(1089,1135,525,3),(1090,1135,528,2),(1091,1135,529,2),(1092,1135,532,2),(1093,1136,502,2),(1094,1136,507,1),(1095,1136,510,1),(1096,1136,514,1),(1097,1136,518,2),(1098,1136,519,2),(1099,1136,522,2),(1100,1136,525,2),(1101,1136,532,2),(1102,1137,502,NULL),(1103,1137,511,NULL),(1104,1137,518,NULL),(1105,1137,522,NULL),(1106,1137,525,NULL),(1107,1137,528,NULL),(1108,1138,504,2),(1109,1138,510,1),(1110,1138,512,3),(1111,1138,533,3),(1112,1138,519,2),(1113,1138,521,1),(1114,1139,503,NULL),(1115,1139,505,NULL),(1116,1139,518,NULL),(1117,1139,525,NULL),(1118,1139,532,NULL),(1119,1140,513,1),(1120,1140,523,2),(1121,1146,508,2),(1122,1146,518,2),(1123,1150,502,2),(1124,1150,503,2),(1125,1150,507,3),(1126,1150,521,1),(1127,1150,528,2),(1128,1150,532,2),(1129,1157,502,NULL),(1130,1157,503,NULL),(1131,1157,508,NULL),(1132,1163,502,3),(1133,1163,503,1),(1134,1163,507,2),(1135,1163,528,2),(1136,1163,532,3),(1137,1164,502,3),(1138,1164,503,2),(1139,1164,507,2),(1140,1164,528,2),(1141,1164,532,3),(1142,1169,502,2),(1143,1169,503,2),(1144,1169,507,1),(1145,1169,532,1),(1146,1172,504,3),(1147,1172,505,3),(1148,1172,507,4),(1149,1172,511,3),(1150,1172,515,2),(1151,1172,514,5),(1152,1172,518,3),(1153,1172,523,2),(1154,1172,525,3),(1155,1172,532,3),(1156,1175,504,2),(1157,1175,505,4),(1158,1175,507,2),(1159,1175,511,3),(1160,1175,512,4),(1161,1175,533,4),(1162,1175,516,3),(1163,1175,517,5),(1164,1175,519,3),(1165,1175,521,2),(1166,1175,525,2),(1167,1175,532,2),(1168,1176,502,NULL),(1169,1176,511,NULL),(1170,1176,518,NULL),(1171,1176,525,NULL),(1172,1176,524,NULL),(1173,1179,513,NULL),(1174,1179,518,NULL),(1175,1179,525,NULL),(1176,1179,524,NULL),(1177,1181,502,NULL),(1178,1181,511,NULL),(1179,1181,518,NULL),(1180,1181,524,NULL),(1181,1181,525,NULL),(1182,1181,532,NULL),(1183,1185,506,3),(1184,1185,521,3),(1185,1185,525,1),(1186,1186,513,2),(1187,1186,523,2),(1188,1186,532,1),(1189,1187,507,1),(1190,1187,531,2),(1191,1187,516,3),(1192,1187,519,3),(1193,1187,522,2),(1194,1187,525,2),(1195,1187,532,2),(1196,1190,505,2),(1197,1190,507,1),(1198,1190,511,1),(1199,1190,515,2),(1200,1190,518,2),(1201,1190,524,2),(1202,1190,532,2),(1203,1191,503,NULL),(1204,1191,505,NULL),(1205,1191,516,NULL),(1206,1191,518,NULL),(1207,1191,525,NULL),(1208,1192,502,1),(1209,1192,503,1),(1210,1192,524,2),(1211,1192,525,1),(1212,1192,521,1),(1213,1192,530,2),(1214,1192,532,2),(1215,1252,518,NULL),(1216,1252,524,NULL),(1217,1252,532,NULL),(1218,1255,506,1),(1219,1255,510,2),(1220,1255,529,1),(1221,1255,527,2),(1222,1257,504,2),(1223,1257,507,1),(1224,1257,510,1),(1225,1257,519,2),(1226,1259,511,3),(1227,1259,1193,3),(1228,1259,514,3),(1229,1259,524,2),(1230,1259,525,3),(1231,1259,521,3),(1232,1259,532,2),(1233,1262,501,1),(1234,1262,506,1),(1235,1262,516,2),(1236,1264,516,NULL),(1237,1266,504,2),(1238,1266,505,2),(1239,1266,510,2),(1240,1267,511,2),(1241,1267,519,3),(1242,1267,529,2),(1243,1270,504,3),(1244,1270,507,3),(1245,1270,505,2),(1246,1270,510,3),(1247,1270,511,2),(1248,1270,1193,1),(1249,1270,514,3),(1250,1270,518,2),(1251,1270,525,1),(1252,1274,518,2),(1253,1274,521,1),(1254,1274,525,2),(1255,1274,527,2),(1256,1274,528,3),(1257,1275,507,3),(1258,1275,513,2),(1259,1275,523,3),(1260,1276,507,NULL),(1261,1276,513,NULL),(1262,1276,523,NULL),(1263,1278,501,1),(1264,1278,506,1),(1265,1280,505,3),(1266,1280,506,2),(1267,1280,510,3),(1268,1280,511,1),(1269,1280,509,2),(1270,1280,1193,2),(1271,1284,504,4),(1272,1284,505,4),(1273,1284,510,4),(1274,1284,509,3),(1275,1284,512,2),(1276,1284,519,3),(1277,1284,521,4),(1278,1284,527,3),(1279,1284,532,3),(1280,1286,510,3),(1281,1286,511,3),(1282,1286,505,3),(1283,1286,509,2),(1284,1286,520,2),(1285,1288,513,NULL),(1286,1289,513,2),(1287,1289,522,2),(1288,1290,504,2),(1289,1290,505,2),(1290,1290,510,2),(1291,1290,525,2),(1292,1290,518,2),(1293,1290,529,2),(1294,1290,532,2),(1295,1292,506,1),(1296,1292,510,2),(1297,1292,528,1),(1298,1292,532,1),(1299,1293,506,NULL),(1300,1293,516,NULL),(1301,1296,503,2),(1302,1296,513,4),(1303,1296,521,2),(1304,1296,532,2),(1305,1300,502,NULL),(1306,1300,511,NULL),(1307,1300,518,NULL),(1308,1300,524,NULL),(1309,1300,526,NULL),(1310,1300,530,NULL),(1311,1303,502,NULL),(1312,1303,511,NULL),(1313,1303,518,NULL),(1314,1303,524,NULL),(1315,1303,525,NULL),(1316,1303,532,NULL),(1317,1306,502,NULL),(1318,1306,511,NULL),(1319,1306,513,NULL),(1320,1306,518,NULL),(1321,1306,524,NULL),(1322,1306,526,NULL),(1323,1306,530,NULL),(1324,1307,513,NULL),(1325,1307,523,NULL),(1326,1309,513,2),(1327,1309,523,2),(1328,1310,531,2),(1329,1310,519,2),(1330,1310,525,1),(1331,1310,527,2),(1332,1310,529,2),(1333,1310,532,2),(1334,1311,507,2),(1335,1311,518,1),(1336,1311,525,2),(1337,1311,521,2),(1338,1311,528,1),(1339,1311,529,2),(1340,1311,530,2),(1341,1314,531,1),(1342,1314,521,2),(1343,1314,529,2),(1344,1314,532,1),(1345,1315,502,1),(1346,1315,505,2),(1347,1315,518,2),(1348,1315,525,1),(1349,1315,530,1),(1350,1316,501,1),(1351,1316,506,2),(1352,1316,516,3),(1353,1316,529,2),(1354,1316,531,2),(1355,1318,504,2),(1356,1318,507,2),(1357,1318,510,3),(1358,1318,1193,2),(1359,1318,519,2),(1360,1319,506,1),(1361,1319,512,3),(1362,1319,517,3),(1363,1321,504,3),(1364,1321,507,2),(1365,1321,510,1),(1366,1321,509,2),(1367,1321,512,2),(1368,1321,519,2),(1369,1322,505,2),(1370,1322,507,2),(1371,1322,521,3),(1372,1322,529,3),(1373,1322,532,3),(1374,1324,506,3),(1375,1324,521,1),(1376,1328,502,1),(1377,1328,504,2),(1378,1328,507,2),(1379,1328,508,1),(1380,1328,510,2),(1381,1328,511,4),(1382,1328,515,3),(1383,1328,786,4),(1384,1328,521,4),(1385,1328,523,2),(1386,1328,526,2),(1387,1328,532,2),(1388,1330,530,NULL),(1389,1334,504,2),(1390,1334,510,3),(1391,1334,511,3),(1392,1334,515,4),(1393,1334,531,3),(1394,1334,519,3),(1395,1334,525,2),(1396,1336,504,3),(1397,1336,505,2),(1398,1336,510,3),(1399,1336,511,2),(1400,1336,514,3),(1401,1336,519,3),(1402,1336,525,1),(1403,1339,502,NULL),(1404,1339,503,NULL),(1405,1339,505,NULL),(1406,1339,516,NULL),(1407,1339,518,NULL),(1408,1342,505,3),(1409,1342,507,2),(1410,1342,511,2),(1411,1342,517,3),(1412,1342,518,2),(1413,1342,521,2),(1414,1345,505,1),(1415,1345,511,3),(1416,1345,514,2),(1417,1345,521,2),(1418,1345,522,2),(1419,1345,525,2),(1420,1345,532,3),(1421,1346,502,NULL),(1422,1346,503,NULL),(1423,1346,516,NULL),(1424,1346,518,NULL),(1425,1346,532,NULL),(1426,1348,502,2),(1427,1348,503,2),(1428,1348,505,1),(1429,1348,511,2),(1430,1348,514,3),(1431,1348,516,3),(1432,1348,518,2),(1433,1348,532,2),(1434,1350,506,2),(1435,1350,516,2),(1436,1353,511,NULL),(1437,1353,521,NULL),(1438,1353,528,NULL),(1439,1354,511,NULL),(1440,1354,521,NULL),(1441,1354,522,NULL),(1442,1354,525,NULL),(1443,1354,532,NULL),(1444,1356,502,2),(1445,1356,503,2),(1446,1356,505,3),(1447,1356,507,2),(1448,1356,511,4),(1449,1356,514,4),(1450,1356,525,3),(1451,1356,532,3),(1452,1357,501,NULL),(1453,1357,506,NULL),(1454,1357,523,NULL),(1455,1357,525,NULL),(1456,1362,503,3),(1457,1362,505,2),(1458,1362,518,3),(1459,1362,521,2),(1460,1362,528,4),(1461,1362,530,4),(1462,1362,532,2),(1463,1363,503,NULL),(1464,1363,518,NULL),(1465,1363,528,NULL),(1466,1363,530,NULL),(1467,1364,503,NULL),(1468,1364,518,NULL),(1469,1364,527,NULL),(1470,1364,528,NULL),(1471,1364,530,NULL),(1472,1366,502,2),(1473,1366,503,2),(1474,1366,518,1),(1475,1366,523,1),(1476,1366,524,1),(1477,1366,530,2),(1478,1367,503,NULL),(1479,1367,516,NULL),(1480,1367,521,NULL),(1481,1367,525,NULL),(1482,1367,532,NULL),(1483,1368,505,1),(1484,1368,507,2),(1485,1368,510,3),(1486,1368,512,2),(1487,1368,514,1),(1488,1368,518,2),(1489,1368,519,1),(1490,1368,523,1),(1491,1368,525,2),(1492,1368,527,2),(1493,1368,1193,2),(1494,1369,502,1),(1495,1369,505,2),(1496,1369,507,3),(1497,1369,510,2),(1498,1369,511,2),(1499,1369,1193,3),(1500,1369,514,1),(1501,1369,523,2),(1502,1369,525,2),(1503,1369,527,3),(1504,1373,507,2),(1505,1373,1193,3),(1506,1373,514,2),(1507,1373,519,1),(1508,1373,523,2),(1509,1373,525,1),(1510,1378,511,1),(1511,1378,517,3),(1512,1378,521,2),(1513,1381,502,NULL),(1514,1381,503,NULL),(1515,1381,518,NULL),(1516,1382,501,3),(1517,1382,506,3),(1518,1382,507,2),(1519,1382,513,2),(1520,1382,516,2),(1521,1382,523,3),(1522,1383,505,2),(1523,1383,507,2),(1524,1383,514,3),(1525,1383,512,1),(1526,1383,1193,2),(1527,1383,521,2),(1528,1383,525,3),(1529,1383,532,2),(1530,1462,511,2),(1531,1462,505,2),(1532,1462,518,2),(1533,1462,522,2),(1534,1462,529,3),(1535,1462,532,3),(1536,1463,525,2),(1537,1463,528,2),(1538,1463,530,3),(1539,1463,532,2),(1540,1468,502,NULL),(1541,1468,508,NULL),(1542,1470,504,2),(1543,1470,507,2),(1544,1470,506,2),(1545,1470,508,2),(1546,1470,510,2),(1547,1492,504,3),(1548,1492,507,2),(1549,1492,511,2),(1550,1492,512,4),(1551,1492,1193,1),(1552,1492,514,2),(1553,1492,519,3),(1554,1492,525,2),(1555,1493,505,2),(1556,1493,507,3),(1557,1493,511,3),(1558,1493,513,3),(1559,1493,1193,4),(1560,1493,514,3),(1561,1493,521,3),(1562,1493,524,2),(1563,1493,532,3),(1564,1494,505,3),(1565,1494,507,2),(1566,1494,511,2),(1567,1494,531,2),(1568,1494,1193,2),(1569,1494,514,2),(1570,1494,521,3),(1571,1494,525,3),(1572,1494,529,2),(1573,1494,532,3),(1574,1495,501,3),(1575,1495,506,1),(1576,1495,507,2),(1577,1495,516,2),(1578,1495,522,3),(1579,1495,523,4),(1580,1497,504,3),(1581,1497,510,3),(1582,1497,518,2),(1583,1497,521,1),(1584,1497,525,2),(1585,1497,527,2),(1586,1497,528,3),(1587,1497,532,1),(1588,1498,504,3),(1589,1498,506,2),(1590,1498,511,2),(1591,1498,512,3),(1592,1498,517,4),(1593,1499,506,4),(1594,1499,507,3),(1595,1499,513,2),(1596,1499,523,3),(1597,1500,501,2),(1598,1500,503,1),(1599,1500,506,2),(1600,1500,516,4),(1601,1503,506,3),(1602,1503,513,2),(1603,1503,521,3),(1604,1503,532,3),(1605,1508,503,2),(1606,1508,521,3),(1607,1508,530,3),(1608,1508,532,3),(1609,1509,513,2),(1610,1509,522,2),(1611,1511,504,2),(1612,1511,505,3),(1613,1511,510,2),(1614,1511,518,2),(1615,1511,524,3),(1616,1511,529,2),(1617,1511,532,2),(1618,1512,502,2),(1619,1512,511,2),(1620,1512,514,3),(1621,1512,518,2),(1622,1512,524,2),(1623,1512,525,2),(1624,1512,526,2),(1625,1512,532,2),(1626,1513,513,2),(1627,1513,523,2),(1628,1514,513,NULL),(1629,1514,523,NULL),(1630,1517,502,1),(1631,1517,503,2),(1632,1517,507,1),(1633,1517,508,1),(1634,1517,528,1),(1635,1520,502,2),(1636,1520,503,3),(1637,1520,507,2),(1638,1520,508,2),(1639,1520,528,2),(1640,1523,502,NULL),(1641,1523,503,NULL),(1642,1523,508,NULL),(1643,1541,503,NULL),(1644,1541,521,NULL),(1645,1541,528,NULL),(1646,1541,530,NULL),(1647,1541,532,NULL),(1648,1542,503,3),(1649,1542,521,2),(1650,1542,525,3),(1651,1542,530,2),(1652,1542,532,2),(1653,1543,508,2),(1654,1543,518,3),(1655,1544,503,3),(1656,1544,508,2),(1657,1544,521,2),(1658,1544,528,1),(1659,1544,530,2),(1660,1544,532,1),(1661,1545,503,3),(1662,1545,521,3),(1663,1545,530,2),(1664,1546,506,1),(1665,1546,508,2),(1666,1546,523,3),(1667,1548,502,2),(1668,1548,503,2),(1669,1548,516,2),(1670,1548,523,3),(1671,1548,524,3),(1672,1548,525,2),(1673,1550,508,3),(1674,1550,1193,1),(1675,1550,525,3),(1676,1550,527,3),(1677,1550,528,4),(1678,1550,529,2),(1679,1551,504,2),(1680,1551,514,1),(1681,1551,522,3),(1682,1551,523,3),(1683,1551,525,1),(1684,1551,530,2),(1685,1552,504,3),(1686,1552,507,3),(1687,1552,511,2),(1688,1552,519,3),(1689,1553,506,3),(1690,1553,533,3),(1691,1553,516,2),(1692,1553,532,2),(1693,1556,506,3),(1694,1556,507,1),(1695,1556,508,2),(1696,1556,510,3),(1697,1556,1193,2),(1698,1556,522,2),(1699,1556,525,2),(1700,1556,527,1),(1701,1556,528,3),(1702,1558,521,2),(1703,1558,525,2),(1704,1558,532,4),(1705,1559,504,1),(1706,1559,505,1),(1707,1559,507,1),(1708,1559,520,3),(1709,1560,502,3),(1710,1560,525,1),(1711,1560,527,3),(1712,1560,530,2),(1713,1561,505,3),(1714,1561,506,3),(1715,1561,1193,3),(1716,1561,514,3),(1717,1561,525,1),(1718,1563,505,NULL),(1719,1563,511,NULL),(1720,1563,518,NULL),(1721,1563,525,NULL),(1722,1564,505,3),(1723,1564,508,2),(1724,1564,510,4),(1725,1564,522,2),(1726,1564,525,4),(1727,1564,527,3),(1728,1564,528,3),(1729,1570,508,NULL),(1730,1570,521,NULL),(1731,1570,522,NULL),(1732,1572,508,NULL),(1733,1572,518,NULL),(1734,1572,521,NULL),(1735,1574,508,1),(1736,1574,521,2),(1737,1574,528,2),(1738,1575,505,1),(1739,1575,513,2),(1740,1575,522,3),(1741,1576,502,1),(1742,1576,505,2),(1743,1576,511,1),(1744,1576,503,2),(1745,1578,521,2),(1746,1578,525,2),(1747,1578,532,2),(1748,1581,505,NULL),(1749,1581,511,NULL),(1750,1581,525,NULL),(1751,1581,532,NULL),(1752,1584,505,1),(1753,1584,510,1),(1754,1584,511,1),(1755,1584,518,1),(1756,1584,525,1),(1757,1584,532,1),(1758,1589,504,3),(1759,1589,507,1),(1760,1589,510,3),(1761,1592,504,2),(1762,1592,505,4),(1763,1592,506,1),(1764,1592,507,2),(1765,1592,510,3),(1766,1592,518,2),(1767,1592,521,2),(1768,1592,532,3),(1769,1594,506,NULL),(1770,1594,516,NULL),(1771,1594,521,NULL),(1772,1596,505,NULL),(1773,1596,511,NULL),(1774,1596,518,NULL),(1775,1596,525,NULL),(1776,1596,532,NULL),(1777,1597,511,3),(1778,1597,525,2),(1779,1597,532,2),(1780,1598,511,1),(1781,1598,517,3),(1782,1598,521,2),(1783,1600,505,2),(1784,1600,510,3),(1785,1600,511,2),(1786,1600,514,1),(1787,1600,521,3),(1788,1600,525,3),(1789,1600,532,2),(1790,1603,504,2),(1791,1603,507,1),(1792,1603,511,3),(1793,1603,516,3),(1794,1603,518,1),(1795,1603,519,3),(1796,1603,521,1),(1797,1672,501,3),(1798,1672,506,3),(1799,1672,507,2),(1800,1672,516,3),(1801,1672,523,2),(1802,1673,501,3),(1803,1673,506,3),(1804,1673,507,2),(1805,1673,516,2),(1806,1673,523,2),(1807,1707,502,1),(1808,1707,508,1),(1809,1708,503,1),(1810,1708,526,2),(1811,1714,503,2),(1812,1714,507,1),(1813,1714,521,1),(1814,1714,528,3),(1815,1717,502,2),(1816,1717,503,1),(1817,1721,503,2),(1818,1721,526,2),(1819,1726,526,2),(1820,1726,530,2),(1821,1730,502,2),(1822,1730,508,1),(1823,1736,503,1),(1824,1736,507,2),(1825,1736,526,3),(1826,1739,502,2),(1827,1739,532,2),(1828,1742,502,2),(1829,1742,503,1),(1830,1742,530,1),(1831,1746,502,2),(1832,1746,526,3),(1833,1750,502,3),(1834,1750,503,2),(1835,1750,521,1),(1836,1750,528,2),(1837,1751,530,2),(1838,1754,508,2),(1839,1754,530,3),(1840,1754,532,3),(1841,1757,526,3),(1842,1757,530,1),(1843,1757,532,1),(1844,1762,507,1),(1845,1762,508,1),(1846,1766,502,2),(1847,1766,503,2),(1848,1766,521,1),(1849,1766,532,1),(1850,1928,503,3),(1851,1928,526,2),(1852,1928,532,2),(1853,1929,504,2),(1854,1929,505,3),(1855,1929,507,2),(1856,1929,510,3),(1857,1929,511,2),(1858,1929,531,3),(1859,1929,514,2),(1860,1929,521,2),(1861,1929,519,2),(1862,1929,529,3),(1863,1929,532,2),(1864,1931,503,NULL),(1865,1931,526,NULL),(1866,1932,502,1),(1867,1932,504,1),(1868,1932,505,2),(1869,1932,507,1),(1870,1932,510,2),(1871,1932,511,2),(1872,1932,520,1),(1873,1932,531,2),(1874,1932,518,1),(1875,1932,525,1),(1876,1932,526,5),(1877,1933,502,1),(1878,1933,504,2),(1879,1933,505,3),(1880,1933,507,2),(1881,1933,510,3),(1882,1933,511,3),(1883,1933,520,2),(1884,1933,531,2),(1885,1933,518,1),(1886,1933,519,3),(1887,1933,525,1),(1888,1933,526,5),(1889,1935,502,1),(1890,1935,505,2),(1891,1935,507,1),(1892,1935,518,1),(1893,1935,524,3),(1894,1935,528,1),(1895,1935,532,2),(1896,1939,502,NULL),(1897,1939,503,NULL),(1898,1939,526,NULL),(1899,1939,528,NULL),(1900,1939,530,NULL),(1901,1941,508,NULL),(1902,1941,530,NULL),(1903,1941,532,NULL),(1904,1946,502,NULL),(1905,1946,503,NULL),(1906,1946,526,NULL),(1907,1946,532,NULL),(1908,1947,503,2),(1909,1947,505,2),(1910,1947,511,2),(1911,1947,526,5),(1912,1947,532,2),(1913,1950,503,2),(1914,1950,518,2),(1915,1950,530,2),(1916,1950,532,2),(1917,1952,502,1),(1918,1952,503,1),(1919,1952,518,1),(1920,1952,521,1),(1921,1952,526,1),(1922,1952,530,1),(1923,1954,502,2),(1924,1954,503,2),(1925,1954,507,1),(1926,1954,510,2),(1927,1954,511,1),(1928,1954,518,3),(1929,1954,526,1),(1930,1954,530,2),(1931,1954,532,2),(1932,1955,518,NULL),(1933,1955,521,NULL),(1934,1955,525,NULL),(1935,1955,532,NULL),(1936,1958,504,1),(1937,1958,505,2),(1938,1958,507,2),(1939,1958,510,2),(1940,1958,511,3),(1941,1958,515,4),(1942,1958,514,3),(1943,1958,518,1),(1944,1958,519,2),(1945,1958,532,3),(1946,1959,502,NULL),(1947,1959,528,NULL),(1948,1959,530,NULL),(1949,1962,503,2),(1950,1962,521,3),(1951,1962,530,3),(1952,1962,532,2),(1953,1965,502,1),(1954,1965,508,1),(1955,1965,521,1),(1956,1965,525,2),(1957,1965,528,1),(1958,1965,530,2),(1959,1965,532,1),(1960,1969,502,2),(1961,1969,503,2),(1962,1969,526,2),(1963,1969,530,1),(1964,1973,502,2),(1965,1973,503,3),(1966,1973,510,1),(1967,1973,518,3),(1968,1973,526,2),(1969,1973,528,1),(1970,1978,503,3),(1971,1978,521,2),(1972,1978,528,2),(1973,1978,530,3),(1974,1978,532,1),(1975,1981,518,2),(1976,1981,521,1),(1977,1981,524,2),(1978,1981,526,3),(1979,1981,530,3),(1980,1983,502,NULL),(1981,1983,518,NULL),(1982,1983,519,NULL),(1983,1983,530,NULL),(1984,1985,504,2),(1985,1985,507,2),(1986,1985,510,3),(1987,1985,519,2),(1988,1985,521,3),(1989,1985,529,2),(1990,1987,504,3),(1991,1987,505,4),(1992,1987,510,4),(1993,1987,511,4),(1994,1987,520,2),(1995,1987,531,2),(1996,1987,514,3),(1997,1987,519,4),(1998,1987,529,3),(1999,1991,503,2),(2000,1991,521,1),(2001,1991,528,2),(2002,1991,530,1),(2003,1991,532,1),(2004,1992,511,4),(2005,1992,518,2),(2006,1992,521,2),(2007,1992,525,2),(2008,1992,524,2),(2009,1992,532,3),(2010,1994,503,3),(2011,1994,521,2),(2012,1994,528,5),(2013,1994,530,3),(2014,1994,532,3),(2015,1997,502,1),(2016,1997,518,1),(2017,1997,521,1),(2018,1997,524,2),(2019,1997,530,1),(2020,1997,532,1),(2021,1999,503,1),(2022,1999,504,3),(2023,1999,510,3),(2024,2000,507,2),(2025,2000,510,3),(2026,2000,513,2),(2027,2000,531,2),(2028,2000,518,3),(2029,2000,519,2),(2030,2000,523,3),(2031,2000,525,3),(2032,2000,528,2),(2033,2000,529,2),(2034,2000,532,2),(2035,2001,503,1),(2036,2001,507,2),(2037,2001,513,1),(2038,2001,525,3),(2039,2001,532,1),(2040,2006,504,3),(2041,2006,510,3),(2042,2006,520,2),(2043,2006,531,3),(2044,2006,519,3),(2045,2010,503,NULL),(2046,2010,530,NULL),(2047,2010,532,NULL),(2048,2013,502,NULL),(2049,2013,511,NULL),(2050,2013,518,NULL),(2051,2013,521,NULL),(2052,2013,525,NULL),(2053,2013,524,NULL),(2054,2013,530,NULL),(2055,2013,532,NULL),(2056,2017,503,2),(2057,2017,510,4),(2058,2017,511,2),(2059,2017,528,3),(2060,2018,501,2),(2061,2018,503,2),(2062,2018,507,3),(2063,2018,504,3),(2064,2018,519,2),(2065,2018,523,3),(2066,2018,525,3),(2067,2018,529,2),(2068,2019,502,NULL),(2069,2019,503,NULL),(2070,2019,507,NULL),(2071,2019,513,NULL),(2072,2019,525,NULL),(2073,2021,503,3),(2074,2021,531,2),(2075,2021,519,3),(2076,2021,521,3),(2077,2021,525,2),(2078,2021,529,3),(2079,2021,532,3),(2080,2022,510,NULL),(2081,2022,521,NULL),(2082,2022,524,NULL),(2083,2022,525,NULL),(2084,2022,532,NULL),(2085,2025,504,2),(2086,2025,505,3),(2087,2025,507,2),(2088,2025,510,3),(2089,2025,511,2),(2090,2025,531,3),(2091,2025,521,2),(2092,2025,519,2),(2093,2025,529,3),(2094,2025,532,2),(2095,2027,504,3),(2096,2027,505,3),(2097,2027,510,4),(2098,2027,531,2),(2099,2027,514,3),(2100,2027,519,3),(2101,2027,525,2),(2102,2027,529,3),(2103,2028,507,2),(2104,2028,518,3),(2105,2028,521,2),(2106,2028,525,3),(2107,2028,532,2),(2108,2029,502,2),(2109,2029,505,3),(2110,2029,507,2),(2111,2029,521,2),(2112,2029,524,3),(2113,2029,525,2),(2114,2029,529,2),(2115,2029,530,3),(2116,2031,502,2),(2117,2031,503,3),(2118,2031,507,3),(2119,2031,518,4),(2120,2031,521,3),(2121,2031,524,3),(2122,2031,525,2),(2123,2031,527,2),(2124,2031,529,2),(2125,2031,532,4),(2126,2032,503,NULL),(2127,2032,518,NULL),(2128,2032,525,NULL),(2129,2032,532,NULL),(2130,2036,503,3),(2131,2036,521,2),(2132,2036,528,2),(2133,2036,530,3),(2134,2036,532,2),(2135,2037,510,3),(2136,2037,531,2),(2137,2037,521,2),(2138,2037,523,2),(2139,2037,525,3),(2140,2037,527,2),(2141,2037,529,2),(2142,2038,507,1),(2143,2038,521,2),(2144,2038,525,2),(2145,2038,530,2),(2146,2038,532,1),(2147,2040,518,2),(2148,2040,524,2),(2149,2040,532,3),(2150,2045,503,NULL),(2151,2045,525,NULL),(2152,2045,528,NULL),(2153,2120,504,1),(2154,2120,512,3),(2155,2120,520,3),(2156,2120,533,3),(2157,2120,519,2),(2158,2121,504,1),(2159,2121,512,1),(2160,2121,509,1),(2161,2121,515,1),(2162,2121,520,1),(2163,2121,531,1),(2164,2121,1193,1),(2165,2121,533,1),(2166,2123,512,3),(2167,2123,509,2),(2168,2123,519,4),(2169,2123,521,1),(2170,2125,504,2),(2171,2125,512,3),(2172,2125,533,3),(2173,2125,519,1),(2174,2125,521,2),(2175,2127,511,1),(2176,2127,512,3),(2177,2127,1193,3),(2178,2127,532,2),(2179,2129,504,2),(2180,2129,512,2),(2181,2129,519,2),(2182,2129,521,2),(2183,2131,504,2),(2184,2131,512,3),(2185,2131,520,2),(2186,2131,533,3),(2187,2131,519,2),(2188,2147,503,NULL),(2189,2147,505,NULL),(2190,2147,530,NULL),(2191,2151,521,NULL),(2192,2154,503,3),(2193,2154,508,2),(2194,2154,532,2),(2195,2156,502,3),(2196,2156,508,1),(2197,2156,511,2),(2198,2159,509,NULL),(2199,2159,512,NULL),(2200,2159,519,NULL),(2201,2159,521,NULL),(2202,2161,502,NULL),(2203,2161,508,NULL),(2204,2161,512,NULL),(2205,2161,1193,NULL),(2206,2161,511,NULL),(2207,2161,522,NULL),(2208,2161,525,NULL),(2209,2161,532,NULL),(2210,2163,502,1),(2211,2163,516,2),(2212,2163,519,2),(2213,2163,526,3),(2214,2163,530,2),(2215,2165,501,2),(2216,2165,506,2),(2217,2165,507,2),(2218,2165,509,2),(2219,2165,514,3),(2220,2166,504,4),(2221,2166,507,3),(2222,2166,521,4),(2223,2166,509,4),(2224,2166,512,4),(2225,2166,514,3),(2226,2166,525,3),(2227,2166,529,2),(2228,2166,532,3),(2229,2171,503,2),(2230,2171,504,2),(2231,2171,521,1),(2232,2171,530,1),(2233,2175,503,2),(2234,2175,505,2),(2235,2175,521,3),(2236,2175,532,2),(2237,2180,504,2),(2238,2180,511,2),(2239,2180,512,3),(2240,2180,515,4),(2241,2180,514,3),(2242,2180,519,3),(2243,2183,502,NULL),(2244,2183,503,NULL),(2245,2183,532,NULL),(2246,2186,502,3),(2247,2186,503,2),(2248,2186,530,2),(2249,2186,532,2),(2250,2189,502,3),(2251,2189,503,2),(2252,2189,530,3),(2253,2189,532,3),(2254,2190,506,1),(2255,2190,512,2),(2256,2190,516,2),(2257,2191,505,2),(2258,2191,507,3),(2259,2191,511,2),(2260,2191,520,3),(2261,2191,1193,3),(2262,2191,514,3),(2263,2194,503,1),(2264,2194,521,3),(2265,2194,526,2),(2266,2194,530,2),(2267,2196,511,NULL),(2268,2196,521,NULL),(2269,2196,522,NULL),(2270,2196,525,NULL),(2271,2196,532,NULL),(2272,2198,505,2),(2273,2198,507,2),(2274,2198,511,2),(2275,2198,521,2),(2276,2198,523,3),(2277,2198,525,3),(2278,2198,532,3),(2279,2199,501,2),(2280,2199,507,3),(2281,2199,511,2),(2282,2199,513,3),(2283,2199,1193,4),(2284,2199,514,2),(2285,2199,521,3),(2286,2199,523,3),(2287,2199,525,2),(2288,2199,532,2),(2289,2200,504,2),(2290,2200,507,4),(2291,2200,510,3),(2292,2200,511,2),(2293,2200,512,3),(2294,2200,519,3),(2295,2200,521,2),(2296,2201,504,3),(2297,2201,505,2),(2298,2201,1193,2),(2299,2201,514,3),(2300,2201,519,3),(2301,2201,521,2),(2302,2201,525,2),(2303,2201,529,3),(2304,2201,527,2),(2305,2205,502,NULL),(2306,2205,503,NULL),(2307,2205,530,NULL),(2308,2208,503,2),(2309,2208,521,4),(2310,2208,530,2),(2311,2208,532,3),(2312,2210,503,NULL),(2313,2210,516,NULL),(2314,2210,525,NULL),(2315,2210,528,NULL),(2316,2212,504,3),(2317,2212,510,2),(2318,2212,521,2),(2319,2216,503,NULL),(2320,2216,508,NULL),(2321,2216,528,NULL),(2322,2219,503,4),(2323,2219,530,3),(2324,2219,532,2),(2325,2223,503,3),(2326,2223,526,3),(2327,2223,528,3),(2328,2223,530,3),(2329,2224,511,3),(2330,2224,1193,3),(2331,2224,514,1),(2332,2224,525,2),(2333,2224,521,2),(2334,2224,532,2),(2335,2225,510,3),(2336,2225,511,4),(2337,2225,513,1),(2338,2225,1193,2),(2339,2225,514,3),(2340,2225,519,4),(2341,2225,525,3),(2342,2225,521,3),(2343,2225,529,4),(2344,2225,532,2),(2345,2226,501,1),(2346,2226,513,2),(2347,2226,506,3),(2348,2226,516,4),(2349,2226,522,2),(2350,2226,523,2),(2351,2226,525,2),(2352,2227,511,3),(2353,2227,513,4),(2354,2227,1193,3),(2355,2227,514,3),(2356,2227,521,3),(2357,2227,524,2),(2358,2227,525,3),(2359,2227,532,2),(2360,2280,506,1),(2361,2280,511,1),(2362,2280,533,3),(2363,2280,517,3),(2364,2280,521,2),(2365,2282,521,NULL),(2366,2282,525,NULL),(2367,2284,504,1),(2368,2284,512,4),(2369,2284,533,3),(2370,2284,519,2),(2371,2285,504,3),(2372,2285,512,2),(2373,2285,533,3),(2374,2285,519,3),(2375,2286,501,2),(2376,2286,506,3),(2377,2286,509,1),(2378,2286,520,1),(2379,2286,516,3),(2380,2286,523,2),(2381,2287,521,3),(2382,2287,525,1),(2383,2287,528,2),(2384,2287,530,3),(2385,2298,507,3),(2386,2298,513,3),(2387,2298,514,2),(2388,2298,523,4),(2389,2301,507,2),(2390,2301,513,3),(2391,2301,514,3),(2392,2301,523,3),(2393,2302,507,NULL),(2394,2302,513,NULL),(2395,2302,523,NULL),(2396,2303,507,3),(2397,2303,513,3),(2398,2303,514,3),(2399,2303,521,3),(2400,2303,523,4),(2401,2304,507,2),(2402,2304,513,2),(2403,2304,521,2),(2404,2304,523,2),(2405,2305,504,3),(2406,2305,510,3),(2407,2305,511,3),(2408,2305,509,2),(2409,2305,512,3),(2410,2305,515,3),(2411,2305,520,2),(2412,2305,533,2),(2413,2305,514,3),(2414,2305,519,4),(2415,2306,504,2),(2416,2306,505,3),(2417,2306,510,2),(2418,2306,509,2),(2419,2306,531,2),(2420,2306,533,2),(2421,2306,514,3),(2422,2306,519,3),(2423,2306,525,2),(2424,2306,529,3),(2425,2308,506,2),(2426,2308,507,3),(2427,2308,508,2),(2428,2308,510,4),(2429,2308,511,3),(2430,2308,1193,1),(2431,2308,518,2),(2432,2308,521,3),(2433,2308,525,2),(2434,2308,527,3),(2435,2308,528,3),(2436,2308,529,2),(2437,2308,532,2),(2438,2310,501,1),(2439,2310,514,3),(2440,2310,516,4),(2441,2310,521,3),(2442,2310,523,2),(2443,2310,524,2),(2444,2310,525,2),(2445,2310,527,3),(2446,2310,528,3),(2447,2310,532,3),(2448,2311,518,NULL),(2449,2311,521,NULL),(2450,2311,524,NULL),(2451,2311,525,NULL),(2452,2311,527,NULL),(2453,2311,528,NULL),(2454,2313,505,3),(2455,2313,507,3),(2456,2313,511,3),(2457,2313,531,3),(2458,2313,1193,3),(2459,2313,514,4),(2460,2313,521,3),(2461,2313,525,3),(2462,2313,527,4),(2463,2313,529,2),(2464,2313,532,3),(2465,2314,505,NULL),(2466,2314,518,NULL),(2467,2314,521,NULL),(2468,2314,524,NULL),(2469,2314,526,NULL),(2470,2314,532,NULL),(2471,2315,505,2),(2472,2315,518,2),(2473,2315,522,2),(2474,2315,524,3),(2475,2315,529,3),(2476,2315,532,3),(2477,2316,502,2),(2478,2316,503,2),(2479,2316,507,3),(2480,2316,510,4),(2481,2316,1193,2),(2482,2316,531,4),(2483,2316,521,3),(2484,2316,525,2),(2485,2316,527,4),(2486,2316,528,3),(2487,2316,529,3),(2488,2316,530,3),(2489,2316,532,3),(2490,2318,506,4),(2491,2318,507,3),(2492,2318,510,3),(2493,2318,512,2),(2494,2318,1193,2),(2495,2318,531,3),(2496,2318,521,3),(2497,2318,525,2),(2498,2318,527,3),(2499,2318,528,3),(2500,2318,532,3),(2501,2320,504,3),(2502,2320,506,3),(2503,2320,510,4),(2504,2320,509,3),(2505,2320,520,3),(2506,2320,519,3),(2507,2320,521,3),(2508,2320,525,2),(2509,2320,527,4),(2510,2320,529,3),(2511,2321,503,2),(2512,2321,504,3),(2513,2321,505,3),(2514,2321,510,2),(2515,2321,511,2),(2516,2321,520,2),(2517,2321,531,3),(2518,2321,533,1),(2519,2321,518,2),(2520,2321,519,3),(2521,2321,525,2),(2522,2321,529,3),(2523,2324,502,NULL),(2524,2324,521,NULL),(2525,2324,530,NULL),(2526,2328,503,4),(2527,2328,511,3),(2528,2328,521,3),(2529,2328,526,5),(2530,2328,530,3),(2531,2328,532,3),(2532,2332,502,4),(2533,2332,503,3),(2534,2332,508,3),(2535,2332,521,3),(2536,2332,528,2),(2537,2332,530,3),(2538,2334,504,3),(2539,2334,505,3),(2540,2334,510,3),(2541,2334,531,2),(2542,2334,518,2),(2543,2334,519,3),(2544,2334,525,2),(2545,2334,529,3),(2546,2335,502,1),(2547,2335,503,2),(2548,2335,504,3),(2549,2335,510,3),(2550,2335,531,2),(2551,2335,518,3),(2552,2335,525,2),(2553,2335,529,3),(2554,2338,504,2),(2555,2338,510,2),(2556,2338,531,4),(2557,2338,516,1),(2558,2338,519,3),(2559,2338,525,1),(2560,2338,529,3),(2561,2340,503,NULL),(2562,2340,518,NULL),(2563,2341,503,2),(2564,2341,506,3),(2565,2341,511,2),(2566,2341,512,2),(2567,2341,531,3),(2568,2341,516,2),(2569,2341,521,3),(2570,2342,503,3),(2571,2342,507,2),(2572,2342,514,1),(2573,2342,518,2),(2574,2342,525,3),(2575,2342,532,2),(2576,2345,502,2),(2577,2345,511,3),(2578,2345,514,4),(2579,2345,516,2),(2580,2345,524,3),(2581,2345,525,2),(2582,2345,526,3),(2583,2345,530,2),(2584,2345,532,3),(2585,2348,502,2),(2586,2348,511,2),(2587,2348,517,2),(2588,2348,518,2),(2589,2348,524,2),(2590,2348,530,2),(2591,2348,532,3),(2592,2352,502,2),(2593,2352,511,2),(2594,2352,518,2),(2595,2352,524,2),(2596,2352,530,2),(2597,2352,532,3),(2598,2353,505,NULL),(2599,2353,507,NULL),(2600,2353,518,NULL),(2601,2353,524,NULL),(2602,2353,525,NULL),(2603,2354,502,2),(2604,2354,505,3),(2605,2354,510,2),(2606,2354,514,2),(2607,2354,518,3),(2608,2354,522,3),(2609,2354,525,2),(2610,2354,528,3),(2611,2356,504,3),(2612,2356,505,3),(2613,2356,507,2),(2614,2356,510,3),(2615,2356,511,3),(2616,2356,531,3),(2617,2356,514,3),(2618,2356,525,2),(2619,2356,532,3),(2620,2357,505,NULL),(2621,2357,507,NULL),(2622,2357,518,NULL),(2623,2357,524,NULL),(2624,2357,532,NULL),(2625,2362,502,2),(2626,2362,503,3),(2627,2362,508,4),(2628,2362,521,3),(2629,2362,530,3),(2630,2365,503,NULL),(2631,2365,508,NULL),(2632,2365,530,NULL),(2633,2369,502,2),(2634,2369,503,3),(2635,2369,511,2),(2636,2369,518,2),(2637,2369,521,2),(2638,2369,526,3),(2639,2369,532,2),(2640,2370,507,3),(2641,2370,511,3),(2642,2370,516,2),(2643,2370,519,2),(2644,2370,521,3),(2645,2370,524,2),(2646,2370,532,3),(2647,2371,503,2),(2648,2371,504,4),(2649,2371,507,4),(2650,2371,510,4),(2651,2371,531,4),(2652,2371,519,3),(2653,2371,525,2),(2654,2371,529,4),(2655,2373,504,2),(2656,2373,505,3),(2657,2373,510,2),(2658,2373,511,2),(2659,2373,514,1),(2660,2373,519,2),(2661,2373,529,2),(2662,2376,502,2),(2663,2376,503,3),(2664,2376,505,2),(2665,2376,508,3),(2666,2376,511,2),(2667,2376,518,2),(2668,2376,526,2),(2669,2376,529,1),(2670,2378,502,3),(2671,2378,503,4),(2672,2378,507,2),(2673,2378,511,2),(2674,2378,518,3),(2675,2378,526,3),(2676,2378,529,2),(2677,2378,530,3),(2678,2378,532,3),(2679,2381,502,2),(2680,2381,519,2),(2681,2381,521,3),(2682,2381,524,2),(2683,2381,525,1),(2684,2381,530,3),(2685,2382,502,2),(2686,2382,503,3),(2687,2382,511,2),(2688,2382,518,2),(2689,2382,521,2),(2690,2382,526,3),(2691,2382,532,2),(2692,2383,503,3),(2693,2383,505,3),(2694,2383,525,3),(2695,2383,526,3),(2696,2383,532,2),(2697,2384,505,NULL),(2698,2384,518,NULL),(2699,2384,524,NULL),(2700,2386,504,3),(2701,2386,507,3),(2702,2386,510,4),(2703,2386,512,2),(2704,2386,519,3),(2705,2386,521,3),(2706,2386,525,1),(2707,2387,502,2),(2708,2387,503,3),(2709,2387,507,2),(2710,2387,518,2),(2711,2387,522,2),(2712,2387,525,3),(2713,2387,532,3),(2714,2386,529,2),(2715,2388,518,NULL),(2716,2388,521,NULL),(2717,2388,522,NULL),(2718,2388,525,NULL),(2719,2388,532,NULL),(2720,2392,502,NULL),(2721,2392,503,NULL),(2722,2392,521,NULL),(2723,2392,528,NULL),(2724,2392,532,NULL),(2725,2394,504,NULL),(2726,2394,510,NULL),(2727,2394,531,NULL),(2728,2394,529,NULL),(2729,2396,505,NULL),(2730,2396,507,NULL),(2731,2396,511,NULL),(2732,2396,518,NULL),(2733,2396,524,NULL),(2734,2399,502,2),(2735,2399,503,3),(2736,2399,518,3),(2737,2399,526,3),(2738,2399,530,2),(2739,2399,532,3),(2740,2400,504,3),(2741,2400,505,4),(2742,2400,507,3),(2743,2400,510,4),(2744,2400,531,4),(2745,2400,514,4),(2746,2400,518,3),(2747,2400,529,4),(2748,2401,506,NULL),(2749,2401,516,NULL),(2750,2401,518,NULL),(2751,2401,525,NULL),(2752,2401,527,NULL),(2753,2404,501,NULL),(2754,2404,513,NULL),(2755,2404,523,NULL),(2756,2404,525,NULL),(2757,2406,501,3),(2758,2406,505,2),(2759,2406,507,3),(2760,2406,511,3),(2761,2406,513,3),(2762,2406,514,3),(2763,2406,523,3),(2764,2406,525,2),(2765,2406,530,2),(2766,2410,501,2),(2767,2410,506,1),(2768,2410,511,2),(2769,2410,513,2),(2770,2410,523,2),(2771,2410,525,1),(2772,2414,501,2),(2773,2414,506,2),(2774,2414,511,3),(2775,2414,513,2),(2776,2414,523,2),(2777,2414,525,1),(2778,2415,525,NULL),(2779,2415,518,NULL),(2780,2415,532,NULL),(2781,2417,506,NULL),(2782,2417,516,NULL),(2783,2417,518,NULL),(2784,2417,525,NULL),(2785,2419,506,NULL),(2786,2419,513,NULL),(2787,2419,516,NULL),(2788,2419,518,NULL),(2789,2419,525,NULL),(2790,2421,502,2),(2791,2421,503,3),(2792,2421,518,3),(2793,2421,526,3),(2794,2421,530,2),(2795,2421,532,3),(2796,2422,525,NULL),(2797,2422,518,NULL),(2798,2425,504,4),(2799,2425,505,3),(2800,2425,507,5),(2801,2425,510,4),(2802,2425,531,3),(2803,2425,514,5),(2804,2425,518,3),(2805,2425,519,4),(2806,2425,525,2),(2807,2425,529,4),(2808,2429,503,3),(2809,2429,505,2),(2810,2429,507,3),(2811,2429,531,3),(2812,2429,519,2),(2813,2429,521,3),(2814,2429,525,3),(2815,2429,529,3),(2816,2580,507,3),(2817,2580,533,2),(2818,2580,518,3),(2819,2580,521,3),(2820,2580,522,2),(2821,2580,524,4),(2822,2580,528,3),(2823,2580,530,4),(2824,2581,504,NULL),(2825,2581,507,NULL),(2826,2581,521,NULL),(2827,2583,501,3),(2828,2583,513,2),(2829,2583,520,2),(2830,2583,516,2),(2831,2583,523,3),(2832,2583,525,1),(2833,2585,507,3),(2834,2585,516,3),(2835,2585,522,4),(2836,2585,529,2),(2837,2587,505,NULL),(2838,2587,521,NULL),(2839,2587,525,NULL),(2840,2587,532,NULL),(2841,2589,502,2),(2842,2589,508,2),(2843,2589,518,2),(2844,2589,521,3),(2845,2589,524,2),(2846,2589,530,3),(2847,2589,532,2),(2848,2591,502,NULL),(2849,2591,526,NULL),(2850,2591,516,NULL),(2851,2592,504,2),(2852,2592,507,2),(2853,2592,510,3),(2854,2592,521,3),(2855,2592,527,2),(2856,2593,504,2),(2857,2593,505,3),(2858,2593,507,4),(2859,2593,510,4),(2860,2593,520,2),(2861,2593,531,4),(2862,2593,518,3),(2863,2593,519,5),(2864,2593,525,3),(2865,2593,526,8),(2866,2593,529,5),(2867,2594,510,3),(2868,2594,519,3),(2869,2594,525,2),(2870,2594,527,3),(2871,2594,529,4),(2872,2596,505,2),(2873,2596,506,1),(2874,2596,511,2),(2875,2596,509,2),(2876,2596,512,2),(2877,2596,519,3),(2878,2599,502,2),(2879,2599,507,3),(2880,2599,508,3),(2881,2599,511,3),(2882,2599,518,4),(2883,2599,521,4),(2884,2599,523,2),(2885,2599,524,4),(2886,2599,528,4),(2887,2599,532,4),(2888,2600,505,NULL),(2889,2600,518,NULL),(2890,2600,524,NULL),(2891,2600,532,NULL),(2892,2602,502,2),(2893,2602,511,3),(2894,2602,518,4),(2895,2602,521,3),(2896,2602,525,3),(2897,2602,532,4),(2898,2603,506,NULL),(2899,2603,512,NULL),(2900,2605,502,3),(2901,2605,503,3),(2902,2605,508,4),(2903,2605,518,3),(2904,2605,521,3),(2905,2605,532,3),(2906,2609,505,4),(2907,2609,517,3),(2908,2609,521,2),(2909,2609,525,3),(2910,2614,507,1),(2911,2614,521,2),(2912,2614,525,2),(2913,2614,530,2),(2914,2614,532,2),(2915,2620,506,2),(2916,2620,516,2),(2917,2620,530,1),(2918,2620,532,1),(2919,2621,504,3),(2920,2621,507,2),(2921,2621,510,2),(2922,2621,525,2),(2923,2621,523,2),(2924,2621,527,2),(2925,2621,529,2),(2926,2623,506,3),(2927,2623,507,2),(2928,2623,527,2),(2929,2625,504,2),(2930,2625,507,3),(2931,2625,510,2),(2932,2625,521,3),(2933,2625,527,3),(2934,2625,529,2),(2935,2628,505,2),(2936,2628,511,3),(2937,2628,786,3),(2938,2628,526,2),(2939,2628,528,2),(2940,2630,502,2),(2941,2630,505,3),(2942,2630,511,4),(2943,2630,515,2),(2944,2630,514,2),(2945,2630,786,4),(2946,2630,526,3),(2947,2632,503,2),(2948,2632,511,2),(2949,2632,518,4),(2950,2632,521,2),(2951,2632,528,2),(2952,2632,532,3),(2953,2635,502,2),(2954,2635,503,4),(2955,2635,508,1),(2956,2635,517,3),(2957,2635,518,3),(2958,2635,529,2),(2959,2635,530,2),(2960,2635,532,2),(2961,2639,502,4),(2962,2639,503,4),(2963,2639,508,2),(2964,2643,502,NULL),(2965,2643,503,NULL),(2966,2643,526,NULL),(2967,2643,530,NULL),(2968,2647,504,2),(2969,2651,504,3),(2970,2651,510,3),(2971,2651,528,3),(2972,2656,503,NULL),(2973,2660,503,2),(2974,2660,508,2),(2975,2660,521,2),(2976,2660,528,2),(2977,2660,532,2),(2978,2665,502,1),(2979,2665,503,1),(2980,2665,521,2),(2981,2665,526,1),(2982,2665,530,1),(2983,2665,532,2),(2984,2670,503,2),(2985,2670,525,2),(2986,2670,530,2),(2987,2670,532,2),(2988,2671,505,2),(2989,2671,507,1),(2990,2671,508,2),(2991,2671,511,3),(2992,2671,518,3),(2993,2671,524,4),(2994,2671,526,3),(2995,2671,532,4),(3004,2674,502,2),(3005,2674,503,3),(3006,2674,518,1),(3007,2674,526,2),(3008,2674,532,1),(3009,2675,506,2),(3010,2675,507,1),(3011,2675,511,2),(3012,2675,534,3),(3013,2675,521,1),(3014,2675,532,1),(3015,2677,503,NULL),(3016,2677,505,NULL),(3017,2677,518,NULL),(3018,2677,521,NULL),(3019,2678,503,2),(3020,2678,504,2),(3021,2678,505,2),(3022,2678,507,2),(3023,2678,510,2),(3024,2678,511,2),(3025,2678,512,1),(3026,2678,533,1),(3027,2678,521,3),(3028,2678,525,2),(3029,2678,529,2),(3030,2678,532,2),(3031,2679,505,NULL),(3032,2679,518,NULL),(3033,2679,521,NULL),(3034,2679,525,NULL),(3035,2681,518,2),(3036,2681,532,3),(3037,2683,518,2),(3038,2683,525,1),(3039,2683,532,3),(3040,2684,502,NULL),(3041,2684,511,NULL),(3042,2684,524,NULL),(3043,2684,518,NULL),(3044,2684,532,NULL),(3045,2689,521,1),(3046,2689,530,2),(3047,2689,532,1),(3048,2692,503,2),(3049,2692,528,2),(3050,2692,532,2),(3051,2694,502,3),(3052,2694,511,3),(3053,2694,514,2),(3054,2694,518,3),(3055,2694,525,2),(3056,2694,526,3),(3057,2694,532,2),(3058,2716,507,3),(3059,2716,511,2),(3060,2716,1193,3),(3061,2716,514,3),(3062,2716,521,2),(3063,2716,532,2),(3064,2786,503,3),(3065,2786,521,3),(3066,2786,525,2),(3067,2786,532,2),(3068,2788,521,NULL),(3069,2788,525,NULL),(3070,2790,521,NULL),(3071,2790,532,NULL),(3072,2842,503,3),(3073,2842,507,3),(3074,2842,528,3),(3075,2842,530,2),(3076,2846,502,2),(3077,2846,503,1),(3078,2846,521,2),(3079,2849,508,NULL),(3080,2849,518,NULL),(3081,2849,525,NULL),(3082,2849,530,NULL),(3083,2853,508,2),(3084,2853,511,2),(3085,2853,518,3),(3086,2853,525,3),(3087,2853,532,1),(3088,2856,508,2),(3089,2856,514,2),(3090,2856,518,2),(3091,2856,521,2),(3092,2856,525,2),(3093,2856,524,2),(3094,2856,530,2),(3095,2858,508,NULL),(3096,2858,518,NULL),(3097,2858,524,NULL),(3098,2858,530,NULL),(3099,2861,508,2),(3100,2861,514,2),(3101,2861,518,2),(3102,2861,519,3),(3103,2863,505,2),(3104,2863,511,3),(3105,2863,514,1),(3106,2863,518,3),(3107,2863,521,2),(3108,2863,525,2),(3109,2864,504,2),(3110,2864,505,3),(3111,2864,507,2),(3112,2864,510,3),(3113,2864,511,2),(3114,2864,512,2),(3115,2864,509,3),(3116,2864,514,3),(3117,2864,525,2),(3118,2864,529,1),(3119,2864,532,2),(3120,2869,511,3),(3121,2869,518,3),(3122,2869,525,3),(3123,2869,524,3),(3124,2869,532,2),(3125,2871,518,NULL),(3126,2873,503,NULL),(3127,2873,522,NULL),(3128,2873,523,NULL),(3129,2873,525,NULL),(3130,2877,503,2),(3131,2877,522,3),(3132,2877,525,2),(3133,2877,529,2),(3134,2877,532,1),(3135,2879,507,1),(3136,2879,511,1),(3137,2879,516,2),(3138,2879,519,1),(3139,2879,521,1),(3140,2879,527,1),(3141,2880,506,2),(3142,2880,507,1),(3143,2880,511,1),(3144,2880,516,2),(3145,2880,521,1),(3146,2880,525,1),(3147,2880,527,1),(3148,2880,528,1),(3149,2882,502,2),(3150,2882,510,1),(3151,2882,511,2),(3152,2882,514,3),(3153,2882,518,2),(3154,2882,524,2),(3155,2882,525,2),(3156,2882,526,2),(3157,2882,532,2),(3158,2885,505,4),(3159,2885,507,3),(3160,2885,510,4),(3161,2885,511,4),(3162,2885,531,4),(3163,2885,514,3),(3164,2885,518,2),(3165,2885,519,3),(3166,2885,525,2),(3167,2885,529,3),(3168,2886,507,NULL),(3169,2886,518,NULL),(3170,2886,524,NULL),(3171,2886,525,NULL),(3172,2886,528,NULL),(3173,2891,513,2),(3174,2891,521,3),(3175,2891,526,3),(3176,2893,502,3),(3177,2893,503,2),(3178,2893,507,1),(3179,2893,528,2),(3180,2893,532,2),(3181,2897,505,1),(3182,2897,511,3),(3183,2897,786,2),(3184,2897,528,4),(3185,2900,502,2),(3186,2900,503,3),(3187,2900,507,3),(3188,2900,510,3),(3189,2900,511,3),(3190,2900,786,4),(3191,2900,521,3),(3192,2900,526,2),(3193,2900,532,3),(3194,2902,510,2),(3195,2902,534,1),(3196,2902,519,2),(3197,2902,529,1),(3198,2904,521,4),(3199,2904,525,2),(3200,2905,511,1),(3201,2905,534,1),(3202,2905,516,1),(3203,2905,519,1),(3204,2905,532,1),(3205,2906,511,1),(3206,2906,525,3),(3207,2907,507,1),(3208,2907,511,1),(3209,2907,521,1),(3210,2907,525,1),(3211,2908,503,1),(3212,2908,507,1),(3213,2908,511,1),(3214,2908,516,3),(3215,2908,519,1),(3216,2908,521,2),(3217,2908,535,1),(3218,2908,525,2),(3219,2908,532,1),(3220,2910,507,1),(3221,2910,511,1),(3222,2910,534,2),(3223,2912,524,1),(3224,2913,525,1),(3225,2913,532,1),(3226,2916,502,NULL),(3227,2916,503,NULL),(3228,2916,532,NULL),(3229,2918,503,1),(3230,2918,505,3),(3231,2918,508,1),(3232,2918,510,2),(3233,2918,511,2),(3234,2918,518,2),(3235,2918,521,1),(3236,2918,527,2),(3237,2918,528,3),(3238,2918,525,1),(3239,2918,532,2),(3240,2922,503,2),(3241,2922,508,2),(3242,2922,521,3),(3243,2922,528,2),(3244,2922,530,3),(3245,2922,532,3),(3246,2926,502,NULL),(3247,2926,503,NULL),(3248,2926,528,NULL),(3249,2930,503,4),(3250,2930,521,2),(3251,2930,530,2),(3252,2930,532,1),(3253,2935,502,4),(3254,2935,503,4),(3255,2935,521,3),(3256,2935,526,3),(3257,2941,503,NULL),(3258,2941,510,NULL),(3259,2941,530,NULL),(3260,2945,502,3),(3261,2945,503,1),(3262,2945,507,3),(3263,2945,508,2),(3264,2945,528,2),(3265,2945,530,2),(3266,2956,502,3),(3267,2956,503,2),(3268,2956,526,2),(3269,2962,502,2),(3270,2962,503,2),(3271,2962,526,4),(3272,2962,530,2),(3273,2965,503,3),(3274,2968,502,NULL),(3275,2968,503,NULL),(3276,2972,502,3),(3277,2972,503,4),(3278,2972,528,3),(3279,2975,503,NULL),(3280,2979,502,4),(3281,2979,503,4),(3282,2979,507,3),(3283,2979,508,2),(3284,2979,528,2),(3285,3005,503,NULL),(3286,3008,503,NULL),(3287,3008,518,NULL),(3288,3008,532,NULL),(3289,3013,511,2),(3290,3013,517,3),(3291,3013,518,2),(3292,3013,786,2),(3293,3013,524,2),(3294,3013,532,2),(3295,3016,519,36),(3296,3019,502,3),(3297,3019,503,2),(3298,3019,526,3),(3299,3019,530,3),(3300,3023,518,2),(3301,3023,521,3),(3302,3023,530,3),(3303,3023,525,1),(3304,3023,526,2),(3305,3027,503,NULL),(3306,3027,518,NULL),(3307,3027,525,NULL),(3308,3027,530,NULL),(3309,3031,501,4),(3310,3031,511,3),(3311,3031,515,4),(3312,3031,521,3),(3313,3031,532,2),(3314,3033,501,4),(3315,3033,510,3),(3316,3033,511,2),(3317,3033,515,4),(3318,3033,518,3),(3319,3033,521,3),(3320,3033,532,2),(3321,3037,503,NULL),(3322,3041,502,2),(3323,3041,503,2),(3324,3041,508,3),(3325,3041,521,2),(3326,3041,528,3),(3327,3041,532,2),(3328,3044,503,NULL),(3329,3044,530,NULL),(3330,3048,502,NULL),(3331,3048,503,NULL),(3332,3048,521,NULL),(3333,3049,507,NULL),(3334,3049,518,NULL),(3335,3052,505,3),(3336,3052,507,2),(3337,3052,511,3),(3338,3052,512,3),(3339,3052,514,2),(3340,3052,521,2),(3341,3052,532,3),(3342,3056,505,2),(3343,3056,518,2),(3344,3056,521,1),(3345,3056,532,2),(3346,3061,502,1),(3347,3061,503,1),(3348,3061,508,1),(3349,3061,526,2),(3350,3061,530,2),(3351,3064,503,3),(3352,3064,508,1),(3353,3064,521,2),(3354,3064,528,2),(3355,3064,532,2),(3356,3067,503,3),(3357,3067,526,2),(3358,3067,532,2),(3359,3069,508,NULL),(3360,3069,504,NULL),(3361,3069,515,NULL),(3362,3069,516,NULL),(3363,3069,517,NULL),(3364,3069,530,NULL),(3365,3072,503,3),(3366,3072,505,2),(3367,3072,507,3),(3368,3072,511,3),(3369,3072,525,2),(3370,3072,524,2),(3371,3072,532,3),(3372,3076,503,2),(3373,3076,505,2),(3374,3076,511,1),(3375,3076,529,2),(3376,3076,532,1),(3377,3080,511,1),(3378,3080,524,2),(3379,3080,530,3),(3380,3080,532,2),(3381,3084,502,3),(3382,3084,503,3),(3383,3084,526,3),(3384,3086,511,2),(3385,3086,517,2),(3386,3086,518,2),(3387,3086,786,2),(3388,3086,521,2),(3389,3086,532,2),(3390,3094,521,2),(3391,3094,524,1),(3392,3094,528,2),(3393,3097,502,2),(3394,3097,503,3),(3395,3097,521,2),(3396,3097,532,2),(3397,3100,502,2),(3398,3100,503,3),(3399,3100,505,4),(3400,3100,521,1),(3401,3100,530,3),(3402,3100,532,2),(3403,3104,510,2),(3404,3104,511,3),(3405,3104,786,3),(3406,3104,525,1),(3407,3104,528,2),(3408,3104,532,2),(3409,3109,502,2),(3410,3109,503,3),(3411,3109,518,2),(3412,3109,521,2),(3413,3109,532,2),(3414,3111,525,3),(3415,3114,502,2),(3416,3114,503,2),(3417,3114,521,2),(3418,3114,528,2),(3419,3114,530,1),(3420,3114,532,2),(3421,3115,502,2),(3422,3115,503,2),(3423,3115,504,3),(3424,3115,507,3),(3425,3115,508,2),(3426,3115,510,4),(3427,3115,515,3),(3428,3115,521,2),(3429,3115,525,3),(3430,3115,527,3),(3431,3115,529,3),(3432,3115,532,2),(3433,3121,502,3),(3434,3121,503,2),(3435,3121,504,2),(3436,3121,505,3),(3437,3121,507,3),(3438,3121,511,4),(3439,3121,509,2),(3440,3121,512,2),(3441,3121,531,2),(3442,3121,514,3),(3443,3121,786,4),(3444,3121,515,2),(3445,3121,520,2),(3446,3121,521,3),(3447,3121,525,3),(3448,3121,529,3),(3449,3121,532,3),(3450,3122,507,NULL),(3451,3122,511,NULL),(3452,3122,521,NULL),(3453,3122,525,NULL),(3454,3122,532,NULL),(3455,3126,503,3),(3456,3126,521,2),(3457,3126,530,3),(3458,3126,532,2),(3459,3130,511,2),(3460,3130,518,3),(3461,3130,519,2),(3462,3130,533,3),(3463,3130,525,3),(3464,3130,530,3),(3465,3130,532,2),(3466,3132,518,NULL),(3467,3132,524,NULL),(3468,3132,532,NULL),(3469,3133,501,3),(3470,3133,510,3),(3471,3133,511,2),(3472,3133,533,4),(3473,3133,518,3),(3474,3133,521,3),(3475,3133,532,2),(3476,3162,521,NULL),(3477,3163,516,NULL),(3478,3163,518,NULL),(3479,3166,506,NULL),(3480,3166,516,NULL),(3481,3167,532,NULL),(3482,3316,504,2),(3483,3316,520,3),(3484,3316,519,2),(3485,3319,503,3),(3486,3319,507,2),(3487,3319,508,1),(3488,3319,525,1),(3489,3319,526,2),(3490,3323,512,2),(3491,3323,520,3),(3492,3323,519,4),(3493,3323,521,1),(3494,3328,502,NULL),(3495,3328,507,NULL),(3496,3328,521,NULL),(3497,3328,526,NULL),(3498,3330,507,1),(3499,3330,508,2),(3500,3330,516,1),(3501,3330,517,2),(3502,3330,521,3),(3503,3339,502,2),(3504,3339,503,3),(3505,3339,508,1),(3506,3339,786,3),(3507,3339,518,3),(3508,3339,524,2),(3509,3342,504,2),(3510,3342,507,1),(3511,3342,510,2),(3512,3342,509,1),(3513,3342,512,1),(3514,3342,519,3),(3515,3342,521,2),(3516,3342,529,1),(3517,3521,506,NULL),(3518,3521,516,NULL),(3519,3521,521,NULL),(3520,3524,502,2),(3521,3524,518,1),(3522,3524,521,3),(3523,3524,522,2),(3524,3524,525,2),(3525,3524,529,1),(3526,3524,532,2),(3527,3527,503,3),(3528,3527,505,4),(3529,3527,521,3),(3530,3527,524,4),(3531,3527,532,4),(3532,3533,502,2),(3533,3533,506,3),(3534,3533,507,3),(3535,3533,510,4),(3536,3533,518,3),(3537,3533,521,3),(3538,3533,525,3),(3539,3533,527,3),(3540,3533,528,4),(3541,3533,532,3);
/*!40000 ALTER TABLE `adversaries_skillentry` ENABLE KEYS */;
UNLOCK TABLES;

--
-- Table structure for table `adversaries_talententry`
--

DROP TABLE IF EXISTS `adversaries_talententry`;
/*!40101 SET @saved_cs_client     = @@character_set_client */;
/*!40101 SET character_set_client = utf8 */;
CREATE TABLE `adversaries_talententry` (
  `id` int(11) NOT NULL AUTO_INCREMENT,
  `adversary_id` int(11) NOT NULL,
  `talent_id` int(11) NOT NULL,
  `rank` int(11) DEFAULT NULL,
  PRIMARY KEY (`id`),
  KEY `adversaries_talententry_d8137144` (`adversary_id`),
  KEY `adversaries_talententry_61395d71` (`talent_id`),
  CONSTRAINT `adversary_id_refs_entry_ptr_id_84214bc3` FOREIGN KEY (`adversary_id`) REFERENCES `adversaries_adversary` (`entry_ptr_id`),
  CONSTRAINT `talent_id_refs_entry_ptr_id_f4a119d1` FOREIGN KEY (`talent_id`) REFERENCES `character_talent` (`entry_ptr_id`)
) ENGINE=InnoDB AUTO_INCREMENT=646 DEFAULT CHARSET=latin1;
/*!40101 SET character_set_client = @saved_cs_client */;

--
-- Dumping data for table `adversaries_talententry`
--

LOCK TABLES `adversaries_talententry` WRITE;
/*!40000 ALTER TABLE `adversaries_talententry` DISABLE KEYS */;
INSERT INTO `adversaries_talententry` VALUES (1,713,536,1),(2,716,536,1),(3,718,536,1),(4,718,630,4),(5,718,593,NULL),(6,719,606,1),(7,720,650,2),(9,734,536,3),(10,734,557,NULL),(11,734,606,2),(12,737,536,1),(13,737,620,NULL),(14,737,656,NULL),(15,740,536,2),(16,740,569,2),(17,740,601,NULL),(18,742,536,1),(19,743,549,1),(20,744,536,1),(21,744,610,NULL),(22,744,650,2),(23,745,536,1),(24,745,650,2),(25,749,536,1),(26,749,544,2),(27,755,536,1),(28,755,627,1),(29,755,630,2),(30,719,536,1),(31,758,536,2),(32,758,606,2),(33,758,557,1),(34,762,536,1),(35,763,536,1),(36,763,642,NULL),(37,763,592,NULL),(38,764,536,3),(39,764,594,NULL),(40,764,658,2),(41,764,678,2),(42,764,574,2),(43,765,536,1),(44,768,536,1),(45,774,592,NULL),(46,774,600,2),(47,774,627,2),(48,775,536,1),(49,776,536,3),(50,776,554,NULL),(51,776,627,2),(52,779,553,2),(53,779,565,3),(54,779,627,3),(55,779,640,2),(56,780,630,1),(57,780,627,2),(58,782,536,1),(59,787,536,2),(60,787,574,3),(61,787,645,NULL),(62,787,646,NULL),(63,787,678,2),(64,788,601,NULL),(65,793,536,1),(66,802,536,2),(67,802,543,3),(68,802,631,3),(69,809,588,2),(70,812,628,2),(71,813,576,NULL),(72,815,682,2),(73,821,588,1),(74,821,820,NULL),(75,831,536,2),(76,831,553,2),(77,831,580,2),(78,831,627,1),(79,841,536,1),(80,858,536,2),(81,858,634,NULL),(82,863,536,1),(83,869,536,2),(84,869,600,1),(85,869,627,2),(86,869,630,2),(87,871,536,1),(88,871,560,2),(89,871,657,2),(90,886,885,NULL),(91,889,536,1),(92,893,548,NULL),(93,894,690,NULL),(94,895,555,NULL),(95,897,692,NULL),(96,898,576,NULL),(97,899,676,1),(98,903,565,3),(99,903,640,2),(100,904,627,1),(101,904,641,NULL),(102,905,630,2),(103,905,652,2),(104,909,908,1),(105,909,640,2),(106,910,536,1),(107,910,627,2),(108,910,630,2),(109,910,652,2),(110,911,536,1),(111,911,627,1),(112,911,630,1),(113,911,663,2),(114,915,536,2),(115,915,640,1),(116,917,627,3),(117,928,584,NULL),(118,933,536,2),(119,933,932,NULL),(120,933,645,NULL),(121,933,574,3),(122,933,646,NULL),(123,934,606,1),(124,937,536,2),(125,937,936,2),(126,940,536,1),(127,940,634,NULL),(128,940,615,NULL),(129,940,652,2),(130,942,536,3),(131,942,627,2),(132,942,640,1),(133,942,652,2),(134,955,606,2),(135,971,598,NULL),(136,975,536,1),(137,979,536,1),(138,981,536,2),(139,981,559,1),(140,981,622,NULL),(141,990,536,1),(142,990,554,NULL),(143,992,605,NULL),(144,992,569,2),(145,1004,536,1),(146,1013,536,1),(147,1019,536,1),(148,1019,545,2),(149,1019,606,2),(150,1024,536,1),(151,1024,554,NULL),(152,1031,536,2),(153,1031,630,2),(154,1031,615,NULL),(155,1031,620,NULL),(156,1034,664,NULL),(157,1038,536,1),(158,1038,627,1),(159,1041,640,2),(160,1050,572,2),(161,1050,580,1),(162,1072,536,1),(163,1072,615,NULL),(164,1074,536,1),(165,1074,553,2),(166,1076,567,1),(167,1077,627,1),(168,1078,606,2),(169,1082,536,2),(170,1088,536,1),(171,1090,536,1),(172,1090,577,NULL),(173,1090,692,NULL),(174,1095,536,1),(175,1097,536,1),(176,1097,553,2),(177,1098,536,1),(178,1102,536,1),(179,1113,601,NULL),(180,1115,642,NULL),(181,1115,627,2),(182,1135,536,2),(183,1136,536,1),(184,1138,553,2),(185,1172,536,2),(186,1172,592,NULL),(187,1172,642,NULL),(188,1175,537,NULL),(189,1175,607,NULL),(190,1175,669,3),(191,1186,576,NULL),(192,1187,552,NULL),(193,1192,567,1),(194,1192,618,NULL),(195,1192,688,NULL),(196,1257,600,1),(197,1259,536,2),(198,1259,551,2),(199,1259,570,NULL),(200,1262,580,1),(201,1266,641,NULL),(202,1267,602,2),(203,1267,627,1),(204,1270,536,2),(205,1270,591,NULL),(206,1274,536,1),(207,1274,658,2),(208,1278,627,1),(209,1284,615,NULL),(210,1284,627,2),(211,1284,630,2),(212,1286,642,NULL),(213,1292,589,1),(214,1296,536,1),(215,1310,544,2),(216,1311,567,1),(217,1311,634,NULL),(218,1318,602,2),(219,1319,540,2),(220,1319,669,2),(221,1321,1198,2),(222,1321,1224,NULL),(223,1328,536,2),(224,1328,574,3),(225,1328,678,1),(226,1328,677,2),(227,1345,1200,1),(228,1356,536,1),(229,1356,1220,NULL),(230,1362,598,NULL),(231,1362,614,NULL),(232,1368,536,1),(233,1369,536,1),(234,1373,536,1),(235,1373,551,1),(236,1383,536,2),(237,1383,551,2),(238,1383,570,NULL),(239,1462,627,1),(240,1463,536,1),(241,1463,567,2),(242,1470,630,1),(243,1470,652,2),(244,1492,536,2),(245,1492,551,2),(246,1492,570,NULL),(247,1493,536,2),(248,1493,591,NULL),(249,1494,602,2),(250,1494,627,1),(251,1495,650,2),(252,1497,536,1),(253,1497,658,2),(254,1498,540,2),(255,1498,669,2),(256,1499,570,NULL),(257,1500,580,1),(258,1512,536,1),(259,1513,650,2),(260,1520,536,1),(261,1541,536,1),(262,1544,536,1),(263,1544,618,NULL),(264,1545,536,2),(265,1546,572,2),(266,1550,609,NULL),(267,1551,576,NULL),(268,1551,650,2),(269,1552,620,NULL),(270,1553,671,3),(271,1556,536,1),(272,1556,553,2),(273,1558,536,2),(274,1560,609,NULL),(275,1561,536,1),(276,1564,536,2),(277,1564,595,NULL),(278,1575,692,NULL),(279,1581,596,1),(280,1592,536,1),(281,1592,642,NULL),(282,1597,536,1),(283,1600,536,1),(284,1672,579,1),(285,1672,587,NULL),(286,1929,596,2),(287,1929,627,1),(288,1929,630,1),(289,1931,565,1),(290,1932,553,1),(291,1932,565,2),(292,1932,627,1),(293,1933,553,2),(294,1933,565,2),(295,1933,627,2),(296,1935,636,1),(297,1947,565,3),(298,1950,536,1),(299,1950,565,5),(300,1954,536,1),(301,1954,606,2),(302,1958,536,2),(303,1958,591,NULL),(304,1958,627,2),(305,1958,630,2),(306,1965,567,2),(307,1985,620,NULL),(308,1985,627,1),(309,1987,627,1),(310,1987,630,2),(311,1987,641,NULL),(312,1992,546,1),(313,1994,536,2),(314,1999,545,2),(315,2000,536,2),(316,2000,627,2),(317,2000,650,2),(318,2006,652,1),(319,2017,536,1),(320,2018,536,1),(321,2018,634,NULL),(322,2018,636,2),(323,2018,654,NULL),(324,2021,536,1),(325,2022,635,1),(326,2025,600,1),(327,2025,630,1),(328,2027,536,1),(329,2027,2026,NULL),(330,2027,652,1),(331,2029,536,1),(332,2029,654,NULL),(333,2031,606,3),(334,2031,632,2),(335,2031,670,NULL),(336,2032,635,1),(337,2036,536,1),(338,2037,536,1),(339,2038,634,NULL),(340,2154,536,1),(341,2165,1205,1),(342,2166,592,NULL),(343,2166,600,2),(344,2180,551,2),(345,2180,591,NULL),(346,2180,600,2),(347,2180,627,2),(348,2189,536,1),(349,2190,604,NULL),(350,2191,536,1),(351,2191,1198,1),(352,2191,1205,1),(353,2194,536,1),(354,2196,650,1),(355,2198,536,1),(356,2198,650,1),(357,2199,536,2),(358,2199,622,NULL),(359,2200,536,2),(360,2200,600,1),(361,2201,536,2),(362,2201,591,NULL),(363,2208,667,NULL),(364,2212,600,1),(365,2223,666,NULL),(366,2225,536,2),(367,2225,551,2),(368,2225,571,NULL),(369,2226,580,1),(370,2227,536,2),(371,2227,551,2),(372,2227,1200,2),(373,2280,540,2),(374,2280,669,1),(375,2287,588,1),(376,2287,820,NULL),(377,2298,1207,NULL),(378,2298,650,2),(379,2301,1207,NULL),(380,2303,536,2),(381,2303,551,2),(382,2303,559,2),(383,2303,1207,NULL),(384,2303,610,NULL),(385,2303,635,2),(386,2303,650,2),(387,2304,536,1),(388,2304,622,NULL),(389,2304,650,1),(390,2305,536,1),(391,2305,1199,1),(392,2305,591,NULL),(393,2305,600,2),(394,2305,615,NULL),(395,2306,536,1),(396,2306,627,3),(397,2306,630,2),(398,2306,641,NULL),(399,2308,536,2),(400,2308,1197,NULL),(401,2308,553,2),(402,2308,615,NULL),(403,2310,536,1),(404,2310,701,NULL),(405,2310,702,2),(406,2310,704,1),(407,2310,650,1),(408,2310,707,NULL),(409,2313,536,2),(410,2313,1198,3),(411,2313,1199,2),(412,2313,571,NULL),(413,2313,1212,NULL),(414,2313,642,NULL),(415,2315,536,1),(416,2315,627,1),(417,2316,536,2),(418,2316,553,2),(419,2316,565,2),(420,2316,601,NULL),(421,2316,598,NULL),(422,2316,654,NULL),(423,2318,536,2),(424,2318,549,2),(425,2318,550,3),(426,2318,560,2),(427,2318,671,3),(428,2318,623,NULL),(429,2320,536,1),(430,2320,1195,NULL),(431,2320,553,3),(432,2320,885,NULL),(433,2320,602,1),(434,2320,615,NULL),(435,2320,627,2),(436,2320,682,3),(437,2321,536,1),(438,2321,627,3),(439,2321,630,3),(440,2321,641,NULL),(441,2332,606,1),(442,2334,536,2),(443,2334,631,2),(444,2335,614,NULL),(445,2335,634,NULL),(446,2341,560,2),(447,2345,536,1),(448,2345,631,1),(449,2348,631,1),(450,2352,536,1),(451,2352,631,1),(452,2354,536,1),(453,2354,557,1),(454,2356,536,1),(455,2356,654,NULL),(456,2370,618,NULL),(457,2371,536,1),(458,2371,627,2),(459,2378,536,2),(460,2378,575,2),(461,2386,574,1),(462,2387,670,NULL),(463,2386,646,NULL),(464,2399,565,2),(465,2399,575,1),(466,2400,536,2),(467,2400,627,2),(468,2406,596,2),(469,2406,622,NULL),(470,2410,622,NULL),(471,2421,565,2),(472,2421,575,1),(473,2425,536,2),(474,2425,551,2),(475,2425,659,NULL),(476,2429,536,1),(477,2429,564,1),(478,2429,631,2),(479,2580,536,2),(480,2580,688,NULL),(481,2580,618,NULL),(482,2583,579,3),(483,2585,576,NULL),(484,2585,650,1),(485,2589,536,1),(486,2589,567,2),(487,2592,553,1),(488,2592,627,1),(489,2593,565,3),(490,2593,596,3),(491,2596,627,2),(492,2599,536,2),(493,2599,2488,3),(494,2599,589,2),(495,2602,536,2),(496,2602,584,NULL),(497,2602,2488,4),(498,2603,671,2),(499,2605,536,1),(500,2605,2488,4),(501,2605,693,NULL),(502,2620,580,1),(503,2620,574,1),(504,2620,2469,NULL),(505,2621,574,1),(506,2621,2470,1),(507,2621,650,2),(508,2623,549,1),(509,2623,574,1),(510,2625,574,1),(511,2625,1646,2),(512,2628,536,1),(513,2628,574,1),(514,2628,654,NULL),(515,2630,536,2),(516,2630,574,3),(517,2630,2466,NULL),(518,2630,2496,NULL),(519,2630,2488,5),(520,2630,2495,5),(521,2632,536,2),(522,2632,574,3),(523,2632,654,NULL),(524,2635,536,2),(525,2635,574,2),(526,2639,536,1),(527,2647,646,NULL),(528,2660,536,1),(529,2671,536,2),(530,2671,606,2),(531,2671,635,2),(535,2674,536,1),(536,2678,536,2),(537,2681,536,1),(538,2681,554,NULL),(539,2681,601,NULL),(540,2694,536,1),(541,2694,2488,4),(542,2716,570,NULL),(543,2842,536,1),(544,2853,536,1),(545,2856,536,1),(546,2861,591,NULL),(547,2863,536,1),(548,2863,574,2),(549,2863,2488,3),(550,2864,536,1),(551,2864,630,2),(552,2869,536,2),(553,2869,567,1),(554,2869,634,NULL),(555,2877,536,1),(556,2882,536,1),(557,2885,536,1),(558,2885,596,2),(559,2893,554,NULL),(560,2900,536,3),(561,2900,2447,2),(562,2900,574,5),(563,2900,2488,3),(564,2900,2495,3),(565,2900,2500,NULL),(566,2900,2448,NULL),(567,2900,2489,NULL),(568,2900,2496,NULL),(569,2902,544,1),(570,2902,574,1),(571,2918,574,2),(572,2922,536,1),(573,2930,536,1),(574,2935,536,1),(575,2935,695,3),(576,2945,536,2),(577,2962,536,2),(578,2972,536,2),(579,2979,536,2),(580,2979,635,2),(581,3013,536,1),(582,3013,574,2),(583,3013,2488,3),(584,3016,574,3),(585,3016,2471,NULL),(586,3019,658,2),(587,3023,536,1),(588,3023,574,2),(589,3023,2488,3),(590,3031,536,2),(591,3031,574,4),(592,3031,3030,NULL),(593,3033,536,2),(594,3033,574,4),(595,3033,3030,NULL),(596,3041,618,NULL),(597,3052,536,2),(598,3052,574,3),(599,3064,2457,NULL),(600,3067,614,NULL),(601,3072,546,2),(602,3076,700,NULL),(603,3080,2443,NULL),(604,3080,574,1),(605,3086,536,1),(606,3086,574,4),(607,3086,2488,4),(608,3086,2495,4),(609,3094,658,2),(610,3097,565,2),(611,3100,536,1),(612,3104,536,2),(613,3104,932,NULL),(614,3104,574,3),(615,3104,2489,NULL),(616,3104,2488,3),(617,3104,2495,3),(618,3109,565,2),(619,3114,635,2),(620,3115,536,1),(621,3115,574,1),(622,3115,627,2),(623,3115,652,2),(624,3121,536,3),(625,3121,2457,NULL),(626,3121,3119,NULL),(627,3121,574,3),(628,3121,3120,NULL),(629,3121,2488,5),(630,3121,2495,5),(631,3126,536,1),(632,3126,554,NULL),(633,3130,536,1),(634,3130,588,2),(635,3133,536,2),(636,3133,574,4),(637,3133,3030,NULL),(638,3166,671,1),(639,3167,546,1),(640,3330,2474,2),(641,3521,572,2),(642,3524,627,1),(643,3527,536,1),(644,3533,536,2),(645,3533,589,2);
/*!40000 ALTER TABLE `adversaries_talententry` ENABLE KEYS */;
UNLOCK TABLES;

--
-- Table structure for table `auth_group`
--

DROP TABLE IF EXISTS `auth_group`;
/*!40101 SET @saved_cs_client     = @@character_set_client */;
/*!40101 SET character_set_client = utf8 */;
CREATE TABLE `auth_group` (
  `id` int(11) NOT NULL AUTO_INCREMENT,
  `name` varchar(80) NOT NULL,
  PRIMARY KEY (`id`),
  UNIQUE KEY `name` (`name`)
) ENGINE=InnoDB AUTO_INCREMENT=2 DEFAULT CHARSET=latin1;
/*!40101 SET character_set_client = @saved_cs_client */;

--
-- Dumping data for table `auth_group`
--

LOCK TABLES `auth_group` WRITE;
/*!40000 ALTER TABLE `auth_group` DISABLE KEYS */;
INSERT INTO `auth_group` VALUES (1,'entry_editor');
/*!40000 ALTER TABLE `auth_group` ENABLE KEYS */;
UNLOCK TABLES;

--
-- Table structure for table `auth_group_permissions`
--

DROP TABLE IF EXISTS `auth_group_permissions`;
/*!40101 SET @saved_cs_client     = @@character_set_client */;
/*!40101 SET character_set_client = utf8 */;
CREATE TABLE `auth_group_permissions` (
  `id` int(11) NOT NULL AUTO_INCREMENT,
  `group_id` int(11) NOT NULL,
  `permission_id` int(11) NOT NULL,
  PRIMARY KEY (`id`),
  UNIQUE KEY `group_id` (`group_id`,`permission_id`),
  KEY `auth_group_permissions_5f412f9a` (`group_id`),
  KEY `auth_group_permissions_83d7f98b` (`permission_id`),
  CONSTRAINT `group_id_refs_id_f4b32aac` FOREIGN KEY (`group_id`) REFERENCES `auth_group` (`id`),
  CONSTRAINT `permission_id_refs_id_6ba0f519` FOREIGN KEY (`permission_id`) REFERENCES `auth_permission` (`id`)
) ENGINE=InnoDB AUTO_INCREMENT=449 DEFAULT CHARSET=latin1;
/*!40101 SET character_set_client = @saved_cs_client */;

--
-- Dumping data for table `auth_group_permissions`
--

LOCK TABLES `auth_group_permissions` WRITE;
/*!40000 ALTER TABLE `auth_group_permissions` DISABLE KEYS */;
INSERT INTO `auth_group_permissions` VALUES (417,1,67),(418,1,79),(419,1,80),(420,1,82),(421,1,83),(422,1,91),(423,1,92),(424,1,94),(425,1,95),(426,1,96),(427,1,97),(428,1,98),(429,1,100),(430,1,101),(431,1,103),(432,1,104),(433,1,106),(434,1,107),(435,1,109),(436,1,110),(437,1,112),(438,1,113),(439,1,115),(440,1,116),(441,1,118),(442,1,119),(443,1,121),(444,1,122),(445,1,124),(446,1,125),(447,1,126),(448,1,127),(387,1,128),(388,1,130),(389,1,131),(390,1,133),(391,1,139),(392,1,140),(393,1,142),(394,1,143),(395,1,145),(396,1,146),(397,1,148),(398,1,149),(399,1,151),(400,1,152),(401,1,154),(402,1,155),(403,1,157),(404,1,158),(405,1,160),(406,1,161),(407,1,163),(408,1,164),(409,1,166),(410,1,167),(411,1,169),(412,1,170),(413,1,172),(414,1,173),(415,1,175),(416,1,176);
/*!40000 ALTER TABLE `auth_group_permissions` ENABLE KEYS */;
UNLOCK TABLES;

--
-- Table structure for table `auth_permission`
--

DROP TABLE IF EXISTS `auth_permission`;
/*!40101 SET @saved_cs_client     = @@character_set_client */;
/*!40101 SET character_set_client = utf8 */;
CREATE TABLE `auth_permission` (
  `id` int(11) NOT NULL AUTO_INCREMENT,
  `name` varchar(50) NOT NULL,
  `content_type_id` int(11) NOT NULL,
  `codename` varchar(100) NOT NULL,
  PRIMARY KEY (`id`),
  UNIQUE KEY `content_type_id` (`content_type_id`,`codename`),
  KEY `auth_permission_37ef4eb4` (`content_type_id`),
  CONSTRAINT `content_type_id_refs_id_d043b34a` FOREIGN KEY (`content_type_id`) REFERENCES `django_content_type` (`id`)
) ENGINE=InnoDB AUTO_INCREMENT=178 DEFAULT CHARSET=latin1;
/*!40101 SET character_set_client = @saved_cs_client */;

--
-- Dumping data for table `auth_permission`
--

LOCK TABLES `auth_permission` WRITE;
/*!40000 ALTER TABLE `auth_permission` DISABLE KEYS */;
INSERT INTO `auth_permission` VALUES (1,'Can add log entry',1,'add_logentry'),(2,'Can change log entry',1,'change_logentry'),(3,'Can delete log entry',1,'delete_logentry'),(4,'Can add permission',2,'add_permission'),(5,'Can change permission',2,'change_permission'),(6,'Can delete permission',2,'delete_permission'),(7,'Can add group',3,'add_group'),(8,'Can change group',3,'change_group'),(9,'Can delete group',3,'delete_group'),(10,'Can add user',4,'add_user'),(11,'Can change user',4,'change_user'),(12,'Can delete user',4,'delete_user'),(13,'Can add content type',5,'add_contenttype'),(14,'Can change content type',5,'change_contenttype'),(15,'Can delete content type',5,'delete_contenttype'),(16,'Can add session',6,'add_session'),(17,'Can change session',6,'change_session'),(18,'Can delete session',6,'delete_session'),(22,'Can add book',8,'add_book'),(23,'Can change book',8,'change_book'),(24,'Can delete book',8,'delete_book'),(67,'Can add blog',23,'add_blog'),(68,'Can change blog',23,'change_blog'),(69,'Can delete blog',23,'delete_blog'),(70,'Can add system',24,'add_system'),(71,'Can change system',24,'change_system'),(72,'Can delete system',24,'delete_system'),(73,'Can add book',25,'add_book'),(74,'Can change book',25,'change_book'),(75,'Can delete book',25,'delete_book'),(79,'Can add entry',27,'add_entry'),(80,'Can change entry',27,'change_entry'),(81,'Can delete entry',27,'delete_entry'),(82,'Can add index',28,'add_index'),(83,'Can change index',28,'change_index'),(84,'Can delete index',28,'delete_index'),(91,'Can add gear',31,'add_gear'),(92,'Can change gear',31,'change_gear'),(93,'Can delete gear',31,'delete_gear'),(94,'Can add weapon',32,'add_weapon'),(95,'Can change weapon',32,'change_weapon'),(96,'Can delete weapon',32,'delete_weapon'),(97,'Can add armor',33,'add_armor'),(98,'Can change armor',33,'change_armor'),(99,'Can delete armor',33,'delete_armor'),(100,'Can add attachment',34,'add_attachment'),(101,'Can change attachment',34,'change_attachment'),(102,'Can delete attachment',34,'delete_attachment'),(103,'Can add vehicle',35,'add_vehicle'),(104,'Can change vehicle',35,'change_vehicle'),(105,'Can delete vehicle',35,'delete_vehicle'),(106,'Can add crew descriptor',36,'add_crewdescriptor'),(107,'Can change crew descriptor',36,'change_crewdescriptor'),(108,'Can delete crew descriptor',36,'delete_crewdescriptor'),(109,'Can add crew entry',37,'add_crewentry'),(110,'Can change crew entry',37,'change_crewentry'),(111,'Can delete crew entry',37,'delete_crewentry'),(112,'Can add starship',38,'add_starship'),(113,'Can change starship',38,'change_starship'),(114,'Can delete starship',38,'delete_starship'),(115,'Can add hyperdrive',39,'add_hyperdrive'),(116,'Can change hyperdrive',39,'change_hyperdrive'),(117,'Can delete hyperdrive',39,'delete_hyperdrive'),(118,'Can add consumable',40,'add_consumable'),(119,'Can change consumable',40,'change_consumable'),(120,'Can delete consumable',40,'delete_consumable'),(121,'Can add vehicle attachment',41,'add_vehicleattachment'),(122,'Can change vehicle attachment',41,'change_vehicleattachment'),(123,'Can delete vehicle attachment',41,'delete_vehicleattachment'),(124,'Can add adversary',45,'add_adversary'),(125,'Can change adversary',45,'change_adversary'),(126,'Can delete adversary',45,'delete_adversary'),(127,'Can add talent entry',46,'add_talententry'),(128,'Can change talent entry',46,'change_talententry'),(129,'Can delete talent entry',46,'delete_talententry'),(130,'Can add skill entry',47,'add_skillentry'),(131,'Can change skill entry',47,'change_skillentry'),(132,'Can delete skill entry',47,'delete_skillentry'),(133,'Can add category',42,'add_category'),(134,'Can change category',42,'change_category'),(135,'Can delete category',42,'delete_category'),(136,'Can add characteristic',27,'add_characteristic'),(137,'Can change characteristic',27,'change_characteristic'),(138,'Can delete characteristic',27,'delete_characteristic'),(139,'Can add skill',48,'add_skill'),(140,'Can change skill',48,'change_skill'),(141,'Can delete skill',48,'delete_skill'),(142,'Can add talent',49,'add_talent'),(143,'Can change talent',49,'change_talent'),(144,'Can delete talent',49,'delete_talent'),(145,'Can add career',50,'add_career'),(146,'Can change career',50,'change_career'),(147,'Can delete career',50,'delete_career'),(148,'Can add talent tree',51,'add_talenttree'),(149,'Can change talent tree',51,'change_talenttree'),(150,'Can delete talent tree',51,'delete_talenttree'),(151,'Can add talent tree entry',52,'add_talenttreeentry'),(152,'Can change talent tree entry',52,'change_talenttreeentry'),(153,'Can delete talent tree entry',52,'delete_talenttreeentry'),(154,'Can add specialization',53,'add_specialization'),(155,'Can change specialization',53,'change_specialization'),(156,'Can delete specialization',53,'delete_specialization'),(157,'Can add ability',54,'add_ability'),(158,'Can change ability',54,'change_ability'),(159,'Can delete ability',54,'delete_ability'),(160,'Can add species',55,'add_species'),(161,'Can change species',55,'change_species'),(162,'Can delete species',55,'delete_species'),(163,'Can add creature weapon',57,'add_creatureweapon'),(164,'Can change creature weapon',57,'change_creatureweapon'),(165,'Can delete creature weapon',57,'delete_creatureweapon'),(166,'Can add creature',58,'add_creature'),(167,'Can change creature',58,'change_creature'),(168,'Can delete creature',58,'delete_creature'),(169,'Can add equipment',59,'add_equipment'),(170,'Can change equipment',59,'change_equipment'),(171,'Can delete equipment',59,'delete_equipment'),(172,'Can add weapon quality',60,'add_weaponquality'),(173,'Can change weapon quality',60,'change_weaponquality'),(174,'Can delete weapon quality',60,'delete_weaponquality'),(175,'Can add weapon quality entry',61,'add_weaponqualityentry'),(176,'Can change weapon quality entry',61,'change_weaponqualityentry'),(177,'Can delete weapon quality entry',61,'delete_weaponqualityentry');
/*!40000 ALTER TABLE `auth_permission` ENABLE KEYS */;
UNLOCK TABLES;

--
-- Table structure for table `auth_user`
--

DROP TABLE IF EXISTS `auth_user`;
/*!40101 SET @saved_cs_client     = @@character_set_client */;
/*!40101 SET character_set_client = utf8 */;
CREATE TABLE `auth_user` (
  `id` int(11) NOT NULL AUTO_INCREMENT,
  `password` varchar(128) NOT NULL,
  `last_login` datetime NOT NULL,
  `is_superuser` tinyint(1) NOT NULL,
  `username` varchar(30) NOT NULL,
  `first_name` varchar(30) NOT NULL,
  `last_name` varchar(30) NOT NULL,
  `email` varchar(75) NOT NULL,
  `is_staff` tinyint(1) NOT NULL,
  `is_active` tinyint(1) NOT NULL,
  `date_joined` datetime NOT NULL,
  PRIMARY KEY (`id`),
  UNIQUE KEY `username` (`username`)
) ENGINE=InnoDB AUTO_INCREMENT=6 DEFAULT CHARSET=latin1;
/*!40101 SET character_set_client = @saved_cs_client */;

--
-- Dumping data for table `auth_user`
--

LOCK TABLES `auth_user` WRITE;
/*!40000 ALTER TABLE `auth_user` DISABLE KEYS */;
INSERT INTO `auth_user` VALUES (1,'pbkdf2_sha256$12000$Fis9Ex5Liee0$p815R6X0rG4C8h5qFEXu4Nssn8/C+8wLwQCjxlPodUg=','2017-09-28 20:27:56',1,'karrde','','','karrde@viluppo.net',1,1,'2014-05-20 23:09:41'),(2,'pbkdf2_sha256$12000$7uLfLWfKhSNT$mYj/6yvTLxM2tfYxBNpgTyc/JaYFLjSc7UFb4b/JRTs=','2014-06-02 01:23:13',0,'jake','','','',1,1,'2014-05-29 20:50:36'),(3,'pbkdf2_sha256$12000$Lwlay8ud6jBU$oEfqyVJrFMCmDQgXTYXY0onDQDDYwY73sXE+icTHAB0=','2018-08-09 06:57:37',0,'bknowles','','','',1,1,'2014-05-30 20:10:42'),(4,'pbkdf2_sha256$12000$Nt49ULNs8yLl$zd+A/UprBueQxurQ3mZBnmzbIaJeL34xtO1vws066YA=','2017-06-27 15:04:56',0,'themensch','','','',1,1,'2015-05-30 12:14:11'),(5,'pbkdf2_sha256$12000$eyMuwOf5gLOp$hltPmsccosTlDSZR1/4jaCZBuXpylwhezTmEw6LMvdE=','2018-01-12 14:33:55',0,'coyote670','','','',1,1,'2017-06-28 17:50:28');
/*!40000 ALTER TABLE `auth_user` ENABLE KEYS */;
UNLOCK TABLES;

--
-- Table structure for table `auth_user_groups`
--

DROP TABLE IF EXISTS `auth_user_groups`;
/*!40101 SET @saved_cs_client     = @@character_set_client */;
/*!40101 SET character_set_client = utf8 */;
CREATE TABLE `auth_user_groups` (
  `id` int(11) NOT NULL AUTO_INCREMENT,
  `user_id` int(11) NOT NULL,
  `group_id` int(11) NOT NULL,
  PRIMARY KEY (`id`),
  UNIQUE KEY `user_id` (`user_id`,`group_id`),
  KEY `auth_user_groups_6340c63c` (`user_id`),
  KEY `auth_user_groups_5f412f9a` (`group_id`),
  CONSTRAINT `group_id_refs_id_274b862c` FOREIGN KEY (`group_id`) REFERENCES `auth_group` (`id`),
  CONSTRAINT `user_id_refs_id_40c41112` FOREIGN KEY (`user_id`) REFERENCES `auth_user` (`id`)
) ENGINE=InnoDB AUTO_INCREMENT=7 DEFAULT CHARSET=latin1;
/*!40101 SET character_set_client = @saved_cs_client */;

--
-- Dumping data for table `auth_user_groups`
--

LOCK TABLES `auth_user_groups` WRITE;
/*!40000 ALTER TABLE `auth_user_groups` DISABLE KEYS */;
INSERT INTO `auth_user_groups` VALUES (1,2,1),(2,3,1),(4,4,1),(6,5,1);
/*!40000 ALTER TABLE `auth_user_groups` ENABLE KEYS */;
UNLOCK TABLES;

--
-- Table structure for table `auth_user_user_permissions`
--

DROP TABLE IF EXISTS `auth_user_user_permissions`;
/*!40101 SET @saved_cs_client     = @@character_set_client */;
/*!40101 SET character_set_client = utf8 */;
CREATE TABLE `auth_user_user_permissions` (
  `id` int(11) NOT NULL AUTO_INCREMENT,
  `user_id` int(11) NOT NULL,
  `permission_id` int(11) NOT NULL,
  PRIMARY KEY (`id`),
  UNIQUE KEY `user_id` (`user_id`,`permission_id`),
  KEY `auth_user_user_permissions_6340c63c` (`user_id`),
  KEY `auth_user_user_permissions_83d7f98b` (`permission_id`),
  CONSTRAINT `permission_id_refs_id_35d9ac25` FOREIGN KEY (`permission_id`) REFERENCES `auth_permission` (`id`),
  CONSTRAINT `user_id_refs_id_4dc23c39` FOREIGN KEY (`user_id`) REFERENCES `auth_user` (`id`)
) ENGINE=InnoDB DEFAULT CHARSET=latin1;
/*!40101 SET character_set_client = @saved_cs_client */;

--
-- Dumping data for table `auth_user_user_permissions`
--

LOCK TABLES `auth_user_user_permissions` WRITE;
/*!40000 ALTER TABLE `auth_user_user_permissions` DISABLE KEYS */;
/*!40000 ALTER TABLE `auth_user_user_permissions` ENABLE KEYS */;
UNLOCK TABLES;

--
-- Table structure for table `base_book`
--

DROP TABLE IF EXISTS `base_book`;
/*!40101 SET @saved_cs_client     = @@character_set_client */;
/*!40101 SET character_set_client = utf8 */;
CREATE TABLE `base_book` (
  `id` int(11) NOT NULL AUTO_INCREMENT,
  `name` varchar(100) NOT NULL,
  `initials` varchar(10) NOT NULL,
  `num_pages` int(11) NOT NULL,
  `system_id` int(11) NOT NULL,
  `product_key` varchar(10) NOT NULL,
  PRIMARY KEY (`id`),
  KEY `base_book_f81e80d8` (`system_id`),
  CONSTRAINT `system_id_refs_id_8b9c127e` FOREIGN KEY (`system_id`) REFERENCES `base_system` (`id`)
) ENGINE=InnoDB AUTO_INCREMENT=50 DEFAULT CHARSET=latin1;
/*!40101 SET character_set_client = @saved_cs_client */;

--
-- Dumping data for table `base_book`
--

LOCK TABLES `base_book` WRITE;
/*!40000 ALTER TABLE `base_book` DISABLE KEYS */;
INSERT INTO `base_book` VALUES (1,'Core Rulebook','CRB',448,1,'SWE02'),(2,'Game Master\'s Kit','GMK',32,1,'SWE03'),(3,'Beyond the Rim','BtR',96,1,'SWE05'),(4,'Enter the Unknown','EtU',96,1,'SWE06'),(5,'Suns of Fortune','SoF',144,1,'SWE07'),(6,'Jewel of Yavin','JoY',96,1,'SWE09'),(8,'Dangerous Covenants','DC',96,1,'SWE08'),(9,'Beginner Game - Adventure Book','BGA',32,2,'SWA01'),(10,'Beginner Game - Rulebook','BGR',48,2,'SWA01'),(11,'Operation Shadowpoint','OS',46,2,'SWAP01'),(12,'Core Rulebook','CRB',464,2,'SWA02'),(13,'Dead in the Water','DitW',32,2,'SWA03'),(14,'Far Horizons','FH',96,1,'SWE10'),(15,'Onslaught at Arda I','OaA',96,2,'SWA04'),(16,'Rescue at Glare Peak','RaGP',48,2,'OP007'),(17,'Scum and Villainy Adversary Deck','SaVAD',20,3,'uSWR01'),(19,'Imperials and Rebels Adversary Deck','IaRAD',20,3,'uSWR02'),(20,'Citizens of the Galaxy Adversary Deck','CotGAD',20,3,'uSWR03'),(21,'Stay on Target','SoT',96,2,'SWA25'),(22,'Lords of Nal Hutta','LoNH',144,1,'SWE11'),(23,'Fly Casual','FC',96,1,'SWE12'),(24,'Desperate Allies','DA',96,2,'SWA31'),(27,'Beginner Game - Adventure Book','BGA',32,4,'SWF01'),(28,'Beginner Game - Rulebook','BGR',48,4,'SWF01'),(29,'Core Rulebook','CRB',448,4,'SWF02'),(30,'Chronicles of the Gatekeeper','CotG',96,4,'SWF23'),(31,'Hidden Depths','HD',32,4,'SWF03'),(32,'Mask of the Pirate Queen','MPQ',96,1,'SWE13'),(33,'Strongholds of Resistance','SoR',144,2,'SWA30'),(34,'Lead by Example','LbE',96,2,'SWA36'),(36,'Keeping the Peace','KtP',96,4,'SWF24'),(37,'Beginner Game - Rulebook','BGR',48,1,'SWE01'),(38,'Beginner Game - Adventure Book','BGA',32,1,'SWE01'),(40,'Nexus of Power','NoP',144,4,'SWF29'),(41,'Special Modifications','SM',96,1,'SWE14'),(42,'Savage Spirits','SS',96,4,'SWF41'),(43,'Forged in Battle','FiB',96,2,'SWA42'),(44,'Endless Vigil','EV',96,4,'SWF30'),(45,'Friends Like These','FLT',96,2,'SWA41'),(46,'No Disintegrations','ND',96,1,'SWE16'),(47,'Disciples of Harmony','DoH',96,4,'SWF35'),(48,'Ghosts of Dathomir','GoD',96,4,'SWF40'),(49,'Fully Operational','FO',96,2,'SWA47');
/*!40000 ALTER TABLE `base_book` ENABLE KEYS */;
UNLOCK TABLES;

--
-- Table structure for table `base_entry`
--

DROP TABLE IF EXISTS `base_entry`;
/*!40101 SET @saved_cs_client     = @@character_set_client */;
/*!40101 SET character_set_client = utf8 */;
CREATE TABLE `base_entry` (
  `id` int(11) NOT NULL AUTO_INCREMENT,
  `name` varchar(100) NOT NULL,
  `image` varchar(100) DEFAULT NULL,
  `notes` varchar(500) NOT NULL,
  `model` varchar(100) NOT NULL,
  PRIMARY KEY (`id`)
) ENGINE=InnoDB AUTO_INCREMENT=3625 DEFAULT CHARSET=latin1;
/*!40101 SET character_set_client = @saved_cs_client */;

--
-- Dumping data for table `base_entry`
--

LOCK TABLES `base_entry` WRITE;
/*!40000 ALTER TABLE `base_entry` DISABLE KEYS */;
INSERT INTO `base_entry` VALUES (1,'Comlink (handheld)','item/1/C1_personal_comlink.png','Image from http://starwars.wikia.com/wiki/C1_personal_comlink','Gear'),(2,'Comlink (long range)','','','Gear'),(3,'Holo-Messenger','','','Gear'),(4,'Synthetic Anesthetic','','','Gear'),(5,'Synthetic Neuroparalytic','','','Gear'),(6,'Synthetic Neurotoxin','','','Gear'),(7,'Cybernetic Arms (Mod V and Mod VI)','item/7/Cybernetic Arm.png','Image from \"Force and Destiny Core Rulebook\"','Gear'),(8,'Cybernetic Legs (Mod II and Mod III)','item/8/Cybernetic Leg.png','Image from \"Force and Destiny Core Rulebook\"','Gear'),(9,'Cybernetic Brain Implant','item/9/Cybernetic Brain Implant.png','Image from \"Force and Destiny Core Rulebook\"','Gear'),(10,'Cybernetic Eyes','','','Gear'),(11,'Cybernetic Weapon','','','Gear'),(12,'Cyberscanner Limb','','','Gear'),(13,'Immune Implant','','','Gear'),(14,'Implant Armor','','','Gear'),(15,'Prosthetic Replacement (Limb)','','','Gear'),(16,'Prosthetic Replacement (Organ)','','','Gear'),(17,'Electrobinoculars','item/17/Electrobinoculars_-_SWGTCg.jpg','Image from http://starwars.wikia.com/wiki/Electrobinocular','Gear'),(18,'General Purpose Scanner','item/18/EnhanceScan_SW2Indy.jpg','Image from http://starwars.wikia.com/wiki/EnhanceScan_general-purpose_scanner','Gear'),(19,'Macrobinoculars','item/19/MB450_macrobinoculars.png','Image taken from http://starwars.wikia.com/wiki/MB450_macrobinoculars','Gear'),(20,'Scanner Goggles','','','Gear'),(21,'Hand Scanner','item/21/PortableScanner.jpg','Image from http://starwars.wikia.com/wiki/Portable_scanner','Gear'),(22,'Surveillance Tagger','','','Gear'),(23,'Bacta (liter)','','','Gear'),(24,'Bacta (tank)','','','Gear'),(25,'Emergency Medpac','','','Gear'),(26,'Medpac','item/26/FastFlesh_Medpac.jpg','Image from http://starwars.wikia.com/wiki/FastFlesh_medpac','Gear'),(27,'Stimpack','','','Gear'),(28,'Synthskin','','','Gear'),(29,'Synthflesh','','','Gear'),(30,'Binders','','','Gear'),(31,'Comm Scrambler','','','Gear'),(32,'Disguise Kit','','','Gear'),(33,'Electronic Lock Breaker','','','Gear'),(34,'Restraining Bolt','','','Gear'),(35,'Slicer Gear','','','Gear'),(36,'Breath Masks and Respirators','','','Gear'),(37,'Ration Packs','','','Gear'),(38,'Space Suit','','','Gear'),(39,'Crash Survival Kit','','','Gear'),(40,'Tent','','','Gear'),(41,'Thermal Cloak','','','Gear'),(42,'Backpack','','','Gear'),(43,'Climbing Gear','','','Gear'),(44,'Datapad','','','Gear'),(45,'Extra Reload','','','Gear'),(46,'Fusion Lantern','','','Gear'),(47,'Glow Rod','','','Gear'),(48,'Jet Pack','item/48/Jetpack_negwt.jpg','Image from http://starwars.wikia.com/wiki/Z-6_jetpack','Gear'),(49,'Tool Kit','','','Gear'),(50,'Emergency Repair Patch','','','Gear'),(51,'Utility Belt','','','Gear'),(52,'Avabush Spice (100 dose cargo container)','','','Gear'),(53,'Avabush Spice (1 dose)','','','Gear'),(54,'Booster Blue (100 dose cargo container)','','','Gear'),(55,'Booster Blue (1 dose)','','','Gear'),(56,'Glitterstim (100 dose cargo container)','','','Gear'),(57,'Glitterstim (1 dose)','','','Gear'),(58,'Lesai (20 dose enviro-sealed cargo pod)','','','Gear'),(59,'Lesai (1 dose)','','','Gear'),(60,'Death Sticks (100 dose cargo container)','','','Gear'),(61,'Death Sticks (1 dose)','','','Gear'),(62,'Yarrock (100 dose cargo container)','','','Gear'),(63,'Yarrock (1 dose)','','','Gear'),(64,'Outlaw Tech Data Breaker','','','Gear'),(65,'Outlaw Tech Flesh Camouflage Set','','','Gear'),(66,'Outlaw Tech Personal Stealth Field','','','Gear'),(67,'Antiquated Battle Droid','','','Gear'),(68,'Assassin Droid','','','Gear'),(69,'Astromech Droid','','','Gear'),(70,'Maintenance Droid','','','Gear'),(71,'Medical Droid','','','Gear'),(72,'Protocol Droid','','','Gear'),(73,'Security Droid','','','Gear'),(74,'Taggeco Shockhold Hardened Comlink','item/74/Shockhold Hardened Comlink.png','Image taken from \"Dangerous Covenants\"','Gear'),(75,'Chedak Mark 6 Combat Scanner','','','Gear'),(76,'Arakyd Industries Recon Remote','item/76/Recon Remote.png','Image taken from \"Dangerous Covenants\"','Gear'),(77,'Chedak Mark 10 Demolitions Scanner','','','Gear'),(78,'Athakam Medtech Military Medpac (Untrained/Emergency)','','','Gear'),(79,'Chiewab Iraps Cerebral Stabilizer','','','Gear'),(80,'Fabritech CN-15 Camouflage Netting','','','Gear'),(81,'Corchemco Fire Paste','','','Gear'),(82,'Fabritech CN-21 Camouflage Paint','','','Gear'),(83,'Fabritech CX-2000 Holographic Ghillie Suit','','','Gear'),(84,'Gandorthral Atmospherics Scout 5 Field Goggles','','','Gear'),(85,'Imperial Army Canteen','','','Gear'),(86,'Imperial Army Field Rations','','','Gear'),(87,'Rim Excursions Inc. TaunTaun Pup Tent','','','Gear'),(88,'Taggeco Food Preperation System','','','Gear'),(89,'Blastech Model 58 Concealment Holster','','','Gear'),(90,'Imperial Army Entrenching Tool','','','Gear'),(91,'Imperial Army Military Pack','','','Gear'),(92,'Rim Excursions Inc. Military Belt Pouch','','','Gear'),(93,'Cryoncorp Enhancescan Long-Range Terrain Scanner','','','Gear'),(94,'Cryoncorp Ground-Penetrating Sensor Pack','','','Gear'),(95,'Hunting Goggles','','','Gear'),(96,'Idellian Arrays ILF-6500 Life Form Scanner','','','Gear'),(97,'CAPC ECM-598 Medical Backpack','item/97/ECM-598_Medical_Backpack.jpg','Image from http://starwars.wikia.com/wiki/ECM-598_Medical_Backpack','Gear'),(98,'Degan Explorations Syntherope','item/98/Syntherope_dispensor.jpg','Image from http://starwars.wikia.com/wiki/Syntherope','Gear'),(99,'Electro-Snare','','','Gear'),(100,'Gandorthral Portable Survival Shelter','','','Gear'),(101,'Portable Electric Perimeter Fence','','','Gear'),(102,'Saladar Systems PED-21 Distress Beacon','','','Gear'),(103,'Survival Equipment Inc. Field Kitchen','','','Gear'),(104,'Survival Equipment Inc. Viscera Field Dressing Kit','','','Gear'),(105,'Beast Call','','','Gear'),(106,'Creshaldyne Mk. IV Modular Backpack','','','Gear'),(107,'Modular Backpack Extra Pouch','','','Gear'),(108,'Corchemco \"Quickflash\" Burning Gel','','','Gear'),(109,'Corchemco Beastmaster Chem Lure','','','Gear'),(110,'Loronar Corporation Excavator Precision Tool Kit','','','Gear'),(111,'Spacer\'s Duffel','','','Gear'),(112,'Specimen Containers (large)','','','Gear'),(113,'Specimen Containers (medium)','','','Gear'),(114,'Specimen Containers (small)','','','Gear'),(115,'Specimen Containers (tiny)','','','Gear'),(116,'Surveyor\'s Bag','','','Gear'),(117,'Cybot Galactica K-9 Series Hunting Droid','','','Gear'),(118,'Tranlang Holo V Audio/Visual Translator','','','Gear'),(119,'Cybot Galactica/KDY All-Terrain Exploration Droid','','','Gear'),(120,'Industrial Automation JC Series Pilot Droid','','','Gear'),(121,'Merendata KLC Series Exchequer Droid','','','Gear'),(122,'SoroSuub Corporation 87-RM Scout Collector','','','Gear'),(123,'SoroSuub Corporation Wanderer Scout Surveyor','','','Gear'),(124,'Bespin Motors Remote DVI Activator (long range)','','','Gear'),(125,'Bespin Motors Remote DVI Activator (short range)','','','Gear'),(126,'Carbanti United Electronics Whistler','','','Gear'),(127,'Cirenian Communications Pioneer Long-Range Transceiver','','','Gear'),(128,'Taggeco CAAF-2 System Cybernetic Avionics Interface','','','Gear'),(129,'Bothawui Communications Conglomerate HSI-280 Hyperwave Signal Interceptor','','','Gear'),(130,'Cryoncorp Armascan Weapon Detection Goggles','','','Gear'),(131,'Gravity Belt','','Errata: There is no detail entry because this wasn\'t supposed to exist per errata v1.2','Gear'),(132,'Corellian Whiskey (25 bottle case)','','','Gear'),(133,'Corellian Whiskey (bottle)','','','Gear'),(134,'Whyren\'s Reserve (20 bottle case)','','','Gear'),(135,'Whyren\'s Reserve (bottle)','','','Gear'),(136,'Industrial Automation FD-Series Extinguisher Droid','','','Gear'),(137,'Industrial Automation Hologlide J57 Cam Droid','','','Gear'),(138,'Ji Rikknit (100 dose cargo container)','','','Gear'),(139,'Ji Rikknit (1 dose)','','','Gear'),(140,'Nannarium Root (1 dose)','','','Gear'),(141,'Ryshcate (cake)','','','Gear'),(142,'Corellia Mining Corporation EVA Powersuit','','','Gear'),(143,'Corellian Technogolies Savior Anti-Grav Chute','','','Gear'),(144,'TT24 Holdout Blaster','','','Weapon'),(151,'Claws','','','Weapon'),(154,'Worn-out blaster pistol','','','Weapon'),(155,'Worn-out blaster rifle','','','Weapon'),(156,'Blaster Pistol','weapon/156/HG_01_zpschs1b8ev.png','Image by Ruak','Weapon'),(157,'Holdout Blaster','','','Weapon'),(158,'Light Blaster Pistol','','','Weapon'),(159,'Blaster Carbine','weapon/159/Carbine_01_zpsz1vn9muq.png','Image by Ruak','Weapon'),(160,'Blaster Rifle','weapon/160/E-11_NEGWT.png','','Weapon'),(161,'Bowcaster','','','Weapon'),(162,'Heavy Blaster Pistol','weapon/162/HG_02_zpsvvnxveb3.png','Image by Ruak','Weapon'),(163,'Heavy Blaster Rifle','weapon/163/DLT-19_DICE.png','','Weapon'),(164,'Heavy Repeating Blaster','','','Weapon'),(165,'Ionization blaster','weapon/165/Jawa_ion_pistol.jpg','Image from http://starwars.wikia.com/wiki/Homemade_ion_pistol','Weapon'),(166,'Light Repeating Blaster','weapon/166/BlasTechT-21LRBlaster1.png','Image from http://starwars.wikia.com/wiki/T-21_light_repeating_blaster','Weapon'),(167,'Disruptor Pistol','weapon/167/DX2pistol.png','Image from http://starwars.wikia.com/wiki/DX-2_disruptor_pistol','Weapon'),(168,'Disruptor Rifle','weapon/168/DXR-6_negwt.jpg','Image from http://starwars.wikia.com/wiki/DXR-6_disruptor_rifle','Weapon'),(169,'Slugthrower Pistol','','','Weapon'),(170,'Slugthrower Rifle','','','Weapon'),(171,'Bola','','','Weapon'),(172,'Net','','','Weapon'),(173,'Frag Grenade','weapon/173/frag_grenade.png','','Weapon'),(174,'Stun Grenade','weapon/174/Stun_grenade.png','Image from http://starwars.wikia.com/wiki/Stun_grenade','Weapon'),(175,'Thermal Detonator','weapon/175/ThermalDet_negwt.png','Image from http://starwars.wikia.com/wiki/Thermal_detonator/Legends','Weapon'),(176,'Flame Projector','','','Weapon'),(177,'Missile Tube','','','Weapon'),(178,'Brass Knuckles','','','Weapon'),(179,'Shock Gloves','','','Weapon'),(180,'Combat Knife','','','Weapon'),(181,'Force Pike','weapon/181/Forcepike_negwt.jpg','Image from http://starwars.wikia.com/wiki/Force_pike','Weapon'),(182,'Gaffi Stick','','','Weapon'),(183,'Lightsaber','weapon/183/Lightsabers_negwt.jpg','Image from http://starwars.wikia.com/wiki/Lightsaber','Weapon'),(184,'Truncheon','','','Weapon'),(185,'Vibro-ax','weapon/185/638px-1vibroax_1.jpg','Image shows BD-1 \"Cutter\" Vibro-ax from http://starwars.wikia.com/wiki/BD-1_Cutter_vibro-ax','Weapon'),(186,'Vibroknife','','','Weapon'),(187,'Vibrosword','','','Weapon'),(188,'Battered stun pistol','','','Weapon'),(189,'Stun blaster','','','Weapon'),(190,'Small rocks','','','Weapon'),(191,'Riot Gun','','','Weapon'),(192,'Large-bore blaster pistol','','','Weapon'),(193,'Duelist Blaster Pistol','','','Weapon'),(198,'BlasTech DL-7H Heavy Blaster Pistol','','','Weapon'),(199,'Merr-Sonn IR-5 \"Intimidator\" Blaster Pistol','weapon/199/Ir-5_blaster_pistol.png','Image from starwars.wikia.com/wiki/IR-5_blaster_pistol','Weapon'),(200,'Merr-Sonn Model 44 Blaster Pistol','weapon/200/Merrsonn44.jpg','Image from http://starwars.wikia.com/wiki/Model_44_blaster_pistol','Weapon'),(201,'Merr-Sonn Model 80 Blaster Pistol','weapon/201/Model 80 Blaster Pistol.png','Image taken from \"Dangerous Covenants\"','Weapon'),(202,'Arakyd Accelerated Charged Particle Array Gun','','','Weapon'),(203,'BlasTech DH-X Heavy Blaster Rifle','weapon/203/DH-X Heavy Blaster Rifle.png','See also http://starwars.wikia.com/wiki/DH-X_heavy_blaster_rifle','Weapon'),(204,'BlasTech SE-14r Light Repeating Blaster','','','Weapon'),(205,'SoroSuub OK-98 Blaster Carbine','weapon/205/OK-98 Blaster Carbine.png','Image taken from \"Dangerous Covenants\"','Weapon'),(206,'SoroSuub VX \"Sidewinder\" Repeating Blaster','','','Weapon'),(207,'SoroSuub HOB Heavy Repeating Blaster','','','Weapon'),(208,'Czerka CZ-28 Flamestrike','','','Weapon'),(209,'Golan Arms FC1 Flechette Launcher (Anti-Infantry)','weapon/209/Flechette.jpg','Image from http://starwars.wikia.com/wiki/FC-1_flechette_launcher','Weapon'),(210,'Golan Arms FC1 Flechette Launcher (Anti-Vehicle)','weapon/210/Flechette.jpg','Image from http://starwars.wikia.com/wiki/FC-1_flechette_launcher','Weapon'),(211,'Malaxan Z50 Grenade Launcher','','','Weapon'),(212,'Glunok FYR Assault Carbine','','','Weapon'),(213,'XET Industries Model C \"Fiver\" Self-Defense Pistol','','','Weapon'),(214,'Kirgo Blastworks Lightning 22 Ion Grenade','','','Weapon'),(215,'Merr-Sonn D-24 Inferno Grenade','','','Weapon'),(216,'Merr-Sonn G2 Concussion Grenade','','','Weapon'),(217,'Golan Arms MK.4 Heavy Fragmentation Grenade','','','Weapon'),(218,'Kirgo Blastworks Nova40 Plasma Grenade','','','Weapon'),(219,'Golan Arms MK.10 Concussion Missle','','','Weapon'),(220,'Merr-Sonn C-88 Fragmentation Missile','','','Weapon'),(221,'Merr-Sonn C908 Incendiary Missile','','','Weapon'),(222,'Merr-Sonn SK-44 Plasma Missile','','','Weapon'),(223,'Czerka Vibroknuckles','weapon/223/Vibroknuckler_egwt.png','Image from http://starwars.wikia.com/wiki/Vibroknuckler','Weapon'),(224,'Outlawtech Blast Knuckles','','','Weapon'),(225,'Prax Arms S-1 Vamblade','','','Weapon'),(226,'Ryyk Blade','','','Weapon'),(227,'Czerka \"Czerhander\" VX Vibro-Greatsword','','','Weapon'),(228,'SoroSuub Model 7 Therm-Ax','','','Weapon'),(229,'BlasTech E-11s Sniper Rifle','','','Weapon'),(230,'SoroSuub X-30 Lancer Precision Blast Pistol','weapon/230/Star-Wars-Return-Of-The-Jedi-Leia-ROTJ-Blaster-1.jpg','Image from https://www.yourprops.com/movieprops/default/4c5f1b3827174/Star-Wars-Return-Of-The-Jedi-Leia-ROTJ-Blaster-1.jpg','Weapon'),(231,'BlasTech LBR-9 Stun Rifle','','','Weapon'),(232,'Field Sports Model 77 Air Rifle','','','Weapon'),(233,'Czerka Arms Model 38 Sharpshooter\'s Rifle','weapon/233/Adventurer.jpg','Image taken from http://starwars.wikia.com/wiki/Adventurer_slugthrower_rifle','Weapon'),(234,'Czerka Arms KS23 Hammer','','','Weapon'),(235,'Merr-Sonn Munitions G-20 Glop Grenade','','','Weapon'),(236,'Karflo Corporation G9-GP Pulse Drill','','','Weapon'),(237,'Palandrix AO14 \"Aranea\" Net Gun','','','Weapon'),(238,'Laserhone Huntsman Vibrospear','','','Weapon'),(239,'Mk VIII Vibrosaw','','If a user generates [D} with an attack using the Mk. VIII, he hits himself and not his target.  Manufactured by Greel Wood Logging Corporation.','Weapon'),(240,'Teeth and claws','','Droid: Cybot Galactica K-9 ','Weapon'),(241,'Forward-mounted blaster','','Droid: Cybot Galactica/KDY All-Terrain Exploration Droid','Weapon'),(242,'Light pop-up blaster','','Droid: Industrial Automation JC Series Pilot Droid','Weapon'),(243,'Grapple arms','','Droid: SoroSuub Corporation 87-RM Scout Collector ','Weapon'),(244,'Stun blaster','','Droid: SoroSuub Corporation Wander Scout Surveyor','Weapon'),(245,'Crude Gamorrean vibro-ax','','','Weapon'),(246,'Relby-K23 blaster pistol','','','Weapon'),(247,'Stun Club','','','Weapon'),(250,'Selonian Shard Shooter','','','Weapon'),(278,'Oversized Hydrospanner','','','Weapon'),(284,'Shock Truncheon','','','Weapon'),(285,'CDEF Blaster Pistol','','','Weapon'),(286,'Coronet Arms Dueling Pistol','','','Weapon'),(287,'Coronet Arms HL-27 Light Blaster Pistol','','','Weapon'),(288,'Coronet Arms H-7 \"Equalizer\" Blaster Pistol','','','Weapon'),(289,'Talus Ironworks XL-2 \"Flashfire\" Light Blaster Pistol','','','Weapon'),(290,'Corellian Arms CR-2 Heavy Blaster Pistol','weapon/290/CR-23.jpg','','Weapon'),(291,'Fed-Dub Protective Services Spukami Pocket Blaster Pistol','','','Weapon'),(292,'SKZ Sporting Blaster','','','Weapon'),(293,'ASP-9 \"Vrelt\" Autopistol','','','Weapon'),(294,'Corellian Cutlass','','','Weapon'),(295,'Corellian Compound Bow','','','Weapon'),(296,'Styanax Lance','','','Weapon'),(297,'Coronet Arms Mark V \"Sand Panther\" Hunting Rifle','','','Weapon'),(298,'Drall Flashstick','','','Weapon'),(299,'Corellia Mining Corporation J-7B Beamdrill','','','Weapon'),(300,'Selonian Glaive','','','Weapon'),(301,'Scattergun Blaster','','','Weapon'),(302,'Chain','','','Weapon'),(303,'Mop','','','Weapon'),(304,'Armor Piercing Grenade','','','Weapon'),(307,'Heavy Trench Coat','','','Armor'),(308,'Adverse Environment Gear','item/308/Adverse Environment Gear.png','Image taken from EotE CRB','Armor'),(309,'Armored Clothing','','','Armor'),(310,'Heavy Clothing','item/310/Heavy Clothing.png','Image taken from EotE CRB','Armor'),(311,'Laminate Armor','item/311/Laminate Armor.png','Image taken from EotE CRB','Armor'),(312,'Padded Armor','item/312/Padded Armor.png','Image taken from EotE CRB','Armor'),(313,'Heavy Battle Armor','item/313/Heavy Battle Armor.png','Image taken from EotE CRB','Armor'),(314,'Personal Deflector Shield','','','Armor'),(315,'Beast-Hide Warrior\'s Armor','','','Armor'),(316,'Corellian Arms \"Storm\" Charge Suit','','','Armor'),(317,'Pacnorval Defense Systems MK. III Flak Vest','item/317/Mk. III Flak Vest.png','Image taken from \"Dangerous Covenants\"','Armor'),(318,'Arakyd Industries PX-1 \"Battlement\" Powered Armor','item/318/PX-1 Battlement Powered Armor.png','Image taken from \"Dangerous Covenants\"','Armor'),(319,'Loronar Corporation Mk.II \"Steelskin\" Anti-Concussive Armor','','','Armor'),(320,'Taggeco Protector 1 Combat Armor','item/320/Protector-1 Combat Armor.png','Image taken from \"Dangerous Covenants\"','Armor'),(321,'Enviro-Suit','item/321/Enviro-Suit.png','Image taken from \"Enter the Unknown\"','Armor'),(322,'A/KT Mountaineer Armor','','','Armor'),(323,'A/KT Shockrider Crash Suit','','','Armor'),(324,'A/KT Tracker Utility Vest','item/324/Trackerutilityvest.jpg','Image from http://starwars.wikia.com/wiki/Tracker_utility_vest','Armor'),(325,'Catch Vest','','','Armor'),(326,'Nomad Greatcoat','item/326/Nomad Greatcoat.png','Image taken from \"Suns of Fortune\"','Armor'),(327,'TX-3 Combat Flight Suit','','','Armor'),(328,'Type III \"Berethron\" Personal Modular Armor','','','Armor'),(329,'Augmented Spin Barrel','','','Attachment'),(330,'Balanced Hilt','','','Attachment'),(331,'Bipod Mount','','','Attachment'),(332,'Blaster Actuating Module','','','Attachment'),(333,'Bowcaster Accelerator Enhancement','','','Attachment'),(334,'Bowcaster Automatic Re-Cocker','','','Attachment'),(335,'Filed Front Sight','','','Attachment'),(336,'Forearm Grip','','','Attachment'),(337,'Marksman Barrel','','','Attachment'),(338,'Mono-Molecular Edge','','','Attachment'),(339,'Multi-Optic Sight','','','Attachment'),(340,'Serrated Edge','','','Attachment'),(341,'Shortened Barrel','','','Attachment'),(342,'Spread Barrel','','','Attachment'),(343,'Superior Weapon Customization','','','Attachment'),(344,'Under-Barrel Grenade Launcher','','','Attachment'),(345,'Telescopic Optical Sight','','','Attachment'),(346,'Under-Barrel Flame Projector','','','Attachment'),(347,'Tripod Mount','','','Attachment'),(348,'Weapon Harness','','','Attachment'),(349,'Weapon Sling','','','Attachment'),(350,'Weighted Head','','','Attachment'),(351,'Cortosis Weave','','','Attachment'),(352,'Enhanced Optics Suite','','','Attachment'),(353,'Heating System','','','Attachment'),(354,'Strength Enhancing System','','','Attachment'),(355,'Thermal Shielding System','','','Attachment'),(356,'Optical Camouflage System','','','Attachment'),(357,'Superior Armor Customization','','','Attachment'),(358,'Vacuum Sealed','','','Attachment'),(359,'Advanced Targeting Array','','','VehicleAttachment'),(360,'Electronic Countermeasures Suite','','','VehicleAttachment'),(361,'Enhanced Carbon-Durasteel Armor','','','VehicleAttachment'),(362,'Hydraulic Control Circuits','','','VehicleAttachment'),(363,'Reinforced Shield Generator','','','VehicleAttachment'),(364,'Smuggling Compartments','','','VehicleAttachment'),(365,'High-Output Ion Turbine','','','VehicleAttachment'),(366,'Hyperdrive Generator','','','VehicleAttachment'),(367,'Retrofitted Hanger Bay','','','VehicleAttachment'),(368,'Arakyd 900 Gene-Lock','','','Attachment'),(369,'Corellian Arms Model 2 Wrist Mount','','','Attachment'),(370,'Czerka H9 Pistol Grip','','','Attachment'),(371,'Sorosuub \"Bantha\'s Eye\" Laser Sight','','Gain automatic [a] on successful combat checks with this weapon.','Attachment'),(372,'Sorosuub \"Final Word\" Secondary Missile System','','','Attachment'),(373,'Athakam Medtech Smartmed 2000 Integrated Med-Systems','','','Attachment'),(374,'Chedak Communications Multi-Band Comlink','','','Attachment'),(375,'Merr-Sonn VX Hands-Free Weapon System','','','Attachment'),(376,'Cryoncorp Omniscan 3 Integrated Scanner','item/376/Omniscan 3 Integrated Scanner.png','Image taken from \"Dangerous Covenants\"','Attachment'),(377,'Industrial Automaton \"Accu-Strike\" Integrated Targeting Computer','','Base Modifiers: The user adds [b] to all Ranged attacks at Long or Extreme Ranges.\r\n\r\nModification Options: 1 Innate Talent (Natural Marksman) Mod.','Attachment'),(378,'Taggeco MB-7 \"Ranger\" Range Finder','','Base Modifiers: Innate Talent (Sniper Shot)\r\n\r\nModification Options: 1 Innate Talent (Sniper Shot) Mod\r\n\r\nHP 1 per errata v1.2','Attachment'),(379,'Arakyd Mini-Missile Pack','','','VehicleAttachment'),(380,'Arakyd Missile Pack','','','VehicleAttachment'),(381,'Oversized External Weapons Mount','','','VehicleAttachment'),(382,'Sienar MM-XT Mini-Missile Tube','','','VehicleAttachment'),(383,'Fabritech Fogger Smoke Generator','','','VehicleAttachment'),(384,'Sienar T9 Stinger Assault Boarding Tube','','','VehicleAttachment'),(385,'Sienar Grappler 213 Tactical Tractor Beam','','','VehicleAttachment'),(386,'Augmented Buffer','','','VehicleAttachment'),(387,'Maneuvering Thrusters','','','VehicleAttachment'),(388,'Repulsorlift Enhancement','','','VehicleAttachment'),(389,'Upgraded Firepower','','','VehicleAttachment'),(391,'V5 Medium Cargo Floater','','','Vehicle'),(393,'Jawa Salvage Skiff','item/393/StarWars_ScrapSkiff_MarkMolnar.jpg','Image from http://momarkmagic.blogspot.co.uk/2013/10/star-wars-scrap-skiff.html','Vehicle'),(394,'Civilian Airspeeder','','Various models can carry 10-30 Enc, and 1-6 passengers.','Vehicle'),(395,'Incom T-16 Skyhopper','item/395/t-16.png','Image from http://momarkmagic.blogspot.co.uk/2012/08/star-wars-edge-of-empire.html','Vehicle'),(396,'Storm IV Cloud Car','','','Vehicle'),(397,'Incom T-47 Airspeeder (Civilian)','','','Vehicle'),(398,'Aratech 74-Z Military Speeder Bike','item/398/74zSpeederbike-NEGVV.jpg','Image from http://starwars.wikia.com/wiki/74-Z_speeder_bike','Vehicle'),(399,'Trast A-A5 Heavy Speeder Truck','','','Vehicle'),(400,'Mobquet Flare-S Swoop','','','Vehicle'),(401,'X-34 Landspeeder','','','Vehicle'),(402,'Corellian Mining Corporation Digger Crawler','','','Vehicle'),(403,'Personnel Carrier','','','Vehicle'),(404,'All Terrain Personal Transport (AT-PT)','','','Vehicle'),(405,'AT-EST Exploration and Survey Walker','','','Vehicle'),(406,'Guardian 5E Personal Defense Speeder','','','Vehicle'),(407,'Guardian E2 Escape Speeder Bike','','','Vehicle'),(408,'Invader AA-9 Assault Airspeeder','','','Vehicle'),(409,'Overwatch MC-2 Mobile Command Speeder','','','Vehicle'),(410,'Rush Troop Transport Speeder','','','Vehicle'),(411,'Needle NE-4 Cloud Car Interceptor','','','Vehicle'),(412,'The Superflare -- Modified Mobquet Flare-S Swoop','','','Vehicle'),(413,'Aratech 57-D Speeder Bike','','','Vehicle'),(414,'KV Swoop','','','Vehicle'),(415,'Zephyr-G Swoop','','','Vehicle'),(416,'Storm IV Cloud Car (Wing Guard variant)','','','Vehicle'),(417,'Arrow-7 Airspeeder, Customized','','','Vehicle'),(418,'CAV-11 \"Condor\" Airspeeder','','','Vehicle'),(419,'G35 \"Silver Cloud\" Airspeeder','','','Vehicle'),(420,'CEC D-22 \"Screamer\" Speeder Bike','','','Vehicle'),(421,'SoroSuub Seraph \"Flash Speeder\"','','','Vehicle'),(422,'Mobquet S-5 \"Flashfury\" Swoop','','','Vehicle'),(423,'A-19 \"Iron Crawler\" Armored Transport','','','Vehicle'),(424,'A-11 Model III \"Burrower\"','','','Vehicle'),(425,'MEV2 \"Dug Digger\"','','','Vehicle'),(426,'Sunflare','','','Vehicle'),(427,'Cloakshape Fighter','item/427/Cloakshape_NEGVV.jpg','Image shown from http://starwars.wikia.com/wiki/CloakShape','Starship'),(428,'Firespray-31 System Patrol Craft','item/428/Firespray_SWGTCG.jpg','Image shown from http://starwars.wikia.com/wiki/Firespray-31-class_patrol_and_attack_craft','Starship'),(429,'JM-5000 Jumpmaster Long Range Scout','item/429/Punishing_One_JKTCG.jpg','Image shown from http://starwars.wikia.com/wiki/JumpMaster_5000','Starship'),(430,'Lambda-Class T-4A Long Range Shuttle','item/430/Shuttle-CHRON.jpg','Image shown from http://starwars.wikia.com/wiki/Lambda-class','Starship'),(431,'TIE/LN Starfighter','item/431/Tiefighterfull.jpg','Image from http://starwars.wikia.com/wiki/TIE/LN_starfighter','Starship'),(432,'BTL-A4 Y-Wing Attack Starfighter','item/432/Ywing.jpg','Image from http://starwars.wikia.com/wiki/BTL-A4','Starship'),(433,'BTL-S3 Y-Wing Attack Starfighter','item/433/Btl-s3.jpg','Image from http://starwars.wikia.com/wiki/BTL-S3_Y-wing_starfighter','Starship'),(434,'Z-95-AF4 Headhunter','item/434/Z95headhunter_negvv.jpg','Wheel Security Starfighters are 85,000 credits (R)\r\n\r\nImage from http://starwars.wikia.com/wiki/Z-95_Headhunter','Starship'),(435,'GAT-12H Skipray Blastboat','item/435/Skipray2.jpg','Image from http://starwars.wikia.com/wiki/GAT-12_Skipray_Blastboat','Starship'),(436,'Action VI Bulk Transport','item/436/ActionVITransport-SWR.png','Image from http://starwars.wikia.com/wiki/Action_VI_bulk_freighter','Starship'),(437,'ILH-KK Citadel-Class Light Freighter','item/437/Citadel.jpg','Image from http://starwars.wikia.com/wiki/ILH-KK_Citadel-class_civilian_cruiser','Starship'),(438,'GR-75 Medium Transport','item/438/GR-75_Medium_Transport.jpg','Image from http://starwars.wikia.com/wiki/GR-75_medium_transport','Starship'),(439,'SoroSuub Luxury 3000 Space Yacht','item/439/PersonalLuxuryYacht3000.png','Image shown from http://starwars.wikia.com/wiki/Personal_Luxury_Yacht_3000','Starship'),(440,'Space Master Medium Transport','item/440/GoshynQueen.jpg','Image from http://starwars.wikia.com/wiki/Space_Master-class_Medium_Transport','Starship'),(441,'Starwind Pleasure Yacht','item/441/Starwindyacht.png','Image from http://starwars.wikia.com/wiki/Starwind-class_pleasure_yacht','Starship'),(442,'Wayfarer-Class Medium Freighter','item/442/TheRevenge_1.jpg','Image from http://starwars.wikia.com/wiki/Wayfarer-class_Medium_Transport\r\n\r\n\"Sensor Range: Short\" per errata v1.2','Starship'),(443,'YT-1300 Light Freighter','item/443/YT1300-CHRON.jpg','Image from http://starwars.wikia.com/wiki/YT-1300_light_freighter','Starship'),(444,'YT-2400 Light Freighter','item/444/Outrider_negvv_1.jpg','Image from http://starwars.wikia.com/wiki/YT-2400_light_freighter','Starship'),(445,'Star Galleon Armed Transport','item/445/Star_Galleon_SotG(2007).jpg','Image from http://starwars.wikia.com/wiki/Star_Galleon','Starship'),(446,'CR90 Corvette','item/446/Rebels-TantiveIVConceptArt-CroppedBackground_WP9GfhV.png','The numbers shown for Encumbrance, Passengers, and Crew are maximums for each respective category.  Depending on configuration, the Crew complement can be as small as 30, and there is a trade-off between the number of Passengers and the amount of Encumbrance that can be carried.\r\n\r\nImage from http://starwars.wikia.com/wiki/CR90','Starship'),(447,'DP20 Gunship','item/447/CorellianGunship-SWR.png','Image from http://starwars.wikia.com/wiki/DP20_frigate','Starship'),(448,'Marauder-Class Assault Corvette','item/448/marauder_x1Du2Bv.png','Starfighter Complement: Twelve fighters, two shuttles\r\n\r\nImage from http://starwars.wikia.com/wiki/Marauder-class','Starship'),(449,'EF76 Nebulon-B Escort Frigate','item/449/StarWars_NebulonBFrigate_MarkMolnar.jpg','Starfighter Complement: Twenty-four Starfighters\r\n\r\nImage from http://momarkmagic.blogspot.co.uk/2014/07/star-wars-nebulon-b-frigate.html','Starship'),(450,'Sentry Droid Starship','','','Starship'),(451,'Z-TIE','','','Starship'),(452,'Nightflyer','','','Starship'),(453,'The Deep Dark','','','Starship'),(454,'Blockade Bandit','','Junker Starship','Starship'),(455,'Imperial System Patrol Craft IPV-1','item/455/Ipv1eaw.JPG','Image from http://starwars.wikia.com/wiki/IPV-1_System_Patrol_Craft','Starship'),(456,'ISO-One','item/456/BFF1BulkFreighter-TCG.jpg','Image from http://starwars.wikia.com/wiki/BFF-1_bulk_freighter','Starship'),(458,'A-7 Hunter Interceptor','','','Starship'),(459,'Preybird-Class Starfighter','item/459/Preybird.JPG','Navicomputer is only 5 jumps\r\n\r\nImage from http://starwars.wikia.com/wiki/Preybird-class_starfighter','Starship'),(460,'4R3 Light Assault Transport','','','Starship'),(461,'Surronian Conqueror-Class Assault Ship','item/461/GuriStinger-SOTEC.jpg','Image from http://starwars.wikia.com/wiki/Surronian_Conqueror','Starship'),(462,'YV-929 Light Freighter','item/462/StarWars_YV929_MarkMolnar.jpg','Image from http://momarkmagic.blogspot.co.uk/2014/03/star-wars-veteran-yv929.html','Starship'),(463,'YZ-775 Medium Transport','item/463/Yz-775.JPG','Image from http://starwars.wikia.com/wiki/YZ-775_medium_transport','Starship'),(464,'Rendili Stardrive Neutron Star-Class Bulk Cruiser','item/464/NeutronStarBulkCruiser-SWR.png','Image from http://starwars.wikia.com/wiki/Neutron_Star-class_bulk_cruiser','Starship'),(465,'Keldabe-Class Battleship','item/465/Kedalbe_battleship2.jpg','Starfighter Complement: 36 starfighters\r\n\r\nImage from http://starwars.wikia.com/wiki/Keldabe-class_battleship','Starship'),(466,'Starbolt Assault Carrier','','Starfighter Complement: 24 starfighters, six assault speeders, four troop speeders, two command speeders, and two shuttles','Starship'),(467,'Incom A-24 Sleuth-Class Scout Ship','item/467/A-24-goi.jpg','Image from http://starwars.wikia.com/wiki/A-24_Sleuth_Scout','Starship'),(468,'Incom A-36 Pathfinder-Class Force Reconnaissance Vessel','','','Starship'),(469,'Loronar E-9 Explorer-Class Armed Long-Range Scout Vessel','item/469/Loronar E-9 Explorer-Class Armed Long-Range Scout Vessel.png','Image from http://adamkop.deviantart.com/art/Star-Wars-E-9-Loronar-Explorer-605529098','Starship'),(470,'Ghtroc 720 Light Freighter','item/470/Ghtroc720_sotg07.jpg','Image from http://starwars.wikia.com/wiki/Ghtroc_720_freighter','Starship'),(471,'Xiytiar-Class Heavy Transport','item/471/Xiytiar_Library.jpg','Image from http://starwars.wikia.com/wiki/Xiytiar-class_transport','Starship'),(472,'YG-4210 Light Freighter','item/472/large.jpg','Image from http://www.swcombine.com/rules/?Light_Freighters&ID=64','Starship'),(473,'YT-1000 Light Freighter','item/473/Yt-1000.jpg','Image from http://starwars.wikia.com/wiki/YT-1000_light_freighter','Starship'),(474,'YV-560 Light Freighter','item/474/YV-560_light_Frieghter.jpg','Image from http://starwars.wikia.com/wiki/YV-560_light_freighter','Starship'),(475,'Xanter-Class Deep-Space Exploration Frigate','','Consumables are 2.5 years','Starship'),(476,'The Venture','','','Starship'),(477,'A-Type Stiletto','','','Starship'),(478,'Selonian Coneship','item/478/Selonian_Coneship.JPG','Image from http://starwars.wikia.com/wiki/Selonian_cone_ship','Starship'),(479,'CL-1c Lancet Interceptor','','','Starship'),(480,'HLAF-500 Starfighter','item/480/HLAF-500_Starfighter.jpg','Image from http://starwars.wikia.com/wiki/HLAF-500_starfighter','Starship'),(481,'LAF-250 Starfighter','item/481/HLAF-250_Starfighter.jpg','Image from http://starwars.wikia.com/wiki/LAF-250_starfighter','Starship'),(482,'PPB Pocket Patrol Boat','','','Starship'),(483,'CSS-1 Corellian Star Shuttle','item/483/corellianstarshuttlemodel-swbrbd1-trans.png','Primary Hyperdrive: Class 1.5\r\n\r\nImage from http://starwars.wikia.com/wiki/CSS-1_Corellian_Star_Shuttle','Starship'),(484,'PB-950 Patrol Boat','item/484/PB-950PB.png','Image from http://starwars.wikia.com/wiki/PB-950_patrol_boat','Starship'),(485,'D-Type Stealth Freighter','','','Starship'),(486,'J-Type Star Skiff','item/486/Nabooskiff2-chron.jpg','Manufacturer incomplete per lore and Image from: http://starwars.wikia.com/wiki/J-type_star_skiff\r\n','Starship'),(487,'S-Type Racing Sloop','','','Starship'),(488,'YG-4400 Light Freighter','','','Starship'),(489,'YT-1210 Light Freighter','item/489/YT1210-EotESoF.png','Image from http://starwars.wikia.com/wiki/YT-1210_light_freighter','Starship'),(490,'CR92A Assassin-Class Corvette','item/490/Assassin-class_Corvette_Ring_Planet.jpg','Image from: http://starwars.wikia.com/wiki/CR92a_Assassin-class_corvette','Starship'),(491,'The Diligent','','','Starship'),(492,'Bloodblade','','Pilot: Capitan Jostero\r\nGuards: 2 pirates','Starship'),(493,'Modified Cloakshape Starfighter','','','Starship'),(494,'Comm Jammer','','','Gear'),(495,'TIE/IN Interceptor','','','Starship'),(496,'T-65B \"X-Wing\" Multi-Role Starfighter','item/496/X-wing_Fathead.png','Image from http://starwars.wikia.com/wiki/T-65_X-wing_starfighter','Starship'),(497,'Aratech 74-ZB','','','Vehicle'),(498,'Slightly Rusted AT-ST Walker','','','Vehicle'),(499,'Retrofitted AT-AT','','','Vehicle'),(500,'Modified TIE Bomber','','','Starship'),(501,'Astrogation','','','Skill'),(502,'Athletics','','','Skill'),(503,'Brawl','','','Skill'),(504,'Charm','','','Skill'),(505,'Coercion','','','Skill'),(506,'Computers','','','Skill'),(507,'Cool','','','Skill'),(508,'Coordination','','','Skill'),(509,'Core Worlds','','','Skill'),(510,'Deception','','','Skill'),(511,'Discipline','','','Skill'),(512,'Education','','','Skill'),(513,'Gunnery','','','Skill'),(514,'Leadership','','','Skill'),(515,'Lore','','','Skill'),(516,'Mechanics','','','Skill'),(517,'Medicine','','','Skill'),(518,'Melee','','','Skill'),(519,'Negotiation','','','Skill'),(520,'Outer Rim','','','Skill'),(521,'Perception','','','Skill'),(522,'Piloting [Planetary]','','','Skill'),(523,'Piloting [Space]','','','Skill'),(524,'Ranged [Heavy]','','','Skill'),(525,'Ranged [Light]','','','Skill'),(526,'Resilience','','','Skill'),(527,'Skullduggery','','','Skill'),(528,'Stealth','','','Skill'),(529,'Streetwise','','','Skill'),(530,'Survival','','','Skill'),(531,'Underworld','','','Skill'),(532,'Vigilance','','','Skill'),(533,'Xenology','','','Skill'),(534,'Knowledge','','','Skill'),(535,'Piloting','','','Skill'),(536,'Adversary','','','Talent'),(537,'Anatomy Lessons','','','Talent'),(538,'Armor Master','','','Talent'),(539,'Armor Master [Improved]','','','Talent'),(540,'Bacta Specialist','','','Talent'),(541,'Bad Motivator','','','Talent'),(542,'Balance','','','Talent'),(543,'Barrage','','','Talent'),(544,'Black Market Contacts','','','Talent'),(545,'Blooded','','','Talent'),(546,'Body Guard','','','Talent'),(547,'Brace','','','Talent'),(548,'Brilliant Evasion','','','Talent'),(549,'Bypass Security','','','Talent'),(550,'Codebreaker','','','Talent'),(551,'Command','','','Talent'),(552,'Contraption','','','Talent'),(553,'Convincing Demeanor','','','Talent'),(554,'Crippling Blow','','This is Active (Incidental), per the FAQ linked from http://www.fantasyflightgames.com/edge_minisite_sec.asp?eidm=232&esem=4','Talent'),(555,'Dead to Rights','','','Talent'),(556,'Dead to Rights [Improved]','','','Talent'),(557,'Deadly Accuracy','','','Talent'),(558,'Dedication','','','Talent'),(559,'Defensive Driving','','','Talent'),(560,'Defensive Slicing','','','Talent'),(561,'Defensive Slicing [Improved]','','','Talent'),(562,'Defensive Stance','','','Talent'),(563,'Disorient','','','Talent'),(564,'Dodge','','','Talent'),(565,'Durable','','','Talent'),(566,'Enduring','','','Talent'),(567,'Expert Tracker','','','Talent'),(568,'Familiar Suns','','','Talent'),(569,'Feral Strength','','','Talent'),(570,'Field Commander','','','Talent'),(571,'Field Commander [Improved]','','','Talent'),(572,'Fine Tuning','','','Talent'),(573,'Forager','','','Talent'),(574,'Force Rating','','','Talent'),(575,'Frenzied Attack','','','Talent'),(576,'Full Throttle','','','Talent'),(577,'Full Throttle [Improved]','','','Talent'),(578,'Full Throttle [Supreme]','','','Talent'),(579,'Galaxy Mapper','','','Talent'),(580,'Gearhead','','','Talent'),(581,'Grit','','','Talent'),(582,'Hard Headed','','','Talent'),(583,'Hard Headed [Improved]','','','Talent'),(584,'Heightened Awareness','','','Talent'),(585,'Heroic Fortitude','','','Talent'),(586,'Hidden Storage','','','Talent'),(587,'Hold Together','','','Talent'),(588,'Hunter','','','Talent'),(589,'Indistinguishable','','','Talent'),(590,'Insight','','','Talent'),(591,'Inspiring Rhetoric','','','Talent'),(592,'Inspiring Rhetoric [Improved]','','','Talent'),(593,'Inspiring Rhetoric [Supreme]','','','Talent'),(594,'Intense Focus','','','Talent'),(595,'Intense Presence','','','Talent'),(596,'Intimidating','','','Talent'),(597,'Inventor','','','Talent'),(598,'Jump Up','','','Talent'),(599,'Jury Rigged','','','Talent'),(600,'Kill with Kindness','','','Talent'),(601,'Knockdown','','','Talent'),(602,'Know Somebody','','','Talent'),(603,'Knowledge Specialization','','','Talent'),(604,'Known Schematic','','','Talent'),(605,'Let\'s Ride','','','Talent'),(606,'Lethal Blows','','','Talent'),(607,'Master Doctor','','','Talent'),(608,'Master Merchant','','','Talent'),(609,'Master of Shadows','','','Talent'),(610,'Master Pilot','','','Talent'),(611,'Master Slicer','','','Talent'),(612,'Master Starhopper','','','Talent'),(613,'Mental Fortress','','','Talent'),(614,'Natural Brawler','','','Talent'),(615,'Natural Charmer','','','Talent'),(616,'Natural Doctor','','','Talent'),(617,'Natural Enforcer','','','Talent'),(618,'Natural Hunter','','','Talent'),(619,'Natural Marksman','','','Talent'),(620,'Natural Negotiator','','','Talent'),(621,'Natural Outdoorsman','','','Talent'),(622,'Natural Pilot','','','Talent'),(623,'Natural Programmer','','','Talent'),(624,'Natural Rogue','','','Talent'),(625,'Natural Scholar','','','Talent'),(626,'Natural Tinkerer','','','Talent'),(627,'Nobody\'s Fool','','','Talent'),(628,'Outdoorsman','','','Talent'),(629,'Overwhelm Emotions','','','Talent'),(630,'Plausible Deniability','','','Talent'),(631,'Point Blank','','','Talent'),(632,'Precise Aim','','','Talent'),(633,'Pressure Point','','','Talent'),(634,'Quick Draw','','','Talent'),(635,'Quick Strike','','','Talent'),(636,'Rapid Reaction','','','Talent'),(637,'Rapid Recovery','','','Talent'),(638,'Redundant Systems','','','Talent'),(639,'Researcher','','','Talent'),(640,'Resolve','','','Talent'),(641,'Scathing Tirade','','','Talent'),(642,'Scathing Tirade [Improved]','','','Talent'),(643,'Scathing Tirade [Supreme]','','','Talent'),(644,'Second Wind','','','Talent'),(645,'Sense Danger','','','Talent'),(646,'Sense Emotions','','','Talent'),(647,'Shortcut','','','Talent'),(648,'Side Step','','','Talent'),(649,'Sixth Sense','','','Talent'),(650,'Skilled Jockey','','','Talent'),(651,'Skilled Slicer','','','Talent'),(652,'Smooth Talker','','','Talent'),(653,'Sniper Shot','','','Talent'),(654,'Soft Spot','','','Talent'),(655,'Solid Repairs','','','Talent'),(656,'Spare Clip','','','Talent'),(657,'Speaks Binary','','','Talent'),(658,'Stalker','','','Talent'),(659,'Steely Nerves','','','Talent'),(660,'Stim Application','','','Talent'),(661,'Stim Application [Improved]','','','Talent'),(662,'Stim Application [Supreme]','','','Talent'),(663,'Street Smarts','','','Talent'),(664,'Stroke of Genius','','','Talent'),(665,'Strong Arm','','','Talent'),(666,'Stunning Blow','','','Talent'),(667,'Stunning Blow [Improved]','','','Talent'),(668,'Superior Reflexes','','','Talent'),(669,'Surgeon','','','Talent'),(670,'Targeted Blow','','','Talent'),(671,'Technical Aptitude','','','Talent'),(672,'Tinkerer','','','Talent'),(673,'Touch of Fate','','','Talent'),(674,'Toughened','','','Talent'),(675,'Tricky Target','','','Talent'),(676,'True Aim','','','Talent'),(677,'Uncanny Reactions','','','Talent'),(678,'Uncanny Senses','','','Talent'),(679,'Utility Belt','','','Talent'),(680,'Utinni!','','','Talent'),(681,'Well Rounded','','','Talent'),(682,'Wheel and Deal','','','Talent'),(683,'Stimpack Specialization','','','Talent'),(684,'Imperial Army Trooper','','','Adversary'),(685,'All-Terrain Driver','','','Talent'),(686,'Bring it Down','','','Talent'),(687,'Full Stop','','','Talent'),(688,'Hunter\'s Quarry','','','Talent'),(689,'Hunter\'s Quarry [Improved]','','','Talent'),(690,'Master Driver','','','Talent'),(691,'Museum Worthy','','','Talent'),(692,'Natural Driver','','','Talent'),(693,'Pin','','','Talent'),(694,'Burly','','','Talent'),(695,'Fearsome','','','Talent'),(696,'Heavy Hitter','','','Talent'),(697,'Heroic Resilience','','','Talent'),(698,'Improvised Detonation','','','Talent'),(699,'Improvised Detonation [Improved]','','','Talent'),(700,'Loom','','','Talent'),(701,'Master Grenadier','','','Talent'),(702,'Powerful Blast','','','Talent'),(703,'Rain of Death','','','Talent'),(704,'Selective Detonation','','','Talent'),(705,'Steady Nerves','','','Talent'),(706,'Talk the Talk','','','Talent'),(707,'Time to Go','','','Talent'),(708,'Time to Go [Improved]','','','Talent'),(709,'Walk the Walk','','','Talent'),(710,'Trooper uniform and helmet','','','Armor'),(711,'Tactical Direction','','','Ability'),(712,'Overwhelming Fire','','','Ability'),(713,'Imperial Army Officer','','','Adversary'),(714,'Officer Uniform','','','Armor'),(715,'Stormtrooper Armor','','','Armor'),(716,'Imperial Stormtrooper Sergeant','','','Adversary'),(717,'Imperial Valor','','','Ability'),(718,'Imperial Moff','','','Adversary'),(719,'Journeyman Bounty Hunter','','','Adversary'),(720,'Smuggler','','','Adversary'),(721,'Vacuum Dweller','','','Ability'),(722,'Energy Parasite','','','Ability'),(723,'Flyer','','','Ability'),(724,'Helium Allergy','','','Ability'),(726,'Amphibious','','','Ability'),(727,'Crushing Grip','','','Ability'),(729,'Aqualish Thug','','','Adversary'),(730,'Arms Dealer','','','Adversary'),(731,'Barabel Enforcer','','','Adversary'),(732,'Light Sensitive','','','Ability'),(733,'Shadowed','','','Ability'),(734,'Defel Assassin','','claws [Brawl;d7;c3;rE]','Adversary'),(735,'Forger','','Equipment: Electronic forger\'s kit and tools','Adversary'),(736,'Infochant','','','Adversary'),(737,'Loan Shark','','','Adversary'),(738,'Pirate Crew','','Equipment: Heavy Blaster Pistol or Blaster Carbine, Skill: matches weapon choice','Adversary'),(739,'Pirate Leader','','','Ability'),(740,'Pirate Captain','','','Adversary'),(741,'Slaver','','','Adversary'),(742,'Shipjacker','','','Adversary'),(743,'Slicer','','','Adversary'),(744,'Smuggler Baron','','Equipment: YT-2400 Freighter','Adversary'),(745,'Smuggler','','','Adversary'),(746,'Street Tough','','Equipment: Blaster or Slugthower, Skills: Ranged Heavy or Light','Adversary'),(747,'Sullustan Pilot-for-Hire','','','Adversary'),(748,'Swoop Ganger','','Equipment: Modified Swoop Bikes','Adversary'),(749,'Twi\'lek Black Marketeer','','','Adversary'),(750,'Comm Operator','','','Adversary'),(751,'Customs Inspector','','','Adversary'),(752,'Mon Calamari Mechanic','','','Adversary'),(753,'Spaceport Security Detail','','','Adversary'),(754,'Spaceport Leader','','','Ability'),(755,'Spaceport Administrator','','','Adversary'),(756,'Spaceport Urchin','','','Adversary'),(757,'Apprentice Hunter','','','Adversary'),(758,'Master Hunter','','Equipment: Heavy Blaster Rifle is modded with flame projector attachment.\r\nTalents: Deadly Accuracy has chosen Ranged [Heavy]','Adversary'),(759,'Corporate Sector Authority Security Police','','','Adversary'),(760,'Riot Tactics','','','Ability'),(761,'Riot Armor','','','Armor'),(762,'Corporate Sector Authority Security Captain','','','Adversary'),(763,'Corporate Sector Authority Viceprex','','Equipment: Encrypted expense voucher worth 5000-10000 credits','Adversary'),(764,'Emperor\'s Hand','','Abilities: Force Power: Influence','Adversary'),(765,'Imperial Intelligence Agent','','','Adversary'),(766,'Blast vest and Helmet','','','Armor'),(767,'Imperial Naval Trooper','','','Adversary'),(768,'Imperial Naval Officer','','','Adversary'),(769,'Imperial Stormtrooper','','','Adversary'),(770,'Military Starfighter Pilot','','Equipment: Vacuum sealed flight suit','Adversary'),(771,'Blast Vest','','','Armor'),(772,'Planetary Defense Force Trooper','','','Adversary'),(773,'Leader','','','Ability'),(774,'Planetary Governor','','','Adversary'),(775,'Sector Ranger','','Equipment: Blaster rifle has Telescopic Optical Sight','Adversary'),(776,'Black Sun Vigo','','','Adversary'),(777,'Awkward','','','Ability'),(778,'Ponderous','','','Ability'),(779,'Hutt Crime Lord','','','Adversary'),(780,'Corrupt Bureaucrat','','','Adversary'),(781,'Molecular Stiletto','','','Weapon'),(782,'Rebel Alliance Liaison','','','Adversary'),(783,'Arrogant Heir','','Equipment: servants, credit stick with 200-400 credits','Adversary'),(784,'Philanthropic Senator','','','Adversary'),(785,'Wealthy Noble','','Equipment: Personal Shuttle','Adversary'),(786,'Lightsaber','','','Skill'),(787,'Forsaken Jedi','item/787/DuelintheAncientGrove.jpg','Abilities: Force Power: Move, Force Power: Sense\r\n\r\nImage from http://starwars.wikia.com/wiki/Category:Images_of_fallen_Jedi','Adversary'),(788,'Gamorrean Thug','item/788/Gamorrean_Guard_with_Axe.jpg','Image from http://starwars.wikia.com/wiki/Gamorrean','Adversary'),(789,'Ithorian Storyteller','item/789/Unidentified_Ithorian_(Musings_of_an_Ithorian).png','Image from http://starwars.wikia.com/wiki/Ithorian','Adversary'),(790,'Dancing attire','','','Gear'),(791,'Twi\'lek Dancer','item/791/Unidentified_Twi\'lek_dancer_2_(Nal_Hutta).png','Image from http://starwars.wikia.com/wiki/Twi%27lek','Adversary'),(792,'Wookie Rage','','','Ability'),(793,'Wookie Gladiator','item/793/Lowhrick_EotE_DG_by_Adam_Schumpert.jpg','Image from http://starwars.wikia.com/wiki/Vibro-ax','Adversary'),(794,'Yarkora Treasure Hunter','item/794/Saelt-Marae.jpg','Image from http://starwars.wikia.com/wiki/Yarkora','Adversary'),(795,'Silhouette 3','','','Ability'),(796,'Sweep attack','','','Ability'),(798,'Four-armed','','','Ability'),(800,'Droid','','','Ability'),(801,'Antiquated Battle Droid','item/801/Battledroids_BF.jpg','Image from http://starwars.wikia.com/wiki/Battle_droid','Adversary'),(802,'Assassin Droid','item/802/Assassin_droid_TOR.jpg','Equipment: Built-in light blaster pistol, built-in missile tube, built-in razor claws\r\n\r\nImage from http://starwars.wikia.com/wiki/Assassin_droid','Adversary'),(803,'Astromech Droid','item/803/Astromechs_TotG.jpg','Equipment: Arc Welder, tool kit is built-in.\r\n\r\nImage from http://starwars.wikia.com/wiki/Astromech_droid','Adversary'),(804,'Maintenance Droid','item/804/A4-G2.jpg','Equipment: Arc Welder, tool kit is built-in\r\n\r\nImage from http://starwars.wikia.com/wiki/Maintenance_droid','Adversary'),(805,'Medical Droid','item/805/2-1B_negtd.jpg','Image from http://starwars.wikia.com/wiki/Medical_droid','Adversary'),(806,'Etiquette and Protocol','','','Ability'),(807,'Protocol Droid','item/807/ProtocolDroid-SWE.png','Image from http://starwars.wikia.com/wiki/Protocol_droid','Adversary'),(808,'Security Droid','','Equipment: Blaster Pistol is built-in, snare launcher','Adversary'),(809,'K-9 Series Hunting Droid','','','Adversary'),(810,'Fabritech \"Hound\" Sensor Suite','','','Gear'),(811,'Fabritech \"Surveyor\" Mapping and Surveying Suite','','','Gear'),(812,'CG/KDY AT-ED','item/812/1000px-All_Terrain_Exploration_Droid.png','Image from http://starwars.wikia.com/wiki/All_Terrain_Exploration_Droid','Adversary'),(813,'JC Series Pilot Droid','','','Adversary'),(814,'Mercantile computer with holonet connection','','','Gear'),(815,'KLC Series Exchequer Droid','','','Adversary'),(816,'Hoverer','','','Ability'),(817,'Cryostorage bay','','','Gear'),(819,'Scout Collector','','','Adversary'),(820,'Swift','','','Talent'),(821,'Scout Surveyor','','','Adversary'),(822,'Holocam','','','Gear'),(823,'J-57 Cam Droid','item/823/Cam-droid_negtd.jpg','Image from http://starwars.wikia.com/wiki/Hologlide_J57_cam_droid','Adversary'),(824,'Firefighter','','','Ability'),(825,'Fire Resistant','','','Ability'),(826,'Fire suppression equipment','','','Gear'),(827,'FD-Series Extinguisher Droid','','','Adversary'),(828,'OOM Security Droid','item/828/OOM_security_droid.jpg','Image from http://starwars.wikia.com/wiki/OOM_security_battle_droid','Adversary'),(829,'Technical Master','','','Ability'),(830,'Pet Bogwing (\"Mordekai\")','','','Gear'),(831,'Reom (Twi\'lek)','','','Adversary'),(832,'ISB (Imperial Security Bureau) Agent','','','Adversary'),(833,'ISB Supervisor Cal Alsen','','','Adversary'),(834,'Auxiliary Mechanics Equipment','','','Gear'),(835,'WED Treadwell Repair Droid','','','Adversary'),(836,'Mynock','','','Species'),(837,'Sucker-mouths and claws','','','CreatureWeapon'),(838,'Mynock','','','Creature'),(839,'Dianoga','','','Species'),(840,'Tentacles','','','CreatureWeapon'),(841,'Mid-Sized Dianoga','','','Creature'),(842,'Rancor','','','Species'),(843,'Massive rending claws','','','CreatureWeapon'),(844,'Captive Rancor','','','Creature'),(845,'Gundark','','','Species'),(846,'Gundark','','','CreatureWeapon'),(847,'Gundark','','','Creature'),(848,'Streetwise +1','','','Ability'),(849,'Convincing Demeanor +1','','','Ability'),(850,'Bothan','','','Species'),(851,'Two-Weapon Combat','','','Ability'),(852,'Two modified quick draw blaster pistols','','','Weapon'),(853,'Daro Blunt','','','Adversary'),(854,'Spir Fraxis','','','Adversary'),(855,'Gut-Guro','','','Adversary'),(856,'Arc welder','','','Weapon'),(857,'R4-W9','','','Adversary'),(858,'Bandin Dobah','','','Adversary'),(859,'Heavy Club','','','Weapon'),(860,'Mate','','','Adversary'),(861,'Reinforced Gauntlets','','','Weapon'),(862,'Godon Netakka','','','Adversary'),(863,'Spaceport Security Officer','','','Adversary'),(864,'Sentry Droid Profile','','','Adversary'),(865,'Luck be a Lady','','','Ability'),(866,'Fine Clothing','','','Gear'),(867,'Dashing Cloak','','','Gear'),(868,'Wrist-mounted comlink','','','Gear'),(869,'Baron Administrator Lando Calrissian','','','Adversary'),(870,'Durable clothing','','','Armor'),(871,'Lobot','','','Adversary'),(872,'Borg Construct Aj^6 implant','','','Gear'),(873,'Covering Fire','','','Ability'),(874,'Wing Guard Uniform','','','Armor'),(875,'magnacuffs','','','Gear'),(876,'Wing Guard Officer','','','Adversary'),(877,'Wing Guard Sergeant','','','Adversary'),(878,'Silhouette 0','','','Ability'),(879,'Stubborn and Dependable','','','Ability'),(880,'Hydrospanner','','','Weapon'),(881,'Ugnaught Laborer','','','Adversary'),(882,'Blubber','','','Ability'),(883,'Upper class clothing','','','Gear'),(884,'250 credits','','','Gear'),(885,'Greased Palms','','','Talent'),(886,'Lutrillian Merchant','','','Adversary'),(887,'Long Coat','','','Armor'),(888,'Tabarith\'s Thug','','','Adversary'),(889,'Bhurra','','','Adversary'),(890,'Integrated Armor Plating','','','Armor'),(891,'Built-in blaster pistol','','','Weapon'),(892,'Government Security Droid','','','Adversary'),(893,'Gerrol Hunn','','','Adversary'),(894,'Chara Tull','','','Adversary'),(895,'The Carbine','','','Adversary'),(896,'Additional Limbs','','','Ability'),(897,'Garulo','','','Adversary'),(898,'Tarryn Rayzer','','','Adversary'),(899,'K4-76A','','','Adversary'),(900,'Airborne','','','Ability'),(901,'Tibannuck','','','Species'),(902,'Tibannuck','','','Creature'),(903,'Kaltho the Hutt','','','Adversary'),(904,'Shreya Ordassa','','','Adversary'),(905,'Mil Mikkir','','','Adversary'),(906,'Twi\'lek','','','Ability'),(907,'Stolen credentials and encrypted expense voucher with 5,000 credits','','','Gear'),(908,'Idealist','','','Talent'),(909,'Pos Podura','','','Adversary'),(910,'\"Zekra Fol\"','','','Adversary'),(911,'Vorse Tabarith','','','Adversary'),(912,'Imperial Haughtiness','','','Ability'),(913,'Formal clothing','','','Gear'),(914,'Encrypted Credit Chip with 5,000--10,00- credits','','','Gear'),(915,'Marus Grayson','','','Adversary'),(916,'Built-in network uplink','','','Gear'),(917,'G-100 Remote Banking Droid','','','Adversary'),(918,'Rawwk','','','Species'),(919,'Stunning Screech','','','CreatureWeapon'),(920,'Bite','','','CreatureWeapon'),(921,'Rawwk','','','Creature'),(922,'Armored Guard Uniform','','','Armor'),(923,'Burr Naxis','','','Adversary'),(924,'Protective goggles with built-in infrared vision','','','Gear'),(925,'Gantel Dro','','','Adversary'),(926,'Private Security Guard','','','Adversary'),(927,'Snare Launcher','','','Weapon'),(928,'Security Droid','','','Adversary'),(929,'Elaiza\'s Lightsaber','','The crystal set in Elaiza\'s Lightsaber is damaged and worn.  Once it has been switched on, make a Force Check especially for the lightsaber at the beginning of each subsequent turn.  On a roll of [DARK_POINT], the lightsaber flickers and uses the following profile until it is switched off for a turn (Lightsaber; Damage 7; Critical 3; Range[Engaged]).  On a result of [DARK_POINT][DARK_POINT], the lightsaber shuts down, and does not count as a weapon at all.','Weapon'),(930,'Force Power Move','','','Ability'),(931,'Force Power Influence','','','Ability'),(932,'Ataru Technique','','','Talent'),(933,'Elaiza','','','Adversary'),(934,'Shen\'s Goons','','','Adversary'),(935,'Captain of the Wing Guard','','','Ability'),(936,'Good Cop','','','Talent'),(937,'Captain Bialar Selis','','','Adversary'),(938,'armored Wing Guard uniform','','','Armor'),(939,'Shadowport Savvy','','','Ability'),(940,'Aris Shen','','','Adversary'),(941,'credit stick with 5000 credits','','','Gear'),(942,'Arend Shen','','','Adversary'),(943,'Security Staff','','','Weapon'),(944,'armored plating','','','Armor'),(945,'K4 Security Droid','','','Adversary'),(946,'Mechanics\' coveralls','','','Armor'),(947,'Yacht Crew','','','Adversary'),(948,'Flight Suit','','','Gear'),(949,'Bespin Defense Force Pilot','','','Adversary'),(950,'Venomous','','','Ability'),(951,'Keen Senses','','','Ability'),(952,'Silent Hunter','','','Ability'),(953,'Sand Panther','','','Species'),(954,'Teeth and claws','','','CreatureWeapon'),(955,'Sand Panther','','','Creature'),(956,'Sure-Footed','','','Ability'),(957,'Lightning Charge','','','Ability'),(958,'Carrion Spat','','','Species'),(959,'Beak','','','CreatureWeapon'),(960,'Powerful legs','','','CreatureWeapon'),(961,'Carrion Spat','','','Creature'),(962,'Hardy','','','Ability'),(963,'Strong as a Murra','','','Ability'),(964,'Murra','','','Species'),(965,'Horns and Hooves','','','CreatureWeapon'),(966,'Murra','','','Creature'),(967,'Territorial','','','Ability'),(968,'Leap','','','Ability'),(969,'Spukami','','','Species'),(970,'Teeth and claws','','','CreatureWeapon'),(971,'Spukami','','','Creature'),(972,'Terrifying Howl','','','Ability'),(973,'Wrix','','','Species'),(974,'Teeth and claws','','','CreatureWeapon'),(975,'Wrix','','','Creature'),(976,'CorSec Mk. IV armored vest','','','Armor'),(977,'Coresec Officer','','','Adversary'),(978,'Badge','','','Gear'),(979,'CoreSec Investigator','','','Adversary'),(980,'Reinforced Flight Suit','','','Armor'),(981,'CorSec Tactical Response Team Member','','','Adversary'),(982,'Sight Hunter','','','Ability'),(983,'Ibbot','','','Species'),(984,'Sharp beak and slashing talons','','','CreatureWeapon'),(985,'Scalding bile','','','CreatureWeapon'),(986,'Flame Ibbot','','','Creature'),(987,'Great Ibbot','','','Species'),(988,'Sharp beak and slashing claws','','','CreatureWeapon'),(989,'Stoop','','','CreatureWeapon'),(990,'Great Ibbot','','','Creature'),(991,'Light Blaster Carbine','','','Weapon'),(992,'Wingrider','','','Adversary'),(993,'Tunneling','','','Ability'),(994,'Tunnel Worm','','','Species'),(995,'Serrated maw','','','CreatureWeapon'),(996,'Crushing Tail','','','CreatureWeapon'),(997,'Tunnel Worm','','','Creature'),(998,'Teryx','','','Species'),(999,'Beak','','','CreatureWeapon'),(1000,'Teryx','','','Creature'),(1001,'Aquatic only Creature','','','Ability'),(1002,'Salerodrex','','','Species'),(1003,'Teeth','','','CreatureWeapon'),(1004,'Salerodrex','','','Creature'),(1005,'Death Lunge','','','Ability'),(1006,'Dalyrake','','','Species'),(1007,'Talons, pincers, and mandibles','','','CreatureWeapon'),(1008,'Poisonous stinger','','','CreatureWeapon'),(1009,'Dalyrake','','','Creature'),(1010,'Silhouette 2','','','Ability'),(1011,'Guf Drolg','','','Species'),(1012,'Goring Horn','','','CreatureWeapon'),(1013,'Guf Drolg','','','Creature'),(1014,'Natural Camouflage','','','Ability'),(1015,'Jungle Hunter','','','Ability'),(1016,'Sludge Panther','','','Species'),(1017,'Teeth and claws','','','CreatureWeapon'),(1018,'Pounce','','','CreatureWeapon'),(1019,'Sludge Panther','','','Creature'),(1020,'Aquatic Creature','','','Ability'),(1021,'Styanax','','','Species'),(1022,'Tooth-filled maw','','','CreatureWeapon'),(1023,'Poisonous stinger','','','CreatureWeapon'),(1024,'Styanax','','','Creature'),(1025,'Constrictor','','','Ability'),(1026,'Terrifying','','','Ability'),(1027,'Dimlurker','','','Species'),(1028,'Chitinous limbs','','','CreatureWeapon'),(1029,'Dimlurker','','','Creature'),(1030,'superior concealed armored clothing','','','Armor'),(1031,'Baron Kaldo','','','Adversary'),(1032,'Aurodium Cane','','','Gear'),(1033,'Encrypted Datapad','','','Gear'),(1034,'Gustip','','','Adversary'),(1035,'Tail','','','Weapon'),(1036,'Selonian Thug','','','Adversary'),(1037,'Uniform','','','Armor'),(1038,'Sera Riggers','','','Adversary'),(1039,'Sabacc Deck','','','Gear'),(1040,'Pol Orrich','','','Adversary'),(1041,'Gormo Vosadii Grasso','','','Adversary'),(1042,'Clay \"Pops\" Merra','','','Adversary'),(1043,'Liddy Ravora','','Surveillance skill removed per errata v1.2','Adversary'),(1044,'Toxic Environment Dweller','','','Ability'),(1045,'Fefze Beetle','','','Species'),(1046,'Legs','','','CreatureWeapon'),(1047,'Mandables','','','CreatureWeapon'),(1048,'Acid Spit','','','CreatureWeapon'),(1049,'Fefze Beetle','','','Creature'),(1050,'Duros Ship Mechanic','','','Adversary'),(1051,'Overrun','','','Ability'),(1052,'Trample','','','Ability'),(1053,'Ronto','','','Species'),(1054,'Legs','','','CreatureWeapon'),(1055,'Spooked Ronto','','','Creature'),(1056,'Dive Attack','','','Ability'),(1057,'Aurean Vulture','','','Species'),(1058,'Beak and talons','','','CreatureWeapon'),(1059,'Aurean Vulture','','','Creature'),(1060,'Long Arms','','','Ability'),(1061,'Sacorrian Grey Bear','','','Species'),(1062,'Vicious claws and teeth','','','CreatureWeapon'),(1063,'Sacorrian Grey Bear','','','Creature'),(1064,'Paralyzing Neurotoxin','','','Ability'),(1065,'Crushing Body','','','Ability'),(1066,'Korrak','','','Species'),(1067,'Sinuous Body','','','CreatureWeapon'),(1068,'Bite','','','CreatureWeapon'),(1069,'Korrak','','','Creature'),(1070,'Security Enforcer','','','Adversary'),(1071,'Security Investigator','','','Adversary'),(1072,'Catrinna','','','Adversary'),(1073,'Skilled Cheater','','','Ability'),(1074,'Carn Truuvik','','','Adversary'),(1075,'Filed Blaster Pistol','','','Weapon'),(1076,'Kanz','','','Adversary'),(1077,'Jalla','','','Adversary'),(1078,'Grenzo','','','Adversary'),(1079,'Selonian Wanderer','','','Adversary'),(1080,'Gorn Vorrox','','','Adversary'),(1081,'Broken Hyperdrive motivator','','','Gear'),(1082,'Rasz Kal','','','Adversary'),(1083,'Serrated Combat Knife','','','Weapon'),(1084,'Barabel Enforcer','','','Adversary'),(1085,'Aqualish Thug','','','Adversary'),(1086,'Security Officers','','','Adversary'),(1087,'Stun Baton','','','Weapon'),(1088,'Corsec Boarding Officers','','','Adversary'),(1089,'Riding Armor','','','Armor'),(1090,'Sunny Bounder','','','Adversary'),(1091,'Disgusting Racing Hides','','','Armor'),(1092,'Grinder','','','Adversary'),(1093,'Riding Leather','','','Armor'),(1094,'Seraphs Gang Member','','','Adversary'),(1095,'IA Security Agent','','Surveillance skill removed per errata v1.2','Adversary'),(1096,'Cybernetic Light Blaster','','','Weapon'),(1097,'Bim Gizzo','','','Adversary'),(1098,'Brom','','','Adversary'),(1099,'Cred stick with 2,000 credits','','','Gear'),(1100,'Stolen gem (Eye of Corell)','','','Gear'),(1101,'Boffen Nibs','','','Adversary'),(1102,'Drall Police Sergeant','','','Adversary'),(1103,'Drall Constable','','','Adversary'),(1104,'Vynock','','','Species'),(1105,'Sucker-mouth','','','CreatureWeapon'),(1106,'Claws','','','CreatureWeapon'),(1107,'Vynock','','','Creature'),(1108,'Oso Maduk','','','Adversary'),(1109,'Verd Ramos','','','Adversary'),(1110,'Captain Jostero','','','Adversary'),(1111,'Armored Flight Suit','','','Armor'),(1112,'Jostero Pirate','','','Adversary'),(1113,'Bargos\'s Gamorrean','','','Adversary'),(1114,'Droid Leader','','','Ability'),(1115,'EV-8D3','','','Adversary'),(1116,'R2-B7','','','Adversary'),(1117,'Molecular Scalpel','','','Weapon'),(1118,'FX-769','','','Adversary'),(1119,'built-in diagnostic and surgical tools','','Count as a medpac as well as stimpack that can be used once per session','Gear'),(1120,'Mining Beam Drill','','','Weapon'),(1121,'Built-in Repair Tools','','Counts as a tool kit as well as emergency repair kit that can be used once per session','Gear'),(1122,'Cybot Galactica PK-Series Worker Droids','','','Adversary'),(1123,'Baktoid B1 Battle Droids','','','Adversary'),(1124,'Scomp Link Piloting','','','Ability'),(1125,'\"Lookout\"','','','Adversary'),(1126,'Lifting Grapplers','','','Weapon'),(1127,'Drendan Binary Load Lifters','','','Adversary'),(1128,'3D-4K','','','Adversary'),(1129,'Weapons improvised from mining tools','','','Weapon'),(1130,'Heavy Work Clothing','','','Armor'),(1131,'Oridelve Miner','','','Adversary'),(1132,'Marv Moray','','','Adversary'),(1133,'Knife','','','Weapon'),(1134,'Bonda','','','Adversary'),(1135,'Yav Yiyar','','','Adversary'),(1136,'\"Too Low\" Talo','','','Adversary'),(1137,'Yiyar Clan Members','','','Adversary'),(1138,'IT-3PO','','','Adversary'),(1139,'Wheel Security','','','Adversary'),(1140,'Wheel Security Pilots','','','Adversary'),(1141,'Swarm','','','Ability'),(1142,'Venomous Stinger','','','Ability'),(1143,'Knockout Poison','','','Ability'),(1144,'Green Bug Swarm','','','Species'),(1145,'Stinger','','','CreatureWeapon'),(1146,'Green Bug Swarm','','','Creature'),(1147,'Arboreal Octopus','','','Species'),(1148,'Four climbing tentacles','','','CreatureWeapon'),(1149,'Three Hunting Tentacles','','','CreatureWeapon'),(1150,'Arboreal Octopus','','','Creature'),(1151,'Toughened Hide','','','Ability'),(1152,'Prehensile Tail','','','Ability'),(1153,'Color-shifting Hide','','','Ability'),(1154,'Bark Rat','','','Species'),(1155,'Teeth and claws','','','CreatureWeapon'),(1156,'Tail','','','CreatureWeapon'),(1157,'Bark Rat','','','Creature'),(1158,'Fierce Pounce','','','Ability'),(1159,'Nexu','','','Species'),(1160,'Claws','','','CreatureWeapon'),(1161,'Bite','','','CreatureWeapon'),(1162,'Tail Whip','','','CreatureWeapon'),(1163,'Nexu','','','Creature'),(1164,'Cybernetically-Enhanced Nexu','','See notes on BtR pg 55 for Additional enhancements.','Creature'),(1165,'Water Blast','','','Ability'),(1166,'Reevos','','','Species'),(1167,'Water Blast','','','CreatureWeapon'),(1168,'Bite','','','CreatureWeapon'),(1169,'Reevos','','','Creature'),(1170,'Animal Combatant','','','Ability'),(1171,'Wilderness Valor','','','Ability'),(1172,'Captain Rel Harsol','','','Adversary'),(1173,'Cybernetic Microscopic Vision','','','Ability'),(1174,'Cybernetics Expert','','','Ability'),(1175,'Cratala','','','Adversary'),(1176,'Survivors','','','Adversary'),(1177,'On-board Processor','','No external Droid controller needed','Gear'),(1178,'Integrated Comlink','','','Gear'),(1179,'B1 Series Battle Droid (Modified)','','','Adversary'),(1180,'Scout Trooper Armor','','','Armor'),(1181,'Deep Dark Scout Trooper','','','Adversary'),(1182,'Repulsorlift Locomotion','','','Ability'),(1183,'Sensors','','','Ability'),(1184,'Built-in sensors, holocam, and comlink','','','Gear'),(1185,'Arak-Series Probe Droid','','','Adversary'),(1186,'Imperial Navy Pilot','','','Adversary'),(1187,'Norta','','','Adversary'),(1188,'Regeneration','','','Ability'),(1189,'Claws','','','Weapon'),(1190,'Trandoshan Mercenary','','','Adversary'),(1191,'Yiyar Salvage Tech','','','Adversary'),(1192,'Captain Shorwarr','','','Adversary'),(1193,'Warfare','','','Skill'),(1194,'Basic Combat Training','','','Talent'),(1195,'Bought Info','','','Talent'),(1196,'Careful Planning','','','Talent'),(1197,'Clever Solution','','','Talent'),(1198,'Commanding Presence','','','Talent'),(1199,'Confidence','','','Talent'),(1200,'Coordinated Assault','','','Talent'),(1201,'Creative Killer','','','Talent'),(1202,'Debilitating Shot','','','Talent'),(1203,'Dynamic Fire','','','Talent'),(1204,'Exaust Port','','','Talent'),(1205,'Fire Control','','','Talent'),(1206,'Force of Will','','','Talent'),(1207,'Form on Me','','','Talent'),(1208,'Incite Rebellion','','','Talent'),(1209,'Invigorate','','','Talent'),(1210,'It\'s Not That Bad','','','Talent'),(1211,'Master Leader','','','Talent'),(1212,'Natural Leader','','','Talent'),(1213,'Overwhelm Defenses','','','Talent'),(1214,'Physical Training','','','Talent'),(1215,'Quick Fix','','','Talent'),(1216,'Respected Scholar','','','Talent'),(1217,'Situational Awareness','','','Talent'),(1218,'Sleight of Mind','','','Talent'),(1219,'Sound Investments','','','Talent'),(1220,'Tactical Combat Training','','','Talent'),(1221,'Unstoppable','','','Talent'),(1222,'Vehicle Combat Training','','','Talent'),(1223,'Well Traveled','','','Talent'),(1224,'Works Like a Charm','','','Talent'),(1225,'Advanced Flesh Camouflage Kit','','','Gear'),(1226,'Blackops Data Breaker','','','Gear'),(1227,'Personal Stealth Field','','','Gear'),(1228,'Field Ration Pack','','','Gear'),(1229,'Fusion Cutter','','','Gear'),(1230,'Military Field Manual','','','Gear'),(1231,'Load-Bearing Gear','','','Gear'),(1232,'Alliance T-47 Airspeeder (Military)','','','Vehicle'),(1233,'All Terrain Armored Transport (AT-AT)','item/1233/StarWars_ATATAssaultFormation_MarkMolnar.jpg','Image from http://momarkmagic.blogspot.co.uk/2013/09/star-wars-at-at-assault.html','Vehicle'),(1234,'All Terrain Scout Transport (AT-ST)','','','Vehicle'),(1235,'RZ-1 \"A-Wing\" Light Interceptor','item/1235/Awing-sag_nMKoZoB.png','Special Equipment: Miradyne Ltd. 4X-Phantom Sensor Jammer\r\n\r\nImage from http://starwars.wikia.com/wiki/RZ-1_A-wing_interceptor','Starship'),(1236,'A/SF-01 \"B-Wing\" Heavy Fast Attack Starfighter','','','Starship'),(1237,'TIE/D \"Defender\" Multi-Role Starfighter','','','Starship'),(1238,'TIE/SA Tactical Bomber','','','Starship'),(1239,'Sentinel-Class Landing Craft','item/1239/Sentinel_btm.jpg','Image from http://starwars.wikia.com/wiki/Sentinel-class_landing_craft','Starship'),(1240,'Vigil-Class Corvette','item/1240/Vigil-class_corvette_(Fractalsponge).jpg','Image from http://starwars.wikia.com/wiki/Vigil-class_corvette','Starship'),(1241,'Consular-Class Light Assault Cruiser','item/1241/Republic_Cruiser.png','Image from: http://starwars.wikia.com/wiki/Consular-class_cruiser','Starship'),(1242,'Gozanti-Class Armed Transport','item/1242/Gozanti.JPG','Image from http://starwars.wikia.com/wiki/Gozanti_Cruiser','Starship'),(1243,'Lancer-Class Frigate','item/1243/LancerFrigate-SWR.png','Image from: http://starwars.wikia.com/wiki/Lancer-class_frigate','Starship'),(1244,'Dreadnought-Class Heavy Cruiser','item/1244/ImperialDreadnaught-SWR.png','Massive 1\r\n\r\nImage from: http://starwars.wikia.com/wiki/Dreadnaught-class_heavy_cruiser','Starship'),(1245,'Vindicator-Class Heavy Cruiser','item/1245/Vindicatorchc.jpg','Massive 1\r\n\r\nImage from: http://d6holocron.com/wiki/images/e/e0/Vindicatorchc.jpg','Starship'),(1246,'Interdictor-Class Heavy Cruiser','item/1246/Immobilizer_Interdictor_Cruiser.JPG','Massive 1\r\nPassenger count is for troops\r\n\r\nImage from: http://starwars.wikia.com/wiki/Immobilizer_418_cruiser','Starship'),(1247,'Imperial I-Class Star Destroyer','item/1247/ISD-SWE.png','Image from: http://starwars.wikia.com/wiki/Imperial_I-class_Star_destroyer','Starship'),(1248,'Praetor II-Class Star Battlecruiser','item/1248/Pretor_mkII.jpg','Starfighter Complement: 120 Starfighters\r\nVehicle Compliment: Numerous shuttles, landing craft, utility vehicles, landing barges, and AT-series walkers.\r\nMassive 3\r\n\r\nImage from: http://starwars.wikia.com/wiki/Praetor_Mark_II','Starship'),(1249,'Victory-Class Star Destroyer','item/1249/VicStarI-EaW.jpg','Starfighter Compliment: Twenty-four Starfighters\r\nehicle compliment: Numerous shuttles, landing craft, utility vehicles, and AT-series walkers\r\nMassive 1\r\n\r\nImage from: http://starwars.wikia.com/wiki/Victory_II-class_Star_Destroyer','Starship'),(1250,'MC80 Liberty Type Star Cruiser','item/1250/MCLiberty.jpg','Starfighter Compliment: 36 Starfighters\r\nVehicle Compliment: Numerous shuttles, landing craft, and utility vehicles\r\nMassive 2\r\n\r\nImage from: http://starwars.wikia.com/wiki/MC80_Liberty_type_Star_Cruiser','Starship'),(1251,'Upgraded Comms Array','','','VehicleAttachment'),(1252,'Alliance Infantry','','','Adversary'),(1253,'Secure Comlink','','','Gear'),(1254,'Encoded Datapad','','','Gear'),(1255,'Bothan Spy','','','Adversary'),(1256,'Robes','','','Armor'),(1257,'Diplomat','','','Adversary'),(1258,'Improved Covering Fire','','','Ability'),(1259,'Alliance Commander','','','Adversary'),(1260,'Datapad with schematics','','','Gear'),(1261,'Repair Tools','','','Gear'),(1262,'Incom Engineer','','','Adversary'),(1263,'Heavy Hydrospanner','','','Weapon'),(1264,'Mechanic','','','Adversary'),(1265,'Inflammatory pamphlets and propaganda','','','Gear'),(1266,'Quarren Agitator','','','Adversary'),(1267,'Quartermaster','','','Adversary'),(1268,'Alliance Leader','','','Ability'),(1269,'Fire Bomb','','','Weapon'),(1270,'Rebel Cell Leader','','','Adversary'),(1271,'Swipe 1','','','Ability'),(1272,'Encrypted Comlink','','','Gear'),(1273,'Reinforced Blast Vest','','','Armor'),(1274,'Rebel Specforce Infiltrator','','','Adversary'),(1275,'Starfighter Ace','','','Adversary'),(1276,'Starfighter Pilot','','','Adversary'),(1277,'Secure datapad with uplink to BoSS database','','','Gear'),(1278,'BoSS Agent','','','Adversary'),(1279,'Military Comlink','','','Gear'),(1280,'COMPNOR Agent','','','Adversary'),(1281,'Lavishly adorned robes','','','Gear'),(1282,'Extensive credentials','','','Gear'),(1283,'Sundry Personal Staff','','','Gear'),(1284,'Imperial Advisor','','','Adversary'),(1285,'Destabilizing Influence','','','Ability'),(1286,'Imperial Destab Agent','','','Adversary'),(1287,'Gun Crew','','','Ability'),(1288,'Imperial Gunnery Corps','','','Adversary'),(1289,'Imperial Vehicle Corps','','','Adversary'),(1290,'Intelligence Agent','','','Adversary'),(1291,'Disassembly-capable Secure Military Comlink','','','Gear'),(1292,'Military Informant','','','Adversary'),(1293,'Naval Engineer','','','Adversary'),(1294,'Enhanced Senses','','','Ability'),(1295,'Internal Comlink','','','Gear'),(1296,'Stormtrooper Specialty Corps: Dark Trooper','','','Adversary'),(1297,'Power Armor','','','Armor'),(1298,'Plasma Shell Assault Cannon','','','Weapon'),(1299,'High-temp Environment Armor','','When making skill checks, [WEARER] may remove [SETBACK][SETBACK] imposed due to arid or hot environmental conditions','Armor'),(1300,'Stormtrooper Specialty Corps: Sandtrooper','','','Adversary'),(1301,'Food and Water packs','','','Gear'),(1302,'Blaster Sniper Rifle with scope','','','Weapon'),(1303,'Stormtrooper Specialty Corps: Scout Trooper','','','Adversary'),(1304,'Multi-optic sighted blaster rifle','','','Weapon'),(1305,'Snowtrooper Armor','','When making skill checks, [WEARER] may remove [SETBACK][SETBACK] imposed due to cold or icy environmental conditions','Armor'),(1306,'Stormtrooper Specialty Corps: Snowtrooper','','','Adversary'),(1307,'TIE Pilot','','','Adversary'),(1308,'Sensory Augmentation Package','','Add [ADVANTAGE] to any Perception checks made by the character','Gear'),(1309,'TIE Ace','','','Adversary'),(1310,'Black Marketeer','','','Adversary'),(1311,'Guilded Bounty Hunter','','','Adversary'),(1312,'Critical Eye','','','Ability'),(1313,'Percision Electronic Forging Tools','','','Gear'),(1314,'Expert Forger','','','Adversary'),(1315,'Hired Thug','','','Adversary'),(1316,'Shadowport Mechanic','','','Adversary'),(1317,'Expense voucher','','','Gear'),(1318,'Corporate Representative','','','Adversary'),(1319,'Physician','','','Adversary'),(1320,'Bodyguards','','','Gear'),(1321,'Politician / Senator','','','Adversary'),(1322,'Spaceport Overseer','','','Adversary'),(1323,'Datapad with direct access port','','','Gear'),(1324,'Cyborg Administrator','','','Adversary'),(1325,'Force Power Enhance','','','Ability'),(1326,'Force Power Forsee','','','Ability'),(1327,'Jedi Robes','','','Armor'),(1328,'Jedi-in-hiding','','','Adversary'),(1329,'Shepherd\'s Crook','','','Weapon'),(1330,'Nerf Herder','','','Adversary'),(1331,'Flock of nerfs','','','Gear'),(1332,'Business attire','','','Gear'),(1333,'curio shop','','','Gear'),(1334,'Passk','','','Adversary'),(1335,'Jewelry','','','Gear'),(1336,'Varla Prule','','','Adversary'),(1337,'Heavy Tool','','','Weapon'),(1338,'Workgang Uniform','','','Gear'),(1339,'Martle Station Dockhands','','','Adversary'),(1340,'Temple-Class Heavy Freighter','item/1340/TempleClassOverview.jpg','Image from: http://theartofdavidgriffith.blogspot.com/2014/07/tha-work-thang-45-star-wars-age-of.html','Starship'),(1341,'Laser scalpel','','','Weapon'),(1342,'IT-O Interrogation Droid','','','Adversary'),(1343,'Hypodermic Injectors','','','Gear'),(1344,'Interrogation Tools','','','Gear'),(1345,'Petty Officer Tera Wen','','','Adversary'),(1346,'M226 Navy Crewman','','','Adversary'),(1347,'Aratech \"Shiphand\" Cargo Skiff','','','Vehicle'),(1348,'M226 Crew Chief','','','Adversary'),(1349,'Heavy Grasper Arm','','','Weapon'),(1350,'NR-5 Maintenance Droid','','','Adversary'),(1351,'Fine Manipulator Arm','','','Gear'),(1352,'Holorecorder','','','Gear'),(1353,'Mark IV Patrol Droid','','','Adversary'),(1354,'M226 Navy Troopers','','','Adversary'),(1355,'Imperial Uniform','','','Gear'),(1356,'Lt. Commander Jilan Noor','','','Adversary'),(1357,'M226 Bridge Crew','','','Adversary'),(1358,'Cornered Fury','','','Ability'),(1359,'Tribal Fetishes','','','Gear'),(1360,'Ranat Bite','','','Weapon'),(1361,'Makeshift Spear','','','Weapon'),(1362,'Tik','','','Adversary'),(1363,'Ranat Stalker','','','Adversary'),(1364,'Ranat Scout','','','Adversary'),(1365,'Makeshift Knife','','','Weapon'),(1366,'Roowarra','','','Adversary'),(1367,'Roowarra\'s Crew','','','Adversary'),(1368,'Captain Shyndi Oglerk','','','Adversary'),(1369,'First Mate Kog','','','Adversary'),(1370,'Shadow Raptor','','','Starship'),(1371,'Escape Pod','','','Starship'),(1372,'Life Boat','','','Starship'),(1373,'Captain Hylo Sortuli','','','Adversary'),(1374,'Kappa-Class Shuttle','item/1374/KappaShuttle.png','Image from: http://starwars.wikia.com/wiki/Kappa-class_shuttle','Starship'),(1375,'Shuttle Pod','','','Starship'),(1376,'Vibroscalpel','','','Weapon'),(1377,'Anesthetic Injector','','','Weapon'),(1378,'Saboteur Medical Droid','','','Adversary'),(1379,'Truncheon lifters','','','Weapon'),(1380,'Large Improvised Weapon','','','Weapon'),(1381,'Saboteur Load Lifter','','','Adversary'),(1382,'Saboteur Astromech','','','Adversary'),(1383,'TJ-11','','','Adversary'),(1384,'Accurate','','','WeaponQuality'),(1385,'Auto-Fire','','','WeaponQuality'),(1386,'Breach','','','WeaponQuality'),(1387,'Burn','','','WeaponQuality'),(1388,'Blast','','','WeaponQuality'),(1389,'Concussive','','','WeaponQuality'),(1390,'Cortosis','','','WeaponQuality'),(1391,'Cumbersome','','','WeaponQuality'),(1392,'Defensive','','','WeaponQuality'),(1393,'Deflection','','','WeaponQuality'),(1394,'Disorient','','','WeaponQuality'),(1395,'Ensnare','','','WeaponQuality'),(1396,'Guided','','','WeaponQuality'),(1397,'Knockdown','','','WeaponQuality'),(1398,'Inaccurate','','','WeaponQuality'),(1399,'Inferior','','','WeaponQuality'),(1400,'Ion','','','WeaponQuality'),(1401,'Limited Ammo','','','WeaponQuality'),(1402,'Linked','','','WeaponQuality'),(1403,'Pierce','','','WeaponQuality'),(1404,'Prepare','','','WeaponQuality'),(1405,'Slow-Firing','','','WeaponQuality'),(1406,'Stun','','','WeaponQuality'),(1407,'Stun Damage','','','WeaponQuality'),(1408,'Sunder','','','WeaponQuality'),(1409,'Superior','','','WeaponQuality'),(1410,'Tractor','','','WeaponQuality'),(1411,'Vicious','','','WeaponQuality'),(1412,'Stun Setting','','','WeaponQuality'),(1413,'Bad Cop','','','Talent'),(1414,'Biggest Fan','','','Talent'),(1416,'Congenial','','','Talent'),(1417,'Coordination Dodge','','','Talent'),(1418,'Distracting Behavior','','','Talent'),(1419,'Distracting Behavior (Improved)','','','Talent'),(1420,'Deceptive Taunt','','','Talent'),(1423,'Natural Athlete','','','Talent'),(1424,'Natural Merchant','','','Talent'),(1426,'Throwing Credits','','','Talent'),(1427,'Unrelenting Skeptic','','','Talent'),(1428,'Unrelenting Skeptic (Improved)','','','Talent'),(1429,'12 Defender','','','Weapon'),(1430,'Model Q4 Quickfire Holdout Blaster','','','Weapon'),(1431,'SWE/2 Sonic Rifle','','','Weapon'),(1432,'R-88 Suppressor Riot Rifle','','','Weapon'),(1433,'Stokhli Spray Stick','weapon/1433/Stohkli-spray-stick_NEGWT_StQ78dt.png','Image from http://starwars.wikia.com/wiki/Stokhli_spray_stick','Weapon'),(1434,'Tangle Gun 7','','','Weapon'),(1435,'Backhand Shock Gloves','','','Weapon'),(1436,'Activv1 Riot Shield','weapon/1436/Activv1 Riot Shield.png','Image taken from \"Far Horizons\"','Weapon'),(1437,'Thunderbolt Shock Prod','','','Weapon'),(1438,'MSW-9 Molecular Stiletto','','','Weapon'),(1439,'Z2 Stun Baton','','','Weapon'),(1440,'Creshaldyne Mk.IV Riot Armor','','','Armor'),(1441,'Reinforced Environment Gear','item/1441/Reinforced Environment Gear.png','Image taken from \"Far Horizons\"','Armor'),(1442,'Kamperdine Custom Tailored Armored Jackets','','','Armor'),(1443,'Chedak Communications X-500 Portable Holonet Relay','','','Gear'),(1444,'Herzfall Communications Collar-Amp','','','Gear'),(1445,'Biotech \"Bag and Tag\" Forensics Investigation Kit','','','Gear'),(1446,'MCI-100 Magnacuffs','','','Gear'),(1447,'Elysium Model 2 Atmospheric Processor','','','Gear'),(1448,'GX-8 Water Vaporator','','','Gear'),(1449,'Fasclean Atmospheric Reactive Damper','','','Gear'),(1450,'A99 Custom Biome Generator','','','Gear'),(1451,'Thunderhead Portable Entertainment System','','','Gear'),(1452,'Musical Instrument (Common)','','Listed at maximum Price and Encumberance','Gear'),(1453,'Musical Instrument (High Quality)','','Listed at maximum Price and Encumberance','Gear'),(1454,'Musical Instrument (Legendary)','','Listed at maximum Encumberance and minimum Price','Gear'),(1455,'MDD-12 \"Mercantiler\" Datapad','','','Gear'),(1456,'AC Law Enforcement Droid','','','Gear'),(1457,'DZ-70 Fugitive Tracker Droid','','','Gear'),(1458,'Medtech Mini-Med','','','Gear'),(1459,'Gyrowheel 1.42.08-Series Recycling Droid','','','Gear'),(1460,'SDMN Series Session Droid','','','Gear'),(1461,'Built-in comlink','','','Gear'),(1462,'AC Law Enforcement Droid','','','Adversary'),(1463,'DZ-70 Fugitive Tracker Droid','','','Adversary'),(1464,'Surgeon\'s Aid','','','Ability'),(1465,'Medtech Mini-Med','','','Adversary'),(1466,'Cleaning devices','','','Gear'),(1467,'Grabber claws','','','Gear'),(1468,'Gyrowheel 1.42.08-Series Recycling Droid','','','Adversary'),(1469,'Backup Entertainer','','','Ability'),(1470,'SDMN Series Session Droid','','','Adversary'),(1471,'Mauler Tactical Responder','','','Vehicle'),(1472,'V-35 Courier Landspeeder','','','Vehicle'),(1473,'Superhaul Model II Cargo Skiff','','','Vehicle'),(1474,'Panther Police Interceptor','','','Vehicle'),(1475,'I-C2 Civil-Industrial Droid','','','Vehicle'),(1476,'All Terrain Riot Control Transport (AT-RCT)','','','Vehicle'),(1477,'Hunchback Construction Strider','','','Vehicle'),(1478,'YQ-400 Monitor-Class System Patrol Ship','item/1478/YQ-400.jpg','Image from http://starwars.wikia.com/wiki/YQ-400_Monitor_droid_patrol_ship','Starship'),(1479,'Regulator-Class Patrol Vessel','','','Starship'),(1480,'HT-2200 Medium Freighter','item/1480/HT-2200_SS.jpg','Image from http://starwars.wikia.com/wiki/HT-2200_medium_freighter','Starship'),(1481,'HWK-290 Light Freighter','item/1481/EaWMoldyCrowInSpace.jpg','Image from http://starwars.wikia.com/wiki/HWK-290_light_freighter','Starship'),(1482,'YT-1200 Light Freighter','item/1482/Yt-1200.jpg','Image from http://starwars.wikia.com/wiki/YT-1200_light_freighter','Starship'),(1483,'YT-1760 Small Transport','item/1483/YT1760.jpg','Image from http://starwars.wikia.com/wiki/YT-1760_small_transport','Starship'),(1484,'Luxurious-class Yacht','','','Starship'),(1485,'Armos Modular Transport','','','Starship'),(1486,'Indulgent-Class Luxury Starliner','','','Starship'),(1487,'Alliance T-47 Sandspeeder','','','Vehicle'),(1488,'Tam Blackstar\'s TIE Hunter','','','Starship'),(1489,'MSP100 Pteropter Hover Pod','','','Vehicle'),(1490,'The Eternal Wrath','','Starfighter Compliment: 16\r\nMassive 2\r\n','Starship'),(1491,'Ord Radama Landspeeder','','','Vehicle'),(1492,'Senior Advisor Setenna Hase','','','Adversary'),(1493,'General Ran Niall','','','Adversary'),(1494,'Commander Danel Qurno','','','Adversary'),(1495,'Captain Harl Bess','','','Adversary'),(1496,'Cybernetic right arm, left eye, and right leg','','','Gear'),(1497,'Urel Haydon','','','Adversary'),(1498,'Doctor Lorren Morrick','','','Adversary'),(1499,'Major Yalor','','','Adversary'),(1500,'Clik','','','Adversary'),(1501,'Self-destruct','','','Ability'),(1502,'Built-in hyperspace transponder','','','Gear'),(1503,'Arda I Viper Probe Droid','','','Adversary'),(1504,'Built-in laser canon','','','Weapon'),(1505,'Sithspawn scales','','','Ability'),(1506,'Doran\'enok','','','Species'),(1507,'Claw attack','','','CreatureWeapon'),(1508,'Doran\'enok','','','Creature'),(1509,'Imperial Vehicle Corps','','','Adversary'),(1510,'Balrekk\'s Butchery','','','Ability'),(1511,'Captain Balrekk','','','Adversary'),(1512,'Imperial Sandtrooper Sergeant','','','Adversary'),(1513,'Tam Blackstar','','','Adversary'),(1514,'Arda I TIE Pilot','','','Adversary'),(1515,'Evarrian Hunter','','','Species'),(1516,'Spiked forelegs','','','CreatureWeapon'),(1517,'Evarrian Hunter','','','Creature'),(1518,'Evarrian Queen','','','Species'),(1519,'Bladed Forelegs','','','CreatureWeapon'),(1520,'Evarrian Queen','','','Creature'),(1521,'Evarrian Larva','','','Species'),(1522,'Claws','','','CreatureWeapon'),(1523,'Evarrian Larva','','','Creature'),(1524,'Bog Spitter','','','Species'),(1525,'Dream Shimmer','','','Species'),(1526,'Azurdactyl','','','Species'),(1527,'Blind','','','Ability'),(1528,'Tunneling Garrix','','','Species'),(1529,'Force Hunter','','','Ability'),(1530,'Force Stalker','','','Ability'),(1531,'Jogomiri Swamp Stalker','','','Species'),(1532,'Claws','','','CreatureWeapon'),(1533,'Bite','','','CreatureWeapon'),(1534,'Poison spit','','','CreatureWeapon'),(1535,'Bite','','','CreatureWeapon'),(1536,'Stinger','','','CreatureWeapon'),(1537,'Claws','','','CreatureWeapon'),(1538,'Dive bomb','','','CreatureWeapon'),(1539,'Sideways slam','','','CreatureWeapon'),(1540,'garrix smash','','','CreatureWeapon'),(1541,'Jogomiri Swamp Stalker','','','Creature'),(1542,'Bog Spitter','','','Creature'),(1543,'Dream Shimmer','','','Creature'),(1544,'Azurdactyl','','','Creature'),(1545,'Tunneling Garrix','','','Creature'),(1546,'Dorrian Vodani','','','Adversary'),(1547,'Hide armor','','','Armor'),(1548,'Isshtharr','','','Adversary'),(1549,'Throwing Knives','','','Weapon'),(1550,'Lt. Masi Qual','','','Adversary'),(1551,'Lt. Rik Torrence','','','Adversary'),(1552,'Urtuaa Haaot','','','Adversary'),(1553,'VX-19','','','Adversary'),(1554,'Wrist link with microtracker','','','Gear'),(1555,'Flak vest','','','Armor'),(1556,'Var Narek','','','Adversary'),(1557,'Built-in repeating blaster','','','Weapon'),(1558,'Autoturret','','','Adversary'),(1559,'Spaceport Official','','','Adversary'),(1560,'Haril Zense','','','Adversary'),(1561,'Ellor Orgraal','','','Adversary'),(1562,'Security Uniform','','','Armor'),(1563,'Ord Radama Security Officer','','','Adversary'),(1564,'Malau Jocaos','','','Adversary'),(1565,'Magnetic Sense','','','Ability'),(1566,'Goggles','','','Gear'),(1567,'Utility Kit','','','Gear'),(1568,'Work tabard','','','Armor'),(1569,'Various tools','','','Gear'),(1570,'Devlikk','','','Adversary'),(1571,'Makeshift Weapons','','','Weapon'),(1572,'Barrows\' Thug','','','Adversary'),(1573,'Servant Apron','','','Gear'),(1574,'Narralla','','','Adversary'),(1575,'Commander Treaska','','','Adversary'),(1576,'Viewpointe Residential Tower Security','','','Adversary'),(1577,'Built-in auto-blaster','','','Weapon'),(1578,'Imperial Security Droid','','','Adversary'),(1579,'Glare Peak guard badge','','','Gear'),(1580,'Glare Peak guard uniform','','','Armor'),(1581,'Glare Peak Security Personnel','','','Adversary'),(1582,'ISB uniform','','','Gear'),(1583,'ISB ID','','','Gear'),(1584,'ISB Agent Ferlan','','','Adversary'),(1585,'City government datapad (encrypted)','','','Gear'),(1586,'City government ID','','','Gear'),(1587,'Imperial ID','','','Gear'),(1588,'city-issued luxury airspeeder','','','Gear'),(1589,'Tol Pirilian','','','Adversary'),(1590,'Detention center administrator\'s uniform','','','Gear'),(1591,'Code cylinder','','','Gear'),(1592,'Lina Naras','','','Adversary'),(1593,'Detention center uniform','','','Gear'),(1594,'Detention Center Staff','','','Adversary'),(1595,'Guard uniform and helmet','','','Armor'),(1596,'Detention Center Guard','','','Adversary'),(1597,'Detention Center Officer','','','Adversary'),(1598,'2-1B Medical Droid','','','Adversary'),(1599,'Detention center prisoner uniform','','','Gear'),(1600,'Tracer','','','Adversary'),(1601,'RMS ID','','','Gear'),(1602,'RMS executive coverall','','','Gear'),(1603,'Olom Roskom','','','Adversary'),(1604,'Droid','','','Species'),(1605,'Gand Discipline','','','Ability'),(1606,'Gand','','Ammonia Breather: Can select lungless (cannot suffocate) or ammonia breathing (resperator, oxygen is dangerous, +10XP)','Species'),(1607,'Human','','Start with one rank in two different non-career skills.','Species'),(1608,'Rodian','','Start with one rank in Survival, and one rank in Expert Tracker.','Species'),(1609,'Trandoshan','','Begin with one rank in Perception.\r\n\r\nClaws are Brawl +1, Crit 3','Species'),(1610,'Twi\'lek','','Begin with one rank in Charm or Deception\r\nMay remove [SETBACK] imposed due to hot or arid environment.','Species'),(1611,'Wookiee','','Begin with one rank in Brawl','Species'),(1612,'Duro','','Begin with one rank in Piloting (Space)\r\nMay add [ADVANTAGE] to all Astrogation Checks.','Species'),(1613,'Gran','','One rank in Charm or Negoation.\r\nWhen making ranged combat or Perception checks remove up to [SETBACK][SETBACK] due to environmental conditions.','Species'),(1614,'Ithorian','','Begin with one rank in Survival.\r\n\r\nIthorian Bellow: (Resilience; Damage 6, Critical 4, Range [Short]; Blast 3, Concussive 1, Slow-firing 2, Stun Damage), suffer 3 strain.','Species'),(1615,'Mon Calamari','','Begin with one rank in Knowledge (Education)','Species'),(1616,'Sullustan','','Begin with one rank in Astrogation and onr rank in Skilled Jockey','Species'),(1617,'Drall','','Begin with one rank in Knowledge (Education)\r\n\r\nAdd [Boost] to dice pool when providing skilled assistance.','Species'),(1618,'Selonian','','Begin with one rank in Coordination.\r\n\r\nRemove all [SETBACK] to checks due to darkness, but cannot see in absolute darkness.','Species'),(1619,'Corellian Human','','Begin with one rank in Piloting (Space) or Piloting (Planetary), may train up to rank 3 during creation.','Species'),(1620,'Aqualish','','Begin with one rank in Brawl\r\n\r\nChoose one sub-species:\r\nAquala: Begin with one rank in Resiliance, remove [SETBACK] due to cold or wet conditions.\r\nUalaq: Begin with one rank in Perception, remove [SETBACK] de to dark, add [SETBACK] in bright\r\nQuara: One rank in Coercion, remove [SETBACK] when tracking through natural environment.','Species'),(1621,'Klatooinian','','One rank in Brawl, Ranged (Heavy), or Ranged (Light).  One rank of non-career skill of players choice.','Species'),(1622,'Weequay','','One rank in Resilience or Athletics.\r\n\r\nCan communicate with other Weequay via Pheromones at short range.','Species'),(1623,'Infravision','','','Ability'),(1624,'Chiss','','One rank in Cool.','Species'),(1625,'Toydarian','','','Species'),(1626,'Mood Reader','','','Ability'),(1627,'Arcona','','One rank in Vigilance.  Remove [SETBACK] imposed due to hot or arid environmental conditions.','Species'),(1628,'Chevin','','One rank in Negotiation and Durable.  Add [BOOST] to Perception checks involving the sense of smell.\r\n','Species'),(1629,'Chadra-Fan','','Begin with one rank in Mechanics. Remove up to [SETBACK][SETBACK] from Perception checks.','Species'),(1630,'Dressellian','','Begin with one rank in survival. Primitive.','Species'),(1631,'Xexto','','Begin with one rank in Confidence.','Species'),(1632,'Beast Wrangler','','','Talent'),(1633,'Bolstered Armor','','','Talent'),(1634,'Corellian Sendoff','','','Talent'),(1635,'Corellian Sendoff [Improved]','','','Talent'),(1636,'Customized Cooling Unit','','','Talent'),(1637,'Expert Handler','','','Talent'),(1638,'Fancy Paint Job','','','Talent'),(1639,'Fortified Vacuum Seal','','','Talent'),(1640,'High-G Training','','','Talent'),(1641,'Koiogran Turn','','','Talent'),(1642,'Larger Project','','','Talent'),(1643,'Not Today','','','Talent'),(1644,'Overstocked Ammo','','','Talent'),(1645,'Reinforced Frame','','','Talent'),(1646,'Second Chances','','','Talent'),(1647,'Showboat','','','Talent'),(1648,'Signature Vehicle','','','Talent'),(1649,'Soothing Tone','','','Talent'),(1650,'Spur','','','Talent'),(1651,'Spur [Improved]','','','Talent'),(1652,'Spur [Supreme]','','','Talent'),(1653,'Tuned Maneuvering Thrusters','','','Talent'),(1654,'DR-45 \"Dragoon\" Cavalry Blaster','','','Weapon'),(1655,'E-5 Blaster Carbine','weapon/1655/E5BlasterRifle-FF104.jpg','','Weapon'),(1656,'HH-50 Heavy Blaster Pistol','','','Weapon'),(1657,'Longeing Whip','','','Weapon'),(1658,'SoroSuub \"Persuader\" Animal Shock Prod','','','Weapon'),(1659,'A/KT Shockrider Crash Suit','','','Armor'),(1660,'A/KT Wing Commander Armored Flight Suit','item/1660/A:KT Wing Commander Armored Flight Suit.png','Image taken from \"Stay on Target\"','Armor'),(1661,'Caballerin-Series Riding Tack','','','Armor'),(1662,'Capari-Series Padded Beast Armor','','','Armor'),(1663,'Destri-Series Laminate Beast Armor','','','Armor'),(1664,'H-Series Megafauna Carriage','','','Armor'),(1665,'VX-38 Portable Large Animal Veterinary Kit','','','Gear'),(1666,'XV-09 Chemical Restraint Harness','','','Gear'),(1667,'Journeyman Tools Inc. Custom Tool Kit','','','Gear'),(1668,'Fabritech AG/L Mk.III Targeting Goggles','','','Gear'),(1669,'Chiles-Zraii Foreman-Series Owner\'s Workshop Manual','','Rarity is same as vehicle it references.','Gear'),(1670,'R7-Series Astromech Droid','','','Gear'),(1671,'Q7-Series Astromech Droid','','','Gear'),(1672,'R7-Series Astromech Droid','','','Adversary'),(1673,'Q7-Series Astromech Droid','','','Adversary'),(1674,'All-Terrain Anti-Aircraft (AT-AA)','','','Vehicle'),(1675,'AV-21 Landspeeder','','','Vehicle'),(1676,'1-L Imperial-Series Repulsor Tank','','','Vehicle'),(1677,'SU-40 High-Performance Airspeeder','','','Vehicle'),(1678,'Nebulon-Q Racing Swoop','','','Vehicle'),(1679,'PTB-625 Heavy Bomber','','','Vehicle'),(1680,'E-7 E-Wing Multi-Role Starfighter','item/1680/E-wing_SotG.jpg','Image from http://starwars.wikia.com/wiki/E-wing_escort_starfighter','Starship'),(1681,'H-60 Tempest Heavy Bomber','','','Starship'),(1682,'BTS-A2 \"H-Wing\" Long-range Strike Starfighter','','','Starship'),(1683,'R-41 Starchaser','','','Starship'),(1684,'R60 \"T-Wing\" Interceptor','item/1684/XWA-TWing-3d-new.jpg','Image from http://starwars.wikia.com/wiki/R60_T-wing_interceptor','Starship'),(1685,'Z-95-AF4-H \"Heavy-95\" Multi-role Starfighter','','','Starship'),(1686,'Alpha-3 Nimbus \"V-Wing\" Interceptor','item/1686/Alpha-3_Nimbus.jpg','Image from http://starwars.wikia.com/wiki/Alpha-3_Nimbus-class_V-wing_starfighter','Starship'),(1687,'TIE/AG \"Aggressor\" Starfighter','','','Starship'),(1688,'TIE/HU \"Hunter\" Multi-role Starfighter','','','Starship'),(1689,'TIE/IT Interdictor Starfighter','','','Starship'),(1690,'TIE/PH \"Phantom\" Multi-role Stealth Starfighter','','','Starship'),(1691,'Ton-Falk-class Escort Carrier','','Starfighter Complement: Seventy-two starfighters\r\nVehicle Complement: Numerous shuttles, landing craft, and utility vehicles','Starship'),(1692,'Quasar Fire-class Escort Carrier','','Starfighter Compliment: Fourty-eight starfighters\r\nVehicle Complement: Numerous shuttles, landing craft, and utility vehicles\r\n\r\nMassive 1','Starship'),(1693,'Secutor-class Battlecarrier','','Starfighter Compliment: 144 starfighters\r\nVehicle Compliment: Numerous shuttles, landing craft, utility vehicles, AT-series walkers, and ground assault vehicles.\r\n\r\nMassive 2','Starship'),(1694,'Astromech Droid Socket','','','VehicleAttachment'),(1695,'Gravity Mine Launcher','','','VehicleAttachment'),(1696,'Hardened Circuits','','','VehicleAttachment'),(1697,'Hull/Keel Reinforcement','','','VehicleAttachment'),(1698,'Physical Countermeasures','','','VehicleAttachment'),(1699,'Ram Attachment','','','VehicleAttachment'),(1700,'Slave Circuit','','','VehicleAttachment'),(1701,'Creature of the Sea','','','Ability'),(1702,'Aiwha','','','Species'),(1703,'Domesticable 1','','','Ability'),(1704,'Trained Mount 1','','','Ability'),(1705,'Bantha','','','Species'),(1706,'Horns','','','CreatureWeapon'),(1707,'Aiwha','','','Creature'),(1708,'Bantha','','','Creature'),(1709,'Beast of Burden 10','','','Ability'),(1710,'Trained Mount 2','','','Ability'),(1711,'Cracian Thumper','','','Species'),(1712,'Claws','','','CreatureWeapon'),(1713,'Tail','','','CreatureWeapon'),(1714,'Cracian Thumper','','','Creature'),(1715,'Dalgo','','','Species'),(1716,'Trampling hooves','','','CreatureWeapon'),(1717,'Dalgo','','','Creature'),(1718,'Sand Walker','','','Ability'),(1719,'Dewback','','','Species'),(1720,'Teeth','','','CreatureWeapon'),(1721,'Dewback','','','Creature'),(1722,'Stubborn 1','','','Ability'),(1723,'Beast of Burden 5','','','Ability'),(1724,'Eopie','','','Species'),(1725,'Trampling hooves','','','CreatureWeapon'),(1726,'Eopie','','','Creature'),(1727,'Domesticable 2','','','Ability'),(1728,'Horse','','','Species'),(1729,'Trampling hooves','','','CreatureWeapon'),(1730,'Horse','','','Creature'),(1731,'Silhouette 4','','','Ability'),(1732,'Beast of Burden 20','','','Ability'),(1733,'Fearless','','','Ability'),(1734,'Fambaa','','','Species'),(1735,'Massive teeth','','','CreatureWeapon'),(1736,'Fambaa','','','Creature'),(1737,'Kaadu','','','Species'),(1738,'Legs','','','CreatureWeapon'),(1739,'Kaadu','','','Creature'),(1740,'Kybuck','','','Species'),(1741,'Horns','','','CreatureWeapon'),(1742,'Kybuck','','','Creature'),(1743,'Suited to the Heat','','','Ability'),(1744,'Mustafarian Lava Flea','','','Species'),(1745,'Proboscis','','','CreatureWeapon'),(1746,'Mustafarian Lava Flea','','','Creature'),(1747,'Suited to the Cold','','','Ability'),(1748,'Narglatch','','','Species'),(1749,'Claws','','','CreatureWeapon'),(1750,'Narglatch','','','Creature'),(1751,'Ronto','','This version does not include Overrun and Trample in it\'s stats.','Creature'),(1752,'Ruping','','','Species'),(1753,'Claws','','','CreatureWeapon'),(1754,'Ruping','','','Creature'),(1755,'Tauntaun','','','Species'),(1756,'Horns','','','CreatureWeapon'),(1757,'Tauntaun','','','Creature'),(1758,'Domesticated','','','Ability'),(1759,'Unstable 4','','','Ability'),(1760,'Thranta','','','Species'),(1761,'Beak','','','CreatureWeapon'),(1762,'Thranta','','','Creature'),(1763,'Glider','','','Ability'),(1764,'Varactyl','','','Species'),(1765,'Beak','','','CreatureWeapon'),(1766,'Varactyl','','','Creature'),(1767,'Boonta Blaster','','Add [SETBACK] to Perception checks to find a Boonta Blaster on a wearer\'s body. Remove [SETBACK] from the Wearer\'s Deception checks to explain away the weapon as purely ornamental or otherwise non-threatening.','Weapon'),(1768,'Greff-Timms ATA Pulse-Wave Blaster','','','Weapon'),(1769,'ACP Repeater Gun','','','Weapon'),(1770,'Weequay Blaster Lance','','','Weapon'),(1771,'SakTek D-29 Repulsor Rifle','','','Weapon'),(1772,'Kelvarek Consolidated Arms KD-30 \"Dissuader\" Pistol','','','Weapon'),(1773,'Prax Arms Stealth-2VX Palm Shooter','','Add [SETBACK][SETBACK] to Perception checks to find a Stealth-2VX Palm Shooter on a wearer\'s body','Weapon'),(1774,'Vodran Hunting Rifle','','','Weapon'),(1775,'Tenloss L70 Acid Projector','','','Weapon'),(1776,'Poison Gas Grenade','','','Weapon'),(1777,'Arg\'garok','','','Weapon'),(1778,'Beastmaster\'s Vibro-Glaive','','','Weapon'),(1779,'Morgukai Cortosis Staff','','','Weapon'),(1780,'Neuronic Whip','','','Weapon'),(1781,'Tuskbeast Pike','','','Weapon'),(1782,'Hutt Shell Armor','item/1782/Hutt Shell Armor.png','Image taken from \"Lords of Nal Hutta\"','Armor'),(1783,'Sakiyan Shadowsuit','item/1783/Sakiyan Shadowsuit.png','A Sakiyan Shadowsuit adds [BOOST][BOOST] to Stealth checks.  Image taken from \"Lords of Nal Hutta\".','Armor'),(1784,'Poison Reservoir','','This attachment can only be used with (edged?) Brawl and Melee weapons','Attachment'),(1785,'Blaster Suppressor','','This attachment can only be used with Blaster pistols','Attachment'),(1786,'Threat Monitor','','','Attachment'),(1787,'Adrenal Implant','','Provides one rank of the Rapid Recovery talent','Gear'),(1788,'Cybernetic Reflexes','','Provides one rank of the Rapid Reaction talent','Gear'),(1789,'Cybernetic Respirator','','Provides the benefit of a respirator and breath mask, and one rank of the Blooded talent','Gear'),(1790,'Gank Comm Implant','','','Gear'),(1791,'Implanted Cyberjack','','','Gear'),(1792,'Neuromachine Interface','','','Gear'),(1793,'Q-22 Retinal Tracker','','Provides automatic [ADVANTAGE] on Gunnery and Ranged Heavy checks','Gear'),(1794,'Repulsor Fist','item/1794/Repulsor Fist_ZS6jskV.png','Image from \"Lords of Nal Hutta\"','Gear'),(1795,'Hutt','','One rank in Enduring and Nobody\'s Fool talents.  One rank in Coercion or Discipline.','Species'),(1796,'Gank','','One rank in Coercion or Vigilance.\r\n\r\nCyborg: Up to two cybernetic implants costing up to 5000c.  Implant cap of 3+Brawn.\r\n','Species'),(1797,'Nikto','','Each subspecies has it\'s own special abilities','Species'),(1798,'Sakiyan','','One rank in Perception or Vigilance.  One rank in Expert Tracker','Species'),(1799,'Marked Sabacc Deck','','','Gear'),(1800,'Loaded Chance Cubes','','','Gear'),(1801,'Thalassian Security Collar','','','Gear'),(1802,'Explosive Shackles','','','Gear'),(1803,'Dendriton Toxin','','','Gear'),(1804,'Dioxis Gas','','','Gear'),(1805,'Raquor Venom','','','Gear'),(1806,'Nala Tree Frog','','12 Frogs','Gear'),(1807,'Marcan Herb (1 dose)','','','Gear'),(1808,'Marcan Herb (100 dose cargo container)','','','Gear'),(1809,'Ryll (1 dose)','','','Gear'),(1810,'Ryll (100 dose cargo container)','','','Gear'),(1811,'Gunjack Spice (1 dose)','','','Gear'),(1812,'Gunjack Spice (100 dose cargo container)','','','Gear'),(1813,'Neutron Pixie (1 dose)','','','Gear'),(1814,'Neutron Pixie (100 dose cargo container)','','','Gear'),(1815,'Ardos Disk','','','Gear'),(1816,'Credit Cleaner','','','Gear'),(1818,'Microdata P-2 Pocket Attache','','','Gear'),(1819,'Ubrikkian Industries Bantha-II Cargo Skiff','','','Vehicle'),(1820,'Ubrikkian Industries Luxury-Class Sail Barge','','','Vehicle'),(1821,'Hutt Repulsorsled','','','Vehicle'),(1822,'Ubrikkian Industries Pongeeta-class Swamp Speeder','','','Vehicle'),(1823,'MandalMotors M3-A Scyk Interceptor','item/1823/Hutt_Fighter_zpsj12dhmsv.png','Image by Ruak','Starship'),(1824,'MandalMotors M22-T Krayt Gunship','item/1824/M22TKraytGunship-SWGMB.jpg','Image from http://starwars.wikia.com/wiki/M22-T_Krayt_gunship','Starship'),(1825,'HH-87 Starhopper Starfighter','','','Starship'),(1826,'Ubrikkian Industries Seltiss-2 Caravel','item/1826/HuttCaravel-LoNH.jpg','Image from Wookieepedia at http://starwars.wikia.com/wiki/Seltiss-2_caravel','Starship'),(1827,'Y164 Slave Transport','','','Starship'),(1828,'Suwantek TL-1200 Transport','item/1828/TL-1200_Transport_LoNH.png','Up to 100 passengers in the cargo holds.  Image taken from http://starwars.wikia.com/wiki/TL-1200_transport','Starship'),(1829,'Ubrikkian Industries Modified Minstrel-Class Space Yacht','item/1829/MinstrelClassSpaceYacht-LoNH.png','Starfighter complement: Six starfighters (HH-87s, M3-As, or Z-95s), two shuttles  Image from http://starwars.wikia.com/wiki/Minstrel-class_space_yacht','Starship'),(1830,'Ubrikkian Industries Kossak-Class Frigate','','\"90 Passengers\" are actually guards.  Starfighter complement: eight starfighters (HH-87s, M3-As, or Z-95s), four heavy starfighter/bombers (M12-Ls), three shuttles','Starship'),(1831,'CEC HWK-1000 Light Freighter','','','Starship'),(1832,'YT-2000 Light Freighter','','','Starship'),(1833,'Delta-6 System Defense Starfighter','','','Starship'),(1834,'Alpha-class XG-1 \"Star Wing\" Assault Gunboat','','','Starship'),(1835,'Imperial Customs Frigate','','Encumbrance value assumes no passengers','Starship'),(1836,'VT-49 Decimator','','','Starship'),(1837,'CEC WUD-500 Star Yacht','','','Starship'),(1838,'Starlight-class Light Freighter','','','Starship'),(1839,'YKL-37R Nova Courier','','','Starship'),(1840,'GX1 Short Hauler','','','Starship'),(1841,'Baudo-class Star Yacht','item/1841/Baudo-class_star_yacht.jpg','Image from http://starwars.wikia.com/wiki/Baudo-class_star_yacht','Starship'),(1842,'Mobquet Medium Transport','','','Starship'),(1843,'CorelliSpace Gymsnor-3 Light Freighter','','Modular cockpit','Starship'),(1844,'CorelliSpace Gymsnor-4 Light Freighter','','Modular cockpit','Starship'),(1845,'Golan I Space Defense Platform','','Massive 4','Starship'),(1846,'Beguiling Pheromones','','','Ability'),(1847,'Falleen','','Begin with one rank in Charm.','Species'),(1848,'Energy Sensitivty','','','Ability'),(1849,'Gotal','','Begin with one rank in Perception','Species'),(1850,'Ink Spray','','','Ability'),(1851,'Quarren','','Begin with on rank in Negotiation.','Species'),(1852,'Call \'em','','','Talent'),(1855,'Disarming Smile','','','Talent'),(1856,'Don\'t Shoot','','','Talent'),(1857,'Double or Nothing','','','Talent'),(1858,'Double or Nothing (Improved)','','','Talent'),(1859,'Double or Nothing (Supreme)','','','Talent'),(1860,'Fortune Favors the Bold','','','Talent'),(1861,'Guns Blazing','','','Talent'),(1862,'Just Kidding!','','','Talent'),(1863,'Quick Draw (Improved)','','','Talent'),(1865,'Sorry About the Mess','','','Talent'),(1866,'Spitfire','','','Talent'),(1867,'Up the Ante','','','Talent'),(1869,'Czerka Arms A95 Stingbeam','','','Weapon'),(1870,'Czerka Arms 411 Holdout Blaster','','','Weapon'),(1871,'Liquidsilver L7 Light Blaster Pistol','','','Weapon'),(1872,'Merr-sonn Model 53 \"Quicktrigger\" Blaster Pistol','','','Weapon'),(1873,'Raider Arms Model-1 \"Nova Viper\" Blaster Pistol','','','Weapon'),(1874,'Czerka Arms C-10 \"Dragoneye Reaper\" Heavy Blaster Pistol','','','Weapon'),(1875,'Herloss HBt-4 Hunting Blaster','','','Weapon'),(1876,'Corondexx VES-700 Pulse Rifle','','','Weapon'),(1877,'Felebreck Droid Disabler','weapon/1877/Droiddisabler.jpg','Image from http://starwars.wikia.com/wiki/Droid_Disabler','Weapon'),(1878,'FWG-5 Flechette Pistol','','','Weapon'),(1879,'Adostic Arms 8-Gauge Scatter Gun','','','Weapon'),(1880,'Ascian Throwing Dagger','','','Weapon'),(1881,'Knockout Grenade','','','Weapon'),(1882,'SSB-1 Static Pistol','','','Weapon'),(1883,'TaggeCo CryoBan Projector','','','Weapon'),(1884,'Shock Boots','','','Weapon'),(1885,'Punch Dagger','','','Weapon'),(1886,'Vibrorapier','','','Weapon'),(1887,'Blade-breaker','','','Weapon'),(1888,'Mimetic Suit','item/1888/Mimetic Suit.png','Image taken from \"Fly Casual\"','Armor'),(1889,'Smuggler\'s Trenchcoat','item/1889/Smugglers Trenchcoat.png','Image taken from \"Fly Casual\"','Armor'),(1890,'Appraiser\'s Eye','','','Gear'),(1891,'Cybernetic Cavity','','','Gear'),(1892,'Digital Lockpick','','','Gear'),(1893,'Holoscanner','','Ecumbrance and Price represent low end.  Top range is E 100, P 10000.','Gear'),(1894,'Lockpicking Tools','','','Gear'),(1895,'Shift Coffer','','','Gear'),(1896,'Magna-Lock Safe','','','Gear'),(1897,'Shadowcloak','','','Gear'),(1898,'Fingerprint Masque','','','Gear'),(1899,'False Credentials','','','Gear'),(1900,'Skifter','','','Gear'),(1901,'Cargo Scanner','','','Gear'),(1902,'Impact (1 dose)','','','Gear'),(1903,'Impact (100 dose cargo container)','','','Gear'),(1904,'Muon Gold (1 dose)','','','Gear'),(1905,'Muon Gold (100 dose cargo container)','','','Gear'),(1906,'Overcharge Valve','','','Attachment'),(1907,'Paired Weapons','','HP is per weapon, price is for pair.','Attachment'),(1908,'Set Trigger','','','Attachment'),(1909,'Underslung Scattergun','','','Attachment'),(1910,'HSP-10 Pursuit Airspeeder','','','Vehicle'),(1911,'TaggeCo. Cargohopper 102 Cargo Lifter','','','Vehicle'),(1912,'Hyperfoil 1000-XTC','','','Vehicle'),(1913,'Starhawk Speeder Bike','','','Vehicle'),(1914,'Starhawk Speeder Bike with Sidecar','','','Vehicle'),(1915,'Sunrunner ZX Landspeeder','','','Vehicle'),(1916,'Astrogation Droid Brain','','','VehicleAttachment'),(1917,'Autopilot Droid Brain','','','VehicleAttachment'),(1918,'Ax-108 \"Ground Buzzer\" Surface-Defense Blaster Cannon','','','VehicleAttachment'),(1919,'Cloaked Smuggling Compartments','','','VehicleAttachment'),(1920,'Interior Broadcast Suite','','','VehicleAttachment'),(1921,'Nightshadow Coating','','','VehicleAttachment'),(1922,'Onboard Amenities Unit','','','VehicleAttachment'),(1923,'Rapid Cargo Evacuation Chute','','','VehicleAttachment'),(1924,'Whisperthrust Engine','','','VehicleAttachment'),(1925,'Acidic drool','','','Ability'),(1926,'Chemilizard','','','Species'),(1927,'Toothy bite','','','CreatureWeapon'),(1928,'Adult Chemilizard','','','Creature'),(1929,'Hutt Majordomo','','','Adversary'),(1930,'Stinky','','','Ability'),(1931,'Huttlet','','','Adversary'),(1932,'Mature Hutt','','','Adversary'),(1933,'Venerable Hutt','','','Adversary'),(1934,'Cybernetic communications','','','Ability'),(1935,'Gank Hunter','','','Adversary'),(1936,'Olfactory perception','','','Ability'),(1937,'Vrblthers','','','Species'),(1938,'Powerful claws','','','CreatureWeapon'),(1939,'Vrblthers','','','Creature'),(1940,'Scrap crossbow','','','Weapon'),(1941,'Evocii','','','Adversary'),(1942,'Crystalline','','','Ability'),(1943,'Photonic Burst','','','Ability'),(1944,'Photon Spider','','','Species'),(1945,'Bladed legs','','','CreatureWeapon'),(1946,'Photon Spider','','','Creature'),(1947,'The Lost','','','Creature'),(1948,'Hard to Kill','','','Ability'),(1949,'Reckless Strike','','','Ability'),(1950,'Kintan Strider','','','Adversary'),(1951,'Crude club','','','Weapon'),(1952,'Nikto Enforcer','','','Adversary'),(1953,'Kajain\'sa\'Nikto','','','Ability'),(1954,'Morgukai Adept','','','Adversary'),(1955,'Klatooinian Thug','','','Adversary'),(1956,'Blessing of the Acients','','','Ability'),(1957,'Ceremonial shamshir','','','Weapon'),(1958,'Klatooinian Elder','','','Adversary'),(1959,'Klatooinian Paddy Frog','','','Adversary'),(1960,'Barbed Hide','','','Ability'),(1961,'Rass','','','Species'),(1962,'Rass','','','Creature'),(1963,'Deadly Fangs','','','CreatureWeapon'),(1964,'Rending Claws','','','CreatureWeapon'),(1965,'Sakiyan Bounty Hunter','','','Adversary'),(1966,'Skuir Fish','','','Species'),(1967,'Razor Pinciers','','','CreatureWeapon'),(1968,'Toothy Jaws','','','CreatureWeapon'),(1969,'Skuir Fish','','','Creature'),(1970,'Brute Strength','','','Ability'),(1971,'Houk','','','Species'),(1972,'Fists','','','CreatureWeapon'),(1973,'Houk Thug','','Includes Truncheon: http://swrpg.viluppo.net/equipment/weapons/184/','Creature'),(1974,'Bite at Their Heels','','','Ability'),(1975,'Raquor\'Daan','','','Species'),(1976,'Slashing Claws','','','CreatureWeapon'),(1977,'Venomous Stinger','','','CreatureWeapon'),(1978,'Raqor\'Daan (Dark Wolves)','','','Creature'),(1979,'Pheromone Communication','','','Ability'),(1981,'Raquor\'Daan Beastmaster','','','Adversary'),(1982,'Farming Implement','','','Weapon'),(1983,'Toydarian Farmer','','','Adversary'),(1984,'Dataslate','','','Gear'),(1985,'Toydarian Merchant','','FaD entry has soak listed as 2, error confirmed by Sam Stewart','Adversary'),(1986,'Ceremonial Sword','','','Weapon'),(1987,'King Maalva','','','Adversary'),(1988,'Encrypted credit voucher with 50,000 credits','','','Gear'),(1989,'Royal Crown','','','Gear'),(1990,'Cortosis Sword','','','Weapon'),(1991,'Small Dianoga','','','Creature'),(1992,'Toydarian Royal Guard','','','Adversary'),(1993,'Electro-visor','','Removes [SETBACK] imposed due to long range or poor light.','Gear'),(1994,'Greater Dianoga','','','Creature'),(1995,'Loyalty','','','Ability'),(1996,'Enforcer\'s Uniform','','','Armor'),(1997,'Vordan Enforcer','','','Adversary'),(1998,'Humming Vibrations','','','Ability'),(1999,'T\'Landa Til Charlatan','','','Adversary'),(2000,'Captain Gideon','','','Adversary'),(2001,'Fereallis Pirate Crewmate','','','Adversary'),(2002,'The Fereallis','','Customizations: Advanced Targeting Array, Hyperdrive Generator','Starship'),(2003,'Spatula','','','Gear'),(2004,'Puffy Chef\'s Hat','','','Gear'),(2005,'Utility Apron','','','Gear'),(2006,'Domdees','','','Adversary'),(2007,'Grabworm','','','Species'),(2008,'Bite','','','CreatureWeapon'),(2009,'Lashing Appendages','','','CreatureWeapon'),(2010,'Grabworm','','','Creature'),(2011,'Rebreather','','','Gear'),(2012,'Swamptrooper Armor','','Adds [BOOTS]to checks made within a forest or swamp environment','Armor'),(2013,'Swamptrooper','','','Adversary'),(2014,'Drain Life','','','Ability'),(2015,'Shaoryn','','','Species'),(2016,'Grasping Limbs','','','CreatureWeapon'),(2017,'Shaoryn','','','Creature'),(2018,'Corte Voss','','','Adversary'),(2019,'Corte\'s Smuggler Crew','','','Adversary'),(2020,'Trandoshan Claws','','','Ability'),(2021,'Thamoss','','','Adversary'),(2022,'Thamoss\'s Security Guards','','','Adversary'),(2023,'Fine Robes','','','Gear'),(2024,'Narcotic Inhaler','','','Gear'),(2025,'Boddah Venik Rin','','','Adversary'),(2026,'Gang Leader','','Spend maneuver giving orders to other posse members within medium range, granting them [BOOST] on their next check','Talent'),(2027,'Shalo Sherin','','','Adversary'),(2028,'Savo and Camerlin','','Melee is Savo only','Adversary'),(2029,'Torani Kulda','','','Adversary'),(2030,'Integrated Vibroblade','','','Weapon'),(2031,'A0-2','','','Adversary'),(2032,'Fondo, Tyss, ans Plaado','','','Adversary'),(2033,'Massiff','','','Species'),(2034,'Claws','','','CreatureWeapon'),(2035,'Tearing Fangs','','','CreatureWeapon'),(2036,'Massiff','','','Creature'),(2037,'Graayl Nor','','','Adversary'),(2038,'Graayl\'s Thugs','','','Adversary'),(2039,'Huttese','','','Ability'),(2040,'Ancient Hutt Security Droid','','','Adversary'),(2041,'Poisonous','','','Ability'),(2042,'Pybus Amphibipole','','','Species'),(2043,'Tounge','','','CreatureWeapon'),(2044,'Claws','','','CreatureWeapon'),(2045,'Pybus Amphibipole','','','Creature'),(2046,'Memnii','','','Ability'),(2047,'Caamasi','','Start with one rank in Charm or Discipline.','Species'),(2048,'Neimoidian','','Start with one rank in Deception or Negotiation.','Species'),(2049,'Gossam','','Start with one rank in Deception.','Species'),(2050,'Bad Press','','','Talent'),(2051,'Blackmail','','','Talent'),(2052,'Contingency Plan','','','Talent'),(2053,'Cutting Question','','','Talent'),(2054,'Discredit','','','Talent'),(2055,'Encoded Communique','','','Talent'),(2056,'Encouraging Words','','','Talent'),(2057,'In the Know','','','Talent'),(2058,'In the Know (Improved)','','','Talent'),(2059,'Informant','','','Talent'),(2060,'Interjection','','','Talent'),(2061,'Plausible Deniability (Improved)','','','Talent'),(2062,'Positive Spin','','','Talent'),(2063,'Positive Spin (Improved)','','','Talent'),(2064,'Researcher (Improved)','','','Talent'),(2065,'Supporting Evidence','','','Talent'),(2066,'Thorough Assesment','','','Talent'),(2067,'Twisted Words','','','Talent'),(2068,'Valuable Facts','','','Talent'),(2069,'Defender Sporting Blaster Pistol','','','Weapon'),(2070,'Military Holdout Blaster','','','Weapon'),(2071,'ELG-3A Blaster Pistol','','','Weapon'),(2072,'Merr-Sonn N-4 Noise Grenade','','','Weapon'),(2073,'SoroSuub Wipe-3 Data-Purge Grenade','','','Weapon'),(2074,'Goseia HIC \"Mercy\" Grenade','','','Weapon'),(2075,'Brennkeyes Syndicate Knockout Mine','','','Weapon'),(2076,'Needle Gloves','','','Weapon'),(2077,'Ceremonial Blade','','','Weapon'),(2078,'Staff of Office','','','Weapon'),(2079,'Stealth Vibroknife','','','Weapon'),(2080,'Sword Cane','','','Weapon'),(2081,'Banal Apparel','','','Armor'),(2082,'Cargo Clothing','','','Armor'),(2083,'Diplomat\'s Robes','item/2083/Diplomat\'s Robes.png','Image taken from \"Desperate Allies\"','Armor'),(2084,'Flare Jacket','','','Armor'),(2085,'Hauling Harness','','','Armor'),(2086,'Holographic Costume','','','Armor'),(2087,'Lector\'s Outfit','','','Armor'),(2088,'Noble Regalia','item/2088/Noble Regalia.png','Image taken from \"Desperate Allies\"','Armor'),(2089,'Performer\'s Attire','','','Armor'),(2090,'Powered Capacitive Armor','','','Armor'),(2091,'Resplendent Robes','','','Armor'),(2092,'Second Skin Armor','','','Armor'),(2093,'Antidote Set','','','Gear'),(2094,'Authentication Tools','','','Gear'),(2095,'Concealed Recorder','','','Gear'),(2096,'Cultural Etiquette Manual','','','Gear'),(2097,'Communications Media Manipulator','','','Gear'),(2098,'Data Dead Drop','','','Gear'),(2099,'Diplomatic Authorization','','','Gear'),(2100,'Expensive Jewelry','','','Gear'),(2101,'Falsified Credentials','','','Gear'),(2102,'Forgery Tools','','','Gear'),(2103,'Insider\'s Guide','','','Gear'),(2104,'Integrated Public Address System','','','Gear'),(2105,'\"Knack\" Restraining Bolt','','','Gear'),(2106,'Merr-Sonn \"Rider\" Ascension Pistol','','','Gear'),(2107,'Poisoner\'s Ring','','','Gear'),(2108,'Security Sweeper','','','Gear'),(2109,'Signet Ring','','','Gear'),(2110,'Sleight Box','','Encumbrance range 2-20','Gear'),(2111,'Sound Dampener','','','Gear'),(2112,'Species Database','','','Gear'),(2113,'3PX-Series Protocol Droid','','','Gear'),(2114,'5YQ-Series Protol Droid','','','Gear'),(2115,'CZ-Series Communications/Business Droid','','','Gear'),(2116,'M-3PO-Series Military Protocol Droid','','','Gear'),(2117,'TC-Series Protocol Droid','','','Gear'),(2118,'LRD-Series Envoy Droid','','','Gear'),(2119,'LOM-Series Protocol Droid','','','Gear'),(2120,'3PX-Series Protocol Droid','','','Adversary'),(2121,'5YQ-Series Protol Droid','','','Adversary'),(2122,'Inbuilt Datapad','','','Gear'),(2123,'CZ-Series Communications/Business Droid','','','Adversary'),(2124,'Advanced Language Module','','','Ability'),(2125,'TC-Series Protocol Droid','','','Adversary'),(2126,'Military Analyst','','','Ability'),(2127,'M-3PO-Series Military Protocol Droid','','','Adversary'),(2128,'Rhetorical Mimic','','','Ability'),(2129,'LRD-Series Envoy Droid','','','Adversary'),(2130,'Insectoid Appearance','','','Ability'),(2131,'LOM-Series Protocol Droid','','','Adversary'),(2132,'8880 Luxury Landspeeder','','Built to Impress: All 8880 luxury landspeeders count as having a Luxury Passenger Compartments attachment installed, at no additional cost.  This attachment cannot be removed, and does not count against the vehicle\'s total hard points.','Vehicle'),(2133,'V-35 Courier','','','Vehicle'),(2134,'Hyperfoil 1000-XTC','','','Vehicle'),(2135,'HA-5 Aerial Retreat','','','Vehicle'),(2136,'Baudo-Class Star Yacht','','','Starship'),(2137,'Curich-Class Shuttle','','','Starship'),(2138,'J-Type Diplomatic Barge','','Built to Impress: All J-type diplomatic barges count as having a Luxury Passenger Compartments attachment installed, at no additional cost.  This attachment cannot be removed, and does not count against the vehicle\'s total hard points.','Starship'),(2139,'MC-18 Light Freighter','','Custom Construction: When acquiring an MC-18 light freighter, choose one attachment that requires a single hard point and add it to the ship at no additional cost.  This attachment cannot be removed, and does not count against the ship\'s total hard points.','Starship'),(2140,'Kappa-Class Shuttle','','','Starship'),(2141,'Environmental Simulators','','','VehicleAttachment'),(2142,'Luxury Passenger Compartments','','Cost is per passenger capacity','VehicleAttachment'),(2143,'Advanced Subspace Encryption Array','','','VehicleAttachment'),(2144,'HoloNet Pirate Array','','','VehicleAttachment'),(2145,'Cairnmog','','','Species'),(2146,'Sharp Horns','','','CreatureWeapon'),(2147,'Cairnmog','','','Creature'),(2148,'Fecklen Boom','','','Ability'),(2149,'Fecklen','','','Species'),(2150,'Horns','','','CreatureWeapon'),(2151,'Fecklen','','','Creature'),(2152,'Blackback','','','Species'),(2153,'Talons','','','CreatureWeapon'),(2154,'Blackback','','','Creature'),(2155,'Ghorla','','','Species'),(2156,'Ghorla','','','Creature'),(2157,'Trampling hoves','','','CreatureWeapon'),(2158,'100 credits','','','Gear'),(2159,'Chandrilan Citizen','','','Adversary'),(2160,'Academy uniform','','','Gear'),(2161,'Brionelle Army Cadet','','','Adversary'),(2162,'Stun Rifle','','','Weapon'),(2163,'Chandrilan Agriculturalist','','','Adversary'),(2164,'Stun pistol','','','Weapon'),(2165,'Chandrilan Navy Officer','','','Adversary'),(2166,'Chandrilan Governor','','','Adversary'),(2167,'Companion Animal','','','Ability'),(2168,'Houjix','','','Species'),(2169,'Teeth','','','CreatureWeapon'),(2170,'Tail','','','CreatureWeapon'),(2171,'Houjix','','','Creature'),(2172,'Dive-bomb','','','Ability'),(2173,'Tayan Falcon','','','Species'),(2174,'Talons','','','CreatureWeapon'),(2175,'Tayan Falcon','','','Creature'),(2176,'Invoke Doellin','','','Ability'),(2177,'Tayan staff','','','Gear'),(2178,'Priestly robes','','','Gear'),(2179,'500 credits','','','Gear'),(2180,'Doellinist High Priest','','','Adversary'),(2181,'Mon Cala Eel','','','Species'),(2182,'Electric skin','','','CreatureWeapon'),(2183,'Mon Cala Eel','','','Creature'),(2184,'Keelkana','','','Species'),(2185,'Jaws','','','CreatureWeapon'),(2186,'Trained Keelkana','','','Creature'),(2187,'Whaladon','','','Species'),(2188,'Tail','','','CreatureWeapon'),(2189,'Whaladon','','','Creature'),(2190,'Mon Calamari Shipwright','','','Adversary'),(2191,'Mon Calamari Commander','','','Adversary'),(2192,'Miim','','','Species'),(2193,'Tail','','','CreatureWeapon'),(2194,'Miim','','','Creature'),(2195,'Constabulary Honor 2','','','Ability'),(2196,'Orange-Rated Constable','','','Adversary'),(2197,'Constabulary Honor 3','','','Ability'),(2198,'Blue-Rated Constable','','','Adversary'),(2199,'Commander Freila','','','Adversary'),(2200,'Regent Credi Solfinn','','','Adversary'),(2201,'Salana','','','Adversary'),(2202,'Sticky Saliva','','','Ability'),(2203,'Knytix','','','Species'),(2204,'Barb and teeth','','','CreatureWeapon'),(2205,'Knytix','','','Creature'),(2206,'Blood Eagle','','','Species'),(2207,'Razor Talons','','','CreatureWeapon'),(2208,'Blood Eagle','','','Creature'),(2209,'Create Bacta','','','Ability'),(2210,'Black Claw Saboteur','','Black Claws (Brawl; Damage +2; Critical 5; Range [Engaged]; Vicious 1)','Adversary'),(2211,'Morbo\'s Place cantina','','','Gear'),(2212,'Voralla Morbo','','','Adversary'),(2213,'Camouflaged','','','Ability'),(2214,'Choku','','','Species'),(2215,'Serrated teeth','','','CreatureWeapon'),(2216,'Choku','','','Creature'),(2217,'Mamien','','','Species'),(2218,'Pummeling Fists','','','CreatureWeapon'),(2219,'Mamien','','','Creature'),(2220,'Independence','','Massive 2','Starship'),(2221,'Wampa','','','Species'),(2222,'Claws','','','CreatureWeapon'),(2223,'Wampa','','','Creature'),(2224,'Deck Office Lt. Nela Arseli','','','Adversary'),(2225,'General Elora Silssusio','','','Adversary'),(2226,'Crew Chief Jerion \"Jolt\" Terolt','','','Adversary'),(2227,'Colonel (General) Romar Kek','','','Adversary'),(2228,'No Vocal Cords','','','Ability'),(2229,'Telepathy','','','Ability'),(2230,'Polis Massan','','Start with one rank in Medicine.\r\n','Species'),(2231,'Microvision','','','Ability'),(2232,'Radio-wave Communication','','','Ability'),(2233,'Verpine','','Start with one rank in Mechanics.','Species'),(2234,'Bola Carbine','','','Weapon'),(2235,'Droid Disruptor','','','Weapon'),(2236,'Variable Holdout Blaster','','','Weapon'),(2237,'Mon Calamari Battle Baton','','','Weapon'),(2238,'Mon Calamari Spear Blaster (Blaster)','','','Weapon'),(2239,'Mon Calamari Spear Blaster (Spear)','','','Weapon'),(2240,'SoroSuub \"Renegade\" Heavy Blaster Pistol','weapon/2240/Renegade.jpg','','Weapon'),(2241,'Salus DF-D1 Duo-Flechette Rifle','','','Weapon'),(2242,'Verpine Shatter Pistol','','','Weapon'),(2243,'Verpine Shatter Rifle','','','Weapon'),(2244,'Verpine Heavy Shatter Rifle','','','Weapon'),(2245,'Mon Cal Defenses Mini-Torpedo Launcher','','','Weapon'),(2246,'Mini-Torpedo, Anti-Personnel','','','Weapon'),(2247,'Mini-Torpedo, Armor Piercing','','','Weapon'),(2248,'Mini-Torpedo, Ink','','','Weapon'),(2249,'Mini-Torpedo, Ion','','','Weapon'),(2250,'Mini-Torpedo, Net','','','Weapon'),(2251,'Mini-Torpedo, Stun','','','Weapon'),(2252,'Spore/B Stun Grenade','','','Weapon'),(2253,'Koromondain SVT-300 Stun Cloak','','','Weapon'),(2254,'Mon Calamari Coral Pike','','','Weapon'),(2255,'Mon Calamari Energy Lance','','Cumbersome applies while dismounted.','Weapon'),(2256,'SoroSuub CS-12 Stun Master','','','Weapon'),(2257,'Polis Massan Bodysuit','','','Armor'),(2258,'Leviathan Power Armor','item/2258/Leviathan Power Armor.png','Image taken from \"Strongholds of Resistance\"','Armor'),(2259,'Verpine Fiber Ultramesh Armor','','','Armor'),(2260,'Weapon Signature Reduction','','','Attachment'),(2261,'Electronic Sighting System','','','Attachment'),(2262,'False Voice Transmitter','','','Gear'),(2263,'Polis Massan Voicebox','','','Gear'),(2264,'PTP Link','','','Gear'),(2265,'Verpine Comlink','','','Gear'),(2266,'Neuro-Saav Cyborg/Droid Interface','','','Gear'),(2267,'Swift 78B Vessel Courier System','','','Gear'),(2268,'CT-4 Medical Droid','','','Gear'),(2269,'Q-4 Borer Droid','','','Gear'),(2270,'Roche J9 Worker Drone','','','Gear'),(2271,'Roche Siak-series Protocol Droid','','','Gear'),(2272,'SoroSuub G2 Repair Droid','','','Gear'),(2273,'SoroSuub Wanderer Scout Survey Droid','','','Gear'),(2274,'Aratech R82 Jump Boots','','','Gear'),(2275,'Mon Calamari Organic Gil','','','Gear'),(2276,'Verpine Bond Guantlets','','','Gear'),(2277,'Verpine Headband','','','Gear'),(2278,'Heavy-duty Drilling Laser','','','Weapon'),(2279,'Synthflesh Applicator','','','Gear'),(2280,'CT-4 Medical Droid','','','Adversary'),(2281,'Rock-scanning Sensors','','','Gear'),(2282,'Q-4 Borer Droid','','','Adversary'),(2283,'Olfactory and microwave sensors','','add [BOOST][BOOST] to PErception Checks','Gear'),(2284,'Roche J9 Worker Drone','','','Adversary'),(2285,'Roche Siak-series Protocol Droid','','','Adversary'),(2286,'SoroSuub G2 Repair Droid','','','Adversary'),(2287,'SoroSuub Wanderer Scout Survey Droid','','','Adversary'),(2288,'Nen-Carvon R-444 Imperial Sky Swooper','','','Vehicle'),(2289,'Hydrospace Corp Explorer Submersible','','Submersible, Altitude is Max Depth.','Vehicle'),(2290,'Mon Calamari Keelkana-class Attack Submersible','','Submersible, Altitude is Max Depth.','Vehicle'),(2291,'Tallanx-class Stealth Fighter','','Gimmellian Stealth Device, Electronic Countermeasures Suite','Starship'),(2292,'Darvro-class Light Freighter','','Gimmellian Stealth Device, Electronic Countermeasures Suite\r\n\r\nSensor range not specified in book, awaiting errata.','Starship'),(2293,'MC30c Frigate','','Sensor range not specified in book, awaiting errata.','Starship'),(2294,'MC40a Light Cruiser','','Sensor range not specified in book, awaiting errata.','Starship'),(2295,'Intuitive Navigation','','','Ability'),(2296,'X-wing','','','Gear'),(2297,'R2-series astromech droid','','','Gear'),(2298,'Kip Famas','','','Adversary'),(2299,'Y-wing','','','Gear'),(2300,'R5-series astromech droid','','','Gear'),(2301,'Pashna Genko','','','Adversary'),(2302,'Polis Massa Base Squadron Pilot','','','Adversary'),(2303,'Gareth Agamar','','','Adversary'),(2304,'Imperial Test Pilot','','','Adversary'),(2305,'Mehmet Alovar','','','Adversary'),(2306,'Halari Takan','','','Adversary'),(2307,'Encrypted datapad with Imperial holonet uplink','','','Gear'),(2308,'Montra Varn','','','Adversary'),(2309,'Demolitions kit','','','Gear'),(2310,'Gaff Kilvaari','','','Adversary'),(2311,'Sullustan Resistance Fighter','','','Adversary'),(2312,'Armored Imperial Uniform','','','Armor'),(2313,'Fenn Sesslyn','','','Adversary'),(2314,'SoroSuub Corporate Security','','','Adversary'),(2315,'501-Z Police Droid','','','Adversary'),(2316,'Bleshk Callor','','','Adversary'),(2317,'BioTech borg construct Ax8','','','Gear'),(2318,'Halina Patel','','','Adversary'),(2319,'2000 credits','','','Gear'),(2320,'Nosh Droma','','','Adversary'),(2321,'Taska Mastigar','','','Adversary'),(2322,'Galva','','','Species'),(2323,'Teeth','','','CreatureWeapon'),(2324,'Galva','','','Creature'),(2325,'Nuuno','','','Species'),(2326,'Antennae','','','CreatureWeapon'),(2327,'Claws','','','CreatureWeapon'),(2328,'Nuuno','','','Creature'),(2329,'Excellent Climber','','','Ability'),(2330,'Thaelo','','','Species'),(2331,'Fists','','','CreatureWeapon'),(2332,'Thaelo','','','Creature'),(2333,'Conservative Clothing','','','Gear'),(2334,'Venlana Sipal','','','Adversary'),(2335,'Graf Lind','','','Adversary'),(2336,'import/export shop keycard','','','Gear'),(2337,'ASP-series labor droid','','','Gear'),(2338,'Krezo Wasanti','','','Adversary'),(2339,'Reinforced manipulators','','','Weapon'),(2340,'KooChoo','','','Adversary'),(2341,'Lathe','','','Adversary'),(2342,'Krash','','Leadership skill is 1 per thuckelbery@fantasyflightgames.com','Adversary'),(2343,'Squad Leader','','','Ability'),(2344,'Teamwork','','','Ability'),(2345,'Zeke','','','Adversary'),(2346,'Worn Clone Trooper Armor','','','Armor'),(2347,'Hard of Hearing','','','Ability'),(2348,'Oake','','','Adversary'),(2349,'Near-Sighted','','','Ability'),(2350,'Tremor','','','Ability'),(2351,'Poor Memory','','','Ability'),(2352,'Jayk, Rafe, and Tojo','','Near-Sighted: Jayk only\r\nTremor: Rafe only\r\nPoor Memory: Tojo only','Adversary'),(2353,'Sorority Pirate','','','Adversary'),(2354,'Mandi','','','Adversary'),(2355,'Sorority Mask','','Upgrades all Deception skill checks made to disguise the wearer once;  removes up to [SETBACK][SETBACK] added to all Perception, Vigilance, and combat skill checks due to darkness, smoke, or other environmental effects that obscure vision.','Gear'),(2356,'Revah','','','Adversary'),(2357,'Sorority Pirate Queensguard','','','Adversary'),(2358,'Keen Eyesight','','','Ability'),(2359,'Mantellian Pterosaur','','','Species'),(2360,'Teeth','','','CreatureWeapon'),(2361,'Claws','','','CreatureWeapon'),(2362,'Mantellian Pterosaur','','','Creature'),(2363,'Mantellan Flutterplume','','','Species'),(2364,'Beak and Talons','','','CreatureWeapon'),(2365,'Mantellan Flutterplume','','','Creature'),(2366,'Poisonous Bite','','','Ability'),(2367,'Mantellian Savrip','','','Species'),(2368,'Large Club','','','Weapon'),(2369,'Mantellian Savrip','','Equips: http://swrpg.viluppo.net/equipment/weapons/2368/','Creature'),(2370,'JR-12','','Blaster Carbine has Forearm Grip.','Adversary'),(2371,'Illo Vandin','','','Adversary'),(2372,'Fine suit','','','Gear'),(2373,'Jyd Renyr','','','Adversary'),(2374,'Mask','','','Gear'),(2375,'Wresting costume','','','Gear'),(2376,'The Anvil','','','Adversary'),(2377,'Pair of vibroknucklers','','','Weapon'),(2378,'Aimee \"Flutterplume\" Kraeff','','','Adversary'),(2379,'Feathered mask','','','Gear'),(2380,'Colorful wrestling costume','','','Gear'),(2381,'Evun, Alva, and Theel','','','Adversary'),(2382,'Wounded Mantellian Savrip','','','Adversary'),(2383,'Gerk','','','Adversary'),(2384,'Slaver Guard','','','Adversary'),(2385,'Fashionable clothing','','','Gear'),(2386,'Micael Torval','','','Adversary'),(2387,'Sorority Bodyguard','','','Adversary'),(2388,'Ambrae Environmental Security Guard','','','Adversary'),(2389,'Scent','','','Ability'),(2390,'Corellian Bloodhound','','','Species'),(2391,'Teeth','','','CreatureWeapon'),(2392,'Corellian Bloodhound','','','Creature'),(2393,'Flamboyant clothing','','','Gear'),(2394,'Sorority Coutier','','','Adversary'),(2395,'Heavy Clothing Uniforms','','','Armor'),(2396,'Sororith Palace Guard','','','Adversary'),(2397,'Berserk Rage','','','Ability'),(2398,'Spiked Mace','','','Weapon'),(2399,'Tur and Kel','','','Adversary'),(2400,'Ryale Wei','','','Adversary'),(2401,'Sorority Saboteur','','','Adversary'),(2402,'Cutlass-9 Patrol Fighter','','High-Output Ion Turbine','Starship'),(2403,'Flight suit and helmet','','','Gear'),(2404,'Sorority Fighter Jockey','','','Adversary'),(2405,'Officer\'s Uniform','','','Gear'),(2406,'Jerid Sykes','','','Adversary'),(2407,'End of Days','','Starfighter Complement: 36 starfighters.\r\nShield Energy Absorbers\r\nMassive 1\r\n','Starship'),(2408,'Flatline and Brilliance','','','Starship'),(2409,'StarViper M-2','','Maneuvering Mode','Starship'),(2410,'Consortium Starfighter Pilot','','','Adversary'),(2411,'Renegade\'s Blood','','Engine Ring Stabilizer\r\nHigh-Output Ion Turbine\r\nModified Advanced Targeting Array','Starship'),(2412,'Savrip','','','Starship'),(2413,'Uniform','','','Gear'),(2414,'Fleet Officer','','Ranged (Light) has no rank in book.','Adversary'),(2415,'Sorority Defender','','','Adversary'),(2416,'Sealed Coveralls','','','Gear'),(2417,'Sorority Engineer','','','Adversary'),(2418,'Breath mask or space suit','','','Gear'),(2419,'Sorority Crew','','','Adversary'),(2420,'Massive vibro-ax','','','Weapon'),(2421,'Warg','','','Adversary'),(2422,'Bridge Guard','','','Adversary'),(2423,'Awe-inspiring','','','Ability'),(2424,'Armored Uniform','','','Armor'),(2425,'Noira','','','Adversary'),(2426,'Pirate Queen\'s mask','','','Gear'),(2427,'Ornate Armor','','','Armor'),(2428,'Armored Suit','','','Armor'),(2429,'Porel Vakra','','','Adversary'),(2430,'Binary Processing','','','Ability'),(2431,'Cerean','','Start with 1 rank in Vigilance,','Species'),(2432,'Dark Vision','','','Ability'),(2433,'Kel Dor Atmospheric Requirement','','','Ability'),(2434,'Kel Dor','','Start with one rank in Knowledge (Education).','Species'),(2435,'Mirialan','','Star with one rank in Discipline and one rank in Cool.','Species'),(2436,'Nautolan','','Star with one rank in Athletics.','Species'),(2437,'Pack Instincts','','','Ability'),(2438,'Togruta','','Star with one rank in Perception','Species'),(2439,'Fearsome Countenance','','','Ability'),(2440,'Zabrak','','Star with one rank in Survival.','Species'),(2441,'Against all Odds','','','Talent'),(2442,'Aminal Bond','','','Talent'),(2443,'Animal Empathy','','','Talent'),(2444,'Body Guard (Improved)','','','Talent'),(2445,'Calming Aura','','','Talent'),(2446,'Calming Aura (Improved)','','','Talent'),(2447,'Center of Being','','','Talent'),(2448,'Center of Being (Improved)','','','Talent'),(2449,'Circle of Shelter','','','Talent'),(2450,'Comprehend Technology','','','Talent'),(2451,'Conditioned','','','Talent'),(2452,'Counterstrike','','','Talent'),(2453,'Defensive Circle','','','Talent'),(2454,'Defensive Training','','','Talent'),(2455,'Disruptive Strike','','','Talent'),(2456,'Djem So Deflection','','','Talent'),(2457,'Draw Closer','','','Talent'),(2458,'Duelist\'s Training','','','Talent'),(2459,'Enhanced Leader','','','Talent'),(2460,'Exhaust Port','','','Talent'),(2461,'Falling Avalanche','','','Talent'),(2462,'Feint','','','Talent'),(2463,'Force Assault','','','Talent'),(2464,'Force Protection','','','Talent'),(2465,'Forewarning','','','Talent'),(2466,'Hawk Bat Swoop','','','Talent'),(2467,'Healing Trance','','','Talent'),(2468,'Healing Trance (Improved)','','','Talent'),(2469,'Imbue Item','','','Talent'),(2470,'Intuitive Evasion','','','Talent'),(2471,'Intuitive Improvements','','','Talent'),(2472,'Intuitive Shot','','','Talent'),(2473,'Intuitive Strike','','','Talent'),(2474,'Keen Eyed','','','Talent'),(2475,'Knowledge is Power','','','Talent'),(2476,'Knowledgeable Healing','','','Talent'),(2477,'Makashi Flourish','','','Talent'),(2478,'Makashi Technique','','','Talent'),(2479,'Master Artisan','','','Talent'),(2480,'Mental Bond','','','Talent'),(2481,'Mental Tools','','','Talent'),(2482,'Multiple Opponents','','','Talent'),(2483,'Natural Blademaster','','','Talent'),(2484,'Natural Mystic','','','Talent'),(2485,'Niman Technique','','','Talent'),(2486,'Now You See Me','','','Talent'),(2487,'One With the Universe','','','Talent'),(2488,'Parry','','','Talent'),(2489,'Parry (Improved)','','','Talent'),(2490,'Parry (Supreme)','','','Talent'),(2491,'Physician','','','Talent'),(2492,'Preemptive Avoidance','','','Talent'),(2493,'Prey on the Weak','','','Talent'),(2494,'Quick Movement','','','Talent'),(2495,'Reflect','','','Talent'),(2496,'Reflect (Improved)','','','Talent'),(2497,'Reflect (Supreme)','','','Talent'),(2498,'Resist Disarm','','','Talent'),(2499,'Saber Swarm','','','Talent'),(2500,'Saber Throw','','','Talent'),(2501,'Sarlacc Sweep','','','Talent'),(2502,'Sense Advantage','','','Talent'),(2503,'Share Pain','','','Talent'),(2504,'Shein Technique','','','Talent'),(2505,'Slippery Minded','','','Talent'),(2506,'Soresu Technique','','','Talent'),(2507,'Strategic Form','','','Talent'),(2508,'Sum Djem','','','Talent'),(2509,'Terrify','','','Talent'),(2510,'Terrify (Improved)','','','Talent'),(2511,'The Force is my Allay','','','Talent'),(2512,'Inity Assault','','','Talent'),(2513,'Refined Cortosis Gauntlets','','','Weapon'),(2514,'Ancient Sword','','','Weapon'),(2515,'Cortosis Shield','weapon/2515/cortosis_shield_V7Vossn.png','Image taken from F-CRB','Weapon'),(2516,'Cortosis Sword','','','Weapon'),(2517,'Refined Cortosis Staff','','','Weapon'),(2518,'Unwieldy','','','WeaponQuality'),(2519,'Electrostaff','','','Weapon'),(2520,'Basic Lightsaber','','','Weapon'),(2521,'Double-Bladed Lightsaber','','','Weapon'),(2522,'Lightsaber Pike','','','Weapon'),(2523,'Shoto','','','Weapon'),(2525,'Training Lightsaber','','','Weapon'),(2526,'Basic Lightsaber Hilt','','','Weapon'),(2527,'Double-Bladed Lightsaber Hilt','','','Weapon'),(2528,'Lightsaber Pike Hilt','','','Weapon'),(2529,'Shoto Hilt','','','Weapon'),(2530,'Armored Robes','item/2530/Armored Robes.png','Image taken from Force and Destiny Core Rulebook','Armor'),(2531,'Concealing Robes','item/2531/Concealing Robes.png','Image taken from Force and Destiny Core Rulebook','Armor'),(2532,'Wilderness Survival Kit','','','Gear'),(2533,'Meditation Focus','','','Gear'),(2534,'Demon Mask','','','Gear'),(2535,'Talisman of Iron Fists','','','Gear'),(2536,'Holocron','','','Gear'),(2537,'Blaster Energy Dampner','','','Attachment'),(2538,'Night Vision Scope','','','Attachment'),(2539,'Shadowsheath','','','Attachment'),(2540,'Barab Ingot','','','Attachment'),(2541,'Curved Hilt','','','Attachment'),(2542,'Dantari Crystal','','','Attachment'),(2543,'Dragite Gem','','','Attachment'),(2544,'Dual-Phase Modification','','','Attachment'),(2545,'Extended Hilt','','','Attachment'),(2546,'Ilum Crystal','','','Attachment'),(2547,'Krayt Dragon Pearl','','','Attachment'),(2548,'Lorrdian Gemstone','','','Attachment'),(2549,'Mephite Crystal','','','Attachment'),(2550,'Sapith Gem','','','Attachment'),(2551,'Superior Hilt Personalization','','','Attachment'),(2552,'Training Lightsaber Emitter','','','Attachment'),(2553,'Biofeedback System','','','Attachment'),(2554,'Energy Dispersion System','','','Attachment'),(2555,'In-Helmet Scanner','','','Attachment'),(2556,'Ubrikkian Industries Talon I Combat Cloud Car','','','Vehicle'),(2557,'Passenger Landspeeder','','','Vehicle'),(2558,'A-A3 Dray Light Speeder Truck','','','Vehicle'),(2559,'85-XS Odyssey Heavy Speeder Bike','','','Vehicle'),(2560,'Gallis-Tech 48 Roller','','','Vehicle'),(2561,'Groundcar','','','Vehicle'),(2562,'AT-HCT','','','Vehicle'),(2563,'Delta-7 Aethersprite Interceptor','','','Starship'),(2564,'Delta-12 Skysprite','','','Starship'),(2565,'Vangaard Pathfinder Scout Ship','item/2565/Vangaard Pathfinder.png','Image taken from WEG \"Galaxy Guide 8: Scouts\"','Starship'),(2566,'G9 Rigger Light Freighter','item/2566/Twilight2.png','Image taken from http://starwars.wikia.com/wiki/File:Twilight.jpg','Starship'),(2567,'Simiyiar Light Freighter','','','Starship'),(2568,'ZH-25 Questor Light Freighter','','','Starship'),(2569,'ADZ-Class Destroyer','','','Starship'),(2570,'IR-3F-Class Light Frigate','','','Starship'),(2571,'Force Power Battle Meditation','','','Ability'),(2572,'Force Power Bind','','','Ability'),(2573,'Force Power Heal/Harm','','','Ability'),(2574,'Force Power Misdirect','','','Ability'),(2575,'Force Power Protect/Unleash','','','Ability'),(2576,'Force Power Seek','','','Ability'),(2577,'Force Power Sense','','','Ability'),(2578,'Scoped long-range blaster rifle','weapon/2578/rifle_01_zpslvfoyvxd.png','Image by Ruak','Weapon'),(2579,'Oversized Combat Knife','','','Weapon'),(2580,'Big Game Hunter','','','Adversary'),(2581,'Bith Musician','','','Adversary'),(2582,'Scout Ship','','','Gear'),(2583,'Scout','','','Adversary'),(2584,'Podracer','','','Gear'),(2585,'Podracer Pilot','','','Adversary'),(2586,'Police Armor','','','Armor'),(2587,'Provincial Law Enforcement Officer','','','Adversary'),(2588,'Ammonia Breather','','','Ability'),(2589,'Gand Findsman','','','Adversary'),(2590,'Giant Hydrospanner','','','Weapon'),(2591,'Ugnaught Mechanic','','','Adversary'),(2592,'Con Artist','','','Adversary'),(2593,'Hutt Slave Dealer','','','Adversary'),(2594,'Spice Pusher','','','Adversary'),(2595,'Datapad of Imperial regulations','','','Gear'),(2596,'Government Bureaucrat','','','Adversary'),(2597,'Combat Vibroblade','','','Weapon'),(2598,'Neurotoxin Doses','','','Ability'),(2599,'Imperial Assassin','','','Adversary'),(2600,'Imperial Dungeoneer','','','Adversary'),(2601,'Cortosis-plated force pike','','','Weapon'),(2602,'Imperial Royal Guard','','','Adversary'),(2603,'Analysis Droid','','','Adversary'),(2604,'Built-in Armor Plating','','','Armor'),(2605,'IG-100 Magnaguard','','','Adversary'),(2606,'Built-in Interrogation Drug Syringe','','','Gear'),(2607,'Built-in Acid Jet','','','Weapon'),(2608,'Built-in Sonic Torture Device','','','Weapon'),(2609,'Interrogation Droid','','','Adversary'),(2610,'Self-destruct Mechanism','','','Ability'),(2611,'long-range holonet communicator','','','Gear'),(2612,'Life Form Scanner','','','Gear'),(2613,'Long-range Sensor Array','','','Gear'),(2614,'Viper Probe Droid','','','Adversary'),(2615,'Analysis Droid','','','Gear'),(2616,'IG-100 MangnaGuard','','','Gear'),(2617,'Interrogation Droid','','','Gear'),(2618,'Viper Probe Droid','','','Gear'),(2619,'Emergency Repair Kit','','','Gear'),(2620,'Accomplished Mechanic','','','Adversary'),(2621,'Cautious Smuggler','','','Adversary'),(2622,'Computer Affinity','','','Ability'),(2623,'CSA Intrusion Specialist','','','Adversary'),(2624,'All the Luck in the Galaxy','','','Ability'),(2625,'Dandy Gambler','','','Adversary'),(2626,'Dark Side Force User','','','Ability'),(2627,'Black Robes','','','Armor'),(2628,'Fallen Apprentice','','','Adversary'),(2629,'Double-bladed mephite lightsaber','','','Weapon'),(2630,'Fallen Master','','','Adversary'),(2631,'Serrated Vibroknife','','','Weapon'),(2632,'Merderous Fugitive','','','Adversary'),(2633,'Vibro-trident','','','Weapon'),(2634,'Gladiatorial Leathers','','','Armor'),(2635,'Scarred Gladiator','','','Adversary'),(2636,'Six-armed','','','Ability'),(2637,'Acklay','','','Species'),(2638,'Large Claws','','','CreatureWeapon'),(2639,'Stalking Acklay','','','Creature'),(2640,'Strong as a Jakobeast','','','Ability'),(2641,'Jakobeast','','','Species'),(2642,'Tusks','','','CreatureWeapon'),(2643,'Jakobeast','','','Creature'),(2644,'Soothing Song','','','Ability'),(2645,'Jubba Bird','','','Species'),(2646,'Claws','','','CreatureWeapon'),(2647,'Jubba Bird','','','Creature'),(2648,'Force Mimic','','','Ability'),(2649,'Kaaten','','','Species'),(2650,'Claws','','','CreatureWeapon'),(2651,'Kaaten','','','Creature'),(2652,'Neurotoxin','','','Ability'),(2653,'Kouhun','','','Species'),(2654,'Spine','','','CreatureWeapon'),(2655,'Mandibles','','','CreatureWeapon'),(2656,'Kouhun','','','Creature'),(2657,'Cloak','','','Ability'),(2658,'Maalraa','','','Species'),(2659,'Fangs','','','CreatureWeapon'),(2660,'Maalraa','','','Creature'),(2661,'Detect Force-sensitivity','','','Ability'),(2662,'Vornskr','','','Species'),(2663,'Tail','','','CreatureWeapon'),(2664,'Teeth','','','CreatureWeapon'),(2665,'Vornskr','','','Creature'),(2666,'Negate Force Powers','','','Ability'),(2667,'Ysalamir','','','Species'),(2668,'Teeth','','','CreatureWeapon'),(2669,'Ysalamir','','','Creature'),(2670,'Besalisk Adventurer','','','Adversary'),(2671,'Chiss Mercenary','','','Adversary'),(2673,'Heat Resistance','','','Ability'),(2674,'Mustafarian Miner','','','Adversary'),(2675,'Ashur Sungazer','','','Adversary'),(2676,'Stylus','','','Gear'),(2677,'Campus Security Guard','','','Adversary'),(2678,'Eren Garai','','','Adversary'),(2679,'Armed Security Guard','','','Adversary'),(2680,'Basilisk Claws','','','Weapon'),(2681,'Damaged Basilisk','','','Adversary'),(2682,'Integral Wrist Blaster','','','Weapon'),(2683,'Tactical Assassin Droid','','','Adversary'),(2684,'Imperial Stormtrooper \"Cavetroopers\"','','','Adversary'),(2685,'Oversized Vibroknife','','','Weapon'),(2686,'Low-light vision gear','','Remove [SETBACK][SETBACK] from checks due to darkness.','Gear'),(2687,'Phemis Canyon Charger','','','Species'),(2688,'Ridged Skull Crest','','','CreatureWeapon'),(2689,'Phemis Canyon Charger','','','Creature'),(2690,'Rubat Spinner','','','Species'),(2691,'Limb Spike','','','CreatureWeapon'),(2692,'Rubat Spinner','','','Creature'),(2693,'Reinforced Vibrosword','','','Weapon'),(2694,'\"Ironarm\" Stormtrooper Commander','','','Adversary'),(2695,'Chagrian','','Start with one rank in Resilience.\r\nStart with one rank in Knowledge Specialization','Species'),(2696,'Water Dependence','','','Ability'),(2697,'Ishi Tib','','Start with one rank in Discipline.','Species'),(2698,'Indomitable','','','Ability'),(2699,'Lannik','','Start with one rank in Streetwise','Species'),(2700,'Calm Commander','','','Talent'),(2701,'Clever Commander','','','Talent'),(2702,'Commanding Presence (Improved)','','','Talent'),(2703,'Confidence (Improved)','','','Talent'),(2704,'Master Instructor','','','Talent'),(2705,'Master Strategist','','','Talent'),(2706,'Natural Instructor','','','Talent'),(2707,'Ready for Anything','','','Talent'),(2708,'That\'s how it\'s Done','','','Talent'),(2709,'Well Read','','','Talent'),(2710,'BPEA-IA Cascader','','','Gear'),(2711,'Dress Uniform','','','Gear'),(2712,'Ribon Rack','','','Gear'),(2713,'Symbol of Command','','','Gear'),(2714,'T-Series Tactical Droid','','','Gear'),(2715,'CDE-T Tactical Computer','','','Ability'),(2716,'T-Series Tactical Droid','','','Adversary'),(2717,'1.4 FD P-Tower Light Anti-Vehicle Battery','','','Gear'),(2718,'AlderaanMotors Heat Sink Power Generator','','','Gear'),(2719,'CryonCorp MK. I Cat\'s Eye Multipurpose Sensor Suite','','','Gear'),(2720,'DefenStar Ltd. Nyalsan II Planetary Shield Generator','','','Gear'),(2721,'Delvin Constructs Com C-52 Modular Command Center','','','Gear'),(2722,'Devlin Constructs BKR B-70 Modular Reinforced Bunker','','','Gear'),(2723,'Devlin Constructs Fac L-120 Modular Motor Pool','','','Gear'),(2724,'Devlin Constructs HNG F-104 Modular Hanger','','','Gear'),(2725,'Devlin Constructs MilBar F-122 Modular Barracks','','','Gear'),(2726,'Golan Arms DF.11 Anti-Infantry Battery','','','Gear'),(2727,'TacNet Tatical Data Network','','','Gear'),(2728,'SU-42RS Flashblind Aerial Reconnaissance Airspeeder','','','Vehicle'),(2729,'AA-70 Observation and Command Speeder','','','Vehicle'),(2730,'LAVr QH-7 Chariot Command Speeder','','','Vehicle'),(2731,'AT-FRC Force Reconnaissance Walker','','Sound-Dampening Camouflage System','Vehicle'),(2732,'Munificent-class Command, Control, and Communications Frigate','','Starfighter Compliment: Twelve to thirty-six starfighters\r\nVehicle Compliment: Assorted shuttles\r\nMassive 1\r\nCommand, Control, and Communications Suite','Starship'),(2733,'Surveyor-class Reconnaissance Frigate','','Starfighter Complement: Twelve Starfighters\r\nVehicle Complement: Assorted shuttles\r\nSensor Suite\r\nRun Silent','Starship'),(2734,'MC80A Home One type Heavy Star Cruiser','','Starfighter Compliment: 120 Starfighters\r\nVehicle Compliment: Numerous shuttles, landing craft, gunboats, assault craft, planetary vehicles, and landing barges\r\nMassive 3\r\nInspiring Presence 3\r\n','Starship'),(2735,'Assertor-class Command Dreadnought','','Starfighter Compliment: 120 starfighters\r\nVehicle Compliment: Numerous shuttles, landing craft, gunboats, assault craft, landing barges, ground combat vehicles, and AT-series walkers\r\nMassive 3\r\nInspiring Presence 3\r\n','Starship'),(2736,'Maelstrom-class Battle Cruiser','','Starfighter Compliment: 96 starfighters\r\nVehicle Compliment: Numerous shuttles, landing craft, gunboats, assault craft, and landing barges.\r\nMassive 2\r\nInspiring Presence 2','Starship'),(2737,'Electronic Counter-Countermeasures Suite','','','VehicleAttachment'),(2738,'Briefing Auditorium','','','VehicleAttachment'),(2739,'Tatical Command, Control, and Communications Suite','','','VehicleAttachment'),(2740,'Holo-Tank','','','VehicleAttachment'),(2741,'Theater Command and Control System','','','VehicleAttachment'),(2742,'Precognition','','','Ability'),(2743,'Iktotchi','','Start with 1 rank in Vigilance','Species'),(2744,'Lannik','','Start with one rank in Streetwise','Species'),(2745,'Hardy Survivalist','','','Ability'),(2746,'Whiphid','','Start with 1 rank in Survival\r\nTusks: When a Whiphid makes a Brawl check to deal damage to an opponent, he deals +2 damage, has a Critical Rating of 4, and the Vicious 1 quality.','Species'),(2747,'Armor Master (Supreme)','','','Talent'),(2748,'Baleful Gaze','','','Talent'),(2749,'Blind Spot','','','Talent'),(2750,'Grapple','','','Talent'),(2751,'No Escape','','','Talent'),(2752,'Overbalance','','','Talent'),(2753,'Precision Strike','','','Talent'),(2754,'Prime Positions','','','Talent'),(2755,'Prescient Shot','','','Talent'),(2756,'Prophetic Aim','','','Talent'),(2757,'Reinforce Item','','','Talent'),(2758,'Suppressing Fire','','','Talent'),(2759,'Force Power Suppress','','','Ability'),(2760,'BlasTech DLS-12 Heavy Blaster Carbine','','','Weapon'),(2761,'Palandrix KO-2 Heavy Stun Pistol','','','Weapon'),(2762,'Security S-5 Heavy Blaster Pistol','','','Weapon'),(2763,'Site-145 Replica Blaster Pistol','','','Weapon'),(2764,'Shield Gauntlet','weapon/2764/shield_gauntlet.png','Image from http://starwarsrp.net/topic/99629-dispersion-shield-gauntlet-mk2/','Weapon'),(2765,'Electronet','','','Weapon'),(2766,'Energy Buckler','','','Weapon'),(2767,'Parrying Dagger','','','Weapon'),(2768,'Parrying Vibroblade','','','Weapon'),(2769,'Rodian Cryogen Whip','','','Weapon'),(2770,'Sith Shield','weapon/2770/sith_shield.png','Image taken from \"Keeping the Peace\"','Weapon'),(2771,'Snap Baton','','','Weapon'),(2772,'Guard Shoto','','','Weapon'),(2773,'Temple Guard Lightsaber Pike','','','Weapon'),(2774,'Guard Shoto Hilt','','','Weapon'),(2775,'Temple Guard Lightsaber Pike Hilt','','','Weapon'),(2776,'Cresh \"Luck\" Armor','item/2776/Cresh Luck Armor.png','Image taken from \"Keeping the Peace\"','Armor'),(2777,'Jedi Battle Armor','','','Armor'),(2778,'Jedi Temple Guard Armor','item/2778/Jedi Temple Guard Armor.png','Image taken from \"Keeping the Peace\"','Armor'),(2779,'Jedi Training Suit','','','Armor'),(2780,'Kav-Dann Power Armor','item/2780/Kav-Dann Power Armor.png','Image taken from \"Keeping the Peace\"','Armor'),(2781,'Koromondain Half-Vest','','','Armor'),(2782,'Loyalty Imprint','','','Ability'),(2783,'Olfactory Sensor Suite','','','Ability'),(2784,'Retractable Blade Incisors','','','Weapon'),(2785,'Retractable Light Blaster','','','Weapon'),(2786,'GV/3-series Guardian Droid','','','Adversary'),(2787,'Micro Stun Blaster','','','Weapon'),(2788,'Marksman-H Combat Remote','','','Adversary'),(2789,'Recording Holocam','','','Gear'),(2790,'RMD-20 \"Eye in the Sky\"','','','Adversary'),(2791,'GV/3-series Guardian Droid','','','Gear'),(2792,'Marksman-H Combat Training Remote','','','Gear'),(2793,'RMD-20 \"Eye in the Sky\"','','','Gear'),(2794,'PX-7 Heat Sensor','','','Gear'),(2795,'Veridicator 200','','','Gear'),(2796,'Blood Scanner','','','Gear'),(2797,'Med-Aid Patch','','','Gear'),(2798,'AL-DR8 Grav-Binders','','','Gear'),(2799,'Personal Transponder','','','Gear'),(2800,'Stun Cuffs','','','Gear'),(2801,'A99 Aquata Breather','','','Gear'),(2802,'InstaMist Generator','','','Gear'),(2803,'Jedi Utility Belt','','','Gear'),(2804,'Luma Flare','','','Gear'),(2805,'Lightsaber Maintenance Kit','','','Gear'),(2806,'WJ-880 Blinding Helmet','','','Gear'),(2807,'Cyclic Crystal Array','','','Attachment'),(2808,'Energy Overclock Setting','','','Attachment'),(2809,'Force-Attuned Resonator','','','Attachment'),(2810,'Integrated Illuminator','','','Attachment'),(2811,'Magnetic Weapon Tether','','','Attachment'),(2812,'Shield Discharge Pack','','','Attachment'),(2813,'Kimber Stone','','','Attachment'),(2814,'Sorian Crystal','','','Attachment'),(2815,'Armor Spikes','','','Attachment'),(2816,'Kiirium Coating','','','Attachment'),(2817,'Hardened','','','Attachment'),(2818,'Low-Friction Coating','','','Attachment'),(2819,'Quick Shed','','','Attachment'),(2820,'Reactive Plating','','','Attachment'),(2821,'Reflec Shadowskin','','','Attachment'),(2822,'Stun Matrix','','Table is jumbled between Stun Matrix and Vacuum Sealed, awaiting clarification of Encumbrance and Rarity.','Attachment'),(2824,'D-4 Mobile Defense Platform','','Defensive Platform','Vehicle'),(2825,'D-4S Projection Platform','','Holographic Camouflage','Vehicle'),(2826,'Rufescent Cargo Hauler','','','Vehicle'),(2827,'Tsmeu-6 Personal Wheel Bike','','All-Terrain Mode','Vehicle'),(2828,'Blade-32 Superiority Fighter','','','Starship'),(2829,'M12-L Kimogila Heavy Starfighter','','','Starship'),(2830,'Miy\'til Starfighter','','','Starship'),(2831,'Barloz-class Medium Freighter','','','Starship'),(2832,'ND-47 Stalwart Bulk Freighter','','','Starship'),(2833,'Barrage Gunship','','Interior Ordnance','Starship'),(2834,'Penumbra Stealth Freighter','','Fragile Stealth Systems','Starship'),(2835,'VCX-100 Light Freighter','','','Starship'),(2836,'Force Power Warde\'s Foresight','','','Ability'),(2837,'Sathari','','Start with 1 rank in Coordination','Species'),(2838,'Arboreal Predator','','','Ability'),(2839,'Envenomed Bite','','','Ability'),(2840,'Bearsloth','','','Species'),(2841,'Claws and Fangs','','','CreatureWeapon'),(2842,'Bearsloth','','','Creature'),(2843,'Arboreal Creature','','','Ability'),(2844,'Tarvix','','','Species'),(2845,'Claws and Teeth','','','CreatureWeapon'),(2846,'Tarvix','','','Creature'),(2847,'Diiro','','Available on Arbooine only.','Weapon'),(2848,'bearsloth venom (2 doses)','','','Gear'),(2849,'Quolas Guard','','','Adversary'),(2850,'Restraint','','','Ability'),(2851,'bearsloth venom (10 doses)','','','Gear'),(2852,'bearsloth antivenom (2 doses)','','','Gear'),(2853,'Quolas Guard Captain','','','Adversary'),(2854,'For Quolas!','','','Ability'),(2855,'Thick Furs and Leathers','','','Armor'),(2856,'Pathran Helshar','','','Adversary'),(2857,'bearsloth venom (1 dose)','','','Gear'),(2858,'Quolas Citizen','','','Adversary'),(2859,'Ornate Thick Furs and Leathers','','','Armor'),(2860,'bearsloth venom (5 doses)','','','Gear'),(2861,'Quolas Elder','','','Adversary'),(2862,'Kyber crystal amulet','','','Gear'),(2863,'Gel Marcolf','','','Adversary'),(2864,'Duke Erron Irbian','','','Adversary'),(2865,'Praticed Resistance','','','Ability'),(2866,'Cortosis-laced Battle Armor','','Cortosis','Armor'),(2867,'Custom Slugthrower Carbine','','Cortosis Rounds: Spend 3[ADVANTAGE] or [TRIUMPH] from combat check to short out and deactivate target\'s lightsaber; lightsaber cannot be reactivated until the last initative slot of the next round','Weapon'),(2868,'Cortosis Gauntlets','','','Weapon'),(2869,'Dalan Oberos','','','Adversary'),(2870,'Strength in Numbers','','','Ability'),(2871,'Neimoidian Citizen','','','Adversary'),(2872,'Mobquet Flare-V swoop bike with garish paint job','','','Gear'),(2873,'Kreehawk Ganger','','','Adversary'),(2874,'Custom Heavy Blaster Pistol','','','Weapon'),(2875,'Vibroknucklers','','','Weapon'),(2876,'Push the Limit','','','Ability'),(2877,'Lor Keln','','','Adversary'),(2878,'Mobquet Flare-V Swoop Bike','','','Vehicle'),(2879,'Tor Haido','','','Adversary'),(2880,'Zel N\'got','','','Adversary'),(2881,'Bad Knee','','','Ability'),(2882,'Stormtrooper Captain TH-313','','','Adversary'),(2883,'Fearsome Aspect','','','Ability'),(2884,'Modded Blaster Pistol','','','Weapon'),(2885,'Onrein Hasar','','','Adversary'),(2886,'BX Commando Droid','','','Adversary'),(2887,'Fire Sweep','','','Ability'),(2888,'Shield Projector','','','Ability'),(2889,'Two built-in twin droideka heavy blasters','','','Weapon'),(2890,'Stomping Mechanical Leg','','','Weapon'),(2891,'Droideka','','','Adversary'),(2892,'Living Shadow','','','Ability'),(2893,'Phantasmal Beast of Moraband','','Claws and Teeth (Brawl; Damage 6; Critical 3; Range [Engaged]; Ensnare 1, Vicious 2)','Adversary'),(2894,'Creature of Illusion','','','Ability'),(2895,'Darkest Dreams','','','Ability'),(2896,'Spectral blade, shadowsaber, or ghostly claws','','','Weapon'),(2897,'Moraband Sith Phantasm','','','Adversary'),(2898,'Warde\'s Lightsaber','','','Weapon'),(2899,'Kyber Crystal','','','Gear'),(2900,'Suljo Warde','','','Adversary'),(2901,'Force-Sensitive Negotiation','','','Ability'),(2902,'Grizzled Trader','','','Adversary'),(2903,'Long-range terrain scanner','','','Gear'),(2904,'Probe Droid','','','Adversary'),(2905,'Vorn Tel-Ovis','','','Adversary'),(2906,'Spaceport Security Droids','','','Adversary'),(2907,'Overseer Brynn','','','Adversary'),(2908,'Trex','','','Adversary'),(2909,'Krayt Fang','','','Starship'),(2910,'The Gatekeeper','','','Adversary'),(2911,'Heavy Fur Clothes','','','Armor'),(2912,'Hunters','','','Adversary'),(2913,'Advozse Mercenaries','','','Adversary'),(2914,'Spintiri Icewolves','','','Species'),(2915,'Teeth and Claws','','','CreatureWeapon'),(2916,'Spintiri Icewolves','','','Creature'),(2917,'Ancient Sith Sword','','','Weapon'),(2918,'Malefax','','','Adversary'),(2919,'Asharl Pelt','','','Ability'),(2920,'Asharl Panther','','','Species'),(2921,'Teeth and Claws','','','CreatureWeapon'),(2922,'Asharl Panther','','','Creature'),(2923,'Shriek','','','Ability'),(2924,'Blismal','','','Species'),(2925,'Teeth','','','CreatureWeapon'),(2926,'Blismal','','','Creature'),(2927,'Gorgodon','','','Species'),(2928,'Teeth and Claws','','','CreatureWeapon'),(2929,'Tail','','','CreatureWeapon'),(2930,'Gorgodon','','','Creature'),(2931,'Heightened Sense of Smell','','','Ability'),(2932,'Searing Touch','','','Ability'),(2933,'Razhak','','','Species'),(2934,'Mandibles','','','CreatureWeapon'),(2935,'Razhak','','','Creature'),(2936,'Dense Feathers','','','Ability'),(2937,'Frightening Visage','','','Ability'),(2938,'Snowfeather','','','Species'),(2939,'Beak','','','CreatureWeapon'),(2941,'Snowfeather','','','Creature'),(2942,'Cunning Ambusher 1','','','Ability'),(2943,'Colo Claw Fish','','','Species'),(2944,'Massive Maw and Mandibles','','','CreatureWeapon'),(2945,'Colo Claw Fish','','','Creature'),(2946,'Longbow','weapon/2946/Longbow.png','Arrows can be bought for ~1 credit.  Image taken from \"Nexus of Power\".','Weapon'),(2947,'Bardottan Electrolance','weapon/2947/Bardottan Electrolance.png','Image taken from \"Nexus of Power\"','Weapon'),(2948,'Gungan Personal Energy Shield','weapon/2948/Gungan Energy Shield.png','Image taken from \"Nexus of Power\"','Weapon'),(2949,'Energy Slingshot','','Only requires one [Advantage] to activate Disorient quality, as opposed to the two [Advantage] that are normally required.','Weapon'),(2950,'Aurateran Boomerang','','','Weapon'),(2951,'Gungan Atlatl','','','Weapon'),(2952,'Gungan Plasma Ball','','A.k.a., \"Booma\"','Weapon'),(2953,'Gualaar','','','Species'),(2954,'Horns','','','CreatureWeapon'),(2955,'Trampling Hooves','','','CreatureWeapon'),(2956,'Gualaar','','','Creature'),(2957,'Silhouette 5','','','Ability'),(2958,'Supremely Terrifying','','','Ability'),(2959,'Sando Aqua Monster','','','Species'),(2960,'Massive, toothy maw','','','CreatureWeapon'),(2961,'Large Claws','','','CreatureWeapon'),(2962,'Sando Aqua Monster','','','Creature'),(2963,'Creeping Posenaur','','','Species'),(2964,'Bite','','','CreatureWeapon'),(2965,'Creeping Posenaur','','','Creature'),(2966,'Flying Leaf-Tail','','','Species'),(2967,'Rodent Teeth','','','CreatureWeapon'),(2968,'Flying Leaf-Tail','','','Creature'),(2969,'Dragonsnake','','','Species'),(2970,'Large claws','','','CreatureWeapon'),(2971,'Toothy Maw','','','CreatureWeapon'),(2972,'Gigantic Dragonsnake','','','Creature'),(2973,'Lesser Bogwing','','','Species'),(2974,'Claws','','','CreatureWeapon'),(2975,'Lesser Bogwing','','','Creature'),(2976,'Lurking Scrange','','','Species'),(2977,'Beaked mouth','','','CreatureWeapon'),(2978,'Tail Spikes','','','CreatureWeapon'),(2979,'Lurking Scrange','','','Creature'),(2980,'Gungan Electropole','','','Weapon'),(2981,'Training Stick','','','Weapon'),(2982,'Voss Warspear','','','Weapon'),(2983,'Weik Greatsword','','','Weapon'),(2984,'Frangawl Force Powder (1 dose)','','','Gear'),(2985,'Longsight (1 dose)','','','Gear'),(2986,'Sulfur Inhaler (10 doses)','','','Gear'),(2987,'Adamite Signet Ring','','','Gear'),(2988,'Bardottan Chronoscanner','','','Gear'),(2989,'Sporting Macrobinoculars','','','Gear'),(2990,'Thermal Cutter','','','Gear'),(2991,'Vergence Starchart','','','Gear'),(2992,'Wizard Pouch','','','Gear'),(2993,'Bardottan Sphere','','','Gear'),(2994,'Crown of Verity','','','Gear'),(2995,'Dram of Orphne','','','Gear'),(2996,'Dolina Ring Seeds','','','Gear'),(2997,'Eyes of Laqasa','item/2997/Eyes of Laqasa.png','Image taken from \"Nexus of Power\"','Gear'),(2998,'Grimoire of Syclos the Lame','item/2998/Grimoire of Syclos the Lame.png','Image taken from \"Nexus of Power\"','Gear'),(2999,'Herder\'s Gauntlet','item/2999/Herders Gauntlets.png','Image taken from \"Nexus of Power\"','Gear'),(3000,'Master Lodaka\'s Lightsaber','item/3000/Master Lodakas Lightsaber Rotated.png','Image taken from \"Nexus of Power\"','Gear'),(3001,'Taradon\'s Helm','','','Gear'),(3002,'Tears of the Elders','','','Gear'),(3003,'Space-headed Smooka','','','Species'),(3004,'Rodent Teeth','','','CreatureWeapon'),(3005,'Spade-headed Smooka','','','Creature'),(3006,'Shield','','','Weapon'),(3007,'Steel Breastplate','','','Armor'),(3008,'Vossport City Guard','','','Adversary'),(3009,'Sunfire Sword','','','Weapon'),(3010,'Reforged Star Armor','','','Armor'),(3011,'Quiver of Arrows','','','Gear'),(3012,'Warhorse','','','Gear'),(3013,'Adamite Tower Paladin','','','Adversary'),(3014,'Master Metalshaper','','','Ability'),(3015,'Iron-hard Fists','','','Weapon'),(3016,'Cendiary Priest','','','Adversary'),(3017,'Crysifal Trollbane','','','Species'),(3018,'Stony Fists','','','CreatureWeapon'),(3019,'Crysifal Trollbane','','','Creature'),(3020,'Viper-blade Reaper','','','Weapon'),(3021,'Light Thrower','','','Weapon'),(3022,'Scavenged Partial Plate','','','Armor'),(3023,'Raider Warlord','','','Adversary'),(3024,'Boiled Leather Jerkin','','','Armor'),(3025,'Stabbing Sword','','','Weapon'),(3026,'Hand Crossbow','','','Weapon'),(3027,'Raider','','','Adversary'),(3028,'Wizard\'s Staff','','','Weapon'),(3029,'Heavy and Smelly Robes','','','Armor'),(3030,'Ritual Caster','','Must spend a maneuver before using any Force Power.  In addition, may only use the Foresee power outdoors and at night.','Talent'),(3031,'Skyholme Astromancer','','','Adversary'),(3032,'Hidden Razor-dagger','','','Weapon'),(3033,'Skyholme Lucite','','','Adversary'),(3034,'Bloodfly Sickness','','','Ability'),(3035,'Bloodfly','','','Species'),(3036,'Mandibles','','','CreatureWeapon'),(3037,'Bloodfly','','','Creature'),(3038,'Nightvision','','','Ability'),(3039,'Loth-cat','','','Species'),(3040,'Teeth and Claws','','','CreatureWeapon'),(3041,'Loth-cat','','','Creature'),(3042,'Loth-rat','','','Species'),(3043,'Teeth','','','CreatureWeapon'),(3044,'Loth-rat','','','Creature'),(3045,'Ornery','','','Ability'),(3046,'Nerf','','','Species'),(3047,'Horns','','','CreatureWeapon'),(3048,'Nerf','','','Creature'),(3049,'Bardottan Palace Guard','','','Adversary'),(3050,'Walking Stick','','','Weapon'),(3051,'Robes','','','Armor'),(3052,'Dagoyan Master','','','Adversary'),(3053,'Spear','','','Weapon'),(3054,'Thrown Spear','','','Weapon'),(3055,'Bag of Sleeping Powder','','','Weapon'),(3056,'Frangawl Cultist','','','Adversary'),(3057,'Aurateran Reenee','','','Species'),(3058,'Beast of Burden 4','','','Ability'),(3059,'Prehensile Snout','','','CreatureWeapon'),(3060,'Tail','','','CreatureWeapon'),(3061,'Aurateran Reenee','','','Creature'),(3062,'Skysnare','','','Species'),(3063,'Hooked Beak','','','CreatureWeapon'),(3064,'Skysnare','','','Creature'),(3065,'Kindalo Guardian','','','Species'),(3066,'Massive woody fists','','','CreatureWeapon'),(3067,'Kindalo Guardian','','','Creature'),(3068,'Traveling Pack','','','Gear'),(3069,'Aleena Wanderer','','','Adversary'),(3070,'Ceremonial Blaster Rifle','','','Weapon'),(3071,'Ceremonial Armor','','','Armor'),(3072,'Tetan Guard','','','Adversary'),(3073,'Guild Membership','','','Gear'),(3074,'Leather Vest','','','Armor'),(3075,'Spiked knuckle-gloves','','','Weapon'),(3076,'Mining Guild Enforcer','','','Adversary'),(3077,'Projectile Guidance','','','Ability'),(3078,'Travel Rations','','','Gear'),(3079,'Concussion bow','','','Weapon'),(3080,'Ysanna Hunter','','','Adversary'),(3081,'Kirruk Riding Beast','','','Species'),(3082,'Teeth','','','CreatureWeapon'),(3083,'Claws','','','CreatureWeapon'),(3084,'Kirruk Riding Beast','','','Creature'),(3085,'Keys','','','Gear'),(3086,'Jedi Temple Guardians','','','Adversary'),(3087,'Sturdy Frame','','','Ability'),(3088,'Aleena','','Start game with one rank in Coordination','Species'),(3089,'Bardottan','','Start with one rank in Knowledge (Lore)','Species'),(3090,'Resilient Metabolism','','','Ability'),(3091,'Devaronian','','Start with 1 rank in Survival or Deception','Species'),(3092,'Gungan','','Start with 1 rank in Athletics','Species'),(3093,'Minelayer with 24 anti-personnel mines','','Drop one mine as a maneuver, detonates when another character moves to engage with the mine, dealing 12 damage to each character engaged with the mine.','Gear'),(3094,'Chameleon Droid','','','Adversary'),(3095,'Integrated SecureTech \"Nightsight\" passive sensor suite','','Allows the droid to see in dim and dark conditions and to hear sounds far above and below a human\'s range of hearing; adds [BOOST] to Vigilance checks.','Gear'),(3096,'Stoney Fists','','','Weapon'),(3097,'Stone Guardian','','','Adversary'),(3098,'Ursosaur','','','Species'),(3099,'Beak','','','CreatureWeapon'),(3100,'Ursosaur','','','Creature'),(3101,'Claws','','','CreatureWeapon'),(3102,'Blood Blade','','','Weapon'),(3103,'Combat Robes','','','Armor'),(3104,'Sianna Sekko','','','Adversary'),(3105,'Tetan Guard Airspeeder','','','Vehicle'),(3106,'Stone Sword','','','Weapon'),(3107,'Stone Fists','','','Weapon'),(3108,'Cortosis Chassis','','Cortosis','Armor'),(3109,'Ossus Stone Guardian','','','Adversary'),(3110,'Training Blaster','','','Weapon'),(3111,'Blaster Drone','','','Adversary'),(3112,'Dark Hunter','','','Species'),(3113,'Teeth and Claws','','','CreatureWeapon'),(3114,'Dark Hunter','','','Creature'),(3115,'Zerala Dinn','','','Adversary'),(3116,'Intimidating Presence','','','Ability'),(3117,'Customized Lightsaber','','','Weapon'),(3118,'Concealed Armored Robes','','','Armor'),(3119,'Drive Back','','Spend [TRIUMPH] or 3[ADVANTAGE] on a missed Brawl, Lightsaber, or Melee combat check to force the target to make a move maneuver in a direction of the Inquisitor\'s Choice','Talent'),(3120,'Lightsaber Mastery','','May use Willpower instead of Brawn when making Lightsaber checks','Talent'),(3121,'Blaise Zirkonn','','','Adversary'),(3122,'Zirkonn\'s ISB Strike Team','','','Adversary'),(3123,'Dust Stalker','','','Species'),(3124,'Piercing Claws','','','CreatureWeapon'),(3125,'Serrated Teeth','','','CreatureWeapon'),(3126,'Escaped Dust Stalker','','','Creature'),(3127,'Beast Goad','','','Weapon'),(3128,'Soporific-Tipped Bow and Arrows','','','Weapon'),(3129,'Heavy Leather Clothing','','','Armor'),(3130,'Sala Vindako','','','Adversary'),(3131,'Light Spear','','','Weapon'),(3132,'Menagerie Guards','','','Adversary'),(3133,'Orl Miscord','','','Adversary'),(3134,'Biofeedback Regulator','','','Gear'),(3135,'Escape Circuit','','','Gear'),(3136,'Networked Slicing Uplink','','','Gear'),(3137,'Neural Recorder','','','Gear'),(3138,'Surge Override Switch','','','Gear'),(3139,'Cloaking Coat','','','Armor'),(3140,'Mechanic\'s Utility Suit','','','Armor'),(3141,'Merr-Sonn N-57 Armor','','','Armor'),(3142,'SoroSuub P-14 Hazardous Industry Suit','','','Armor'),(3143,'BlasTech DL-19C Blaster Pistol','','','Weapon'),(3144,'DDC-MR6 Modular Rifle','','','Weapon'),(3145,'Electromag-Pulse Disruptor','','','Weapon'),(3146,'Ion Thruster Gun','','','Weapon'),(3147,'Multi-Goo Gun','','','Weapon'),(3148,'Repulsor Gun','','','Weapon'),(3149,'Rivet Gun','','','Weapon'),(3150,'Hand Grinder','','','Weapon'),(3151,'Welding Rod','','','Weapon'),(3152,'Anti-Vehicle Mine','','','Weapon'),(3153,'Anti-Personnel Mine','weapon/3153/anti_personnel_mine.png','','Weapon'),(3154,'Dataspike','','','Gear'),(3155,'Ealewon A-212 Tracing Console','','','Gear'),(3156,'Signature Modulation Pad','','','Gear'),(3157,'CZ-88 Heavy Loader Arm','','','Gear'),(3158,'Mechanical Dianoga','','','Gear'),(3159,'Merr-Sonn VX-A Intelligent Toolbox','','','Gear'),(3160,'OR-Series Tech Recycling Station','','','Gear'),(3161,'Repulsor Clamp','','','Gear'),(3162,'Generic Remote','','','Adversary'),(3163,'Butterbug Remote','','','Adversary'),(3164,'Micro-tools and drills','','','Weapon'),(3165,'Built-in toolkit','','Otherwise functions like a normal Tool Kit','Gear'),(3166,'Service Patch Remote','','','Adversary'),(3167,'Shield Remote','','','Adversary'),(3168,'Generic Remote','','','Gear'),(3169,'Butterbug Remote','','','Gear'),(3170,'Service Patch Remote','','','Gear'),(3171,'Shield Remote','','','Gear'),(3172,'Custom Grip','','','Attachment'),(3173,'Enhanced XCiter','','','Attachment'),(3174,'Gyrostabilizer','','','Attachment'),(3175,'Integrated Scanner','','','Attachment'),(3176,'Optimized Energy Cell','','','Attachment'),(3177,'Overcharged Actuating Module','','','Attachment'),(3178,'Rapid-Recharge XCiter','','','Attachment'),(3179,'Removed Safety Features','','','Attachment'),(3180,'Secondary Ion Blaster','','','Attachment'),(3181,'Sonic Scope','','','Attachment'),(3182,'Stripped Down','','','Attachment'),(3183,'Under-Barrel Grapnel Launcher','','','Attachment'),(3184,'Vibro-Bayonet','','','Attachment'),(3185,'Amphibious Modification','','','Attachment'),(3186,'Custom Fit','','','Attachment'),(3187,'Integrated Ascension Gear','','','Attachment'),(3188,'Integrated Slicer Gear','','','Attachment'),(3189,'Ion Shielding','','','Attachment'),(3190,'Radiation Shielding','','','Attachment'),(3191,'Reinforced Gauntlets','','','Attachment'),(3192,'Self-Repair Systems','','','Attachment'),(3193,'Besalisk','','Start with 1 rank in Resilience','Species'),(3194,'Born to Ride','','','Ability'),(3195,'Dug','','Star with 1 rank in Brawl.','Species'),(3196,'Mustafarian','','May remove 2[SETBACK] from checks to resist arid or hot environmental conditions.\r\n\r\nNorthern: Begin play with one rank in the Eye for Detail talent.\r\n\r\nSouthern: Begin play with one rank of the Enduring talent.\r\n','Species'),(3197,'Cybernetics','','','Skill'),(3198,'Custom Loadout','','','Talent'),(3199,'Cyberneticist','','','Talent'),(3200,'Deft Maker','','','Talent'),(3201,'Engineered Redundancies','','','Talent'),(3202,'Eye for Detail','','','Talent'),(3203,'Energy Transfer','','','Talent'),(3204,'Machine Mender','','','Talent'),(3205,'More Machine than Man','','','Talent'),(3206,'Overcharge','','','Talent'),(3207,'Overcharge (Improved)','','','Talent'),(3208,'Overcharge (Supreme)','','','Talent'),(3209,'Reroute Processors','','','Talent'),(3210,'Resourceful Refit','','','Talent'),(3211,'Speaks Binary (Improved)','','','Talent'),(3212,'Speaks Binary (Supreme)','','','Talent'),(3213,'Baktoid UH-XH Heavy Work Platform','','','Vehicle'),(3214,'SoroSuub Portable Store KRI-80','','','Vehicle'),(3215,'SoroSuub Rapid Service Speeder J-15','','','Vehicle'),(3216,'Ubrikkian TRL-03 Skyclaw','','','Vehicle'),(3217,'Koensayr AD-1S Moduilar Multi-role Starfighter','','Magnetic Module Rails','Starship'),(3218,'Cybershop Ship','','','Starship'),(3219,'Corellian Engineering Corporation Deep Space Recovery Vessel L-2783','','Vehicle Complement: 50 maintance/scavenger pods, 4 cargo shuttles','Starship'),(3220,'All-Terrain Legs','','','VehicleAttachment'),(3221,'Amphibious Modification','','','VehicleAttachment'),(3223,'Decoy Buoy','','','VehicleAttachment'),(3224,'Encrypted Computer','','','VehicleAttachment'),(3225,'Enhanced Repulsorlift','','','VehicleAttachment'),(3226,'Enhanced Hyperspace Shields','','','VehicleAttachment'),(3227,'Gunner Droid Brain','','','VehicleAttachment'),(3228,'Laser Focusing Array','','','VehicleAttachment'),(3229,'Overcharged Ion Engines','','','VehicleAttachment'),(3230,'Pseudo-Cloaking Device','','','VehicleAttachment'),(3231,'Secondary Transponder','','','VehicleAttachment'),(3232,'Security Measures','','','VehicleAttachment'),(3233,'Slicing Computer','','','VehicleAttachment'),(3234,'Anatomical Knowledge','','','Ability'),(3235,'Mood Indicator','','','Ability'),(3236,'Anx','','Start with one rank in the Kill with Kindness talent.','Species'),(3237,'Quermian','','Start with one rank in Perception.','Species'),(3238,'Animal Bond (Improved)','','','Talent'),(3239,'Deathblow','','','Talent'),(3240,'Essential Kill','','','Talent'),(3241,'Force Connection','','','Talent'),(3242,'Harass','','','Talent'),(3243,'Holistic Navigation','','','Talent'),(3244,'Intuitive Navigation','','','Talent'),(3245,'Marked for Death','','','Talent'),(3246,'Menace','','','Talent'),(3247,'Mind Over Matter','','','Talent'),(3248,'One with Nature','','','Talent'),(3249,'Planet Mapper','','','Talent'),(3250,'Shortcut (Improved)','','','Talent'),(3251,'Studious Plotting','','','Talent'),(3252,'Survival of the Fittest','','','Talent'),(3253,'Terrifying Kill','','','Talent'),(3254,'Force Power Farsight','','','Ability'),(3255,'Arkanian','','Begin with one rank in Medicine.','Species'),(3256,'Strong Backed','','','Ability'),(3257,'Cosian','','Begin with one rank in Knowledge (Lore).','Species'),(3258,'Sensitive Hearing','','','Ability'),(3259,'Pau\'an','','Begin with one rank in Negotiation or Coercion.','Species'),(3260,'Aggressive Negotiations','','','Talent'),(3261,'Crucial Point','','','Talent'),(3262,'Empty Soul','','','Talent'),(3264,'Go Without','','','Talent'),(3265,'Iron Soul','','','Talent'),(3266,'Meditative Trance','','','Talent'),(3267,'Mind Bleed','','','Talent'),(3268,'Now The Master','','','Talent'),(3269,'Once A Learner','','','Talent'),(3270,'Savvy Negotiator','','','Talent'),(3271,'Savvy Negotiator (Improved)','','','Talent'),(3272,'Skilled Teacher','','','Talent'),(3273,'Sunder (Improved)','','','Talent'),(3274,'Wise Warrior','','','Talent'),(3275,'Wise Warrior (Improved)','','','Talent'),(3276,'Merr-Sonn AJ-23 Concussive Rifle','','','Weapon'),(3277,'Loronar Cryoban Rifle','','','Weapon'),(3278,'Tenloss IDX-9 Ion Stunner','','','Weapon'),(3279,'Speizoc Spore Stun Grenade','','','Weapon'),(3280,'Tenloss Spray Foam Grenade','','','Weapon'),(3281,'Loronar Spray Rifle','','','Weapon'),(3282,'Borstel Neuronic Lash','','','Weapon'),(3283,'Fear Stick','','','Weapon'),(3284,'Z6 Riot Control Baton','','','Weapon'),(3285,'Biogel Suit','','+1 Soak vs damage from Brawl or bludgeoning Melee weapons. Add [SETBACK] to any Brawn- or Agility-based checks while wearing armor.','Armor'),(3286,'Formal Council Armor','','','Armor'),(3287,'Individual Field Disruptor','','','Armor'),(3288,'Reflect Body Glove','','','Armor'),(3289,'SeaScape Diving Suit','','','Armor'),(3290,'Czerka BC-7 Environmental Cocoon','','','Gear'),(3291,'Kamperdine Clothing Specialists Body Glove','','','Gear'),(3292,'Pretormin Environmental WPR-60','','','Gear'),(3293,'Applied Imaging B310 Micro-Imager','','','Gear'),(3294,'Dalabar SDS-632 Surveillance Detector','','','Gear'),(3295,'Fabritech 7000 Geoscanner','','','Gear'),(3296,'Paradour Enterprises Signature Scent Synthesizer','','','Gear'),(3297,'SuriTech Foodstuffs Ez1 Analyzer','','','Gear'),(3298,'Consolidated Learning Systems Transliterator','','','Gear'),(3299,'Data Goggles','','','Gear'),(3300,'Hologoggles','','','Gear'),(3301,'Synoptic Teacher','','','Gear'),(3302,'Antishock Blanket','','','Gear'),(3303,'Bioscan','','','Gear'),(3304,'Plasma Protein Replicator','','','Gear'),(3305,'Spray Plasto-Cast','','','Gear'),(3306,'Blade Drain','','','Attachment'),(3307,'Hilt-Masking Kit','','Price and rarity vary, based on the type of mask used.','Attachment'),(3308,'Pommel Cap','','','Attachment'),(3309,'Stun Blaster Attachment','','','Attachment'),(3310,'Corrupted Crystal','','','Attachment'),(3311,'Cracked Crystal','','','Attachment'),(3312,'Seeker Crystal','','','Attachment'),(3313,'Solari Crystal','','','Attachment'),(3314,'BD10-Series Assay Support Droid','','','Gear'),(3315,'Outland Etiquette and Protocol','','','Ability'),(3316,'BD10-Series Assay Support Droid','','','Adversary'),(3317,'BL0-Series Non-lethal Combat Droid','','','Gear'),(3318,'Built-in Stun Whip','','','Weapon'),(3319,'BL0-Series Non-lethal Combat Droid','','','Adversary'),(3320,'Two Built-in Stun Whips','','','Weapon'),(3321,'Non-humanoid Etiquette and Protocol','','','Ability'),(3322,'ED-V8-Series Envoy Droid','','','Gear'),(3323,'ED-V8-Series Envoy Droid','','','Adversary'),(3324,'P2F Hostile Environment Remote','','','Gear'),(3325,'Built-in Long Range Comlink','','','Gear'),(3326,'Built-in Holoprojector','','','Gear'),(3327,'Scanner Suite','','','Gear'),(3328,'P2F Hostile Environment Remote','','','Adversary'),(3329,'SBD Series Assistance and Rescue Droid','','','Gear'),(3330,'SBD Series Assistance and Rescue Droid','','','Adversary'),(3331,'2 emergency medpacs','','','Gear'),(3332,'Built-in General Purpose Scanner','','','Gear'),(3333,'Built-in Physician\'s Kit','','','Gear'),(3334,'8 stimpacks','','','Gear'),(3335,'TRD-2 Sparring Droid','','','Gear'),(3336,'Combat Training','','','Ability'),(3337,'Double-bladed Training Saber','','','Weapon'),(3338,'Stun Cannon','','','Weapon'),(3339,'TRD-2 Sparring Droid','','','Adversary'),(3340,'TTS20-Series Dialectic Droid','','','Gear'),(3341,'Master of Rhetoric','','','Ability'),(3342,'TTS20-Series Dialectic Droid','','','Adversary'),(3343,'Ascendant Personal Stealth Flyer','','Stealth Systems','Vehicle'),(3344,'Flasherfish Personal Watercraft','','','Vehicle'),(3345,'IML-2C Aquatic Scout Ship','','','Vehicle'),(3346,'A-A5m Emergency Response Vehicle','','','Vehicle'),(3347,'Oduran Luxury Landspeeder','','','Vehicle'),(3348,'Whelik All-Terrain Explorer','','','Vehicle'),(3349,'T-6 Shuttle','item/3349/T6Shuttle-SWE.jpg','Image from http://starwars.wikia.com/wiki/T-6_shuttle','Starship'),(3350,'V-19B Dart Personal Flyer','','','Starship'),(3351,'Action IV Bulk Freighter','','','Starship'),(3352,'TL-18B Medium Transport','','','Starship'),(3353,'Consular-Class Light Cruiser','','The numbers shown for Encumbrance and Passengers are maximums for each category, and vary depending on configuration. ','Starship'),(3354,'Consular-Class Cruiser\'s Salon Pod','','Comes with a Consular-class light cruiser.','Starship'),(3355,'Jedi Training Cruiser Crucible','','','Starship'),(3356,'Kaminoan Observation Ship','','','Starship'),(3357,'Digging Claws','','','Ability'),(3358,'Elom','','Begin with one rank in Resilience.','Species'),(3359,'Elomin','','Begin with one rank in Charm and one rank in Knowledge (Education).','Species'),(3360,'Dense Musculature','','','Ability'),(3361,'Kyuzo','','Begin with one rank in Coordination.','Species'),(3362,'Hunter\'s Instincts','','','Ability'),(3363,'Shistavanen','','Begin with one rank in either Brawl or Survival.','Species'),(3364,'Ambush','','','Talent'),(3365,'Body Guard (Supreme)','','','Talent'),(3366,'Cunning Snare','','','Talent'),(3367,'Moving Target','','','Talent'),(3368,'Seize the Initiative','','','Talent'),(3369,'SE-14C Blaster Pistol','','','Weapon'),(3370,'DH-17 Blaster Carbine','','','Weapon'),(3371,'A280 C Heavy Blaster Rifle','','','Weapon'),(3372,'Pulse Cannon','','','Weapon'),(3373,'T-7 Ion Disruptor','','','Weapon'),(3374,'Kyuzo Energy Bow','','','Weapon'),(3375,'Z-6 Rotary Blaster Cannon','','','Weapon'),(3376,'J-10 Dual Blaster Cannon','','','Weapon'),(3377,'Auto-Fire (Only)','','','WeaponQuality'),(3378,'Reciprocating Quad Blaster Cannon','','','Weapon'),(3379,'Atgar SpaceDefense 1.8 FD Autoturret','','','Weapon'),(3380,'SH-9 Slugthrower Pistol','','','Weapon'),(3381,'Berserker Rifle','','','Weapon'),(3382,'Imperial Heavy Repeater','','','Weapon'),(3383,'Shaped Thermal Grenade','','','Weapon'),(3384,'CSPL-12 Projectile Launcher (Frag Grenade)','','Replace damage, critical rating, and item qualities with those of grenade fired.','Weapon'),(3385,'LJ-50 Concussion Rifle','','','Weapon'),(3386,'\'aKraB Clip-point Vibrodagger','','','Weapon'),(3387,'Kyuzo War Shield','weapon/3387/Kyuzo War Shield.png','May be thrown with Ranged [Light] at Short range, with Limited Ammo 1; can spend [ADVANTAGE][ADVANTAGE][ADVANTAGE] to ricochet back to wielder.  Image from \"Forged in Battle\".','Weapon'),(3388,'Shistavanen Combat Utility Vibroblade','','','Weapon'),(3389,'Alliance Light Stealth Armor','','Adds [BOOST] to wearer\'s Stealth checks.','Armor'),(3390,'Imperial Hazard Trooper Armor','','Removes [SETBACK][SETBACK] due to darkness, smoke, or similar environmental factors that obscure vision from Perception, Vigilance, and combat checks.','Armor'),(3391,'Imperial Storm Commando Armor','','Removes [SETBACK] due to darkness, smoke, or similar environmental factors from Perception, Vigilance, and combat checks. Add [SETBACK] to other characters\' Perception checks to detect the wearer.','Armor'),(3392,'Karflo Thinsuit','','Removes [SETBACK][SETBACK] imposed by the environment.','Armor'),(3393,'Rebel Heavy Battle Armor','','','Armor'),(3394,'Beam Splitter','','Only on blaster or energy weapon that doesn\'t have the Blast quality.','Attachment'),(3395,'Beam Splitter','','Only on blaster or energy weapon that doesn\'t have the Blast quality.','Attachment'),(3396,'Built-in Blaster Sight','','','Attachment'),(3397,'Galven Pattern Resequencing','','','Attachment'),(3398,'3-MAL Secure Comlink','','','Gear'),(3399,'DH77 Headcomm','','','Gear'),(3400,'Atgar Artillery Remote','','','Gear'),(3401,'Low-Feedback Scanner','','','Gear'),(3402,'SE-Vigilant Automated Sensor','','','Gear'),(3403,'Nullicaine','','','Gear'),(3404,'Stimstick','','','Gear'),(3405,'Military Traumapac','','','Gear'),(3406,'Condenser Unit','','','Gear'),(3407,'Entrenching Tool','','','Gear'),(3408,'Portable Power Generator','','','Gear'),(3409,'Pretormin Plastent','','','Gear'),(3410,'Military Modular Backpack Frame','','','Gear'),(3411,'Military Modular Backpack: Temperature Control Unit','','','Gear'),(3412,'Military Modular Backpack: Power Unit','','','Gear'),(3413,'Military Modular Backpack: Comms Unit','','','Gear'),(3414,'Military Modular Backpack: Sensor Unit','','','Gear'),(3415,'Military Modular Backpack: Oxygen Unit','','','Gear'),(3416,'Military Modular Backpack: Storage Unit','','','Gear'),(3417,'All Terrain Tactical Enforcer','','','Vehicle'),(3418,'Baktoid Versatile-Athletic \"Zalaaca\" Walker','','','Vehicle'),(3419,'Arrow-23 Landspeeder','','','Vehicle'),(3420,'Imperial Troop Transport','','Can carry 6 prisoners on the sides.','Vehicle'),(3421,'HAVr A9 Floating Fortress','','','Vehicle'),(3422,'SC2-M Repulsor Tank','','','Vehicle'),(3423,'Low Altitude Assault Transport LAAT/I (Infantry)','','Carries four speeder bikes.','Vehicle'),(3424,'Low Altitude Assault Transport LAAT/c (Carrier)','','Carries one AT-TE or comparable ground vehicle','Vehicle'),(3425,'High-Altitude Entry Transport-221','','','Vehicle'),(3426,'Imperial Dropship Transport','','','Vehicle'),(3427,'Changeling','','','Ability'),(3428,'Clawdite','','Start with 1 rank in Resilience','Species'),(3429,'Hypersensitive Antennae','','','Ability'),(3430,'Kalleran','','Begin with one rank in Streetwise','Species'),(3431,'Hard-Boiled','','','Talent'),(3432,'Hindering Shot','','','Talent'),(3433,'Iron Body','','','Talent'),(3434,'Martial Grace','','','Talent'),(3435,'Offensive Driving','','','Talent'),(3436,'Precision Strike (Improved)','','','Talent'),(3437,'Precision Strike (Supreme)','','','Talent'),(3438,'Reconstruct the Scene','','','Talent'),(3439,'Street Smarts (Improved)','','','Talent'),(3440,'Unarmed Parry','','','Talent'),(3441,'\"Precision-X\" Marksman Rifle','','Stun setting range is medium','Weapon'),(3442,'\"Subduer-9\" Riot Blaster','','','Weapon'),(3443,'\"Firecaller\" Light Flame Projector','','','Weapon'),(3444,'Grapnel-Harpoon Launcher','','Make an [AVERAGE] Ranged (Light) check to secure grappling hook to object in medium range. May then reel in the cord as an action. Can pull another character with him, if an [AVERAGE] Athletics check is made.','Weapon'),(3445,'Nova Design \"Impact\" Repulsor Cannon','','','Weapon'),(3446,'Anti-Armor','','','Weapon'),(3447,'Explosive','','','Weapon'),(3448,'Flechette','','','Weapon'),(3449,'Incendiary','','','Weapon'),(3450,'Ion','','','Weapon'),(3451,'Micro-Rocket Launcher Pistol','','Holds 3 micro-rockets. Uses damage, critical rating, and item qualities of micro-rocket fired. ','Weapon'),(3452,'Rocket Guidance System','','Only applicable to micro-rockets','Attachment'),(3453,'Staged Rocket Booster','','Only applicable to micro-rockets','Attachment'),(3454,'Czerka \"Peacekeeper\" Stun Baton','','','Weapon'),(3455,'Ion Pike','','','Weapon'),(3456,'Armored Drop Suit','','Flight system to act as a vehicle with Silhouette 0, Speed 2, Handling +2, System Strain Threshold 3 that requires Piloting (Planetary) to operate.','Armor'),(3457,'Hunter\'s Trophy Armor (completed)','','[SETBACK] to most Charm checks; [BOOST][BOOST] to Coercion checks, and some Charm checks to impress or persuade others of the wearer\'s prowess.','Armor'),(3458,'Hunter\'s Trophy Armor (custom-made)','','[SETBACK] to most Charm checks; [BOOST][BOOST] to Coercion checks, and some Charm checks to impress or persuade others of the wearer\'s prowess.','Armor'),(3459,'Mandalorian Armor','','Rarity is 8/Special','Armor'),(3460,'Marked-Target Firing Lock','','','Attachment'),(3461,'Shock Pulse Emitter','','','Attachment'),(3462,'Under-Barrel Micro-Rocket Rack','','','Attachment'),(3463,'Integrated Holsters','','','Attachment'),(3464,'Micro-Rocket Armor Mounting','','','Attachment'),(3465,'Repulsor-Assisted Lifting','','','Attachment'),(3466,'Tracking System','','','Attachment'),(3467,'Bioscan','','','Gear'),(3468,'HoloNet Homing Beacon','','','Gear'),(3469,'Rocket Boots','','','Gear'),(3470,'Tracker\'s Goggles','','','Gear'),(3471,'Com-Scan','','','Gear'),(3472,'Holographic Disguise Matrix','','','Gear'),(3473,'Saline Pump','','','Gear'),(3474,'Sleeppack (1 dose)','','','Gear'),(3475,'XL-3c Guardsman Patrol Airspeeder','','Usually carries prisoners','Vehicle'),(3476,'Model 90 Ranger','','','Vehicle'),(3477,'Agressor Assault Fighter','','Safety Limiters: As a maneuver, shut off safety limiters to change Handling to +3; but any piloting maneuver causes all characters aboard to suffer 3 strain; droids and possibly (GM\'s discretion) characters with 4+ cybernetic enhancements suffer only 1 strain','Starship'),(3478,'Mandalorian Protectorate Starfighter','','','Starship'),(3479,'G-1A Heavy Starfighter','','','Starship'),(3480,'Kihraxz Light Starfighter','','','Starship'),(3481,'Vaksai Modification Package','','Only applicable to Kihraxz Light Starfighter','VehicleAttachment'),(3482,'Lancer-class Pursuit Craft','','','Starship'),(3483,'YV-666','','','Starship'),(3484,'C-ROC Gozanti-class Light Cruiser','','','Starship'),(3485,'Containment Field','','','VehicleAttachment'),(3486,'Enhanced Prisoner Lockup','','','VehicleAttachment'),(3487,'Minelayer','','','VehicleAttachment'),(3488,'Deep Pockets','','','Ability'),(3489,'Muun','','Begin with one rank in Knowledge (Education) and one rank in Knowledge (Core Worlds).','Species'),(3490,'Tundra Dwellers','','','Ability'),(3491,'Pantoran','','Begin the game with one rank in either Cool or Negotiation.','Species'),(3492,'Better Luck Next Time','','','Talent'),(3493,'Constant Vigilance','','','Talent'),(3494,'Fear the Shadows','','','Talent'),(3495,'Freerunning','','','Talent'),(3496,'Freerunning (Improved)','','','Talent'),(3497,'Impossible Fall','','','Talent'),(3498,'Saber Throw (Improved)','','','Talent'),(3499,'Sense the Scene','','','Talent'),(3500,'Superhuman Reflexes','','','Talent'),(3501,'Force Power Manipulate','','','Ability'),(3502,'Force Power Imbue','','','Ability'),(3503,'Force Power Ebb/Flow','','','Ability'),(3504,'BR-219 Heavy Blaster Pistol','','','Weapon'),(3505,'GLX Firelance','','','Weapon'),(3506,'LD-1 Target Rifle','','','Weapon'),(3507,'SSG Mk II Paladin','','Includes damage from Superior quality. Integral stun prod profile: Melee; Damage +2; Critical 6; Range [Engaged]; Disorient 2, Stun Damage','Weapon'),(3508,'KWS Mk I Saberdart','','May be loaded with 1 dose of synthetic neuroparalytic or other poison the GM deems appropriate.','Weapon'),(3509,'NX-14 Needler','','Removes all [SETBACK] added by personal deflector shield. Adds [SETBACK] to Perception checks to find the concealed weapon.','Weapon'),(3510,'Crossguard Lightsaber','','','Weapon'),(3511,'Crossguard Lightsaber Hilt','','','Weapon'),(3512,'Lightwhip','','','Weapon'),(3513,'Philaxian Phase-Knife','','','Weapon'),(3514,'Crash Gear','','','Armor'),(3515,'G-suit','','Reduce strain cost to perform second Pilot Only maneuver during a turn by 1.','Armor'),(3516,'Pit Crew Coveralls','','Reduces damage from fires and weapons with Burn quality by 1. Increases wearer\'s encumbrance threshold by 1.','Armor'),(3517,'Zephyr Stealth Suit','','Wearer upgrades ability of any Stealth checks once. ','Armor'),(3518,'DUM-Series Pit Droid','','','Gear'),(3519,'Networking','','','Ability'),(3520,'Built-in comms suite','','','Gear'),(3521,'DUM-Series Pit Droid','','','Adversary'),(3522,'Guardian Police Droid','','','Gear'),(3523,'Baton','','','Weapon'),(3524,'Guardian Police Droid','','','Adversary'),(3525,'SS-410 Blaster Pistol','','','Weapon'),(3526,'MI-Series Security Droid','','','Gear'),(3527,'MI-Series Security Droid','','','Adversary'),(3528,'Twin light repeating blasters','','','Weapon'),(3529,'Twin stun blasters','','','Weapon'),(3530,'Oversized Arms','','','Weapon'),(3531,'TC-SC Infiltration Droid','','','Gear'),(3532,'Multispectrum disguise suite','','','Gear'),(3533,'TC-SC Infiltration Droid','','','Adversary'),(3534,'Karrak Spice (1 dose)','','','Gear'),(3535,'Karrak Spice (100 dose cargo container)','','','Gear'),(3536,'Questioner-9 Interrogation Serum (1 dose)','','','Gear'),(3537,'Questioner-9 Interrogation Serum (100 dose cargo container)','','','Gear'),(3538,'Yaladai Spice (1 dose)','','','Gear'),(3539,'Yaladai Spice (100 dose cargo container)','','','Gear'),(3540,'Infrabinoculars','','','Gear'),(3541,'Infrabinoculars (with long-range sensors)','','','Gear'),(3542,'Microdroid Listener','','','Gear'),(3543,'TaggecCo Privacy-7 Audio Curtain','','','Gear'),(3544,'Merr-Sonn Model 31 Palm Stunner','','','Gear'),(3545,'Scramble Key','','','Gear'),(3546,'Disaster Relief Kit','','','Gear'),(3547,'Foot Speeder','','Person functions as a Silhouette 1, Speed 1, Handling -1, System Strain Threshold 4 vehicle that can only operate in atmosphere, requires Piloting (Planetary) to operate, and has a flight ceiling of five meters.','Gear'),(3548,'Repulsor Assist Unit','','','Gear'),(3549,'Urban Compass','','','Gear'),(3550,'Damping Emitter','','','Attachment'),(3551,'Overcharged Power Cell','','','Attachment'),(3552,'Pistol Hilt','','','Attachment'),(3553,'Reflex Grip','','','Attachment'),(3554,'Shien Reverse Grip Customization','','','Attachment'),(3555,'Etaan Crystal','','','Attachment'),(3556,'Ghostfire Crystal','','','Attachment'),(3557,'Collision Avoidance System','','May only be installed on Podracers.','VehicleAttachment'),(3558,'Ejection System','','May only be installed on Podracers.','VehicleAttachment'),(3559,'Engine Boosting System','','May only be installed on Podracers.','VehicleAttachment'),(3560,'Foreign Debris Ejector','','May only be installed on Podracers.','VehicleAttachment'),(3561,'Handling Upgrades','','May only be installed on Podracers.','VehicleAttachment'),(3562,'High-Output Repulsor Coils','','May only be installed on Podracers.','VehicleAttachment'),(3563,'Reinforced Engine Cowlings','','May only be installed on Podracers.','VehicleAttachment'),(3564,'Shield Generator','','May only be installed on Podracers.','VehicleAttachment'),(3565,'Podracer Control Cables','','May only be installed on Podracers.','VehicleAttachment'),(3566,'Podracer Engine','','May only be installed on Podracers.','VehicleAttachment'),(3567,'Cygnus Spaceworks Eta-Class Shuttle','','','Starship'),(3568,'Undicur Jumpspeeder','','','Vehicle'),(3569,'KSE Rho-1 Limulus-Class Courier','','','Starship'),(3570,'Sienar Fleet Systems Legate-Class Courier','','','Starship'),(3571,'Blastech M-300 Hunting Blasater','','Reduce difficulty of combat checks made with this weapon by one against targets at long or extreme range.','Weapon'),(3572,'Corellian Arms CR-8 Takedown Rifle','','','Weapon'),(3573,'Nightsister Energy Bow','','','Weapon'),(3574,'Czerka Arms Model 57 \"Homesteader\" Hunting Rifle','','','Weapon'),(3575,'Field Sports FS19 Compound Bow','','','Weapon'),(3576,'Explosive Tipped Arrow','','','Weapon'),(3577,'Incendiary Arrow','','','Weapon'),(3578,'Net Arrow','','','Weapon'),(3579,'Stun Arrow','','','Weapon'),(3580,'Palandrix AO14 \"Aranea\" Net Gun','','','Weapon'),(3581,'Explorer\'s Knife','','','Weapon'),(3582,'Laserhone Trailbreaker Poleaxe','','','Weapon'),(3583,'Merr-Sonn Model 14 \"Stalker\" Vibrospear','','','Weapon'),(3584,'MSW-12 NanoDagger','','','Weapon'),(3585,'Vibro-Machete','','','Weapon'),(3586,'AniPro Layered Beast Armor','','','Armor'),(3587,'Chitin Armor','','','Armor'),(3588,'Creshaldyne Survivalist Armor','','Increases wearer\'s encumbrance threshold by 1.','Armor'),(3589,'Mk. III Modular Backpack','','','Gear'),(3590,'Mk. III Modular Backpack Extra Pouch','','','Gear'),(3591,'Pannier Modular Cargo Handling System','','Worn by riding or working animals of silhouette 2 or larger. Increases the creature\'s encumbrance threshold by 6, plus an additional 3 for each additional cargo container added to the system (to a maximum increase of 12).','Gear'),(3592,'Pannier Modular System Extra Cargo Container','','','Gear'),(3593,'Riding Tack','','','Gear'),(3594,'Saddlebags','','Can only be worn by riding animals; increase the animal\'s encumbrance threshold by 4.','Gear'),(3595,'Survival Equipment Inc. FlashFire Camp Stove','','','Gear'),(3596,'Survival Equipment Inc. \"Survivalist\" Mess Kit','','','Gear'),(3597,'Water Purifier','','','Gear'),(3598,'Healer\'s Kit','','Can\'t be purchased, must be made with a Hard Survival check. ','Gear'),(3599,'XV-20 Portable Veterinary Kit','','','Gear'),(3600,'Microaxial Starmapper Handheld Navicomputer','','','Gear'),(3601,'Surveyor\'s Tools','','','Gear'),(3602,'Weapon Maintenance Kit','','Must specify the kit type (blaster, slugthrower, etc.).','Gear'),(3603,'Environmental Adaptation Kit','','','Attachment'),(3604,'Hunting Barrel','','','Attachment'),(3605,'Motion Tracker','','','Attachment'),(3606,'Slugthrower Suppressor','','','Attachment'),(3607,'Passive Foliage Suit','','','Attachment'),(3608,'Water Reclamation System','','','Attachment'),(3609,'Nishalorite Stone','','','Attachment'),(3610,'Varpeline Crystal','','','Attachment'),(3611,'Br.549 FasTrak High-Altitude Scout Speeder','','','Vehicle'),(3612,'610-AvA \"Dart\" Speeder Bike','','','Vehicle'),(3613,'64-Y Swift 3 Repulsorsled','','','Vehicle'),(3614,'A-A8 BackCountry Speeder Truck','','','Vehicle'),(3615,'Joben T-85','','','Vehicle'),(3616,'LM002 Bloodhound Survey Vehicle','','','Vehicle'),(3617,'All Terrain Exploration Transport (AT-ET)','','','Vehicle'),(3618,'All Terrain Reconnaissance Transport (AT-RT)','','','Vehicle'),(3619,'ARC-40b Scout-Reconnaissance Fighter','','','Starship'),(3620,'Far*Reach Reconnaissance Ship','','','Starship'),(3621,'Slayn & Korpil V-19 Torrent Starfighter','','','Starship'),(3622,'Alidade-class Long-Range Survey Ship','','','Starship'),(3623,'Kazellis-Class Light Freighter','','','Starship'),(3624,'Wander-Class Jump Freighter','','','Starship');
/*!40000 ALTER TABLE `base_entry` ENABLE KEYS */;
UNLOCK TABLES;

--
-- Table structure for table `base_index`
--

DROP TABLE IF EXISTS `base_index`;
/*!40101 SET @saved_cs_client     = @@character_set_client */;
/*!40101 SET character_set_client = utf8 */;
CREATE TABLE `base_index` (
  `id` int(11) NOT NULL AUTO_INCREMENT,
  `book_id` int(11) NOT NULL,
  `page` int(11) NOT NULL,
  `entry_id` int(11) NOT NULL,
  `aka` varchar(100) NOT NULL,
  PRIMARY KEY (`id`),
  KEY `base_index_36c249d7` (`book_id`),
  KEY `base_index_e8d920b6` (`entry_id`),
  CONSTRAINT `book_id_refs_id_ab9f7ca9` FOREIGN KEY (`book_id`) REFERENCES `base_book` (`id`),
  CONSTRAINT `entry_id_refs_id_cc68140e` FOREIGN KEY (`entry_id`) REFERENCES `base_entry` (`id`)
) ENGINE=InnoDB AUTO_INCREMENT=4852 DEFAULT CHARSET=latin1;
/*!40101 SET character_set_client = @saved_cs_client */;

--
-- Dumping data for table `base_index`
--

LOCK TABLES `base_index` WRITE;
/*!40000 ALTER TABLE `base_index` DISABLE KEYS */;
INSERT INTO `base_index` VALUES (1,1,171,1,''),(2,1,171,2,''),(3,1,171,3,''),(4,1,172,4,'Synthetic Standard Strength Anesthetic'),(5,1,172,5,'Synthetic Standard Strength Neuroparalytic'),(6,1,172,6,'Synthetic Standard Strength Neurotoxin'),(7,1,173,7,''),(8,1,173,8,''),(9,1,174,9,''),(10,1,174,10,''),(11,1,174,11,''),(12,1,174,12,''),(13,1,174,13,''),(14,1,174,14,''),(15,1,175,15,'Repli-Limb Prosthetic (limb)'),(16,1,175,16,'Repli-Limb Prosthetic (organ)'),(17,1,175,17,''),(18,1,175,18,''),(19,1,175,19,''),(20,1,175,20,''),(21,1,176,21,''),(22,1,176,22,''),(23,1,176,23,''),(24,1,176,24,''),(25,1,176,25,''),(26,1,177,26,''),(27,1,177,27,''),(28,1,177,28,''),(29,1,177,29,''),(30,1,178,30,''),(31,1,178,31,''),(32,1,178,32,''),(33,1,178,33,''),(34,1,178,34,''),(35,1,179,35,''),(36,1,179,36,''),(37,1,179,37,''),(38,1,179,38,''),(39,1,180,39,''),(40,1,180,40,''),(41,1,180,41,''),(42,1,180,42,''),(43,1,180,43,''),(44,1,181,44,''),(45,1,181,45,'Extra Reloads / Power Pack'),(46,1,181,46,''),(47,1,181,47,''),(48,1,181,48,''),(49,1,181,49,''),(50,1,182,50,''),(51,1,183,51,''),(52,1,183,52,''),(53,1,183,53,''),(54,1,184,54,''),(55,1,184,55,''),(56,1,184,56,''),(57,1,184,57,''),(58,1,184,58,''),(59,1,184,59,''),(60,1,185,60,''),(61,1,185,61,''),(62,1,185,62,''),(63,1,185,63,''),(64,1,186,64,''),(65,1,186,65,''),(66,1,186,66,''),(67,1,410,67,''),(68,1,410,68,''),(69,1,410,69,''),(70,1,411,70,''),(71,1,411,71,''),(72,1,412,72,''),(73,1,412,73,''),(74,8,56,74,''),(75,8,56,75,''),(76,8,57,76,''),(77,8,57,77,''),(78,8,57,78,''),(79,8,57,79,''),(80,8,57,80,''),(81,8,58,81,''),(82,8,58,82,''),(83,8,58,83,''),(84,8,58,84,''),(85,8,58,85,''),(86,8,58,86,''),(87,8,58,87,''),(88,8,58,88,''),(89,8,59,89,''),(90,8,59,90,''),(91,8,59,91,''),(92,8,59,92,''),(93,4,46,93,''),(94,4,47,94,''),(95,4,47,95,''),(96,4,47,96,''),(97,4,48,97,''),(98,4,49,98,''),(99,4,49,99,''),(100,4,49,100,''),(101,4,49,101,''),(102,4,50,102,''),(103,4,50,103,''),(104,4,51,104,''),(105,4,51,105,''),(106,4,51,106,''),(107,4,51,107,''),(108,4,52,108,''),(109,4,52,109,''),(110,4,52,110,''),(111,4,53,111,''),(112,4,53,112,''),(113,4,53,113,''),(114,4,53,114,''),(115,4,53,115,''),(116,4,53,116,''),(117,4,54,117,''),(118,4,54,118,''),(119,4,55,119,''),(120,4,56,120,''),(121,4,56,121,''),(122,4,57,122,''),(123,4,57,123,''),(124,5,100,124,''),(125,5,100,125,''),(126,5,100,126,''),(127,5,100,127,''),(128,5,101,128,''),(129,5,101,129,''),(130,5,101,130,''),(131,5,101,131,''),(132,5,102,132,''),(133,5,102,133,''),(134,5,102,134,''),(135,5,102,135,''),(136,5,102,136,''),(137,5,102,137,''),(138,5,103,138,''),(139,5,103,139,''),(140,5,103,140,''),(141,5,103,141,''),(142,5,103,142,''),(143,5,103,143,''),(144,3,26,144,''),(151,3,47,151,''),(154,3,64,154,''),(155,3,65,155,''),(156,1,161,156,''),(157,1,161,157,''),(158,1,161,158,''),(159,1,162,159,''),(160,1,162,160,''),(161,1,162,161,''),(162,1,162,162,''),(163,1,162,163,''),(164,1,162,164,''),(165,1,162,165,''),(166,1,162,166,''),(167,1,163,167,''),(168,1,163,168,''),(169,1,164,169,''),(170,1,164,170,''),(171,1,164,171,''),(172,1,164,172,''),(173,1,165,173,''),(174,1,165,174,''),(175,1,165,175,''),(176,1,165,176,''),(177,1,165,177,''),(178,1,166,178,''),(179,1,166,179,''),(180,1,166,180,''),(181,1,166,181,''),(182,1,166,182,''),(183,1,167,183,''),(184,1,167,184,''),(185,1,167,185,''),(186,1,167,186,''),(187,1,167,187,''),(188,1,394,188,''),(189,1,395,189,''),(190,1,399,190,''),(191,1,401,191,''),(192,1,407,192,''),(193,1,408,193,''),(198,8,41,198,''),(199,8,41,199,''),(200,8,41,200,''),(201,8,41,201,''),(202,8,42,202,''),(203,8,43,203,''),(204,8,43,204,''),(205,8,43,205,''),(206,8,43,206,''),(207,8,44,207,''),(208,8,45,208,''),(209,8,45,209,''),(210,8,45,210,''),(211,8,45,211,''),(212,8,45,212,''),(213,8,45,213,''),(214,8,46,214,''),(215,8,46,215,''),(216,8,46,216,''),(217,8,47,217,''),(218,8,47,218,''),(219,8,47,219,''),(220,8,47,220,''),(221,8,47,221,''),(222,8,47,222,''),(223,8,48,223,''),(224,8,48,224,''),(225,8,48,225,''),(226,8,48,226,''),(227,8,49,227,''),(228,8,49,228,''),(229,4,38,229,''),(230,4,38,230,''),(231,4,39,231,''),(232,4,39,232,''),(233,4,40,233,''),(234,4,41,234,''),(235,4,42,235,''),(236,4,42,236,''),(237,4,42,237,''),(238,4,43,238,''),(239,4,43,239,''),(240,4,54,240,''),(241,4,55,241,''),(242,4,56,242,''),(243,4,57,243,''),(244,4,57,244,''),(245,2,6,245,''),(246,6,12,246,''),(247,6,13,247,''),(250,5,97,250,''),(278,5,61,278,''),(284,5,73,284,''),(285,5,94,285,''),(286,5,94,286,''),(287,5,94,287,''),(288,5,95,288,''),(289,5,95,289,''),(290,5,96,290,''),(291,5,96,291,''),(292,5,96,292,''),(293,5,96,293,''),(294,5,97,294,''),(295,5,97,295,''),(296,5,97,296,''),(297,5,97,297,''),(298,5,98,298,''),(299,5,98,299,''),(300,5,98,300,''),(301,5,124,301,''),(302,5,130,302,''),(303,9,14,303,''),(304,10,31,157,''),(305,10,31,158,''),(306,10,31,156,''),(307,10,31,162,''),(308,10,31,159,''),(309,10,31,160,''),(310,10,31,164,''),(311,10,31,168,''),(312,10,31,173,''),(313,10,31,174,''),(314,10,31,304,''),(315,10,31,178,''),(316,10,31,180,''),(318,10,31,184,''),(319,10,31,186,''),(320,10,35,1,'Comlink'),(321,10,35,17,''),(322,10,35,19,''),(323,10,35,18,''),(324,10,35,21,''),(325,10,35,25,''),(326,10,35,26,''),(327,10,35,27,''),(328,10,35,32,''),(329,10,36,33,''),(330,10,36,30,''),(331,10,36,34,''),(332,10,36,37,''),(333,10,36,36,''),(334,10,36,38,''),(335,10,36,42,''),(336,10,36,44,''),(337,10,36,47,''),(338,10,36,45,''),(339,10,36,50,''),(340,10,36,49,''),(344,3,26,307,''),(345,1,169,308,''),(346,1,169,309,''),(347,1,169,310,''),(348,1,169,311,'Laminate'),(349,1,169,312,''),(350,1,170,313,''),(351,1,170,314,''),(352,8,49,315,''),(353,8,50,316,''),(354,8,50,317,''),(355,8,51,318,''),(356,8,51,319,''),(357,8,51,320,''),(358,4,44,321,''),(359,4,45,322,''),(360,4,45,323,''),(361,4,45,324,''),(362,5,99,325,''),(363,5,99,326,''),(364,5,99,327,''),(365,5,99,328,''),(366,10,34,310,''),(367,10,34,312,''),(368,10,34,309,''),(369,10,34,313,''),(370,1,188,329,''),(371,1,188,330,''),(372,1,188,331,''),(373,1,188,332,''),(374,1,189,333,''),(375,1,189,334,''),(376,1,190,335,''),(377,1,190,336,''),(378,1,190,337,''),(379,1,190,338,''),(380,1,191,339,''),(381,1,191,340,''),(382,1,191,341,''),(383,1,191,342,''),(384,1,191,343,''),(385,1,191,344,''),(386,1,192,345,''),(387,1,192,346,''),(388,1,193,347,''),(389,1,193,348,''),(390,1,193,349,''),(391,1,193,350,''),(392,1,194,351,''),(393,1,194,352,''),(394,1,194,353,''),(395,1,194,354,''),(396,1,194,355,''),(397,1,195,356,''),(398,1,195,357,''),(399,1,195,358,''),(400,1,269,359,''),(401,1,269,360,''),(402,1,269,361,''),(403,1,270,362,''),(404,1,270,363,''),(405,1,270,364,''),(406,1,271,365,''),(407,1,271,366,''),(408,1,271,367,''),(409,8,51,368,''),(410,8,52,369,''),(411,8,52,370,''),(412,8,52,371,''),(413,8,52,372,''),(414,8,53,373,''),(415,8,53,374,''),(416,8,53,375,''),(417,8,54,376,''),(418,8,54,377,''),(419,8,54,378,''),(420,8,60,379,''),(421,8,60,380,''),(422,8,60,381,''),(423,8,60,382,''),(424,8,61,383,''),(425,8,61,384,''),(426,8,62,385,''),(427,6,47,386,''),(428,6,47,387,''),(429,6,47,388,''),(430,6,48,389,''),(431,3,33,391,''),(433,3,87,393,''),(434,1,248,394,''),(435,1,248,395,''),(436,1,248,396,''),(437,1,249,397,''),(438,1,250,398,''),(439,1,250,399,''),(440,1,250,400,''),(441,1,251,401,''),(442,1,251,402,''),(443,1,252,403,''),(444,1,252,404,''),(445,1,253,405,''),(446,3,70,398,'Scout Trooper Speeder Bikes'),(447,8,62,406,''),(448,8,63,407,''),(449,8,63,408,''),(450,8,64,409,''),(451,8,64,410,''),(452,8,64,411,''),(453,8,65,412,''),(454,4,58,413,''),(455,4,58,414,''),(456,4,59,415,''),(457,6,44,416,''),(458,6,87,417,''),(459,5,104,418,''),(460,5,104,419,''),(461,5,104,420,''),(462,5,105,421,''),(463,5,105,422,''),(464,5,106,423,''),(465,5,106,424,''),(466,5,107,425,''),(467,5,130,426,''),(468,5,131,420,''),(469,1,254,427,''),(470,1,255,428,''),(471,1,256,429,''),(472,1,256,430,''),(473,1,257,431,''),(474,1,257,432,''),(475,1,257,433,''),(476,1,258,434,''),(477,1,259,435,''),(478,1,260,436,'Action VI Bulk Freighter'),(479,1,260,437,''),(480,1,261,438,''),(481,1,262,439,''),(482,1,262,440,''),(483,1,263,441,''),(484,1,263,442,''),(485,1,264,443,''),(486,1,265,444,''),(487,1,265,445,''),(488,1,266,446,''),(489,1,266,447,''),(490,1,267,448,''),(491,1,268,449,''),(492,1,431,450,''),(493,1,431,451,''),(494,3,30,452,''),(495,3,35,434,'Wheel Security Starfighters'),(496,3,70,453,''),(497,3,78,431,''),(498,3,93,454,''),(499,3,93,455,''),(500,3,96,456,''),(502,8,65,458,''),(503,8,66,459,''),(504,8,67,460,''),(505,8,67,461,''),(506,8,68,462,''),(507,8,68,463,''),(508,8,69,464,''),(509,8,69,465,''),(510,8,70,466,''),(511,4,59,467,''),(512,4,60,468,''),(513,4,61,469,''),(514,4,62,470,''),(515,4,63,471,''),(516,4,64,472,''),(517,4,64,473,''),(518,4,66,474,''),(519,4,67,475,''),(520,6,91,476,''),(521,6,95,416,''),(522,5,107,477,''),(523,5,107,478,''),(524,5,108,479,''),(525,5,108,480,''),(526,5,108,481,''),(527,5,109,482,''),(528,5,110,483,''),(529,5,110,484,''),(530,5,110,485,''),(531,5,111,486,''),(532,5,111,487,''),(533,5,112,488,''),(534,5,112,489,''),(535,5,113,490,''),(537,5,127,491,''),(538,5,143,492,'Modified Firespray System Patrol Craft'),(539,5,144,493,''),(540,1,178,494,''),(541,10,43,431,''),(542,10,43,495,''),(543,10,43,430,'T-4A Lambda-Class Long Range Shuttle'),(544,10,43,496,''),(545,9,26,497,''),(546,9,26,498,''),(547,11,27,395,'T-16 Skyhopper'),(548,11,45,499,''),(549,11,45,500,''),(550,1,104,501,''),(551,1,105,502,''),(552,1,120,503,''),(553,1,105,504,''),(554,1,106,505,''),(555,1,107,506,''),(556,1,108,507,''),(557,1,109,508,''),(558,1,123,509,''),(559,1,109,510,''),(560,1,110,511,''),(561,1,123,512,''),(562,1,120,513,''),(563,1,111,514,''),(564,1,123,515,''),(565,1,111,516,''),(566,1,112,517,''),(567,1,121,518,''),(568,1,113,519,''),(569,1,124,520,''),(570,1,114,521,''),(571,1,115,522,''),(572,1,116,523,''),(573,1,121,524,''),(574,1,122,525,''),(575,1,116,526,''),(576,1,116,527,''),(577,1,117,528,''),(578,1,118,529,''),(579,1,119,530,''),(580,1,124,531,''),(581,1,119,532,''),(582,1,125,533,''),(583,10,22,501,''),(584,10,22,502,''),(585,10,22,503,''),(586,10,22,504,''),(587,10,22,505,''),(588,10,22,506,''),(589,10,22,507,''),(590,10,23,508,''),(591,10,23,510,''),(592,10,23,511,''),(593,10,23,513,''),(594,10,23,534,''),(595,10,23,514,''),(596,10,23,516,''),(597,10,23,517,''),(598,10,24,518,''),(599,10,24,519,''),(600,10,24,521,''),(601,10,24,535,''),(602,10,25,524,''),(603,10,25,525,''),(604,10,25,526,''),(605,10,25,527,''),(606,10,25,528,''),(607,10,25,529,''),(608,10,25,530,''),(609,10,25,532,''),(610,1,132,536,''),(611,1,132,537,''),(612,1,132,538,''),(613,1,132,539,''),(614,1,132,540,''),(615,1,132,541,''),(616,1,132,542,''),(617,1,132,543,''),(618,1,132,544,''),(619,1,132,545,''),(620,1,132,546,''),(621,1,132,547,''),(622,1,132,548,''),(623,1,133,549,''),(624,1,133,550,''),(625,1,133,551,''),(626,1,133,552,''),(627,1,133,553,''),(628,1,133,554,''),(629,1,133,555,''),(630,1,134,556,''),(631,1,134,557,''),(632,1,134,558,''),(633,1,134,559,''),(634,1,134,560,''),(635,1,134,561,''),(636,1,134,562,''),(637,1,135,563,''),(638,1,135,564,''),(639,1,135,565,''),(640,1,135,566,''),(641,1,135,567,''),(642,1,135,568,''),(643,1,135,569,''),(644,1,135,570,''),(645,1,135,571,''),(646,1,135,572,''),(647,1,135,573,''),(648,1,135,574,''),(649,1,135,575,''),(650,1,135,576,''),(651,1,136,577,''),(652,1,136,578,''),(653,1,136,579,''),(654,1,136,580,''),(655,1,136,581,''),(656,1,136,582,''),(657,1,136,583,''),(658,1,136,584,''),(659,1,137,585,''),(660,1,137,586,''),(661,1,137,587,''),(662,1,137,588,''),(663,1,137,589,''),(664,1,137,590,''),(665,1,137,591,''),(666,1,137,592,''),(667,1,137,593,''),(668,1,137,594,''),(669,1,137,595,''),(670,1,137,596,''),(671,1,137,597,''),(672,1,138,598,''),(673,1,138,599,''),(674,1,138,600,''),(675,1,138,601,''),(676,1,138,602,''),(677,1,138,603,''),(678,1,138,604,''),(679,1,138,605,''),(680,1,138,606,''),(681,1,138,607,''),(682,1,138,608,''),(683,1,138,609,''),(684,1,138,610,''),(685,1,139,611,''),(686,1,139,612,''),(687,1,139,613,''),(688,1,139,614,''),(689,1,139,615,''),(690,1,139,616,''),(691,1,139,617,''),(692,1,139,618,''),(693,1,139,619,''),(694,1,139,620,''),(695,1,139,621,''),(696,1,139,622,''),(697,1,139,623,''),(698,1,139,624,''),(699,1,139,625,''),(700,1,139,626,''),(701,1,139,627,''),(702,1,141,628,''),(703,1,141,629,''),(704,1,141,630,''),(705,1,141,631,''),(706,1,141,632,''),(707,1,141,633,''),(708,1,141,634,''),(709,1,141,635,''),(710,1,141,636,''),(711,1,141,637,''),(712,1,141,638,''),(713,1,141,639,''),(714,1,142,640,''),(715,1,142,641,''),(716,1,142,642,''),(717,1,142,643,''),(718,1,142,644,''),(719,1,142,645,''),(720,1,142,646,''),(721,1,142,647,''),(722,1,142,648,''),(723,1,142,649,''),(724,1,142,650,''),(725,1,142,651,''),(726,1,142,652,''),(727,1,142,653,''),(728,1,143,654,''),(729,1,143,655,''),(730,1,143,656,''),(731,1,143,657,''),(732,1,143,658,''),(733,1,143,659,''),(734,1,143,660,''),(735,1,143,661,''),(736,1,143,662,''),(737,1,144,663,''),(738,1,144,664,''),(739,1,144,665,''),(740,1,144,666,''),(741,1,144,667,''),(742,1,144,668,''),(743,1,144,669,''),(744,1,144,670,''),(745,1,145,671,''),(746,1,145,672,''),(747,1,145,673,''),(748,1,145,674,''),(749,1,145,675,''),(750,1,145,676,''),(751,1,145,677,''),(752,1,145,678,''),(753,1,145,679,''),(754,1,145,680,''),(755,1,145,681,''),(756,1,145,682,''),(757,10,27,536,''),(758,10,27,541,''),(759,10,27,543,''),(760,10,27,549,''),(761,10,27,550,''),(762,10,27,552,''),(763,10,27,555,''),(764,10,27,561,''),(765,10,27,557,''),(766,10,27,559,''),(767,10,27,564,''),(768,10,28,566,''),(769,10,28,569,''),(770,10,28,576,''),(771,10,28,577,''),(772,10,28,581,''),(773,10,28,584,''),(774,10,28,594,''),(775,10,28,601,''),(776,10,28,605,''),(777,10,28,619,''),(778,10,28,623,''),(779,10,28,624,''),(780,10,28,625,''),(781,10,28,631,''),(782,10,29,635,''),(783,10,29,637,''),(784,10,29,639,''),(785,10,29,640,''),(786,10,29,650,''),(787,10,29,653,''),(788,10,29,654,''),(789,10,29,655,''),(790,10,29,657,''),(791,10,29,658,''),(792,10,29,683,''),(793,10,29,664,''),(794,10,29,674,''),(795,10,29,675,''),(796,10,29,676,''),(797,10,45,684,''),(798,4,30,685,''),(799,4,30,686,''),(800,4,30,687,''),(801,4,30,688,''),(802,4,30,689,''),(803,4,30,690,''),(804,4,30,691,''),(805,4,30,692,''),(806,4,30,693,''),(807,8,32,694,''),(808,8,32,695,''),(809,8,32,696,''),(810,8,32,697,''),(811,8,32,698,''),(812,8,32,699,''),(813,8,32,700,''),(814,8,32,701,''),(815,8,32,702,''),(816,8,32,703,''),(817,8,32,704,''),(818,8,32,705,''),(819,8,33,706,''),(820,8,33,707,''),(821,8,33,708,''),(822,8,33,709,''),(823,10,45,710,''),(824,10,45,711,''),(825,10,45,712,''),(826,10,45,713,''),(827,10,45,714,''),(828,10,46,715,''),(829,10,46,716,''),(830,10,46,717,''),(831,10,46,718,'Moff Dardano'),(832,10,46,719,''),(833,10,46,720,''),(834,10,47,721,''),(835,10,47,722,''),(836,10,47,723,''),(837,10,47,724,''),(838,10,47,726,''),(839,10,47,727,''),(841,1,391,729,''),(842,1,391,730,''),(843,1,392,731,''),(844,1,392,732,''),(845,1,392,733,''),(846,1,392,734,''),(847,1,393,735,''),(848,1,393,736,''),(849,1,393,737,''),(850,1,393,738,''),(851,1,394,739,''),(852,1,394,740,''),(853,1,394,741,''),(854,1,394,742,''),(855,1,395,743,''),(856,1,395,744,''),(857,1,396,745,''),(858,1,396,746,''),(859,1,396,747,''),(860,1,397,748,''),(861,1,397,749,''),(862,1,397,750,''),(863,1,397,751,''),(864,1,398,752,''),(865,1,398,753,''),(866,1,399,754,''),(867,1,398,755,''),(868,1,399,756,''),(869,1,399,757,''),(870,1,400,719,'Journeyman Hunter'),(871,1,400,758,''),(872,1,401,759,''),(873,1,401,760,''),(874,1,401,761,''),(875,1,401,762,''),(876,1,402,763,''),(877,1,402,764,''),(878,1,402,765,''),(879,1,403,718,''),(880,1,403,717,''),(881,1,403,766,''),(882,1,403,767,''),(883,1,404,711,''),(884,1,403,768,''),(885,1,404,769,''),(886,1,404,716,''),(887,1,405,770,''),(888,1,405,771,''),(889,1,405,772,''),(890,1,405,773,''),(891,1,405,774,''),(892,1,405,775,''),(893,1,406,776,''),(894,1,407,777,''),(895,1,407,778,''),(896,1,406,779,''),(897,1,408,780,''),(898,1,408,781,''),(899,1,408,782,''),(900,1,408,783,''),(901,1,408,784,''),(902,1,409,785,''),(903,1,412,786,''),(904,1,412,787,''),(905,1,413,788,''),(906,1,413,789,''),(908,1,414,790,''),(909,1,414,791,''),(910,1,53,792,''),(911,1,414,793,''),(912,1,414,794,''),(914,1,224,795,''),(915,1,415,796,''),(917,1,415,798,''),(919,1,47,800,''),(920,1,410,801,''),(921,1,410,802,''),(922,1,410,803,''),(923,1,411,804,''),(924,1,411,805,''),(925,1,412,806,''),(926,1,412,807,''),(927,1,412,808,''),(928,4,54,809,''),(929,4,54,810,''),(930,4,55,811,''),(931,4,55,812,''),(932,4,56,813,''),(933,4,57,814,''),(934,4,56,815,''),(935,4,57,816,''),(936,4,57,817,''),(938,1,144,820,''),(939,4,57,821,''),(940,4,57,819,''),(941,5,102,822,''),(942,5,102,823,''),(943,5,102,824,''),(944,5,102,825,''),(945,5,102,826,''),(946,5,102,827,''),(947,5,125,828,''),(948,3,16,829,''),(949,3,16,830,''),(950,3,16,831,''),(951,3,26,832,''),(952,3,26,833,''),(953,3,26,834,''),(954,3,26,835,''),(955,1,413,836,''),(956,1,414,837,''),(957,1,413,838,''),(958,10,47,837,''),(959,1,415,839,''),(960,10,47,839,''),(961,1,415,840,''),(962,10,47,840,''),(963,1,415,841,''),(964,10,47,841,''),(965,1,415,842,''),(966,1,415,843,''),(967,1,415,844,''),(968,1,415,845,''),(969,1,415,846,''),(970,1,415,847,''),(971,1,44,848,''),(972,1,44,849,''),(973,1,43,850,''),(974,1,210,851,''),(975,1,425,852,''),(976,1,425,853,'Smuggling Gang Leader'),(977,1,425,854,'Smuggler'),(978,1,425,855,'Weequay'),(979,1,430,856,''),(980,1,430,857,'Astromech Droid'),(981,1,434,858,'Crime Boss'),(982,1,434,859,''),(983,1,434,860,'Slow-Witted Tough'),(984,1,436,861,''),(985,1,436,862,'Rodian Bounty Hunter'),(986,1,398,863,''),(987,1,431,864,''),(988,6,11,865,''),(989,6,11,866,''),(990,6,11,867,''),(991,6,11,868,''),(992,6,11,869,''),(993,6,12,870,''),(994,6,12,871,'Cyborg Bureaucrat'),(995,6,12,872,''),(996,6,12,873,''),(997,6,13,874,''),(998,6,13,875,''),(999,6,12,876,''),(1000,6,13,877,''),(1001,6,14,878,''),(1002,6,14,879,''),(1003,6,14,880,''),(1004,6,14,881,''),(1005,6,14,882,''),(1006,6,14,883,''),(1007,6,14,884,''),(1008,6,14,885,''),(1009,6,14,886,''),(1010,6,24,887,''),(1011,6,24,888,''),(1012,6,24,889,'Lutrillian Thug'),(1013,6,41,890,''),(1014,6,41,891,''),(1015,6,41,892,''),(1016,6,45,893,'Corporate Pilot'),(1017,6,45,894,'Corporate Co-Pilot'),(1018,6,46,895,'Hutt Cartel Pilot'),(1019,6,46,896,''),(1020,6,46,897,'Hutt Cartel Gunner'),(1021,6,47,898,'Eccentric Pilot'),(1022,6,47,899,'Droid Gunner'),(1023,6,51,900,''),(1024,6,51,901,''),(1025,6,51,902,''),(1026,6,59,903,'Crime Lord'),(1027,6,60,904,'Togrutan Academic'),(1028,6,61,905,'Chagrian Executive'),(1029,6,62,906,''),(1030,6,62,907,''),(1031,6,62,908,''),(1032,6,62,909,'Twi\'lek Associate'),(1033,6,62,910,'ISB Operative'),(1034,6,63,911,'Mob Boss'),(1035,6,64,912,''),(1036,6,64,913,''),(1037,6,64,914,''),(1038,6,64,915,'Corrupt Imperial Exchequer'),(1039,6,69,916,''),(1040,6,69,917,''),(1041,6,75,918,''),(1042,6,75,919,''),(1043,6,75,920,''),(1044,6,75,921,''),(1045,6,78,922,''),(1046,6,78,923,''),(1047,6,78,924,''),(1048,6,78,925,''),(1049,6,78,926,''),(1050,6,80,927,''),(1051,6,80,928,''),(1052,6,83,929,''),(1053,1,284,930,''),(1054,1,282,931,''),(1055,6,82,932,''),(1056,6,82,933,'Jedi in Exile'),(1057,6,87,934,''),(1058,6,88,935,''),(1059,6,88,936,''),(1060,6,88,937,''),(1061,6,88,938,''),(1062,6,89,939,''),(1063,6,89,940,''),(1064,6,90,941,''),(1065,6,90,942,''),(1066,6,90,943,''),(1067,6,90,944,''),(1068,6,90,945,''),(1069,6,91,946,''),(1070,6,91,947,''),(1071,6,95,948,''),(1072,6,95,949,''),(1073,5,19,950,''),(1074,5,19,951,''),(1075,5,19,952,''),(1076,5,19,953,''),(1077,5,19,954,''),(1078,5,19,955,''),(1079,5,19,956,''),(1080,5,19,957,''),(1081,5,19,958,''),(1082,5,19,959,''),(1083,5,19,960,''),(1084,5,19,961,''),(1085,5,20,962,''),(1086,5,20,963,''),(1087,5,19,964,''),(1088,5,20,965,''),(1089,5,20,966,''),(1090,5,20,967,''),(1091,5,20,968,''),(1092,5,20,969,''),(1093,5,20,970,''),(1094,5,20,971,''),(1095,5,20,972,''),(1096,5,20,973,''),(1097,5,20,974,''),(1098,5,20,975,''),(1099,5,21,976,''),(1100,5,20,977,''),(1101,5,21,978,''),(1102,5,21,979,''),(1103,5,21,980,''),(1104,5,21,981,''),(1105,5,28,982,''),(1106,5,28,983,''),(1107,5,28,984,''),(1108,5,28,985,''),(1109,5,28,986,''),(1110,5,28,987,''),(1111,5,29,988,''),(1112,5,29,989,''),(1113,5,28,990,''),(1114,5,29,991,''),(1115,5,29,992,''),(1116,5,35,993,''),(1117,5,34,994,''),(1118,5,35,995,''),(1119,5,35,996,''),(1120,5,34,997,''),(1121,5,35,998,''),(1122,5,35,999,''),(1123,5,35,1000,''),(1124,5,35,1001,''),(1125,5,35,1002,''),(1126,5,35,1003,''),(1127,5,35,1004,''),(1128,5,42,1005,''),(1129,5,42,1006,''),(1130,5,42,1007,''),(1131,5,42,1008,''),(1132,5,42,1009,''),(1133,5,42,1010,''),(1134,5,42,1011,''),(1135,5,42,1012,''),(1136,5,42,1013,''),(1137,5,43,1014,''),(1138,5,43,1015,''),(1139,5,43,1016,''),(1140,5,43,1017,''),(1141,5,43,1018,''),(1142,5,43,1019,''),(1143,5,43,1020,''),(1144,5,43,1021,''),(1145,5,43,1022,''),(1146,5,43,1023,''),(1147,5,43,1024,''),(1148,5,43,1025,''),(1149,5,43,1026,''),(1150,5,43,1027,''),(1151,5,43,1028,''),(1152,5,43,1029,''),(1153,5,48,1030,''),(1154,5,47,1031,''),(1155,5,48,1032,''),(1156,5,48,1033,''),(1157,5,48,1034,''),(1158,5,48,1035,''),(1159,5,48,1036,''),(1160,5,49,1037,''),(1161,5,49,1038,''),(1162,5,49,1039,''),(1163,5,49,1040,''),(1164,5,51,1041,''),(1165,5,51,1042,''),(1166,5,51,1043,''),(1167,5,61,1044,''),(1168,5,61,1045,''),(1169,5,61,1046,''),(1170,5,61,1047,''),(1171,5,61,1048,''),(1172,5,61,1049,''),(1173,5,61,1050,''),(1174,5,65,1051,''),(1175,5,65,1052,''),(1176,5,65,1053,''),(1177,5,65,1054,''),(1178,5,65,1055,''),(1179,5,69,1056,''),(1180,5,69,1057,''),(1181,5,69,1058,''),(1182,5,69,1059,''),(1183,5,73,1060,''),(1184,5,73,1061,''),(1185,5,73,1062,''),(1186,5,73,1063,''),(1187,5,73,1064,''),(1188,5,73,1065,''),(1189,5,73,1066,''),(1190,5,73,1067,''),(1191,5,73,1068,''),(1192,5,73,1069,''),(1193,5,73,1070,''),(1194,5,73,1071,''),(1195,5,117,1072,''),(1196,5,120,1073,''),(1197,5,120,1075,''),(1198,5,120,1074,''),(1199,5,120,1076,''),(1200,5,120,1077,''),(1201,5,120,1078,''),(1202,5,123,997,''),(1203,5,123,1079,''),(1204,5,124,1080,''),(1205,5,126,1081,''),(1206,5,125,1082,''),(1207,5,126,1083,''),(1208,5,126,1084,''),(1209,5,126,1085,''),(1210,5,126,1086,'Lieutenant-Constable Kreeg'),(1211,5,127,1087,''),(1212,5,127,1088,''),(1213,5,130,1089,''),(1214,5,130,1090,''),(1215,5,131,1091,''),(1216,5,131,1092,''),(1217,5,131,1093,''),(1218,5,131,1094,''),(1219,5,133,1055,'Enraged Ronto'),(1220,5,133,1095,''),(1221,5,134,1096,''),(1222,5,134,1097,''),(1223,5,134,1098,''),(1224,5,135,1099,''),(1225,5,135,1100,''),(1226,5,135,1101,''),(1227,5,136,1102,''),(1228,5,136,1103,''),(1229,5,138,1104,''),(1230,5,138,1105,''),(1231,5,138,1106,''),(1232,5,138,1107,''),(1233,5,140,1034,'Drall Major-Domo'),(1234,5,141,1108,''),(1235,5,141,1109,''),(1236,5,143,1110,''),(1237,5,144,1111,''),(1238,5,144,1112,''),(1239,2,6,1113,'Rebel Gamorrean'),(1240,2,8,1114,''),(1241,2,8,1115,'Merendata EV Supervisor Droid'),(1242,2,8,1116,'Industrial Automaton Astromech Droid'),(1243,2,8,1117,''),(1244,2,8,1119,''),(1245,2,8,1118,'Medtech FX Series Medical Assistant Droid'),(1246,2,9,1120,''),(1247,2,9,1121,''),(1248,2,9,1122,'Peekay 4 and Peekay 7'),(1249,2,9,1123,'2D4, 2D5, 3D1, 3D4, 3D7, and 9B2'),(1250,2,9,1124,''),(1251,2,9,1125,'Arakyd Searcher 2050 Exploration Droid'),(1252,2,9,396,''),(1253,2,10,1126,''),(1254,2,10,1127,'BLL1 & BLL2'),(1255,2,10,1128,'Gentech 3D-4 Administrative Droid'),(1256,2,22,1129,''),(1257,2,22,1130,''),(1258,2,22,1131,''),(1259,2,22,1132,''),(1260,2,22,1133,''),(1261,2,22,1134,''),(1262,3,29,1135,''),(1263,3,29,1136,''),(1264,3,29,1137,''),(1265,3,33,1138,''),(1266,3,34,1139,''),(1267,3,34,1140,''),(1268,3,44,1141,''),(1269,3,44,1142,''),(1270,3,44,1143,''),(1271,3,44,1144,''),(1272,3,44,1145,''),(1273,3,44,1146,''),(1274,3,45,1147,''),(1275,3,46,1148,''),(1276,3,46,1149,''),(1277,3,45,1150,''),(1278,3,46,1151,''),(1279,3,46,1152,''),(1280,3,46,1153,''),(1281,3,46,1154,''),(1282,3,46,1155,''),(1283,3,46,1156,''),(1284,3,46,1157,''),(1285,3,47,1158,''),(1286,3,47,1159,''),(1287,3,47,1160,''),(1288,3,47,1161,''),(1289,3,47,1162,''),(1290,3,47,1163,''),(1291,3,54,1164,''),(1292,3,58,1165,''),(1293,3,58,1166,''),(1294,3,58,1167,''),(1295,3,58,1168,''),(1296,3,58,1169,''),(1297,3,62,1170,''),(1298,3,63,1171,''),(1299,3,63,1172,''),(1300,3,64,1173,''),(1301,3,64,1174,''),(1302,3,63,1175,''),(1303,3,64,1176,''),(1304,3,65,1177,''),(1305,3,65,1178,''),(1306,3,65,1179,''),(1307,3,70,1180,''),(1308,3,70,1181,''),(1309,3,71,1182,''),(1310,3,71,1183,''),(1311,3,71,1184,''),(1312,3,71,1185,''),(1313,3,78,1186,''),(1314,3,83,1187,''),(1315,3,87,1188,''),(1316,3,87,1189,''),(1317,3,87,1190,''),(1318,3,87,1191,''),(1319,3,94,1192,''),(1320,12,116,501,''),(1321,12,117,502,''),(1322,12,131,503,''),(1323,12,117,504,''),(1324,12,118,505,''),(1325,12,119,506,''),(1326,12,120,507,''),(1327,12,121,508,''),(1328,12,134,509,''),(1329,12,121,510,''),(1330,12,122,511,''),(1331,12,135,512,''),(1332,12,131,513,''),(1333,12,123,514,''),(1334,12,135,515,''),(1335,12,124,516,''),(1336,12,125,517,''),(1337,12,133,518,''),(1338,12,125,519,''),(1339,12,135,520,''),(1340,12,126,521,''),(1341,12,126,522,''),(1342,12,127,523,''),(1343,12,133,524,''),(1344,12,133,525,''),(1345,12,127,526,''),(1346,12,128,527,''),(1347,12,128,528,''),(1348,12,130,530,''),(1349,12,130,529,''),(1350,12,136,531,''),(1351,1,130,532,''),(1352,12,137,533,''),(1353,12,136,1193,''),(1354,12,142,536,''),(1355,12,142,685,''),(1356,12,142,537,''),(1357,12,142,538,''),(1358,12,143,539,''),(1359,12,143,540,''),(1360,12,143,541,''),(1361,12,143,542,''),(1362,12,143,1194,''),(1363,12,143,545,''),(1364,12,143,546,''),(1365,12,143,1195,''),(1366,12,143,547,''),(1367,12,144,548,''),(1368,12,144,549,''),(1369,12,144,1196,''),(1370,12,144,1197,''),(1371,12,144,550,''),(1372,12,144,551,''),(1373,12,144,1198,''),(1374,12,144,1199,''),(1375,12,144,552,''),(1376,12,145,553,''),(1377,12,145,1200,''),(1378,12,145,1201,''),(1379,12,145,554,''),(1380,12,145,555,''),(1381,12,145,556,''),(1382,12,145,557,''),(1383,12,145,1202,''),(1384,12,145,558,''),(1385,12,145,559,''),(1386,12,145,560,''),(1387,12,145,561,''),(1388,12,146,562,''),(1389,12,146,563,''),(1390,12,146,564,''),(1391,12,146,565,''),(1392,12,146,1203,''),(1393,12,146,566,''),(1394,12,146,1204,''),(1395,12,146,567,''),(1396,12,146,568,''),(1397,12,146,569,''),(1398,12,146,570,''),(1399,12,146,571,''),(1400,12,146,572,''),(1401,12,147,1205,''),(1402,12,147,573,''),(1403,12,147,1206,''),(1404,12,147,574,''),(1405,12,147,1207,''),(1406,12,147,575,''),(1407,12,147,687,''),(1408,12,147,576,''),(1409,12,148,577,''),(1410,12,148,578,''),(1411,12,148,579,''),(1412,12,148,580,''),(1413,12,148,885,''),(1414,12,148,581,''),(1415,12,148,582,''),(1416,12,148,583,''),(1417,12,148,584,''),(1418,12,148,585,''),(1419,12,148,586,''),(1420,12,149,587,''),(1421,12,149,1208,''),(1422,12,149,589,''),(1423,12,149,590,''),(1424,12,149,591,''),(1425,12,149,592,''),(1426,12,149,593,''),(1427,12,150,594,''),(1428,12,150,595,''),(1429,12,150,596,''),(1430,12,150,597,''),(1431,12,150,1209,''),(1432,12,150,1210,''),(1433,12,150,598,''),(1434,12,150,599,''),(1435,12,150,600,''),(1436,12,150,601,''),(1437,12,150,602,''),(1438,12,150,603,''),(1439,12,151,604,''),(1440,12,151,605,''),(1441,12,151,606,''),(1442,12,151,607,''),(1443,12,151,690,''),(1444,12,151,701,''),(1445,12,151,1211,''),(1446,12,151,608,''),(1447,12,151,609,''),(1448,12,151,610,''),(1449,12,151,611,''),(1450,12,151,612,''),(1451,12,151,613,''),(1452,12,153,614,''),(1453,12,153,615,''),(1454,12,153,616,''),(1455,12,153,692,''),(1456,12,153,617,''),(1457,12,153,1212,''),(1458,12,153,619,''),(1459,12,153,620,''),(1460,12,153,621,''),(1461,12,153,622,''),(1462,12,153,623,''),(1463,12,153,624,''),(1464,12,153,625,''),(1465,12,153,627,''),(1466,12,154,628,''),(1467,12,154,1213,''),(1468,12,154,1214,''),(1469,12,154,630,''),(1470,12,154,631,''),(1471,12,154,702,''),(1472,12,154,634,''),(1473,12,154,1215,''),(1474,12,154,635,''),(1475,12,154,636,''),(1476,12,154,637,''),(1477,12,154,638,''),(1478,12,154,639,''),(1479,12,155,640,''),(1480,12,155,1216,''),(1481,12,155,641,''),(1482,12,155,642,''),(1483,12,155,643,''),(1484,12,155,644,''),(1485,12,155,704,''),(1486,12,155,645,''),(1487,12,155,647,''),(1488,12,156,648,''),(1490,12,156,649,''),(1491,12,156,650,''),(1492,12,156,651,''),(1493,12,156,1218,''),(1494,12,156,652,''),(1495,12,156,653,''),(1496,12,156,654,''),(1497,12,156,655,''),(1498,12,156,1219,''),(1499,12,157,656,''),(1500,12,157,657,''),(1501,12,157,658,''),(1502,12,157,659,''),(1503,12,157,660,''),(1504,12,157,661,''),(1505,12,157,662,''),(1506,12,157,683,''),(1507,12,157,663,''),(1508,12,157,664,''),(1509,12,157,665,''),(1510,12,157,666,''),(1511,12,157,667,''),(1512,12,157,668,''),(1513,12,158,669,''),(1514,12,158,820,''),(1515,12,158,1220,''),(1516,12,158,670,''),(1517,12,158,671,''),(1518,12,158,707,''),(1519,12,158,708,''),(1520,12,158,672,''),(1521,12,158,673,''),(1522,12,158,674,''),(1523,12,158,675,''),(1524,12,158,676,''),(1525,12,158,677,''),(1526,12,158,678,''),(1527,12,159,1221,''),(1528,12,159,679,''),(1529,12,159,1222,''),(1530,12,159,681,''),(1531,12,159,1223,''),(1532,12,159,682,''),(1533,12,159,1224,''),(1534,12,174,157,''),(1535,12,174,158,''),(1536,12,174,156,''),(1537,12,174,162,''),(1538,12,175,159,''),(1539,12,175,160,''),(1540,12,176,163,''),(1541,12,176,166,''),(1542,12,176,164,''),(1543,12,176,165,'Ion Blaster'),(1544,12,176,167,''),(1545,12,176,168,''),(1546,12,177,169,''),(1547,12,177,170,''),(1548,12,178,176,''),(1549,12,178,177,''),(1550,12,178,173,''),(1551,12,179,304,''),(1552,12,179,174,''),(1553,12,180,175,''),(1554,12,180,178,''),(1555,12,181,179,''),(1556,12,181,180,''),(1557,12,181,181,''),(1558,10,31,181,''),(1559,12,182,183,''),(1560,12,182,184,''),(1561,12,182,185,''),(1562,12,182,186,''),(1563,12,183,187,''),(1564,12,184,308,''),(1565,12,184,309,''),(1566,12,184,313,''),(1567,12,185,310,''),(1568,12,185,311,''),(1569,12,185,314,''),(1570,12,185,312,''),(1571,12,186,1,''),(1572,12,186,2,''),(1573,12,186,3,''),(1574,12,188,4,''),(1575,12,188,5,''),(1576,12,188,6,''),(1577,12,189,7,''),(1578,12,189,9,''),(1579,12,189,10,''),(1580,12,189,8,''),(1581,12,190,11,'Cybernetic Weapon Implant'),(1582,12,190,12,''),(1583,12,190,13,''),(1584,12,190,14,''),(1585,12,190,15,''),(1586,12,190,16,''),(1587,12,190,17,''),(1588,12,191,18,''),(1589,12,191,21,''),(1590,12,191,19,''),(1591,12,191,20,''),(1592,12,191,22,''),(1593,12,192,23,''),(1594,12,192,24,''),(1595,12,192,25,''),(1596,12,192,26,''),(1597,12,193,27,''),(1598,12,193,29,''),(1599,12,193,28,''),(1600,12,193,1225,''),(1601,12,193,30,''),(1602,1,193,1226,''),(1603,12,194,494,''),(1604,12,194,31,''),(1605,12,194,32,''),(1606,12,194,33,''),(1607,12,195,1227,''),(1608,12,195,34,''),(1609,12,195,35,''),(1610,12,195,36,''),(1611,12,195,39,''),(1612,1,196,1228,''),(1613,12,196,38,''),(1614,12,196,40,''),(1615,12,196,41,''),(1616,12,196,43,''),(1617,12,196,44,''),(1618,12,197,50,''),(1619,12,197,45,''),(1620,12,197,1229,''),(1621,12,197,46,''),(1622,12,197,47,''),(1623,12,197,1230,''),(1624,12,198,49,''),(1625,12,198,42,''),(1626,12,198,1231,''),(1627,12,198,51,''),(1628,12,200,329,''),(1629,12,200,330,''),(1630,12,200,331,''),(1631,12,200,332,''),(1632,12,201,335,''),(1633,12,201,336,''),(1634,12,202,337,''),(1635,12,202,338,''),(1636,12,202,339,''),(1637,12,203,340,''),(1638,12,203,341,''),(1639,12,203,342,''),(1640,12,203,343,''),(1641,12,203,345,''),(1642,12,204,347,''),(1643,12,204,346,''),(1644,12,205,344,''),(1645,12,205,348,''),(1646,12,205,349,''),(1647,12,205,350,''),(1648,12,205,351,''),(1649,12,206,352,''),(1650,12,206,353,''),(1651,12,206,356,''),(1652,12,206,354,''),(1653,12,206,357,''),(1654,12,207,355,''),(1655,12,207,358,''),(1656,12,262,396,''),(1657,12,263,1232,''),(1658,12,263,398,'74-Z Speeder Bike'),(1659,12,264,1233,''),(1660,12,265,1234,''),(1661,12,266,1235,''),(1662,12,267,496,''),(1663,12,268,432,''),(1664,12,268,433,''),(1665,12,268,1236,''),(1666,12,270,431,''),(1667,12,270,495,''),(1668,12,271,1237,''),(1669,12,272,1238,''),(1670,12,273,430,''),(1671,12,273,1239,''),(1672,12,274,1240,''),(1673,12,274,446,''),(1674,12,275,462,'YV-929 Armed Transport'),(1675,12,276,1241,''),(1676,1,277,1242,''),(1677,12,278,1243,''),(1678,12,278,449,'EF76 Nebulon-B Frigate'),(1679,12,279,1244,''),(1680,12,280,1245,''),(1681,12,280,1246,''),(1682,12,281,1247,''),(1683,12,283,1248,''),(1684,12,284,1249,''),(1685,12,284,1250,''),(1686,12,286,359,''),(1687,12,286,360,''),(1688,12,286,361,''),(1689,12,286,365,''),(1690,12,286,362,''),(1691,12,286,366,''),(1692,12,286,363,''),(1693,12,286,367,''),(1694,12,287,1251,''),(1695,12,411,1252,''),(1696,12,412,1253,''),(1697,12,412,1254,''),(1698,12,412,1255,''),(1699,12,412,1256,''),(1700,12,412,1257,''),(1701,12,413,1258,''),(1702,12,412,1259,''),(1703,1,413,1260,''),(1704,12,413,1261,''),(1705,12,413,1262,''),(1706,12,413,1263,''),(1707,12,413,1264,''),(1708,12,414,1265,''),(1709,12,413,1266,''),(1710,12,414,1267,''),(1711,12,414,1268,''),(1712,12,414,1269,''),(1713,12,414,1270,''),(1714,12,415,1271,''),(1715,12,415,1272,''),(1716,12,415,1273,''),(1717,12,414,1274,''),(1718,12,415,1275,''),(1719,12,415,1276,''),(1720,12,416,1277,''),(1721,12,416,1278,''),(1722,12,416,1279,''),(1723,12,416,1280,''),(1724,12,417,1281,''),(1725,12,417,1282,''),(1726,12,417,1283,''),(1727,1,416,1284,''),(1728,12,417,1285,''),(1729,12,417,1286,''),(1730,12,417,718,''),(1731,12,418,684,''),(1732,1,418,1287,''),(1733,12,418,1288,''),(1734,12,419,713,''),(1735,12,419,767,''),(1736,12,419,1289,''),(1737,12,419,1290,''),(1738,12,420,1291,''),(1739,12,420,1292,''),(1740,12,420,1293,''),(1741,12,420,769,''),(1742,12,420,716,''),(1743,12,422,1294,''),(1744,12,422,1295,''),(1745,12,422,1297,''),(1746,12,422,1298,''),(1747,12,421,1296,''),(1748,12,422,1299,''),(1749,12,422,1301,''),(1750,12,422,1300,''),(1751,12,422,1302,''),(1752,12,422,1303,''),(1753,12,422,1304,''),(1754,12,422,1305,''),(1755,12,422,1306,''),(1756,12,423,1307,''),(1757,12,423,1308,''),(1758,12,423,1309,''),(1759,12,423,1310,''),(1760,12,424,1311,''),(1761,12,424,1312,''),(1762,12,424,1313,''),(1763,12,424,1314,''),(1764,12,424,1315,''),(1765,12,424,779,''),(1766,12,425,736,''),(1767,12,425,738,''),(1768,12,426,740,''),(1769,12,426,1316,''),(1770,12,426,743,''),(1771,12,427,745,''),(1772,12,427,802,''),(1773,12,428,803,''),(1774,12,428,804,''),(1775,12,428,805,''),(1776,12,429,807,''),(1777,12,429,1317,''),(1778,12,429,1318,''),(1779,12,430,1319,''),(1780,1,430,1320,''),(1781,12,430,1321,''),(1782,12,430,785,''),(1783,12,431,1322,''),(1784,12,431,1323,''),(1785,12,431,1324,''),(1786,12,432,841,'Dianoga'),(1787,12,432,847,''),(1788,12,298,1325,''),(1789,12,300,1326,''),(1790,12,433,1327,''),(1791,12,432,1328,''),(1792,12,433,1329,''),(1793,12,433,1331,''),(1794,12,433,1330,''),(1795,12,439,1332,''),(1796,12,439,1333,''),(1797,12,439,1334,'Trandoshan Information Broker'),(1798,12,440,767,'Imperial Navy Trooper'),(1799,12,441,1335,''),(1800,12,441,1336,'Corrupt Governor'),(1801,12,441,1337,''),(1802,12,441,1338,''),(1803,12,441,1339,''),(1804,12,442,445,''),(1805,12,443,1340,''),(1806,12,444,1341,''),(1807,12,444,1343,''),(1808,12,444,1344,''),(1809,12,444,1342,''),(1810,12,446,1345,'Security Chief'),(1811,12,447,1346,''),(1812,12,447,1347,''),(1813,12,450,1348,''),(1814,12,450,1346,''),(1815,12,451,1349,''),(1816,12,451,1351,''),(1817,12,451,1350,''),(1818,12,452,1352,''),(1819,12,452,1353,''),(1820,12,452,1354,''),(1821,12,456,1355,''),(1822,12,456,1356,''),(1823,12,456,1357,''),(1824,12,449,1358,''),(1825,12,449,1359,''),(1826,12,449,1360,''),(1827,12,449,1361,''),(1828,12,449,1362,''),(1829,12,449,1363,''),(1830,12,451,1365,''),(1831,12,451,1364,''),(1832,13,7,1366,''),(1833,13,7,1367,''),(1834,13,8,1368,''),(1835,13,8,1369,''),(1836,13,13,1370,''),(1837,13,14,1371,''),(1838,13,14,1372,''),(1839,13,14,1373,''),(1840,13,20,1374,''),(1841,13,20,1375,''),(1842,13,22,1376,''),(1843,13,22,1377,''),(1844,13,22,1378,''),(1845,13,22,1379,''),(1846,13,22,1380,''),(1847,13,22,1381,''),(1848,13,22,1382,''),(1849,13,23,1383,'Saboteur Tactical Droid'),(1850,1,154,1384,''),(1851,1,155,1385,''),(1852,1,155,1386,''),(1853,1,155,1387,''),(1854,1,155,1388,''),(1855,1,155,1389,''),(1856,1,155,1390,''),(1857,1,155,1391,''),(1858,1,156,1392,''),(1859,1,156,1393,''),(1860,1,156,1394,''),(1861,1,156,1395,''),(1862,1,156,1396,''),(1863,1,156,1397,''),(1864,1,156,1398,''),(1865,1,156,1399,''),(1866,1,156,1400,''),(1867,1,156,1401,''),(1868,1,156,1402,''),(1869,1,157,1403,''),(1870,1,157,1404,''),(1871,1,157,1405,''),(1872,1,157,1406,''),(1873,1,157,1407,''),(1874,1,157,1408,''),(1875,1,157,1409,''),(1876,1,157,1410,''),(1877,1,157,1411,''),(1878,12,168,1384,''),(1879,12,168,1385,''),(1880,12,168,1388,''),(1881,12,168,1386,''),(1882,12,169,1387,''),(1883,12,169,1389,''),(1884,12,169,1390,''),(1885,12,169,1391,''),(1886,12,169,1392,''),(1887,12,169,1393,''),(1888,12,169,1394,''),(1889,12,169,1395,''),(1890,12,169,1396,''),(1891,12,169,1398,''),(1892,12,169,1397,''),(1893,12,170,1399,''),(1894,12,170,1400,''),(1895,12,170,1401,''),(1896,12,170,1402,''),(1897,12,170,1403,''),(1898,12,170,1404,''),(1899,12,170,1405,''),(1900,12,170,1406,''),(1901,12,170,1407,''),(1902,12,170,1408,''),(1903,12,170,1409,''),(1904,12,171,1410,''),(1905,12,171,1411,''),(1906,1,144,1412,''),(1907,14,32,1413,''),(1908,14,32,1414,''),(1910,14,32,1416,''),(1911,14,32,1417,''),(1912,14,32,1418,''),(1913,14,33,1419,''),(1914,14,33,1420,''),(1917,14,33,1423,''),(1918,14,33,1424,''),(1920,14,33,1426,''),(1921,14,33,1427,''),(1922,14,33,1428,''),(1923,14,40,1429,''),(1924,14,40,1430,''),(1925,14,40,1431,''),(1926,14,40,1432,''),(1927,14,41,1433,''),(1928,14,42,1434,''),(1929,14,42,1435,''),(1930,14,42,1436,''),(1931,14,43,1437,''),(1932,14,43,1438,''),(1933,14,43,1439,''),(1934,14,44,1440,''),(1935,14,44,1441,''),(1936,14,44,1442,''),(1937,14,45,1443,''),(1938,14,45,1444,''),(1939,14,46,1445,''),(1940,14,46,1446,''),(1941,14,46,1447,''),(1942,14,47,1448,''),(1943,14,47,1449,''),(1944,14,47,1450,''),(1945,14,47,1451,''),(1946,14,48,1452,''),(1947,14,48,1453,''),(1948,14,48,1454,''),(1949,14,48,1455,''),(1950,14,49,1456,''),(1951,14,49,1457,''),(1952,14,49,1458,''),(1953,14,50,1459,''),(1954,14,50,1460,''),(1955,14,49,1462,''),(1956,14,49,1463,''),(1957,14,50,1464,''),(1958,14,49,1465,''),(1959,14,50,1466,''),(1960,14,50,1467,''),(1961,14,50,1468,''),(1962,14,50,1469,''),(1963,14,50,1470,''),(1964,14,51,1471,''),(1965,14,52,1472,''),(1966,14,52,1473,''),(1967,14,52,1474,''),(1968,14,53,1475,''),(1969,14,53,1476,''),(1970,14,54,1477,''),(1971,14,55,1478,''),(1972,14,55,1479,''),(1973,14,56,1480,''),(1974,14,56,1481,''),(1975,14,57,1482,''),(1976,14,58,1483,''),(1977,14,58,1484,''),(1978,14,59,1485,''),(1979,14,59,1486,''),(1980,15,21,434,''),(1981,15,26,1487,''),(1982,15,34,1234,''),(1983,15,44,431,''),(1984,15,42,1488,''),(1985,15,43,495,''),(1986,15,54,1489,''),(1987,15,71,429,''),(1988,15,75,1490,''),(1989,15,86,1491,''),(1990,15,90,415,''),(1991,15,93,1234,''),(1992,15,18,1492,''),(1993,15,19,1493,''),(1994,15,19,1494,''),(1995,15,21,1495,''),(1996,15,22,1496,''),(1997,15,22,1497,''),(1998,15,23,1498,''),(1999,15,24,1499,''),(2000,15,25,1500,''),(2001,15,27,1501,''),(2002,15,27,1502,''),(2003,15,27,1503,''),(2004,15,27,1504,''),(2005,15,32,1505,''),(2006,15,32,1506,''),(2007,15,32,1507,''),(2008,15,32,1508,''),(2009,15,34,1509,''),(2010,15,37,1300,'Imperial Sandtrooper'),(2011,15,38,1510,''),(2012,15,38,1511,''),(2013,15,40,1512,''),(2014,15,42,1513,''),(2015,15,43,1514,''),(2016,15,51,1515,''),(2017,15,51,1516,''),(2018,15,51,1517,''),(2019,15,51,1518,''),(2020,15,52,1519,''),(2021,15,51,1520,''),(2022,15,52,1521,''),(2023,15,52,1522,''),(2024,15,52,1523,''),(2025,15,56,1524,''),(2026,15,57,1525,''),(2027,15,57,1526,''),(2028,15,57,1527,''),(2029,15,57,1528,''),(2030,15,56,1529,''),(2031,15,56,1530,''),(2032,15,56,1531,''),(2033,15,56,1532,''),(2034,15,56,1533,''),(2035,15,56,1534,''),(2036,15,56,1535,''),(2037,15,57,1536,''),(2038,15,57,1537,''),(2039,15,57,1538,''),(2040,15,57,1539,''),(2041,15,57,1540,''),(2042,15,56,1541,''),(2043,15,56,1542,''),(2044,15,57,1543,''),(2045,15,57,1544,''),(2046,15,57,1545,''),(2047,15,60,1546,'Dressellian Pilot'),(2048,15,63,1547,''),(2049,15,63,1548,'Wookiee Warrior'),(2050,15,64,1549,''),(2051,15,64,1550,'Bothan Spy'),(2052,15,65,1551,'Human Pilot'),(2053,15,66,1552,'Ithorian Diplomat'),(2054,15,67,1553,'Engineer Droid'),(2055,15,70,1554,''),(2056,15,70,1555,''),(2057,15,69,1556,'Lieutenant Field Assistant'),(2058,15,71,1557,''),(2059,15,71,1558,''),(2060,15,77,1559,''),(2061,15,79,1560,'Rebel Spy'),(2062,15,82,1561,'Imperial Governor'),(2063,15,83,1562,''),(2064,15,83,1563,''),(2065,15,84,1564,'Imperial Intelligence Agent'),(2066,15,85,1565,''),(2067,15,85,1566,''),(2068,15,85,1567,''),(2069,15,85,1568,''),(2070,15,85,1569,''),(2071,15,85,1570,''),(2072,15,85,1571,''),(2073,15,85,1572,''),(2074,15,86,1573,''),(2075,15,86,1574,''),(2076,15,88,769,''),(2077,15,92,769,''),(2078,15,93,1575,''),(2079,16,7,502,''),(2080,16,7,503,''),(2081,16,7,504,''),(2082,16,7,505,''),(2083,16,7,506,''),(2084,16,7,507,''),(2085,16,7,508,''),(2086,16,7,511,''),(2087,16,7,511,''),(2088,16,7,514,''),(2089,16,7,516,''),(2090,16,7,517,''),(2091,16,7,518,''),(2092,16,7,519,''),(2093,16,8,521,''),(2094,16,8,524,''),(2095,16,8,525,''),(2096,16,8,526,''),(2097,16,8,527,''),(2098,16,8,528,''),(2099,16,8,529,''),(2100,16,8,530,''),(2101,16,8,532,''),(2102,16,20,804,'General Maintenance Droid'),(2103,16,20,1576,''),(2104,16,21,1577,''),(2105,16,21,1578,''),(2106,16,22,1579,''),(2107,16,22,1580,''),(2108,16,22,1581,''),(2109,16,25,1306,'Imperal Snowtrooper'),(2110,16,29,1582,''),(2111,16,29,1583,''),(2112,16,29,1584,''),(2113,16,33,1585,''),(2114,16,33,1586,''),(2115,16,33,1587,''),(2116,16,33,1588,''),(2117,16,29,1589,'Assistant City Administrator'),(2118,16,33,807,'3PO Protocol Droid'),(2119,16,38,1590,''),(2120,16,38,1591,''),(2121,16,38,1592,''),(2122,16,39,1593,''),(2123,16,39,1594,''),(2124,16,39,1595,''),(2125,16,39,1596,''),(2126,16,39,1597,''),(2127,16,39,769,''),(2128,16,43,1598,''),(2129,16,46,1599,''),(2130,16,46,1600,''),(2131,16,42,1601,''),(2132,16,42,1602,''),(2133,16,42,1603,''),(2135,20,1,759,''),(2136,20,2,762,''),(2137,20,3,763,''),(2138,20,4,1319,''),(2139,20,5,1316,''),(2140,20,6,881,''),(2141,20,7,803,''),(2142,20,8,804,''),(2143,20,9,805,''),(2144,20,10,807,''),(2145,20,11,808,''),(2146,20,12,785,''),(2147,20,13,791,''),(2148,20,14,750,''),(2149,20,15,751,''),(2150,20,16,886,''),(2151,20,17,1257,''),(2152,20,18,755,''),(2153,20,19,774,''),(2154,20,20,1321,'Politician'),(2155,19,1,769,''),(2156,19,2,716,''),(2157,19,3,1303,''),(2158,19,4,1306,''),(2159,19,5,1307,''),(2160,19,6,1309,''),(2161,19,7,684,''),(2162,19,8,713,''),(2163,19,9,1284,''),(2164,19,10,765,''),(2165,19,11,764,''),(2166,19,12,718,''),(2167,19,13,1252,''),(2168,19,14,1259,''),(2169,19,15,782,''),(2170,19,16,1255,''),(2171,19,17,1276,''),(2172,19,18,1275,''),(2173,19,19,1274,''),(2174,19,20,1270,''),(2175,17,1,746,''),(2176,17,2,1315,''),(2177,17,3,748,''),(2178,17,4,1310,''),(2179,17,5,757,'Apprentice Bounty Hunter'),(2180,17,6,719,''),(2181,17,7,758,'Master Bounty Hunter'),(2182,17,8,745,''),(2183,17,9,744,''),(2184,17,10,738,''),(2185,17,11,740,''),(2186,17,12,780,''),(2187,17,13,741,''),(2188,17,14,742,''),(2189,17,15,743,''),(2190,17,16,730,''),(2191,17,17,736,''),(2192,17,18,802,''),(2193,17,19,776,''),(2194,17,20,779,''),(2195,1,45,1604,''),(2196,1,48,1605,''),(2197,1,47,1606,''),(2198,1,48,1607,''),(2199,1,49,1608,''),(2200,1,50,1609,''),(2201,1,51,1610,''),(2202,1,52,1611,''),(2203,12,51,850,''),(2204,12,53,1604,''),(2205,12,55,1612,''),(2206,12,56,1613,''),(2207,12,57,1607,''),(2208,12,58,1614,''),(2209,12,59,1615,''),(2210,12,60,1616,''),(2211,5,90,1617,''),(2212,5,91,1618,''),(2213,5,93,1619,''),(2214,8,19,1620,''),(2215,8,20,1621,''),(2216,8,22,1622,''),(2217,4,21,1623,''),(2218,4,20,1624,''),(2219,4,21,1612,''),(2220,4,23,1625,''),(2221,14,20,1626,''),(2222,14,19,1627,''),(2223,14,21,1628,''),(2224,14,22,1613,''),(2225,21,20,1629,''),(2226,21,23,1630,''),(2227,21,32,1632,''),(2228,21,32,1633,''),(2229,21,32,1634,''),(2230,21,32,1635,''),(2231,21,32,1636,''),(2232,21,32,1637,''),(2233,21,32,1638,''),(2234,21,32,1639,''),(2235,21,32,1640,''),(2236,21,32,1641,''),(2237,21,32,1642,''),(2238,21,33,1643,''),(2239,21,33,1644,''),(2240,21,33,1645,''),(2241,21,33,1646,''),(2242,21,33,1647,''),(2243,21,33,1648,''),(2244,21,33,1649,''),(2245,21,33,1650,''),(2246,21,33,1651,''),(2247,21,33,1652,''),(2248,21,33,1653,''),(2249,21,40,1654,''),(2250,21,40,1655,''),(2251,21,41,1656,''),(2252,21,41,1657,''),(2253,21,41,1658,''),(2254,21,42,1659,''),(2255,21,42,1660,''),(2256,21,42,1661,''),(2257,21,43,1662,''),(2258,21,43,1663,''),(2259,21,43,1664,''),(2260,21,45,1665,''),(2261,21,44,1666,''),(2262,21,45,1667,''),(2263,21,45,1668,''),(2264,21,46,1669,''),(2265,21,46,1670,''),(2266,21,47,1671,''),(2267,21,46,1672,''),(2268,21,47,1673,''),(2269,21,49,1674,''),(2270,21,50,1675,''),(2271,21,50,1676,''),(2272,21,51,1677,''),(2273,21,51,1678,''),(2274,21,51,1679,''),(2275,21,52,1680,''),(2276,21,53,1681,''),(2277,21,54,1682,''),(2278,21,55,1683,''),(2279,21,56,1684,''),(2280,21,56,1685,''),(2281,21,57,1686,''),(2282,21,57,1687,''),(2283,21,58,1688,''),(2284,21,59,1689,''),(2285,21,60,1690,''),(2286,21,61,1691,''),(2287,21,61,1692,''),(2288,21,62,1693,''),(2289,21,63,1694,''),(2290,21,64,1695,''),(2291,21,64,1696,''),(2292,21,64,1697,''),(2293,21,64,1698,''),(2294,21,65,1699,''),(2295,21,65,1700,''),(2296,21,83,1701,''),(2297,21,83,1702,''),(2298,21,83,1703,''),(2299,21,83,1704,''),(2300,21,83,1705,''),(2301,21,83,1706,''),(2302,21,83,1707,''),(2303,21,83,1708,''),(2304,21,83,1709,''),(2305,21,84,1710,''),(2306,21,84,1711,''),(2307,21,84,1712,''),(2308,21,84,1713,''),(2309,21,84,1714,''),(2310,21,84,1715,''),(2311,21,84,1716,''),(2312,21,84,1717,''),(2313,21,85,1718,''),(2314,21,85,1719,''),(2315,21,85,1720,''),(2316,21,85,1721,''),(2317,21,85,1722,''),(2318,21,85,1723,''),(2319,21,85,1724,''),(2320,21,85,1725,''),(2321,21,85,1726,''),(2322,21,85,1727,''),(2323,21,85,1728,''),(2324,21,85,1729,''),(2325,21,85,1730,''),(2326,21,86,1731,''),(2327,21,86,1732,''),(2328,21,86,1733,''),(2329,21,86,1734,''),(2330,21,86,1735,''),(2331,21,86,1736,''),(2332,21,86,1737,''),(2333,21,86,1738,''),(2334,21,86,1739,''),(2335,21,86,1740,''),(2336,21,86,1741,''),(2337,21,86,1742,''),(2338,21,87,1743,''),(2339,21,87,1744,''),(2340,21,87,1745,''),(2341,21,87,1746,''),(2342,21,87,1747,''),(2343,21,87,1748,''),(2344,21,87,1749,''),(2345,21,87,1750,''),(2346,21,87,1053,''),(2347,21,87,1751,''),(2348,21,88,1752,''),(2349,21,88,1753,''),(2350,21,88,1754,''),(2351,21,88,1755,''),(2352,21,88,1756,''),(2353,21,88,1757,''),(2354,21,88,1758,''),(2355,21,88,1759,''),(2356,21,88,1760,''),(2357,21,88,1761,''),(2358,21,88,1762,''),(2359,21,89,1763,''),(2360,21,89,1764,''),(2361,21,89,1765,''),(2362,21,89,1766,''),(2363,22,100,1767,''),(2364,22,100,1768,''),(2365,22,100,1769,''),(2366,22,100,1770,''),(2367,22,102,1771,''),(2368,22,102,1772,''),(2369,22,102,1773,''),(2370,22,102,1774,''),(2371,22,102,1775,''),(2372,22,102,1776,''),(2373,22,103,1777,''),(2374,22,103,1778,''),(2375,22,104,1779,''),(2376,22,104,1780,''),(2377,22,104,1781,''),(2378,22,104,1782,''),(2379,22,105,1783,''),(2380,22,105,1784,''),(2381,22,106,1785,''),(2382,22,106,1786,''),(2383,22,106,1787,''),(2384,22,106,1788,''),(2385,22,107,1789,''),(2386,22,107,1790,''),(2387,22,107,1791,''),(2388,22,107,1792,''),(2389,22,107,1793,''),(2390,22,107,1794,''),(2391,22,94,1795,''),(2392,22,95,1796,''),(2393,22,96,1797,''),(2394,22,98,1798,''),(2395,22,108,1799,''),(2396,22,108,1800,''),(2397,22,108,1801,''),(2398,22,109,1802,''),(2399,22,109,1803,''),(2400,22,109,1804,''),(2401,22,109,1805,''),(2402,22,110,1806,''),(2403,22,110,1807,''),(2404,22,110,1808,''),(2405,22,110,1809,''),(2406,22,110,1810,''),(2407,22,110,1811,''),(2408,22,110,1812,''),(2409,22,111,1813,''),(2410,22,111,1814,''),(2411,22,111,1815,''),(2412,22,111,1816,''),(2414,22,111,1818,''),(2415,22,112,1819,''),(2416,22,112,1820,''),(2417,22,113,1821,''),(2418,22,113,1822,''),(2419,22,113,1823,''),(2420,22,114,1824,''),(2421,22,114,1825,''),(2422,22,115,1826,''),(2423,22,115,1827,''),(2424,22,115,1828,''),(2425,22,116,1829,''),(2426,22,117,1830,''),(2427,23,59,1831,''),(2428,23,60,1832,''),(2429,23,54,1834,''),(2430,23,54,1835,''),(2431,23,55,1836,''),(2432,23,55,1837,''),(2433,23,56,1838,''),(2434,23,56,1839,''),(2435,23,56,1840,''),(2436,23,57,1841,''),(2437,23,57,1842,''),(2438,23,58,1242,''),(2439,23,58,1843,''),(2440,23,59,1844,''),(2441,23,60,1246,''),(2442,23,61,1845,''),(2443,23,20,1846,''),(2444,23,18,1847,''),(2445,23,22,1848,''),(2446,23,21,1849,''),(2447,23,24,1850,''),(2448,23,23,1851,''),(2449,23,32,1852,''),(2452,23,32,1855,''),(2453,23,32,1856,''),(2454,23,32,1857,''),(2455,23,32,1858,''),(2456,23,32,1859,''),(2457,23,32,1860,''),(2458,23,33,1861,''),(2459,23,33,1862,''),(2460,23,33,1863,''),(2462,23,33,1865,''),(2463,23,33,1866,''),(2464,23,33,1867,''),(2466,23,42,1869,''),(2467,23,43,1870,''),(2468,23,43,1871,''),(2469,23,43,1872,''),(2470,23,43,1873,''),(2471,23,43,1874,''),(2472,23,44,1875,''),(2473,23,44,1876,''),(2474,23,44,1877,''),(2475,23,44,1878,''),(2476,23,44,1879,''),(2477,23,45,1880,''),(2478,23,45,1881,''),(2479,23,45,1882,''),(2480,23,45,1883,''),(2481,23,45,1884,''),(2482,23,46,1885,''),(2483,23,46,1886,''),(2484,23,46,1887,''),(2485,23,47,771,''),(2486,23,47,1888,''),(2487,23,47,1889,''),(2488,23,48,1890,''),(2489,23,48,1891,''),(2490,23,48,1892,''),(2491,23,48,1893,''),(2492,23,49,1894,''),(2493,23,49,1895,''),(2494,23,49,1896,''),(2495,23,49,1897,''),(2496,23,50,1898,''),(2497,23,50,1899,''),(2498,23,50,1900,''),(2499,23,50,1901,''),(2500,23,50,1902,''),(2501,23,50,1903,''),(2502,23,51,1904,''),(2503,23,51,1905,''),(2504,23,51,1906,''),(2505,23,51,1907,''),(2506,23,51,1908,''),(2507,23,51,1909,''),(2508,23,52,1910,''),(2509,23,52,1911,''),(2510,23,52,1912,''),(2511,23,53,1913,''),(2512,23,53,1914,''),(2513,23,53,1915,''),(2514,23,62,1916,''),(2515,23,62,1917,''),(2516,23,62,1918,''),(2517,23,63,1919,''),(2518,23,63,1920,''),(2519,23,63,1921,''),(2520,23,63,1922,''),(2521,23,63,1923,''),(2522,23,63,1924,''),(2523,22,45,1925,''),(2524,22,45,1926,''),(2525,22,45,1927,''),(2526,22,45,1928,''),(2527,22,45,1929,''),(2528,22,46,1930,''),(2529,22,46,1931,''),(2530,22,46,1932,''),(2531,22,47,1933,''),(2532,22,57,1934,''),(2533,22,57,1935,''),(2534,22,57,1936,''),(2535,22,57,1937,''),(2536,22,57,1938,''),(2537,22,57,1939,''),(2538,22,57,1940,''),(2539,22,57,1941,''),(2540,22,60,1942,''),(2541,22,60,1943,''),(2542,22,60,1944,''),(2543,22,60,1945,''),(2544,22,60,1946,''),(2545,22,60,1947,''),(2546,21,24,1631,''),(2547,22,64,1948,''),(2548,22,64,1949,''),(2549,22,64,1951,''),(2550,22,64,1950,''),(2551,23,33,1224,''),(2552,22,65,1952,''),(2553,22,65,1953,''),(2554,22,65,1954,''),(2555,22,69,1955,''),(2556,22,69,1956,''),(2557,22,69,1957,''),(2558,22,69,1958,''),(2559,22,69,1959,''),(2560,22,73,1960,''),(2561,22,73,1961,''),(2562,22,73,1962,''),(2563,22,73,1963,''),(2564,22,73,1964,''),(2565,22,73,1965,''),(2566,22,73,1966,''),(2567,22,73,1967,''),(2568,22,73,1968,''),(2569,22,73,1969,''),(2570,22,77,1970,''),(2571,22,77,1971,''),(2572,22,77,1972,''),(2573,22,77,1973,''),(2574,22,77,1974,''),(2575,22,77,1975,''),(2576,22,77,1976,''),(2577,22,77,1977,''),(2578,22,77,1978,''),(2579,22,77,1979,''),(2581,22,77,1981,''),(2582,22,80,1982,''),(2583,22,80,1983,''),(2584,22,80,1984,''),(2585,22,80,1985,''),(2586,22,81,1986,''),(2587,22,81,1988,''),(2588,22,81,1989,''),(2589,22,80,1987,''),(2590,22,81,1990,''),(2591,22,85,1991,''),(2592,22,81,1993,''),(2593,22,81,1992,''),(2594,22,85,1994,''),(2595,22,85,1995,''),(2596,22,85,1996,''),(2597,22,85,1997,''),(2598,22,87,1998,''),(2599,22,87,1999,''),(2600,22,123,2000,''),(2601,22,123,2001,''),(2602,22,125,2002,''),(2603,22,127,2003,''),(2604,22,127,2004,''),(2605,22,127,2005,''),(2606,22,127,2006,''),(2607,22,127,2007,''),(2608,22,128,2008,''),(2609,22,128,2009,''),(2610,22,128,2010,''),(2611,22,129,2011,''),(2612,22,129,2012,''),(2613,22,128,2013,''),(2614,22,129,2014,''),(2615,22,129,2015,''),(2616,22,129,2016,''),(2617,22,129,2017,''),(2618,22,131,2018,'Smuggler'),(2619,22,131,2019,''),(2620,1,50,2020,''),(2621,22,132,2021,'Illicit Merchant'),(2622,22,132,2022,''),(2623,22,134,2023,''),(2624,22,134,2024,''),(2625,22,134,2025,''),(2626,22,135,2026,''),(2627,22,135,2027,'Human Noble'),(2628,22,135,2028,'Shalo\'s Bodyguards'),(2629,22,136,2029,'Rodian Assassin'),(2630,22,136,2030,''),(2631,22,136,2031,'Droid Assassin'),(2632,22,136,2032,'Rodian Lackeys'),(2633,22,138,2033,''),(2634,22,138,2034,''),(2635,22,138,2035,''),(2636,22,138,2036,''),(2637,22,140,2037,''),(2638,22,140,2038,''),(2639,22,144,2039,''),(2640,22,144,2040,''),(2641,22,143,2041,''),(2642,22,143,2042,''),(2643,22,143,2043,''),(2644,22,143,2044,''),(2645,22,143,2045,''),(2646,24,20,2046,''),(2647,24,19,2047,''),(2648,24,21,2048,''),(2649,24,22,2049,''),(2650,14,32,1195,''),(2651,23,32,1197,''),(2652,23,32,1416,''),(2653,14,33,936,''),(2654,14,33,885,''),(2655,23,33,1646,''),(2656,14,33,1219,''),(2657,24,32,2050,''),(2658,24,32,2051,''),(2659,24,33,2052,''),(2660,24,33,2053,''),(2661,24,33,2054,''),(2662,24,33,2055,''),(2663,24,33,2056,''),(2664,24,33,2057,''),(2665,24,33,2058,''),(2666,24,33,2059,''),(2667,24,34,2060,''),(2668,24,34,2061,''),(2669,24,34,2062,''),(2670,24,34,2063,''),(2671,24,34,2064,''),(2672,24,34,2065,''),(2673,24,34,2066,''),(2674,24,34,2067,''),(2675,24,34,2068,''),(2676,24,44,2069,''),(2677,24,44,2070,''),(2678,24,44,2071,''),(2679,24,44,2072,''),(2680,24,45,2073,''),(2681,24,45,2074,''),(2682,24,45,2075,''),(2683,24,46,2076,''),(2684,24,46,2077,''),(2685,24,46,2078,''),(2686,24,46,2079,''),(2687,24,47,2080,''),(2688,24,47,2081,''),(2689,24,47,2082,''),(2690,24,47,2083,''),(2691,24,48,2084,''),(2692,24,48,2085,''),(2693,24,48,2086,''),(2694,24,48,2087,''),(2695,24,49,2088,''),(2696,24,49,2089,''),(2697,24,49,2090,''),(2698,24,49,2091,''),(2699,24,49,2092,''),(2700,24,50,2093,''),(2701,24,50,2094,''),(2702,24,50,2095,''),(2703,24,50,2096,''),(2704,24,50,2097,''),(2705,24,50,2098,''),(2706,24,51,2099,''),(2707,24,51,2100,''),(2708,24,51,2101,''),(2709,24,51,2102,''),(2710,24,52,2103,''),(2711,24,52,2104,''),(2712,24,52,2105,''),(2713,24,52,2106,''),(2714,24,52,2107,''),(2715,24,53,2108,''),(2716,24,53,2109,''),(2717,24,53,2110,''),(2718,24,53,2111,''),(2719,24,53,2112,''),(2720,24,54,2113,''),(2721,24,55,2114,''),(2722,24,55,2115,''),(2723,24,56,2116,''),(2724,24,55,2117,''),(2725,24,57,2118,''),(2726,24,58,2119,''),(2727,24,54,2120,''),(2728,24,55,2121,''),(2729,24,55,2122,''),(2730,24,55,2123,''),(2731,24,56,2124,''),(2732,24,55,2125,''),(2733,24,56,2126,''),(2734,24,56,2127,''),(2735,24,57,2128,''),(2736,24,57,2129,''),(2737,24,58,2130,''),(2738,24,58,2131,''),(2739,24,59,2132,''),(2740,24,59,2133,''),(2741,24,60,2134,''),(2742,24,60,2135,''),(2743,24,60,2136,''),(2744,24,61,2137,''),(2745,24,62,2138,''),(2746,24,62,2139,''),(2747,24,63,2140,''),(2748,24,64,2141,''),(2749,24,65,2142,''),(2750,24,65,2143,''),(2751,24,65,2144,''),(2752,33,17,2145,''),(2753,33,17,2146,''),(2754,33,17,2147,''),(2755,33,17,2148,''),(2756,33,17,2149,''),(2757,33,17,2150,''),(2758,33,17,2151,''),(2759,33,18,2152,''),(2760,33,18,2153,''),(2761,33,18,2154,''),(2762,33,18,2155,''),(2763,33,18,2156,''),(2764,33,18,2157,''),(2765,33,18,2158,''),(2766,33,18,2159,''),(2767,33,18,2160,''),(2768,33,18,2161,''),(2769,33,19,2162,''),(2770,33,18,2163,''),(2771,33,19,2164,''),(2772,33,19,2165,''),(2773,33,19,2166,''),(2774,33,27,2167,''),(2775,33,27,2168,''),(2776,33,27,2169,''),(2777,33,27,2170,''),(2778,33,27,2171,''),(2779,33,27,2172,''),(2780,33,27,2173,''),(2781,33,27,2174,''),(2782,33,27,2175,''),(2783,33,27,2176,''),(2784,33,27,2177,''),(2785,33,27,2178,''),(2786,33,27,2179,''),(2787,33,27,2180,''),(2788,33,34,2181,''),(2789,33,34,2182,''),(2790,33,34,2183,''),(2791,33,35,2184,''),(2792,33,34,957,''),(2793,33,34,2185,''),(2794,33,34,2186,''),(2795,33,34,2187,''),(2796,33,34,2188,''),(2797,33,34,2189,''),(2798,33,35,2190,''),(2799,33,35,2191,''),(2800,33,43,2192,''),(2801,33,43,2193,''),(2802,33,43,2194,''),(2803,33,43,2195,''),(2804,33,43,2196,''),(2805,33,43,2197,''),(2806,33,43,2198,''),(2807,33,43,2199,''),(2808,33,47,2200,''),(2809,33,47,2201,''),(2810,33,51,838,''),(2811,12,153,618,''),(2812,12,153,626,''),(2813,12,156,1217,''),(2814,1,133,1199,''),(2815,12,142,1216,''),(2816,33,54,2202,''),(2817,33,54,2203,''),(2818,33,54,2204,''),(2819,33,54,2205,''),(2820,33,55,2206,''),(2821,33,55,2207,''),(2822,33,55,2208,''),(2823,33,55,2209,''),(2824,33,55,2210,''),(2825,33,55,2211,''),(2826,33,55,2212,''),(2827,33,59,2213,''),(2828,33,59,956,''),(2829,33,59,2214,''),(2830,33,59,2215,''),(2831,33,59,2216,''),(2832,33,59,2217,''),(2833,33,59,2218,''),(2834,33,59,2219,''),(2835,33,60,2220,''),(2836,33,63,1755,''),(2837,33,63,1756,''),(2838,33,63,1757,''),(2839,33,63,2221,''),(2840,33,63,2222,''),(2841,33,63,2223,''),(2842,33,73,2224,''),(2843,33,81,2225,''),(2844,33,86,2226,''),(2845,33,94,2227,''),(2846,33,99,2228,''),(2847,33,99,2229,''),(2848,33,99,2230,''),(2849,33,101,1851,''),(2850,33,103,2231,''),(2851,33,103,2232,''),(2852,33,103,2233,''),(2853,33,104,2234,''),(2854,33,104,2235,''),(2855,33,104,2236,''),(2856,33,105,2237,''),(2857,33,106,2238,''),(2858,33,106,2239,''),(2859,33,106,2240,''),(2860,33,106,2241,''),(2861,33,106,2242,''),(2862,33,106,2243,''),(2863,33,106,2244,''),(2864,33,107,2245,''),(2865,33,107,2246,''),(2866,33,107,2247,''),(2867,33,107,2248,''),(2868,33,107,2249,''),(2869,33,107,2250,''),(2870,33,107,2251,''),(2871,33,107,2252,''),(2872,33,108,2253,''),(2873,33,108,2254,''),(2874,33,108,2255,''),(2875,33,108,2256,''),(2876,33,109,2257,''),(2877,33,109,2258,''),(2878,33,109,2259,''),(2879,33,110,1785,''),(2880,33,110,2260,''),(2881,33,110,2261,''),(2882,33,111,2262,''),(2883,33,111,2263,''),(2884,33,111,2264,''),(2885,33,112,2265,''),(2886,33,112,2266,''),(2887,33,112,2267,''),(2888,33,112,2268,''),(2889,33,113,2269,''),(2890,33,113,2270,''),(2891,33,113,2271,''),(2892,33,114,2272,''),(2893,33,114,2273,''),(2894,33,115,2274,''),(2895,33,115,2275,''),(2896,33,115,2276,''),(2897,33,15,2277,''),(2898,33,113,2278,''),(2899,33,113,2279,''),(2900,33,112,2280,''),(2901,33,113,2281,''),(2902,33,113,2282,''),(2903,33,113,2283,''),(2904,33,113,2284,''),(2905,33,113,2285,''),(2906,33,114,2286,''),(2907,33,114,2287,''),(2908,33,116,2288,''),(2909,33,116,2289,''),(2910,33,117,2290,''),(2911,33,117,2291,''),(2912,33,118,2292,''),(2913,33,118,2293,''),(2914,33,119,2294,''),(2915,33,127,1690,''),(2916,33,139,236,'G9-GX Pulse Drill'),(2917,33,126,2295,''),(2918,33,126,2296,''),(2919,33,126,2297,''),(2920,33,126,2298,''),(2921,33,126,2299,''),(2922,33,126,2300,''),(2923,33,126,2301,''),(2924,33,126,2302,''),(2925,33,126,2303,''),(2926,33,127,2304,''),(2927,33,133,2305,''),(2928,33,133,2306,''),(2929,33,134,2307,''),(2930,33,134,2308,''),(2931,33,137,2309,''),(2932,33,137,2310,''),(2933,33,138,2311,''),(2934,33,138,2312,''),(2935,33,138,2313,''),(2936,33,139,2314,''),(2937,33,139,2315,''),(2938,33,142,2316,''),(2939,33,142,2317,''),(2940,33,142,2318,''),(2941,33,143,2319,''),(2942,33,142,2320,''),(2943,33,143,2321,''),(2944,32,15,2322,''),(2945,32,15,2323,''),(2946,32,15,2324,''),(2947,32,15,2325,''),(2948,32,15,2326,''),(2949,32,15,2327,''),(2950,32,15,2328,''),(2951,32,15,2329,''),(2952,32,15,2330,''),(2953,32,15,2331,''),(2954,32,15,2332,''),(2955,32,17,2333,''),(2956,32,17,2334,'Consortium Underboss'),(2957,32,21,2335,'Former Pirate'),(2958,32,24,2336,''),(2959,32,24,2337,''),(2960,32,24,2338,'Fence'),(2961,32,24,2339,''),(2962,32,24,2340,'ASP-series Labor Droid'),(2963,32,26,2341,'Sorority Slicer'),(2964,32,27,2342,'Sorority Kill Team Leader'),(2965,32,29,2343,''),(2966,32,29,2344,''),(2967,32,29,2346,''),(2968,32,29,2345,'Clone Trooper Platoon Leader'),(2969,32,30,2347,''),(2970,32,29,2348,'Veteran Clone Trooper'),(2971,32,30,2349,''),(2972,32,30,2350,''),(2973,32,30,2351,''),(2974,32,30,2352,'Veteran Clone Troopers'),(2975,32,31,2353,''),(2976,32,35,2354,'Revah\'s Bodyguard'),(2977,32,36,2355,''),(2978,32,36,2356,'Decoy Pirate Queen'),(2979,32,36,2357,''),(2980,32,43,2358,''),(2981,32,43,2359,''),(2982,32,43,2360,''),(2983,32,43,2361,''),(2984,32,43,2362,''),(2985,32,44,2363,''),(2986,32,44,2364,''),(2987,32,44,2365,''),(2988,32,44,2366,''),(2989,32,44,2367,''),(2990,32,44,2368,''),(2991,32,44,2369,''),(2992,32,50,2370,'Independent Security Contractor'),(2993,32,52,2371,'Herglic Crime Lord'),(2994,32,56,2372,''),(2995,32,56,2373,'Arena Manager'),(2996,32,56,2374,''),(2997,32,56,2375,''),(2998,32,56,2376,'Arena Fighter'),(2999,32,58,2377,''),(3000,32,58,2379,''),(3001,32,58,2380,''),(3002,32,58,2378,'Pit Fighter'),(3003,32,61,2381,'Scrap Nomads'),(3004,32,61,2382,''),(3005,32,62,2383,'Houk Supervisor'),(3006,32,62,2384,''),(3007,32,65,2385,''),(3008,32,65,2386,'Professional Sabacc Player'),(3009,32,65,2387,''),(3010,32,67,2388,''),(3011,32,67,2389,''),(3012,32,67,2390,''),(3013,32,67,2391,''),(3014,32,67,2392,''),(3015,32,70,2393,''),(3016,32,70,2394,''),(3017,32,70,2395,''),(3018,32,70,2396,''),(3019,32,70,2397,''),(3020,32,70,2398,''),(3021,32,70,2399,'Savrip Guards'),(3022,32,71,2400,'Majordomo'),(3023,32,75,2401,''),(3024,32,78,2402,''),(3025,32,79,2403,''),(3026,32,79,2404,''),(3027,32,80,2405,''),(3028,32,79,2406,'Consortium Admiral'),(3029,32,80,2407,''),(3030,32,81,2408,''),(3031,32,81,2409,''),(3032,32,82,2410,''),(3033,32,82,2411,''),(3034,32,83,2412,''),(3035,32,84,2413,''),(3036,32,84,2414,''),(3037,32,85,2415,''),(3038,32,88,2416,''),(3039,32,88,2417,''),(3040,32,89,2418,''),(3041,32,89,2419,''),(3042,32,89,2420,''),(3043,32,89,2421,'Savrip Guard'),(3044,32,90,2422,''),(3045,32,91,2423,''),(3046,32,91,2424,''),(3047,32,91,2426,''),(3048,32,91,2427,''),(3049,32,91,2425,'Pirate Queen'),(3050,32,93,2428,''),(3051,32,93,2429,'Zann Consortium Underboss'),(3052,29,55,2430,''),(3053,29,54,2431,''),(3054,29,55,1607,''),(3055,29,58,2432,''),(3056,29,58,2433,''),(3057,29,57,2434,''),(3058,29,58,2435,''),(3059,29,59,2436,''),(3060,29,60,1610,''),(3061,29,60,2437,''),(3062,29,60,2438,''),(3063,29,63,2439,''),(3064,29,62,2440,''),(3065,29,114,501,''),(3066,29,115,502,''),(3067,29,129,503,''),(3068,29,116,504,''),(3069,29,116,505,''),(3070,29,118,506,''),(3071,29,118,507,''),(3072,29,119,508,''),(3073,29,132,509,''),(3074,29,120,510,''),(3075,29,120,511,''),(3076,29,132,512,''),(3077,29,130,513,''),(3078,29,121,514,''),(3079,29,130,786,''),(3080,29,132,515,''),(3081,29,122,516,''),(3082,29,122,517,''),(3083,29,131,518,''),(3084,29,123,519,''),(3085,29,133,520,''),(3086,29,124,521,''),(3087,29,124,522,''),(3088,29,125,523,''),(3089,29,131,524,''),(3090,29,131,525,''),(3091,29,125,526,''),(3092,29,126,527,''),(3093,29,126,528,''),(3094,29,127,529,''),(3095,29,133,531,''),(3096,29,129,532,''),(3097,29,133,533,''),(3098,29,138,536,''),(3099,29,138,2441,''),(3100,29,138,537,''),(3101,29,138,2442,''),(3102,29,139,2443,''),(3103,29,139,932,''),(3104,29,139,542,''),(3105,29,140,546,''),(3106,29,140,2444,''),(3107,29,140,2445,''),(3108,29,140,2446,''),(3109,29,140,2447,''),(3110,29,140,2448,''),(3111,29,140,2449,''),(3112,29,140,550,''),(3113,29,140,551,''),(3114,29,140,1198,''),(3115,29,141,2450,''),(3116,29,141,2451,''),(3117,29,141,1199,''),(3118,29,141,2052,''),(3119,29,141,2452,''),(3120,29,141,554,''),(3121,29,141,558,''),(3122,29,141,2453,''),(3123,29,141,560,''),(3124,29,141,562,''),(3125,29,141,2454,''),(3126,29,142,2455,''),(3127,29,142,2456,''),(3128,29,142,564,''),(3129,29,142,2457,''),(3130,29,142,2458,''),(3131,29,142,565,''),(3132,29,142,566,''),(3133,29,142,2459,''),(3134,29,142,2460,''),(3135,29,142,567,''),(3136,29,142,2461,''),(3137,29,142,695,''),(3138,29,142,2462,''),(3139,29,143,570,''),(3140,29,143,571,''),(3141,29,143,572,''),(3142,29,143,573,''),(3143,29,143,2463,''),(3144,29,143,2464,''),(3145,29,143,574,''),(3146,29,143,2465,''),(3147,29,143,576,''),(3148,29,144,579,''),(3149,29,144,581,''),(3150,29,144,2466,''),(3151,29,144,2467,''),(3152,29,144,2468,''),(3153,12,145,584,''),(3154,29,145,585,''),(3155,29,145,588,''),(3156,29,145,2469,''),(3157,29,145,589,''),(3158,29,145,595,''),(3159,29,145,596,''),(3160,29,145,2470,''),(3161,29,145,2471,''),(3162,29,145,2472,''),(3163,29,145,2473,''),(3164,29,146,597,''),(3165,29,146,598,''),(3166,29,146,2474,''),(3167,29,146,600,''),(3168,29,146,602,''),(3169,29,146,2475,''),(3170,29,146,603,''),(3171,29,146,2476,''),(3172,29,146,2477,''),(3173,12,146,2478,''),(3174,29,146,2479,''),(3175,29,146,609,''),(3176,29,147,2480,''),(3177,29,147,613,''),(3178,29,147,2481,''),(3179,29,147,2482,''),(3180,29,147,2483,''),(3181,29,147,615,''),(3182,29,148,616,''),(3183,29,148,618,''),(3184,29,148,1212,''),(3185,29,148,2484,''),(3186,29,148,620,''),(3187,29,148,621,''),(3188,29,148,626,''),(3189,29,148,2485,''),(3190,29,148,627,''),(3191,29,148,2486,''),(3192,29,149,2487,''),(3193,29,149,628,''),(3194,29,149,2488,''),(3195,29,149,2489,''),(3196,29,149,2490,''),(3197,29,149,2491,''),(3198,29,149,630,''),(3199,29,149,2492,''),(3200,29,149,2493,''),(3201,29,149,634,''),(3202,29,150,2494,''),(3203,29,150,635,''),(3204,29,150,636,''),(3205,29,150,637,''),(3206,29,150,2495,''),(3207,29,150,2496,''),(3208,29,150,2497,''),(3209,29,150,639,''),(3210,29,151,2498,''),(3211,29,151,2499,''),(3212,29,151,2500,''),(3213,29,151,2501,''),(3214,29,151,644,''),(3215,29,151,2502,''),(3216,29,151,645,''),(3217,29,151,646,''),(3218,29,151,2503,''),(3219,29,151,2504,''),(3220,29,151,648,''),(3221,29,152,649,''),(3222,29,152,650,''),(3223,29,152,1218,''),(3224,29,152,2505,''),(3225,29,152,652,''),(3226,29,152,654,''),(3227,29,152,655,''),(3228,29,152,2506,''),(3229,29,152,659,''),(3230,29,152,683,''),(3231,29,152,2507,''),(3232,29,152,663,''),(3233,29,152,2508,''),(3234,29,153,669,''),(3235,29,153,820,''),(3236,29,153,671,''),(3237,29,153,2509,''),(3238,29,153,2510,''),(3239,29,153,2511,''),(3240,29,153,673,''),(3241,29,153,674,''),(3242,29,153,675,''),(3243,29,153,677,''),(3244,29,153,678,''),(3245,29,153,2512,''),(3246,29,153,2068,''),(3247,29,153,681,''),(3248,29,167,157,''),(3249,29,167,158,''),(3250,29,167,156,''),(3251,29,167,162,''),(3252,29,168,159,''),(3253,29,168,160,''),(3254,29,169,169,''),(3255,29,169,170,''),(3256,29,170,177,''),(3257,29,170,173,''),(3258,29,170,174,''),(3259,29,170,175,''),(3260,29,171,178,''),(3261,29,171,2513,''),(3262,29,171,179,''),(3263,29,172,2514,''),(3264,29,172,180,''),(3265,29,172,2515,''),(3266,29,173,2516,''),(3267,29,173,2517,''),(3268,29,164,2518,''),(3269,29,173,2519,''),(3270,29,174,181,''),(3271,29,174,184,''),(3272,29,175,185,''),(3273,29,175,186,''),(3274,29,175,187,''),(3275,29,176,2520,''),(3276,29,176,2521,''),(3277,29,176,2522,''),(3278,29,177,2523,''),(3280,29,178,2525,''),(3281,29,177,2526,''),(3282,29,177,2527,''),(3283,29,177,2528,''),(3284,29,177,2529,''),(3285,29,178,308,''),(3286,29,178,309,''),(3287,29,179,2530,''),(3288,29,179,2531,''),(3289,29,180,310,''),(3290,29,180,312,''),(3291,29,180,1,''),(3292,29,180,2,''),(3293,29,181,3,''),(3294,29,181,4,''),(3295,29,181,5,''),(3296,29,181,6,''),(3297,29,182,7,''),(3298,29,183,9,''),(3299,29,183,10,''),(3300,29,183,8,''),(3301,29,184,12,''),(3302,29,184,15,''),(3303,29,184,16,''),(3304,29,184,17,''),(3305,29,184,19,''),(3306,29,185,18,''),(3307,29,185,21,''),(3308,29,185,20,''),(3309,29,185,23,''),(3310,29,185,24,''),(3311,29,185,25,''),(3312,29,186,26,'Physician\'s Kit'),(3313,29,186,27,''),(3314,29,186,28,''),(3315,29,186,29,''),(3316,29,187,30,''),(3317,29,187,32,''),(3318,29,187,33,''),(3319,29,187,34,''),(3320,29,188,36,''),(3321,29,188,1228,''),(3322,29,188,38,''),(3323,29,188,2532,''),(3324,29,188,40,''),(3325,29,188,41,''),(3326,29,188,42,''),(3327,29,188,43,''),(3328,29,189,44,''),(3329,29,189,45,''),(3330,29,189,46,''),(3331,29,189,47,''),(3332,29,189,49,''),(3333,29,189,51,''),(3334,29,190,2533,''),(3335,29,190,2534,''),(3336,29,190,2535,''),(3337,29,190,2536,''),(3338,29,192,331,''),(3339,29,194,2537,''),(3340,29,194,338,''),(3341,29,194,2538,''),(3342,29,194,340,''),(3343,29,194,2539,''),(3344,29,194,343,''),(3345,29,195,345,''),(3346,29,195,347,''),(3347,29,195,349,''),(3348,29,195,350,''),(3349,29,196,2540,''),(3350,29,196,2541,''),(3351,29,196,2542,''),(3352,29,196,2543,''),(3353,29,197,2544,''),(3354,29,197,2545,''),(3355,29,197,2546,''),(3356,29,199,2547,''),(3357,29,199,2548,''),(3358,29,200,2549,''),(3359,29,200,2550,''),(3360,29,200,2551,''),(3361,29,200,2552,''),(3362,29,200,2553,''),(3363,29,201,2554,''),(3364,29,201,353,''),(3365,29,201,2555,''),(3366,29,201,357,''),(3367,29,201,355,''),(3368,29,254,394,'Civilian Airspeeder'),(3369,29,254,2556,''),(3370,29,254,2557,''),(3371,29,255,2558,''),(3372,29,255,2559,''),(3373,29,256,2560,''),(3374,29,256,2561,''),(3375,29,256,2562,''),(3376,29,257,432,''),(3377,29,257,433,''),(3378,29,258,1833,''),(3379,29,259,2563,''),(3380,29,259,2564,''),(3381,29,260,430,''),(3382,29,260,2565,''),(3383,29,261,496,''),(3384,29,261,431,''),(3385,29,262,2566,''),(3386,29,263,1481,''),(3387,29,264,1480,''),(3388,29,264,2567,''),(3389,29,265,2568,''),(3390,29,266,2569,''),(3391,29,266,446,''),(3392,29,267,2570,''),(3393,29,267,1249,''),(3394,29,269,359,''),(3395,29,269,360,''),(3396,29,269,361,''),(3397,29,269,365,''),(3398,29,270,362,''),(3399,29,270,366,''),(3400,29,270,363,''),(3401,29,270,367,''),(3402,29,270,364,''),(3403,29,271,1251,''),(3404,29,284,2571,''),(3405,29,286,2572,''),(3406,29,288,1325,''),(3407,29,290,1326,''),(3408,29,292,2573,''),(3409,29,294,931,''),(3410,29,296,2574,''),(3411,29,298,930,''),(3412,29,300,2575,''),(3413,29,302,2576,''),(3414,29,304,2577,''),(3415,29,401,2578,''),(3416,29,401,2579,''),(3417,29,401,2580,''),(3418,29,402,2581,''),(3419,29,402,2582,''),(3420,29,402,2583,''),(3421,29,402,772,'Planetary Defense Trooper'),(3422,29,403,2584,''),(3423,29,402,2585,''),(3424,29,403,2586,''),(3425,29,403,2587,''),(3426,29,403,2588,''),(3427,29,403,2589,''),(3428,29,403,1985,''),(3429,29,404,2590,''),(3430,29,404,2591,''),(3431,29,404,2592,''),(3432,29,404,1311,''),(3433,29,405,2593,''),(3434,29,405,2594,''),(3435,29,405,746,''),(3436,29,406,2595,''),(3437,29,406,2596,''),(3438,29,406,2597,''),(3439,29,406,2598,''),(3440,29,406,2599,''),(3441,29,407,2600,''),(3442,29,407,2601,''),(3443,29,407,2602,''),(3444,29,407,769,''),(3445,29,408,716,''),(3446,29,408,1307,''),(3447,12,427,68,''),(3448,12,428,69,''),(3449,12,428,70,''),(3450,12,428,71,''),(3451,12,429,72,''),(3452,29,409,2603,''),(3453,29,409,2604,''),(3454,29,409,2605,''),(3455,29,410,2606,''),(3456,29,410,2607,''),(3457,29,410,2608,''),(3458,29,410,2609,''),(3459,29,410,805,''),(3460,29,410,807,''),(3461,29,410,2610,''),(3462,29,410,2611,''),(3463,29,410,2612,''),(3464,29,410,2613,''),(3465,29,410,2614,''),(3466,29,409,2615,''),(3467,29,409,2616,''),(3468,29,410,2617,''),(3469,29,410,71,''),(3470,29,410,2618,''),(3471,29,410,72,''),(3472,29,411,2619,''),(3473,29,411,2620,''),(3474,29,411,2621,''),(3475,29,411,2622,''),(3476,29,411,2623,''),(3477,29,412,2624,''),(3478,29,412,2625,''),(3479,29,412,2626,''),(3480,29,412,2627,''),(3481,29,412,2628,''),(3482,29,413,2629,''),(3483,29,412,2630,''),(3484,29,413,2631,''),(3485,29,413,2632,''),(3486,29,413,2633,''),(3487,29,413,2634,''),(3488,29,413,2635,''),(3489,29,414,2636,''),(3490,29,414,2637,''),(3491,29,414,2638,''),(3492,29,414,2639,''),(3493,29,414,2640,''),(3494,29,414,2641,''),(3495,29,414,2642,''),(3496,29,414,2643,''),(3497,29,415,2644,''),(3498,29,415,2645,''),(3499,29,415,2646,''),(3500,29,415,2647,''),(3501,29,416,2648,''),(3502,29,416,2649,''),(3503,29,416,2650,''),(3504,29,415,2651,''),(3505,29,416,2652,''),(3506,29,416,2653,''),(3507,29,416,2654,''),(3508,29,416,2655,''),(3509,29,416,2656,''),(3510,29,416,2657,''),(3511,29,416,2658,''),(3512,29,416,2659,''),(3513,29,416,2660,''),(3514,29,417,2661,''),(3515,29,417,2662,''),(3516,29,417,2663,''),(3517,29,417,2664,''),(3518,29,417,2665,''),(3519,29,417,2666,''),(3520,29,417,2667,''),(3521,29,417,2668,''),(3522,29,417,2669,''),(3523,29,418,2670,''),(3524,29,418,2671,''),(3526,29,418,2673,''),(3527,29,418,2674,''),(3528,29,425,2676,''),(3529,29,425,2675,''),(3530,29,428,2677,''),(3531,29,428,2678,''),(3532,29,430,2679,''),(3533,29,438,2680,''),(3534,29,438,2681,''),(3535,29,440,2682,''),(3536,29,440,2683,''),(3537,31,10,2614,''),(3538,31,11,2685,''),(3539,31,11,2686,''),(3540,31,11,2684,''),(3541,31,12,2687,''),(3542,31,13,2688,''),(3543,31,12,2689,''),(3544,31,14,2690,''),(3545,31,14,2691,''),(3546,31,14,2692,''),(3547,31,21,2693,''),(3548,31,21,2694,''),(3549,34,20,2695,''),(3550,34,22,2696,''),(3551,34,21,2697,''),(3552,34,25,2698,''),(3553,34,23,2699,''),(3554,34,34,2444,''),(3555,34,34,2700,''),(3556,34,34,2701,''),(3557,34,34,2702,''),(3558,34,34,2451,''),(3559,34,34,2703,''),(3560,34,34,2056,''),(3561,34,34,2704,''),(3562,34,34,2705,''),(3563,34,34,2706,''),(3564,34,35,2062,''),(3565,34,35,2707,''),(3566,34,35,2064,''),(3567,34,35,2708,''),(3568,34,35,2066,''),(3569,34,35,2709,''),(3570,34,44,2710,''),(3571,34,44,2711,''),(3572,34,44,2712,''),(3573,34,44,2713,''),(3574,34,45,2714,''),(3575,34,45,2715,''),(3576,34,45,2716,''),(3577,34,46,2717,''),(3578,34,46,2718,''),(3579,34,46,2719,''),(3580,34,47,2720,''),(3581,34,48,2721,''),(3582,34,48,2722,''),(3583,34,48,2723,''),(3584,34,48,2724,''),(3585,34,48,2725,''),(3586,34,48,2726,''),(3587,34,49,2727,''),(3588,34,59,2728,''),(3589,34,50,2729,''),(3590,34,51,2730,''),(3591,34,51,2731,''),(3592,34,52,2732,''),(3593,34,53,2733,''),(3594,34,54,2734,''),(3595,34,56,2735,''),(3596,34,57,2736,''),(3597,34,59,2737,''),(3598,34,58,2738,''),(3599,34,59,2739,''),(3600,34,59,2740,''),(3601,34,59,2741,''),(3602,36,19,2742,''),(3603,36,18,2743,''),(3604,36,20,2744,''),(3605,36,22,2745,''),(3606,36,21,2746,''),(3607,36,30,538,''),(3608,36,30,539,''),(3609,36,30,2747,''),(3610,36,30,1413,''),(3611,36,30,2748,''),(3612,36,30,2749,''),(3613,36,30,1196,''),(3614,36,30,1197,''),(3615,36,30,1200,''),(3616,36,30,580,''),(3617,36,30,2750,''),(3618,36,30,2751,''),(3619,36,31,2752,''),(3620,36,31,2753,''),(3621,36,31,2754,''),(3622,36,31,2755,''),(3623,36,31,2756,''),(3624,36,31,2757,''),(3625,36,31,641,''),(3626,36,31,2758,''),(3627,36,31,672,''),(3628,36,38,2759,''),(3629,36,42,2760,''),(3630,36,42,2761,''),(3631,36,43,2762,''),(3632,36,43,2763,''),(3633,36,44,2764,''),(3634,36,44,2765,''),(3635,36,44,2766,''),(3636,36,45,2767,''),(3637,36,45,2768,''),(3638,36,45,2769,''),(3639,36,45,2770,''),(3640,36,45,2771,''),(3641,36,46,2772,''),(3642,36,46,2773,''),(3643,36,46,2774,''),(3644,36,46,2775,''),(3645,36,47,2776,''),(3646,36,47,313,''),(3647,36,47,2777,''),(3648,36,48,2778,''),(3649,36,48,2779,''),(3650,36,48,2780,''),(3651,36,49,2781,''),(3652,36,49,761,''),(3653,36,49,2782,''),(3654,36,49,2783,''),(3655,36,49,2784,''),(3656,36,49,2785,''),(3657,36,49,2786,''),(3658,36,50,2787,''),(3659,36,49,2788,''),(3660,36,50,2789,''),(3661,36,50,2790,''),(3662,36,49,2791,''),(3663,36,49,2792,''),(3664,36,50,2793,''),(3665,36,50,2794,''),(3666,36,51,2795,''),(3667,36,51,2796,''),(3668,36,51,2797,''),(3669,36,51,2798,''),(3670,36,51,2799,''),(3671,36,52,2800,''),(3672,36,52,2801,''),(3673,36,52,2802,''),(3674,36,52,2803,''),(3675,36,52,2804,''),(3676,36,53,2805,''),(3677,36,53,2806,''),(3678,36,53,2807,''),(3679,36,53,2808,''),(3680,36,54,2809,''),(3681,36,54,2810,''),(3682,36,54,2811,''),(3683,36,54,2812,''),(3684,36,55,2813,''),(3685,36,55,2814,''),(3686,36,56,2815,''),(3687,36,56,2816,''),(3688,36,56,2817,''),(3689,36,56,2818,''),(3690,36,57,2819,''),(3691,36,57,2820,''),(3692,36,57,2821,''),(3693,36,57,2822,''),(3695,36,57,358,''),(3696,36,58,2824,''),(3697,36,58,2825,''),(3698,36,59,2826,''),(3699,36,59,2827,''),(3700,36,60,2828,''),(3701,36,60,2829,''),(3702,36,61,2830,''),(3703,36,61,2831,''),(3704,36,62,2832,''),(3705,36,62,2833,''),(3706,36,62,2834,''),(3707,36,63,2835,''),(3708,30,10,2836,''),(3709,30,15,2837,''),(3710,30,22,2838,''),(3711,30,22,2839,''),(3712,30,22,2840,''),(3713,30,22,2841,''),(3714,30,22,2842,''),(3715,30,24,2843,''),(3716,30,24,2844,''),(3717,30,24,2845,''),(3718,30,24,2846,''),(3719,30,26,2847,''),(3720,30,26,2848,''),(3721,30,26,2849,''),(3722,30,26,2850,''),(3723,30,26,2851,''),(3724,30,26,2852,''),(3725,30,26,2853,''),(3726,30,31,2854,''),(3727,30,31,2855,''),(3728,30,31,2856,''),(3729,30,32,2857,''),(3730,30,32,2858,''),(3731,30,32,2859,''),(3732,30,32,2860,''),(3733,30,32,2861,''),(3734,30,38,2862,''),(3735,30,38,2863,''),(3736,30,46,2864,''),(3737,30,47,2865,''),(3738,30,47,2866,''),(3739,30,47,2867,''),(3740,30,47,2868,''),(3741,30,47,2869,''),(3742,30,52,2870,''),(3743,30,52,2871,''),(3744,30,58,2872,''),(3745,30,58,2873,''),(3746,30,58,2874,''),(3747,30,58,2875,''),(3748,30,58,2876,''),(3749,30,58,2877,'Kreehawks Leader'),(3750,30,58,2878,''),(3751,30,60,2879,''),(3752,30,64,2880,''),(3753,30,65,2881,''),(3754,30,65,2882,''),(3755,30,67,2883,''),(3756,30,67,2884,''),(3757,30,67,2885,''),(3758,30,69,2886,''),(3759,30,69,2887,''),(3760,30,69,2888,''),(3761,30,69,2889,''),(3762,30,69,2890,''),(3763,30,69,2891,'Destroyer Droid'),(3764,30,84,2892,''),(3765,30,84,2893,''),(3766,30,85,2894,''),(3767,30,85,2895,''),(3768,30,85,2896,''),(3769,30,85,2897,''),(3770,30,94,2898,''),(3771,30,93,2899,''),(3772,30,93,2900,''),(3773,37,22,501,''),(3774,37,22,502,''),(3775,37,22,503,''),(3776,37,22,504,''),(3777,37,22,505,'Coerce'),(3778,37,22,506,''),(3779,37,23,507,''),(3780,37,23,508,''),(3781,37,23,510,'Deceit'),(3782,37,23,511,''),(3783,37,23,513,''),(3784,37,23,534,''),(3785,37,23,514,''),(3786,37,24,516,''),(3787,37,24,517,''),(3788,37,24,518,''),(3789,37,24,519,'Negotiate'),(3790,37,24,521,''),(3791,37,24,535,'Pilot'),(3792,37,24,524,''),(3793,37,24,525,''),(3794,37,24,526,''),(3795,37,24,527,''),(3796,37,25,528,''),(3797,37,25,529,''),(3798,37,25,530,''),(3799,37,25,532,''),(3800,37,27,537,''),(3801,37,27,538,''),(3802,37,27,543,''),(3803,37,27,546,''),(3804,37,27,2444,''),(3805,37,27,564,''),(3806,37,27,566,''),(3807,37,27,567,''),(3808,37,27,569,''),(3809,37,27,570,''),(3810,37,27,576,''),(3811,37,27,577,''),(3812,37,27,581,''),(3813,37,28,586,''),(3814,1,28,591,''),(3815,37,28,598,''),(3816,37,28,599,''),(3817,37,28,600,''),(3818,37,28,601,''),(3819,37,29,631,''),(3820,37,29,632,''),(3821,37,29,634,''),(3822,37,29,635,''),(3823,37,29,636,''),(3824,37,29,639,''),(3825,37,29,640,''),(3826,37,29,650,''),(3827,37,29,654,''),(3828,37,29,660,''),(3829,37,29,663,''),(3830,37,29,665,''),(3831,37,29,669,''),(3832,37,29,674,''),(3833,37,29,681,''),(3834,37,31,157,'Holdout Blaster Pistol'),(3835,37,31,158,''),(3836,37,31,156,''),(3837,37,31,162,''),(3838,37,31,159,''),(3839,37,31,160,''),(3840,37,31,164,''),(3841,37,31,161,''),(3842,37,31,173,''),(3843,37,31,174,''),(3844,37,31,175,''),(3845,37,31,178,''),(3846,37,31,180,''),(3847,37,31,184,''),(3848,37,31,186,''),(3849,37,31,185,''),(3850,37,32,1385,''),(3851,37,32,1386,''),(3852,37,32,1388,''),(3853,37,32,1391,''),(3854,37,32,1394,''),(3855,37,32,1397,''),(3856,37,32,1400,''),(3857,37,32,1401,''),(3858,37,32,1402,''),(3859,37,32,1403,''),(3860,37,32,1407,''),(3861,10,32,1385,''),(3862,10,32,1386,''),(3863,10,32,1388,''),(3864,10,32,1391,''),(3865,10,32,1394,''),(3866,10,32,1397,''),(3867,10,32,1400,''),(3868,10,32,1401,''),(3869,10,32,1402,''),(3870,10,32,1403,''),(3871,10,32,1407,''),(3872,29,161,1384,''),(3873,29,161,1385,''),(3874,29,162,1388,''),(3875,29,162,1386,''),(3876,29,162,1387,''),(3877,29,162,1389,''),(3878,29,162,1390,''),(3879,29,163,1391,''),(3880,29,163,1392,''),(3881,29,163,1393,''),(3882,29,163,1394,''),(3883,29,163,1395,''),(3884,29,163,1396,''),(3885,29,163,1397,''),(3886,29,163,1398,''),(3887,29,163,1399,''),(3888,29,163,1400,''),(3889,29,163,1401,''),(3890,29,164,1402,''),(3891,29,164,1403,''),(3892,29,164,1404,''),(3893,29,164,1405,''),(3894,29,164,1406,''),(3895,29,164,1407,''),(3896,29,164,1408,''),(3897,29,164,1409,''),(3898,29,164,1410,''),(3899,29,164,1411,''),(3900,37,34,310,''),(3901,37,34,312,''),(3902,37,34,309,''),(3903,37,34,313,''),(3904,37,35,1,'Comlink'),(3905,37,35,17,''),(3906,37,35,19,''),(3907,37,35,18,''),(3908,37,35,21,''),(3909,37,35,25,''),(3910,37,35,26,''),(3911,37,35,27,''),(3912,37,35,32,''),(3913,37,36,33,''),(3914,37,36,30,''),(3915,37,36,34,''),(3916,37,36,37,''),(3917,37,36,36,''),(3918,37,36,38,''),(3919,37,36,42,''),(3920,37,36,44,''),(3921,37,36,47,''),(3922,37,36,45,'Extra Reloads / Power Pack'),(3923,37,36,49,''),(3924,37,36,2619,''),(3926,37,42,398,''),(3927,37,43,428,'Customized Firespray System Patrol Craft'),(3928,37,43,432,''),(3929,37,45,768,''),(3930,37,45,716,''),(3931,37,46,779,''),(3932,37,46,729,''),(3933,37,46,719,''),(3934,37,46,720,''),(3935,37,47,838,''),(3936,37,47,844,''),(3937,28,22,501,''),(3938,28,22,502,''),(3939,28,22,503,''),(3940,28,22,504,''),(3941,28,22,505,''),(3942,28,22,506,''),(3943,28,22,507,''),(3944,28,22,508,''),(3945,28,23,510,''),(3946,28,23,511,''),(3947,28,23,513,''),(3948,28,23,534,''),(3949,28,23,514,''),(3950,28,23,786,''),(3951,28,23,516,''),(3952,28,23,517,''),(3953,28,24,518,''),(3954,28,24,519,''),(3955,28,24,521,''),(3956,28,24,535,''),(3957,28,25,524,''),(3958,28,25,525,''),(3959,28,25,526,''),(3960,28,25,527,''),(3961,28,25,528,''),(3962,28,25,529,''),(3963,28,25,530,''),(3964,28,25,532,''),(3965,28,27,536,''),(3966,28,27,546,''),(3967,28,27,2449,''),(3968,28,27,550,''),(3969,28,27,562,''),(3970,28,27,564,''),(3971,28,27,574,''),(3972,28,27,581,''),(3973,28,27,596,''),(3974,28,27,618,''),(3975,28,27,2487,''),(3976,28,28,2488,''),(3977,28,28,2489,''),(3978,28,28,630,''),(3979,28,28,634,''),(3980,28,28,636,''),(3981,28,28,637,''),(3982,28,28,2495,''),(3983,28,28,2496,''),(3984,28,29,644,''),(3985,28,29,2502,''),(3986,28,29,646,''),(3987,28,29,1218,''),(3988,28,29,654,''),(3989,28,29,669,''),(3990,28,29,674,''),(3991,28,29,677,''),(3992,28,29,2068,''),(3993,28,29,681,''),(3994,28,31,157,'Holdout Blaster Pistol'),(3995,28,31,158,''),(3996,28,31,156,''),(3997,28,31,160,''),(3998,28,31,159,''),(3999,28,31,162,''),(4000,28,31,164,''),(4001,28,31,168,''),(4002,28,31,178,''),(4003,28,31,173,''),(4004,28,31,174,''),(4005,28,31,2514,''),(4006,28,31,181,''),(4007,28,31,184,''),(4008,28,31,186,''),(4009,28,31,2520,'Lightsaber'),(4010,28,32,1385,''),(4011,28,32,1386,''),(4012,28,32,1388,''),(4013,28,32,1391,''),(4014,28,32,1394,''),(4015,28,32,1397,''),(4016,28,32,1401,''),(4017,28,32,1403,''),(4018,28,32,1407,''),(4019,28,34,310,''),(4020,28,34,2531,''),(4021,28,34,312,''),(4022,28,34,309,''),(4023,28,34,2530,''),(4024,28,35,1,'Comlink'),(4025,28,35,17,''),(4026,28,35,19,''),(4027,28,35,18,''),(4028,28,35,21,''),(4029,28,35,25,''),(4030,28,35,26,'Physician\'s Kit'),(4031,28,35,27,''),(4032,28,36,32,''),(4033,28,36,33,''),(4034,28,36,30,''),(4035,28,36,34,''),(4036,28,36,37,''),(4037,28,36,36,''),(4038,28,36,38,''),(4039,28,36,42,''),(4040,28,36,44,''),(4041,28,36,47,''),(4042,28,36,45,''),(4043,28,36,49,''),(4044,28,36,50,''),(4045,27,41,1325,''),(4046,27,41,2573,'Force Power Heal'),(4047,27,42,930,''),(4048,28,43,2577,''),(4049,28,45,769,''),(4050,28,45,716,''),(4051,28,46,1311,''),(4052,28,46,2901,''),(4053,28,46,2902,''),(4054,28,46,746,''),(4055,28,46,2903,''),(4056,28,46,2904,''),(4057,28,46,2639,''),(4058,28,47,2628,''),(4059,28,47,2630,''),(4060,38,14,2905,''),(4061,38,18,2906,''),(4062,38,18,2907,''),(4063,38,22,769,'Stormtroopers'),(4064,38,24,2906,''),(4065,38,24,2908,''),(4066,38,26,1307,'Imperial TIE Fighter Pilot'),(4067,38,26,431,''),(4068,38,26,2909,'Customized YT-1300 Light Freighter'),(4069,27,13,2910,''),(4070,27,14,2911,''),(4071,27,14,2912,''),(4072,27,21,2913,''),(4073,27,23,2914,''),(4074,27,23,2915,''),(4075,27,23,2916,''),(4076,27,25,2913,''),(4077,27,26,2917,''),(4078,27,26,2918,''),(4079,40,14,2919,''),(4080,40,13,2920,''),(4081,40,14,2921,''),(4082,40,13,2922,''),(4083,40,14,2923,''),(4084,40,14,2924,''),(4085,40,14,2925,''),(4086,40,14,2926,''),(4087,40,14,2927,''),(4088,40,14,2928,''),(4089,40,14,2929,''),(4090,40,14,2930,''),(4091,40,15,2931,''),(4092,40,15,2932,''),(4093,40,15,2933,''),(4094,40,15,2934,''),(4095,40,15,2935,''),(4096,40,15,2936,''),(4097,40,15,2937,''),(4098,40,15,2938,''),(4099,40,15,2939,''),(4101,40,15,2941,''),(4102,40,22,2942,''),(4103,40,22,2943,''),(4104,40,22,2944,''),(4105,40,22,2945,''),(4106,40,102,2946,''),(4107,40,103,2947,''),(4108,40,103,2948,''),(4109,40,102,2949,''),(4110,40,102,2950,''),(4111,40,102,2951,''),(4112,40,102,2952,''),(4113,40,22,1734,''),(4114,40,22,1735,''),(4115,40,22,1736,''),(4116,40,23,2953,''),(4117,40,23,2954,''),(4118,40,23,2955,''),(4119,40,23,2956,''),(4120,40,23,1739,''),(4121,40,23,1737,''),(4122,40,23,2957,''),(4123,40,23,2958,''),(4124,40,23,2959,''),(4125,40,23,2960,''),(4126,40,23,2961,''),(4127,40,23,2962,''),(4128,40,26,2963,''),(4129,40,26,2964,''),(4130,40,26,2965,''),(4131,40,27,2966,''),(4132,40,27,2967,''),(4133,40,27,2968,''),(4134,40,28,2969,''),(4135,40,28,2970,''),(4136,40,28,2971,''),(4137,40,28,2972,''),(4138,40,28,2973,''),(4139,40,28,2974,''),(4140,40,28,2975,''),(4141,40,28,2976,''),(4142,40,29,2977,''),(4143,40,29,2978,''),(4144,40,28,2979,''),(4145,40,103,2980,''),(4146,40,104,2981,''),(4147,40,104,2982,''),(4148,40,104,2983,''),(4149,40,105,2984,''),(4150,40,105,2985,''),(4151,40,105,2986,''),(4152,40,105,2987,''),(4153,40,105,2988,''),(4154,40,105,2989,''),(4155,40,105,2990,''),(4156,40,106,2991,''),(4157,40,106,2992,''),(4158,40,109,2993,''),(4159,40,110,2994,''),(4160,40,111,2995,''),(4161,40,113,2996,''),(4162,40,108,2997,''),(4163,40,107,2998,''),(4164,40,110,2999,''),(4165,40,112,3000,''),(4166,40,112,3001,''),(4167,40,107,3002,''),(4168,40,29,3003,''),(4169,40,29,3004,''),(4170,40,29,3005,''),(4171,40,36,3006,''),(4172,40,36,3007,''),(4173,40,35,3008,''),(4174,40,36,3009,''),(4175,40,36,3010,''),(4176,40,36,3011,''),(4177,40,36,3012,''),(4178,40,36,3013,''),(4179,40,36,3014,''),(4180,40,36,3015,''),(4181,40,36,3017,''),(4182,40,36,3018,''),(4183,40,36,3019,''),(4184,40,37,3020,''),(4185,40,37,3021,''),(4186,40,37,3022,''),(4187,40,36,3023,''),(4188,40,37,3024,''),(4189,40,37,3025,''),(4190,40,37,3026,''),(4191,40,37,3027,''),(4192,40,37,3028,''),(4193,40,37,3029,''),(4194,40,37,3030,''),(4195,40,37,3031,''),(4196,40,37,3032,''),(4197,40,37,3033,''),(4198,40,42,3034,''),(4199,40,42,3035,''),(4200,40,42,3036,''),(4201,40,42,3037,''),(4202,40,43,3038,''),(4203,40,42,3039,''),(4204,40,43,3040,''),(4205,40,42,3041,''),(4206,40,43,3042,''),(4207,40,43,3043,''),(4208,40,43,3044,''),(4209,40,43,3045,''),(4210,40,43,3046,''),(4211,40,43,3047,''),(4212,40,43,3048,''),(4213,40,47,3049,''),(4214,40,47,3050,''),(4215,40,47,3051,''),(4216,40,47,3052,''),(4217,40,47,3053,''),(4218,40,47,3054,''),(4219,40,47,3055,''),(4220,40,47,3056,''),(4221,40,51,3057,''),(4222,40,51,3058,''),(4223,40,51,3059,''),(4224,40,51,3060,''),(4225,40,51,3061,''),(4226,40,51,3062,''),(4227,40,51,3063,''),(4228,40,51,3064,''),(4229,40,55,3065,''),(4230,40,55,3066,''),(4231,40,55,3067,''),(4232,40,55,3068,''),(4233,40,55,3069,''),(4234,40,63,3070,''),(4235,40,63,3071,''),(4236,40,63,3072,''),(4237,40,63,3073,''),(4238,40,63,3074,''),(4239,40,63,3075,''),(4240,40,63,3076,''),(4241,40,67,3077,''),(4242,40,67,3078,''),(4243,40,67,3079,''),(4244,40,67,3080,''),(4245,40,67,3081,''),(4246,40,67,3082,''),(4247,40,67,3083,''),(4248,40,67,3084,''),(4249,40,72,3085,''),(4250,40,72,3086,''),(4251,40,98,3087,''),(4252,40,98,3088,''),(4253,40,98,3089,''),(4254,40,101,3090,''),(4255,40,100,3091,''),(4256,40,101,3092,''),(4257,40,106,3093,''),(4258,40,106,3094,''),(4259,40,106,3095,''),(4260,40,106,3096,''),(4261,40,106,3097,''),(4262,40,120,3098,''),(4263,40,120,3099,''),(4264,40,120,3100,''),(4265,40,120,3101,''),(4266,40,123,3102,''),(4267,40,123,3103,''),(4268,40,123,3104,''),(4269,40,124,3072,''),(4270,40,124,3105,''),(4271,40,128,3106,''),(4272,40,128,3107,''),(4273,40,128,3108,''),(4274,40,128,3109,''),(4275,40,133,3110,''),(4276,40,133,3111,''),(4277,40,135,3112,''),(4278,40,135,3113,''),(4279,40,135,3114,''),(4280,40,138,3115,''),(4281,40,139,3116,''),(4282,40,139,3117,''),(4283,40,139,3118,''),(4284,40,139,3119,''),(4285,40,139,3120,''),(4286,40,138,3121,''),(4287,40,139,3122,''),(4288,40,141,3123,''),(4289,40,141,3124,''),(4290,40,141,3125,''),(4291,40,141,3126,''),(4292,40,142,3127,''),(4293,40,142,3128,''),(4294,40,142,3129,''),(4295,40,141,3130,'Human Beastmaster'),(4296,40,142,3131,''),(4297,40,142,3132,''),(4298,40,142,3133,''),(4299,41,49,3134,''),(4300,41,49,3135,''),(4301,41,50,3136,''),(4302,41,50,3137,''),(4303,41,50,3138,''),(4304,41,47,3139,''),(4305,41,48,3140,''),(4306,41,48,3141,''),(4307,41,48,3142,''),(4308,41,44,3143,''),(4309,41,44,3144,''),(4310,41,44,3145,''),(4311,41,45,3146,''),(4312,41,45,3147,''),(4313,41,46,3148,''),(4314,41,46,3149,''),(4315,41,47,3150,''),(4316,41,47,3151,''),(4317,12,179,3152,''),(4318,12,179,3153,''),(4319,41,50,3154,''),(4320,41,51,3155,''),(4321,41,51,3156,''),(4322,41,51,3157,''),(4323,41,52,3158,''),(4324,41,52,3159,''),(4325,41,52,3160,''),(4326,41,52,3161,''),(4327,41,53,3162,''),(4328,41,53,3163,''),(4329,41,53,3164,''),(4330,41,53,3165,''),(4331,41,53,3166,''),(4332,41,53,3167,''),(4333,41,53,3168,''),(4334,41,53,3169,''),(4335,41,53,3170,''),(4336,41,53,3171,''),(4337,41,54,3172,''),(4338,41,54,3173,''),(4339,41,54,3174,''),(4340,41,54,3175,''),(4341,41,54,3176,''),(4342,41,55,3177,''),(4343,41,55,3178,''),(4344,41,55,3179,''),(4345,41,56,3180,''),(4346,41,56,3181,''),(4347,41,56,3182,''),(4348,41,56,3183,''),(4349,41,56,3184,''),(4350,41,57,3185,''),(4351,41,57,3186,''),(4352,41,57,3187,''),(4353,41,58,3188,''),(4354,41,58,3189,''),(4355,41,58,3190,''),(4356,41,58,3191,''),(4357,41,58,3192,''),(4358,41,20,3193,''),(4359,41,22,3194,''),(4360,41,22,3195,''),(4361,41,24,3196,''),(4362,41,28,3197,''),(4363,41,34,3198,''),(4364,41,34,3199,''),(4365,41,34,3200,''),(4366,41,34,3201,''),(4367,41,34,3202,''),(4368,41,34,3203,''),(4369,41,34,1638,''),(4370,41,34,1642,''),(4371,41,34,3204,''),(4372,41,34,3205,''),(4373,41,35,3206,''),(4374,41,35,3207,''),(4375,41,35,3208,''),(4376,41,35,3209,''),(4377,41,35,3210,''),(4378,41,35,1648,''),(4379,41,35,3211,''),(4380,41,35,3212,''),(4381,41,60,3213,''),(4382,41,60,3214,''),(4383,41,61,3215,''),(4384,41,61,3216,''),(4385,41,62,3217,''),(4386,41,63,3218,''),(4387,41,64,3219,''),(4388,41,65,3220,''),(4389,41,65,3221,''),(4391,41,65,3223,''),(4392,41,65,3224,''),(4393,41,65,3225,''),(4394,41,66,3226,''),(4395,41,66,3227,''),(4396,41,66,3228,''),(4397,41,66,3229,''),(4398,41,66,3230,''),(4399,41,67,3231,''),(4400,41,67,3232,''),(4401,41,67,3233,''),(4402,5,19,3234,''),(4403,42,19,3235,''),(4404,42,18,3236,''),(4405,42,20,1614,''),(4406,42,21,3237,''),(4407,42,30,3238,''),(4408,42,30,3239,''),(4409,42,30,3240,''),(4410,42,30,3241,''),(4411,42,30,3242,''),(4412,42,30,3243,''),(4413,42,30,688,''),(4414,42,30,689,''),(4415,42,30,3244,''),(4416,42,30,606,''),(4417,42,30,3245,''),(4418,42,31,612,''),(4419,42,31,3246,''),(4420,42,31,3247,''),(4421,42,31,3248,''),(4422,42,31,3249,''),(4423,42,31,632,''),(4424,42,31,647,''),(4425,42,31,3250,''),(4426,42,31,1649,''),(4427,42,31,3251,''),(4428,42,31,3252,''),(4429,42,31,3253,''),(4430,42,36,3254,''),(4431,47,16,3255,''),(4432,47,19,3256,''),(4433,47,18,3257,''),(4434,47,20,3258,''),(4435,47,20,3259,''),(4436,47,28,3260,''),(4437,47,28,1416,''),(4438,47,28,3261,''),(4439,47,28,3262,''),(4441,47,28,3264,''),(4442,47,28,2056,''),(4443,47,28,594,''),(4444,47,28,3265,''),(4445,47,29,2704,''),(4446,47,29,3266,''),(4447,47,29,3267,''),(4448,47,29,3268,''),(4449,47,29,3269,''),(4450,47,30,1214,''),(4451,47,30,3270,''),(4452,47,30,3271,''),(4453,47,30,3272,''),(4454,47,30,3273,''),(4455,47,30,1223,''),(4456,47,30,3274,''),(4457,47,30,3275,''),(4458,47,42,3276,''),(4459,47,42,3277,''),(4460,47,42,3278,''),(4461,47,43,3279,''),(4462,47,43,3280,''),(4463,47,44,3282,''),(4464,47,44,3283,''),(4465,47,44,3284,''),(4466,47,45,3285,''),(4467,47,45,3286,''),(4468,47,45,3287,''),(4469,47,46,3288,''),(4470,47,46,3289,''),(4471,47,46,3290,''),(4472,47,47,3291,''),(4473,47,47,3292,''),(4474,47,47,3293,''),(4475,47,48,3294,''),(4476,47,48,3295,''),(4477,47,48,3296,''),(4478,47,48,3297,''),(4479,47,49,3298,''),(4480,47,49,3299,''),(4481,47,49,3300,''),(4482,47,49,3301,''),(4483,47,49,3302,''),(4484,47,50,3303,''),(4485,47,50,3304,''),(4486,47,50,3305,''),(4487,47,50,3306,''),(4488,47,50,3307,''),(4489,47,51,3308,''),(4490,47,51,3309,''),(4491,47,52,3310,''),(4492,47,52,3311,''),(4493,47,53,3312,''),(4494,47,53,3313,''),(4495,47,54,3314,''),(4496,47,54,3315,''),(4497,47,54,3316,''),(4498,47,54,3317,''),(4499,47,54,3318,''),(4500,47,54,3319,''),(4501,47,54,3320,''),(4502,47,55,3321,''),(4503,47,54,3322,''),(4504,47,54,3323,''),(4505,47,55,3324,''),(4506,47,55,3325,''),(4507,47,55,3326,''),(4508,47,55,3327,''),(4509,47,55,3328,''),(4510,47,55,3329,''),(4511,47,55,3330,''),(4512,47,55,3331,''),(4513,47,55,3332,''),(4514,47,55,3333,''),(4515,47,55,3334,''),(4516,47,55,3335,''),(4517,47,56,3336,''),(4518,47,56,3337,''),(4519,47,56,3338,''),(4520,47,56,3339,''),(4521,47,56,3340,''),(4522,47,56,3341,''),(4523,47,56,3342,''),(4524,47,57,3343,''),(4525,47,57,3344,''),(4526,47,58,3345,''),(4527,47,58,3346,''),(4528,47,59,3347,''),(4529,47,59,3348,''),(4530,47,60,3349,''),(4531,47,60,3350,''),(4532,47,61,3351,''),(4533,47,61,3352,''),(4534,47,62,3353,''),(4535,47,63,3354,''),(4536,47,64,3355,''),(4537,47,65,3356,''),(4538,43,21,3357,''),(4539,43,21,3358,''),(4540,43,21,3359,''),(4541,43,24,3360,''),(4542,43,22,3361,''),(4543,43,26,3362,''),(4544,43,24,3363,''),(4545,43,34,3364,''),(4546,43,34,543,''),(4547,43,34,2749,''),(4548,43,34,546,''),(4549,43,34,2444,''),(4550,43,34,3365,''),(4551,43,34,694,''),(4552,43,34,2451,''),(4553,43,34,3366,''),(4554,43,35,696,''),(4555,43,35,697,''),(4556,43,35,3367,''),(4557,43,35,3248,''),(4558,43,35,2754,''),(4559,43,35,2493,''),(4560,43,35,703,''),(4561,43,35,3368,''),(4562,43,35,2758,''),(4563,43,42,3369,''),(4564,43,43,3370,''),(4565,43,43,3371,''),(4566,43,43,3372,''),(4567,43,44,3373,''),(4568,43,44,3374,''),(4569,43,44,3375,''),(4570,43,45,3376,''),(4571,43,45,3377,''),(4572,43,45,3378,''),(4573,43,45,3379,''),(4574,43,46,3380,''),(4575,43,46,3381,''),(4576,43,46,3382,''),(4577,43,47,3383,''),(4578,43,47,3384,''),(4579,43,47,3385,''),(4580,43,48,3386,''),(4581,43,47,3387,''),(4582,43,48,3388,''),(4583,43,49,3389,''),(4584,43,49,3390,''),(4585,43,49,3391,''),(4586,43,50,3392,''),(4587,43,50,3393,''),(4588,43,51,3394,''),(4589,43,51,3395,''),(4590,43,51,3396,''),(4591,43,51,3397,''),(4592,43,52,3398,''),(4593,43,52,3399,''),(4594,43,52,3400,''),(4595,43,53,3401,''),(4596,43,53,3402,''),(4597,43,53,3403,''),(4598,43,53,3404,''),(4599,43,53,3405,''),(4600,43,54,3406,''),(4601,43,54,3407,''),(4602,43,54,3408,''),(4603,43,54,3409,''),(4604,43,55,3410,''),(4605,43,55,3411,''),(4606,43,55,3412,''),(4607,43,55,3413,''),(4608,43,55,3414,''),(4609,43,55,3415,''),(4610,43,55,3416,''),(4611,43,57,3417,''),(4612,43,58,3418,''),(4613,43,59,3419,''),(4614,43,59,3420,''),(4615,43,59,3421,''),(4616,43,60,3422,''),(4617,43,62,3423,''),(4618,43,62,3424,''),(4619,43,63,3425,''),(4620,43,63,3426,''),(4621,46,21,3427,''),(4622,46,21,3428,''),(4623,46,23,3091,''),(4624,46,26,3429,''),(4625,46,24,3430,''),(4626,46,34,685,''),(4627,46,34,1195,''),(4628,46,34,1417,''),(4629,46,34,1202,''),(4630,46,34,936,''),(4631,46,34,2750,''),(4632,46,34,3431,''),(4633,46,34,3432,''),(4634,46,34,2059,''),(4635,46,34,3433,''),(4636,46,35,3434,''),(4637,46,35,3247,''),(4638,46,35,3435,''),(4639,46,35,2752,''),(4640,46,35,1213,''),(4641,46,35,2488,''),(4642,46,35,3249,''),(4643,46,35,2753,''),(4644,46,35,3436,''),(4645,46,35,3437,''),(4646,46,36,3438,''),(4647,46,36,3250,''),(4648,46,36,3439,''),(4649,46,36,3440,''),(4650,46,44,3441,''),(4651,46,44,3442,''),(4652,46,44,3443,''),(4653,46,44,3444,''),(4654,46,44,3445,''),(4655,46,46,3446,''),(4656,46,46,3447,''),(4657,46,46,3448,''),(4658,46,46,3449,''),(4659,46,47,3450,''),(4660,46,47,3451,''),(4661,46,47,3452,''),(4662,46,47,3453,''),(4663,46,48,3454,''),(4664,46,48,3455,''),(4665,46,49,3456,''),(4666,46,49,3457,''),(4667,46,49,3458,''),(4668,46,50,3459,''),(4669,46,51,3460,''),(4670,46,51,3461,''),(4671,46,51,3462,''),(4672,46,52,3463,''),(4673,46,52,3464,''),(4674,46,52,3465,''),(4675,46,52,3466,''),(4676,46,53,3467,''),(4677,46,54,3468,''),(4678,46,53,3469,''),(4679,46,54,3470,''),(4680,46,54,3471,''),(4681,46,54,3472,''),(4682,46,55,3473,''),(4683,46,55,3474,''),(4684,46,55,2986,''),(4685,46,56,3475,''),(4686,46,56,3476,''),(4687,46,58,3477,''),(4688,46,58,3478,''),(4689,46,59,3479,''),(4690,46,60,3480,''),(4691,46,60,3481,''),(4692,46,61,3482,''),(4693,46,62,3483,''),(4694,46,63,3484,''),(4695,46,64,3485,''),(4696,46,64,3486,''),(4697,46,64,3487,''),(4698,44,18,1606,''),(4699,44,21,3488,''),(4700,44,20,3489,''),(4701,44,23,3490,''),(4702,44,22,3491,''),(4703,44,30,3492,''),(4704,44,30,1197,''),(4705,44,30,3493,''),(4706,44,30,3494,''),(4707,44,30,3495,''),(4708,44,30,3496,''),(4709,44,30,577,''),(4710,44,31,578,''),(4711,44,31,3497,''),(4712,44,31,3438,''),(4713,44,31,3498,''),(4714,44,31,3499,''),(4715,44,31,647,''),(4716,44,31,3250,''),(4717,44,31,3439,''),(4718,44,31,3500,''),(4719,44,31,706,''),(4720,44,31,1427,''),(4721,44,36,3501,''),(4722,47,36,3502,''),(4723,47,38,3503,''),(4724,44,40,3504,''),(4725,44,40,3505,''),(4726,44,40,3506,''),(4727,44,41,3507,''),(4728,44,41,3508,''),(4729,44,42,3509,''),(4730,44,42,3510,''),(4731,44,42,3511,''),(4732,44,42,3512,''),(4733,44,43,3513,''),(4734,44,43,3514,''),(4735,44,44,3515,''),(4736,44,44,3516,''),(4737,44,44,3517,''),(4738,44,45,3518,''),(4739,44,45,3519,''),(4740,44,45,3520,''),(4741,44,45,3521,''),(4742,44,46,3522,''),(4743,44,46,3523,''),(4744,44,46,3524,''),(4745,44,46,3525,''),(4746,44,46,3526,''),(4747,44,46,3527,''),(4748,44,47,3528,''),(4749,44,47,3529,''),(4750,44,47,3530,''),(4751,44,47,3531,''),(4752,44,47,3532,''),(4753,44,47,3533,''),(4754,44,48,3534,''),(4755,44,48,3535,''),(4756,44,48,3536,''),(4757,44,48,3537,''),(4758,44,48,3538,''),(4759,44,48,3539,''),(4760,44,48,3540,''),(4761,44,48,3541,''),(4762,44,48,3542,''),(4763,44,49,3543,''),(4764,44,49,3544,''),(4765,44,49,3545,''),(4766,44,50,3546,''),(4767,44,50,50,''),(4768,44,50,3547,''),(4769,4,51,3548,''),(4770,44,51,3549,''),(4771,44,51,3550,''),(4772,44,51,3551,''),(4773,44,52,3552,''),(4774,44,52,3553,''),(4775,44,52,3554,''),(4776,44,52,3555,''),(4777,44,53,3556,''),(4778,44,58,3557,''),(4779,44,58,3558,''),(4780,44,58,3559,''),(4781,44,58,3560,''),(4782,44,59,3561,''),(4783,44,59,3562,''),(4784,44,59,3563,''),(4785,44,59,3564,''),(4786,44,60,3565,''),(4787,44,60,3566,''),(4788,44,62,3567,''),(4789,44,62,3568,''),(4790,44,62,3569,''),(4791,44,63,3570,''),(4792,42,40,3571,''),(4793,42,40,3572,''),(4794,42,40,3573,''),(4795,42,41,3574,''),(4796,42,41,3575,''),(4797,42,41,232,''),(4798,42,41,3576,''),(4799,42,41,3577,''),(4800,42,41,3578,''),(4801,42,41,3579,''),(4802,42,42,3580,''),(4803,42,43,3581,''),(4804,42,43,3582,''),(4805,42,43,3583,''),(4806,42,44,2255,''),(4807,42,44,3584,''),(4808,42,44,3585,''),(4809,42,44,3586,''),(4810,42,44,315,''),(4811,42,45,3587,''),(4812,42,45,3588,''),(4813,42,46,105,''),(4814,42,46,3589,''),(4815,42,46,3590,''),(4816,42,48,3591,''),(4817,42,46,3592,''),(4818,42,47,3593,''),(4819,42,47,3594,''),(4820,42,47,3595,''),(4821,42,47,3596,''),(4822,42,48,3597,''),(4823,42,48,3598,''),(4824,42,48,3599,''),(4825,42,49,3600,''),(4826,42,49,3601,''),(4827,42,49,3602,''),(4828,42,50,3603,''),(4829,42,50,3604,''),(4830,42,50,3605,''),(4831,42,51,339,''),(4832,42,51,3606,''),(4833,42,51,356,''),(4834,42,51,3607,''),(4835,42,52,3608,''),(4836,42,52,3609,''),(4837,42,52,3610,''),(4838,42,53,3611,''),(4839,42,53,3612,''),(4840,42,53,3613,''),(4841,42,54,3614,''),(4842,42,54,3615,''),(4843,42,55,3616,''),(4844,42,56,3617,''),(4845,42,56,3618,''),(4846,42,57,3619,''),(4847,42,57,3620,''),(4848,42,57,3621,''),(4849,42,58,3622,''),(4850,42,59,3623,''),(4851,42,59,3624,'');
/*!40000 ALTER TABLE `base_index` ENABLE KEYS */;
UNLOCK TABLES;

--
-- Table structure for table `base_system`
--

DROP TABLE IF EXISTS `base_system`;
/*!40101 SET @saved_cs_client     = @@character_set_client */;
/*!40101 SET character_set_client = utf8 */;
CREATE TABLE `base_system` (
  `id` int(11) NOT NULL AUTO_INCREMENT,
  `name` varchar(100) NOT NULL,
  `initials` varchar(10) NOT NULL,
  PRIMARY KEY (`id`)
) ENGINE=InnoDB AUTO_INCREMENT=5 DEFAULT CHARSET=latin1;
/*!40101 SET character_set_client = @saved_cs_client */;

--
-- Dumping data for table `base_system`
--

LOCK TABLES `base_system` WRITE;
/*!40000 ALTER TABLE `base_system` DISABLE KEYS */;
INSERT INTO `base_system` VALUES (1,'Edge of the Empire','EotE'),(2,'Age of Rebellion','AoR'),(3,'Star Wars Roleplaying','SWR'),(4,'Force and Destiny','FaD');
/*!40000 ALTER TABLE `base_system` ENABLE KEYS */;
UNLOCK TABLES;

--
-- Table structure for table `blog_blog`
--

DROP TABLE IF EXISTS `blog_blog`;
/*!40101 SET @saved_cs_client     = @@character_set_client */;
/*!40101 SET character_set_client = utf8 */;
CREATE TABLE `blog_blog` (
  `id` int(11) NOT NULL AUTO_INCREMENT,
  `title` varchar(100) NOT NULL,
  `blog_entry` longtext NOT NULL,
  `entered_date` datetime NOT NULL,
  `posting_date` datetime NOT NULL,
  `last_modified` datetime NOT NULL,
  PRIMARY KEY (`id`)
) ENGINE=InnoDB AUTO_INCREMENT=19 DEFAULT CHARSET=latin1;
/*!40101 SET character_set_client = @saved_cs_client */;

--
-- Dumping data for table `blog_blog`
--

LOCK TABLES `blog_blog` WRITE;
/*!40000 ALTER TABLE `blog_blog` DISABLE KEYS */;
INSERT INTO `blog_blog` VALUES (1,'Version 0.6.3','Announcing our first public release<br />\r\n\r\nThis is Version 0.6.3 of the FFG Star Wars Index<br />\r\n\r\nImplemented features:\r\n<ul>\r\n<li>Items\r\n<li>Weapons\r\n<li>Armor\r\n<li>Attachments\r\n<li>Vehicles\r\n<li>Starships\r\n</ul>\r\n\r\n','2014-06-03 09:07:22','2014-06-03 05:07:24','2014-06-03 09:07:22'),(2,'Version 0.6.4','Redundant views of Sections have been collapsed and given options.  Each section can be grouped by categories (default) or flatted out.  Each section can also be sorted by all columns (except for Weapon Specials).  Enjoy the new features.','2014-06-04 01:34:46','2014-06-03 21:34:49','2014-06-04 01:34:46'),(3,'Welcome to v1.0','OK folks this is the One.  We\'ve got a good base and major things reworked on this.  You\'ll notice we\'re split out on the left into \"Equipment\", \"Transportation\", and \"Books\".  Each section will open up into more detail when you are inside that section.<br />\r\nGoing to go though everything now and make sure that all the data we can enter is correct.  Hope you enjoy the site.','2014-06-07 15:08:55','2014-06-07 11:09:00','2014-06-07 15:08:55'),(4,'Version 1.0.2','There was a few minor tweaks between this and v1.0, but this one you should notice.  We\'ve updated some of the look.  Current color scheme is supposed to represent the color scheme from EotE tables.<br />\r\nWe\'ve also made the Main pages for Equipment and Transportation give you a list of all the sections and Categories in each section.<br />\r\nAs always, enjoy.','2014-06-09 10:47:30','2014-06-09 06:47:35','2014-06-09 10:47:30'),(5,'Version 1.1.0.0 Character/Adversaries','OK Folks we\'ve added in the features of some base Character pieces and the Adversaries section.  There\'s still a lot of data entry to deal with, but here\'s a peek at what the Adversaries will look like:<br />\r\n\r\n<img src=\"/static/adversary-peek.png\" /><br />\r\n\r\nAs always, I hope you enjoy.','2014-06-12 21:06:36','2014-06-12 17:06:42','2014-06-12 21:08:11'),(6,'Core Book Adversaries','The Adversaries chapter of the EotE CRB have been entered.<br />\r\nDroids and Creatures are a little funky.  They need to be split out on their own and special models created for their \"weapons\", but you can look up the specifics in the book anyway, that\'s what the index reference is there for.<br />\r\nEnjoy as always.\r\n','2014-06-15 18:35:45','2014-06-15 14:35:53','2014-06-15 18:35:45'),(7,'RSS Feeds now available','<p>I\'m a person who believes that if I can\'t get updates from RSS then the site doesn\'t exist.  So I\'m not sure why it took so long for me to add RSS to the site, but now it\'s available.</p>\r\n\r\n<p>For these blog entries you can go here: <a href=\"http://swrpg.viluppo.net/blog/feed/\">http://swrpg.viluppo.net/blog/feed/</a></p>\r\n\r\n<p>For Index Entries as they are added to the database go here: <a href=\"http://swrpg.viluppo.net/entries/feed/\">http://swrpg.viluppo.net/entries/feed/</a></p>\r\n\r\n<p>And as always, enjoy</p>','2014-06-16 02:31:42','2014-06-15 22:31:47','2014-06-16 02:32:07'),(8,'Weapon Reorg (v1.1.3.0)','<p>We\'ve finished off the code for Adversary Weapon Reorg.  What this means is that weapons have been separated into a few places.</p><p>The Weapons list (and other Equipment) that we had previously has been split into user purchasable items, and items that only appear on Adversaries.  We\'ve also split off Creature Weapons since those won\'t show up on anything but the creature specified.</p><p>Right now the coding is just in place.  We need to reorganize the data, but that\'s coming soon.</p>','2014-06-26 22:03:09','2014-06-26 18:03:18','2014-06-26 22:03:09'),(9,'Adversaries are complete (for now)','So, just in time for me to get my AoR CRB, the Adversaries for EotE are now complete.  Look around, let us know of any mistakes.  It\'s a lot of data entry so I know there\'s going to be a few.<br />\r\nI\'m going to take a bit to ingest AoR before I start entering anything.  Make sure nothing needs to change in the way the database is laid out.<br />\r\nAnd as always, enjoy.','2014-07-03 14:36:28','2014-07-03 10:36:37','2014-07-03 14:36:28'),(10,'AoR CRB Complete','The Age of Rebellion Core Rule Book should now be complete for items we already track.  Let me know if your favorite item or Adversary is missing.<br />\r\nAnd as always, enjoy.','2014-07-08 20:04:33','2014-07-08 16:04:46','2014-07-08 20:04:44'),(11,'Version 1.1.4.0 Weapon Qualities','<p>Previously the Special field on Weapons has simply been a text entry.  I\'ve created an entry now for the Weapon Qualities found on pages 154-157 in E-CRB and 168-170 of A-CRB.  The best feature of this is the ability to have this:</p>\r\n<p><a href=\"http://swrpg.viluppo.net/equipment/weaponqualities/1407/\">http://swrpg.viluppo.net/equipment/weaponqualities/1407/</a></p>\r\n<p>Once I have all the text fields converted over to links to the correct entry you\'ll be able to pull up a list of all weapons with a specific quality</p>\r\n<p>I hope you enjoy</p>','2014-07-11 00:40:24','2014-07-10 20:40:37','2014-07-11 00:40:58'),(12,'More stats coming','I\'ve got both Far Horizons and Onslaught on Arda I on it\'s way from CSI.<br />\r\nSo look out for new stuff!','2014-08-14 17:01:43','2014-08-14 13:02:06','2014-08-14 17:01:43'),(13,'New books entered','Far Horizons, Onslaught on Arda I, and Rescue at Glare Peak are now in the index.  \r\n\r\nEnjoy','2014-09-17 19:15:45','2014-09-17 15:16:21','2014-09-17 19:15:45'),(14,'We have Species','<p>Sorry I\'ve been a bit slack on this.  I\'ve had the details in the background of the system for a while I just didn\'t have the data in for player races so didn\'t produce a list previously.</p>\r\n\r\n<a href=\"http://swrpg.viluppo.net/character/species/\">Species</a>\r\n\r\n<p>There\'s still no detail view worth talking about but it does provide the index information that you were looking for.  The other species in the list are some background data I use for Creatures elsewhere in the index.</p>','2014-11-13 21:05:31','2014-11-13 16:06:22','2014-11-13 21:06:17'),(15,'Updates and support','Things have been pretty quiet here, but I will be changing that soon.  I\'ve just ordered all the books I could that are missing from the index.  Starting next week I\'ll be entering them as quickly as possible.\r\n\r\nAlso, if you\'re getting value from the site and can afford to do so, please help me with the server costs for this and other gaming aids that I provide.  You can support me at https://www.patreon.com/viluppo or through PayPal at servers@viluppo.net','2015-12-10 23:10:04','2015-12-10 18:09:33','2015-12-10 23:10:04'),(16,'Latest Purchases','Special thanks to James H. and Jason B., your PalPal donations helped purchase the EotE Beginner Game and Keeping the Peace (coming soon to the index).  To other Papal Donators, look for you name here as I purchase future books.\r\n\r\n<img src=\"http://swrpg-images.viluppo.net/blogs/IMG_20151224_091557.jpg\" width=700 />','2015-12-24 14:30:17','2015-12-24 09:29:29','2015-12-24 14:32:57'),(17,'It is time...','Updates are moving right along.  Strongholds of Resistance and Mask of the Pirate Queen are complete.  And while I do have Lead by Example in my hands (Thanks to William Stapleton for donations toward this purchase) I think it\'s time to move on.  It\'s time to start putting in Force and Destiny.\r\n\r\nCore, Chronicles of the Gatekeeper and Keeping the Peace are now on my desk, ready to be entered.  May the Force be with me :)','2016-02-09 19:23:57','2016-02-09 15:00:00','2016-02-09 19:23:57'),(18,'Data Entry and Updates','Well after a long time of being behind we are now up to date.  The only book not entered into the index is Savage Spirits, which of course is not out.  Please take a look and tell us of anything that looks wrong, we want to fix any issues as soon as possible.\r\n\r\nYou may have also notice that Vehicles and Starships are now quite pretty.  We have the stat block just like it shows in the books and have enhanced the image to make things look better.  We do need to get more images of vehicles that have transparent backgrounds, but we\'re working on it.\r\n\r\nHope you all enjoy.','2016-04-05 21:17:05','2016-04-05 17:17:01','2016-04-05 21:17:05');
/*!40000 ALTER TABLE `blog_blog` ENABLE KEYS */;
UNLOCK TABLES;

--
-- Table structure for table `character_ability`
--

DROP TABLE IF EXISTS `character_ability`;
/*!40101 SET @saved_cs_client     = @@character_set_client */;
/*!40101 SET character_set_client = utf8 */;
CREATE TABLE `character_ability` (
  `entry_ptr_id` int(11) NOT NULL,
  `description` varchar(500) NOT NULL,
  `rules_effect` varchar(500) NOT NULL,
  PRIMARY KEY (`entry_ptr_id`),
  CONSTRAINT `entry_ptr_id_refs_id_d38ca19b` FOREIGN KEY (`entry_ptr_id`) REFERENCES `base_entry` (`id`)
) ENGINE=InnoDB DEFAULT CHARSET=latin1;
/*!40101 SET character_set_client = @saved_cs_client */;

--
-- Dumping data for table `character_ability`
--

LOCK TABLES `character_ability` WRITE;
/*!40000 ALTER TABLE `character_ability` DISABLE KEYS */;
INSERT INTO `character_ability` VALUES (711,'May spend a maneuver to direct one [TARGET] minion group within medium range.  The group may make an immediate free maneuver or adds one Boost die [BOOST] to its next check',''),(712,'may perform a maneuver to direct one [TARGET] minion group within medium range.  The group may perform an immediate free combat check action',''),(717,'May perform a maneuver to cause all ranged attacks targeting [SELF] to instead hit one ally or helpless enemy he is engaged with until the beginning of his next turn.',''),(721,'Can survive in vacuum without penalty, and can move in a vacuum environment',''),(722,'[PLURAL_SELF] can make an [AVERAGE] Coordination check to latch onto any starship or vehicle they are engaged with.  Ships of Vehicles with a [SELF] attached suffer 1 system strain per [SELF] each day and reduce their handling by 1.',''),(723,'[PLURAL_SELF] can fly',''),(724,'When exposed to helium, [PLURAL_SELF] suffer 1 wound per round, ignoring soak, until their bodies inflate and explode.',''),(726,'[SPECIES] may breathe underwater without penalty and never suffer movement penalties for traveling through water.',''),(727,'A [SELF] has many tenacles and can maintain a grip with some while attacking with others.  When it hits an enemy, a [SELF} cen spend two Advantage [ADVANTAGE] to ensnare it in its tentacles.  A trapped character may make a [HARD] Athletics check as an action to try and escape the [SELF]\'s grasping limbs; a character who succeeds wrestles free.',''),(732,'[SELF] are vulnerable to bright lights, which cause them intense pain and temporary blindness id viewed without protection.  A [SELF] exposed to bright light without protective goggles suffers [SETBACK][SETBACK] on all skill checks.',''),(733,'[SELF] possess the ability to absorb certain wavelengths of light, making them all but invisible in darkness.  When in darkness or deep shadow, a [SELF] gains [BOOST][BOOST] to all Stealth checks.',''),(739,'May spend a maneuver giving orders to other pirate allies in medium range, granting them [BOOST] on their next check.',''),(754,'Spaceport staff add [BOOST] to all Vigilance and Perception checks when in the [SELF]\'s presence.',''),(760,'Groups of three or more [RELATED_MINION] minions in the [SELF] presence gain +1 soak and deal +1 damage on successful combat checks.',''),(773,'All subordinates within medium range add [BOOST] to all Discipline checks',''),(777,'[SPECIES] have great physical strength but their bulk imposes severe limitations in flexibility and agility.  They add [SETBACK][SETBACK][SETBACK] to all Brawl, Melee, and Coordination checks they\'re required to make.',''),(778,'[SPECIES] can never spend more than one maneuver per turn.',''),(792,'When the [SELF] suffers any wounds, he deals +1 damage with Brawl and Melee attacks.  When suffering a Critical Injury, he deals +2 damage with Brawl and Melee atacks instead.',''),(795,'Silhouette 3',''),(796,'The [SPECIES] can spend [TRIUMPH] on a successful Brawl check to hit the target as well as anyone engaged with the target.',''),(798,'The [SPECIES gains [BOOST] on all Brawl checks and may spend [ADVANTAGE][ADVANTAGE] on a successful melee attack to hit a second target engaged with it, dealing the same damage as dealt to the original target.',''),(800,'Does not need to breathe, eat, or drink and can survive in vacuum or underwater.  Immune to poisons or toxins.',''),(806,'[SELF]s allow allies to add [BOOST] to any Negotiation checks or other checks made to negotiate or mediate.',''),(816,'Floats up to several meters in the air and may move through difficult terrain without spending additional maneuvers.',''),(824,'May make an Average [difficulty][difficulty] Athletics check to extinguish a fire',''),(825,'Immune to fire damage or weapons with the Burn quality',''),(829,'All subordinates within Medium range add one [boost] die to all Mechanics checks',''),(848,'[SPECIES]s begin the game with one rank in Streetwise.  They still may not train Streetwise above rank 2 during character creation.',''),(849,'[SPECIES] starts with one rank in Convincing Demeanor',''),(851,'A character my opt to carry a Ranged [Light] weapon or a one-handed melee weapon in each hand.',''),(865,'Once per encounter, [SELF] may reroll a skill check.',''),(873,'May spend a maneuver to add +1 ranged defense to up to two allied characters or minion groups within short range until the end of the next round.  This does not stack with multiple uses.',''),(878,'Silhouette 0',''),(879,'Remove all [SETBACK] from all checks',''),(882,'+1 soak',''),(896,'Xexto have six limbs, two legs and four armsl as a result, gain an additional free maneuver per turn, though still may not perform more than two maneuvers per turn.',''),(900,'[SPECIES] can exist in an atmosphere without ever needing to land on solid ground.',''),(906,'Remove up to [SETBACK] from any checks due to hot or arid environmental conditions.',''),(912,'When a non-humanoid alien species is targeting [SELF] with a social skill check, add [SETBACK].',''),(930,'Move objects at range.',''),(931,'Inflict strain on target',''),(935,'May spend a maneuver giving orders to other Wing Guar allies in  medium range, granting them [BOOST] on their next checks.',''),(939,'When purchasing legal or illegal goods, may reduce rarity by 1 without any accompanying price increase.',''),(950,'Anyone who suffers damage from the [SPECIES] must immediately make an Average Resilience check, suffering 5 strain if he fails.  Any [THREAT] generated on the Resilience check adds [SETBACK] to all the target\'s actions for a number of rounds equal to the [THREAT] generated.',''),(951,'Thanks to their finely hones senses of sight and hearing [SPECIES] gain [BOOST] to all Perception checks.',''),(952,'Opponets suffer [SETBACK][SETBACK] on any Perception or Vigilance checks made to detect a [SPECIES] while it is hunting.',''),(956,'[SPECIES] suffer no penalties when moving through difficult terrain.',''),(957,'Once per encounter, a [SPECIES] can use its free maneuver to move from medium range to engaged to attack a target.  Along with allowing the [SPECIES] to close quickly with its prey, a charge also adds 2 damage to the attack.',''),(962,'[SPECIES] add [BOOST] to all Resilience checks.',''),(963,'Murra have an encumbrance threshold of 25, and the difficulty of all Athletics checks made to lift excessive encumbrance is reduced by one.',''),(967,'[SPECIES] are incredibly territorial, and gain [BOOST] to all brawl checks made when attacking any intruders into what they consider their territory.',''),(968,'[SPECIES] add [BOOST][BOOST] to all Athletics checks made to perform vertical or horizontal jumps.',''),(972,'Anyone hearing the howl of a [SPECIES] must make a HARD Discipline check or become disoriented for one round plus one additional round for every [THREAT] generated.',''),(982,'[SPECIES] decrease the difficulty of any Perception or Vigilance checks they make by one.',''),(993,'Using their powerful maws and their quick-acting acidic saliva, [SPECIES] can move through solid stone as if it were difficult terrain.',''),(1001,'[SPECIES] suffer no penealties for moving through water and can breate underwater, but cannot move or survive on land.',''),(1005,'When incapacitated, [SPECIES] make one out-of-turn Brawl attack against one opponent with whom they are engaged.  This check gains [BOOST]',''),(1010,'Silhouette 2',''),(1014,'Any Perception checks made to detect a [SPECIES] suffer [SETBACK][SETBACK]; this affects scanners and macrobinoculars using thermal sensors or passive light amplification as well).',''),(1015,'[SPECIES] suffer no penalties when moving through rough terrain in dense jungle, dense forrecs, or swampy environments.',''),(1020,'[SPECIES] suffer no movement penalties in aquatic environments.',''),(1025,'Opponents affected by the Ensnare quality immediately begin suffering the effects of suffocation as outlined on page 214 of E-CRB.',''),(1026,'Upon first seeing a [SPECIES], an individual must make a Hard check following the rules for fear on page 298 ot the E-CRB.',''),(1044,'Can survive in almost any poisonous, acidic, toxic, irradiated, or otherwise dangerous environment.',''),(1051,'The [SPECIES] may spend [ADVANTAGE] to hit an additional target with a successful Brawl check, provided the additional target is engaged with the first target.',''),(1052,'If a [SPECIES] takes a maneuver to move closer to its target before attacking, it gains [BOOST] to its attack check and deals +2 damage.',''),(1056,'The first attack made during an encounter gains +2 damage and [BOOST].',''),(1060,'The [SPECIES]\'s arms are suprisingly long and nimble, removing [SETBACK] imposed on its combat checks due to an opponet\'s defense.',''),(1064,'If the [SPECIES] hits its target with a bite attack, the target must immediately make a Hard Resilience check.  Failure means the target is immobolized for 1 round plus 1 round per [THREAT] generated.  [DISPAIR] on a successful or failed check means the target is staggered for one round.',''),(1065,'Any victim affected by the [SPECIES]\'s Ensnare quality suffers 2 strain and 1 wound ignoring soak at the beginning of their turn.',''),(1073,'Once per session when gambling, the character may cancel a [DISPAIR] he rolls on a skill check, or add a [DISPAIR] to another character\'s check.',''),(1114,'May spend a maneuver giving orders to all droid allies in medium range, granting the [BOOST] on their next check.',''),(1124,'[SELF] can pilot a Vehicle through it\'s comp link, and can handle piloting duties and operate the Vehicle\'s weapons.',''),(1141,'Halve the damage dealt to the swarm before applying soak unless the weapon has the Blast or Burn quality [Regardless of wether or not that quality is activated]',''),(1142,'On a successful hit the target must pass an Average Resilience check or be disoriented for 3 rounds.',''),(1143,'It the [SPECIES] scores a Critical Hit or exceeds a target\'s strain threshold, the target must make a successful Hard Resilience check or fall unconscious for 5 minutes or until a successful Average Medicine check revives him.',''),(1151,'+1 soak, +1 defense',''),(1152,'Tail can be used to grab.',''),(1153,'Add [BOOST][BOOST] to Stealth checks',''),(1158,'If the [SPECIES] users the aim maneuver, it also gains Knockdown on its next attack',''),(1165,'Spit a stream of water as a ranged attack',''),(1170,'Upgrade Ability dice when fighting wild creatures once',''),(1171,'Add [BOOST][BOOST] to resist fear against wild creatures',''),(1173,'[SELF] gains +1 ranks in Vigilance and Perception and can zoom in to see items and organisms in the microscopic realm',''),(1174,'May ignore one [FAILURE] and [THREAT] when making Medicine check related to cybernetics installation, diagnostics, or alterations',''),(1182,'Maximum altitude 3 meters',''),(1183,'Range [Medium]',''),(1188,'Recover 1 additional would from natural rest or bacta tank, regrow lost limb in 1 month',''),(1258,'When allied minion groups within short range perform the Covering Fire maneuver, they add +2 ranged defense instead.',''),(1268,'Alliance operatives add [BOOST] to all Vigilance and PErception checks when in the NPC\'s presence',''),(1271,'Spend [ADVANTAGE] during melee combat to cause an engaged opponent to suffer 1 strain',''),(1285,'As a maneuver once per encounter, may add [THREAT] to all subsequent Cool and Discipline checks made by enemies within medium range for the remainder of the encounter',''),(1287,'For each [SELF] member in the minion group beyond the first, reduce the Cumbersome rating of their weapons by 1',''),(1294,'Add automatic [ADVANTAGE] to app Perception checks',''),(1312,'Gain [BOOST] on all rolls made to duplicate a familiar document',''),(1325,'Gain [SUCCESS] or [ADVANTAGE] on Athletics checks',''),(1326,'Gain vague hints of events to come.',''),(1358,'May upgrade one skill die when engaged and outnumbered by enemies',''),(1464,'When a minion group of one or more Mini-Meds performs the assist maneuver to help a character with a Medicine check, that character counts as having +1 rank in the Surgeon talent per Mini-Med in the group',''),(1469,'When a SDMN Session Droid performs the Assist maneuver to help a character make a check as part of a performance, that character adds automatic [ADVANTAGE][ADVANTAGE] to the results instead of the usual benifits.',''),(1501,'As a maneuver, may self destruct to inflict one automatic hit dealing 15 damage to everything within short range',''),(1505,'The [SELF] hide is immune to the Pierce or Breach qualities',''),(1510,'As an incidental, the GM may spend a dark side Destiny point for Balrekk to gain Vicious +2 on all his weapons until the end of his turn.',''),(1527,'This creature relies on smell and vibration to find its prey.  A target gains no benefit from cover in an engagement with this creature as it smells the victim and senses its movement.',''),(1529,'Roll [FORCE] on Initiative checks; [LIGHT]: gain [SUCCESS] per point on its initiative check',''),(1530,'commit [FORCE]: gain [BOOST][BOOST] on Stealth checks',''),(1565,'All [SPECIES] gain [BOOST] on any Coordination or Piloting checks and know which way is north at all times',''),(1605,'One free rank of Discipline.  May not train above rank 2 during character creation.',''),(1623,'Remove up to [SETBACK] due to lighting conditions.',''),(1626,'Add [ADVANTAGE] to any Charm or Negotiation check.',''),(1701,'[SPECIES] are not capable of operating on land.',''),(1703,'Downgrade difficulty of checks to train [SPECIES] by one',''),(1704,'add [BOOST] to a rider\'s Survival checks while mounted on a [SPECIES]',''),(1709,'[SPECIES] add 10 to their encumbrance threshold',''),(1710,'add [BOOST][BOOST] to a rider\'s Survival checks while mounted on a [SPECIES]',''),(1718,'[SPECIES] remove [SETBACK] from any checks made to traverse sandy or desert terrain.',''),(1722,'Upgrade the difficulty of checks to train [SPECIES] by one.',''),(1723,'[SPECIES] add 5 to their encumbrance threshold.',''),(1727,'Downgrade the difficulty of checks to train [SPECIES] by two.',''),(1731,' ',''),(1732,'[SPECIES] add 20 to their encumbrance threshold.',''),(1733,'[SPECIES] are immune to the effects of fear.',''),(1743,'[SPECIES] are immune to the effects of heat and hot environments',''),(1747,'[SPECIES] are immune to the effects of cold and below-feezing environments',''),(1758,'Difficulty for training this beast is not upgraded.',''),(1759,'When [SPECIES] suffer a Critical Injury, they add +40 to the Critical Injury roll',''),(1763,'[SPECIES] can suffer 2 strain to count as a flyer for the remainder of the turn.',''),(1846,'By emitting pheromones and altering their skin color, [SPECIES] can affect emotional states of other sentients.  Once per check as an incidental, a [SPECIES] may suffer 2 strain to upgrade the ability of a Charm, Deception, or Negotiation check against a living sentient being within short range once.  This ability has no effect on targets wearing breath masks or without respiratory systems.',''),(1848,'The head cones of a Gotal are finly tuned sensory organs used to detect almost the entirety of the electromagnetic spectrum. Once per encounter as a maneuver, a Gotal may sense the presence and current emotional states of all living things within short range of himself. ',''),(1850,'Quarren can spit ink from a specialized sac within their gills that disperses in water, creating a brief murk used to confuse foes or escape predators.  This ability can be used on land as well, though it is considerably less effective because it must be sprayed directly on the target.  Once per encounter, as an out-of-turn incidental, a Quarren may suffer 2 strain to add [SETBACK] to a combat check made by a character within a short range (under water, it adds [SETBACK][SETBACK][SETBACK])',''),(1925,'As an incidental, spend a dark side Destiny Point to give the toothy bite weapon the Burn 2 quality until the end of the [SPECIES]\'s turn; this is a chemical burn.',''),(1930,'While within short range of a Huttlet,  non-Hutt characters reduce their strain thresholds by 2.',''),(1934,'Due to their cybernetic modifications, Ganks can communicate silently with other Ganks',''),(1936,'Gain a [BOOST] on all Survival checks made to trak prey, and adds [SETBACK] to enemy Stealth checks made against the [SPECIES]',''),(1942,'Does not need to breathe and can survive in vacuum and underwater;  immune to poisons and toxins.',''),(1943,'Once per encounter as an action, [SPECIES] can unleash a pulse of light from its body;  all targets within short range are disoriented for two turns.',''),(1948,'The GM may flip aone dark side Destiny Point to have the Kintan Strider heal 5 wounds.',''),(1949,'As an incidental, once per round, the GM may have the Kintan Strider reroll a Brawl or Melee check;  if he does so, the Kintan Strider loses the benefits of the Adversary and Durable talents until the beginning of its next turn.',''),(1953,'When making skill checks, Red Niktos mar remove [SETBACK] imposed due to arid or hot environmental conditions.',''),(1956,'Once per game session as an incidental, the elder may have a character within short range heal 4 wounds.',''),(1960,'When a rass is hit by a melee attack, the GM can spend [THREAT][THREAT] to inflict 1 wound [ignoring soak] on the attacker.',''),(1970,'May add [ADVANTAGE] to all Brawn-related skill checks.',''),(1974,'When engaged with a target, allies recieve [BOOST] to combat checks made against the engaged target.',''),(1979,'Weequay may communicate with other Weequay using pheromones if they are within short range of each other.',''),(1995,'Upgrade the difficulty of the social checks targeting the Vordan Enforcer\'s loyalty or interfere with his duty to his Hutt masters',''),(1998,'As an action, may make an Opposed Charm vs. Discipline check against a target at up to medium range to disorient the target for a number of rounds equal to [SUCCESS]; may spend [ADVANTAGE][ADVANTAGE][ADVANTAGE] or [TRIUMPH] to stagger the target for 1 round instead',''),(2014,'Whenever a shaoryn inflicts damage on a target after soak, it heals half that many wounds [rounded up]',''),(2020,'Brawl; Damage +1; Critical 3; Range [Engaged]',''),(2039,'Hutt security droid neither speaks nor understands Basic',''),(2041,'Any creature  that successfully hits the amphibipole with a successful unarmed attack must succeed at a Hard Resilience check or be poisoned, suffering 3 wounds at the beginning of his turn for the next three rounds [this ignores soak]',''),(2046,'Once per game session, a Caamasi may orm a new memnis that encompasses one scene or encounter.  At any time, a Caamasi may perfectly recall any memnis that he has formed or witnessed, or share it with another Caamasi or a Force-sensitive character.',''),(2124,'When encountering a new speries or language not in its databases, a TC-series protocol droid may make an Easy Knowledge [Education] check to learn enough of the new dilect to communicate.',''),(2126,'M-3PO-series military protocol droids allow allies to add pBOOST] to any Knowledge (Warfare) checks that benifit from an understanding of logistics or military procedure.',''),(2128,'May make Charm, Deception, and Negotiation checks using the characteristics and skills of its master; such checks suffer [SETBACK][SETBACK] due to the imperfect mimicry, and the droid does not benefit from any relevant talents that its master possesses.',''),(2130,'LOM-series protocol droids allow allies to remove [SETBACK] from Negotiation checks or other checks made to negotiate mor mediate when dealing with insectoid species.',''),(2148,'As an action, may make an Easy Survival Check; each [SUCCESS] causes one target in medium range to be disoriented for 1 round.  Each [ADVANTAGE][ADVANTAGE] extends the number of rounds by 1',''),(2167,'Once per encounter, may make an Easy Charm check targeting an engaged character; that character recovers 1 strain per [SUCCESS]',''),(2172,'As an action, may make an oppesed Coercion check vs. Cool against one character at up to medium range;  on a success, the target is staggered for one round and the falcon moves to engaged with the target; [ADVANTAGE] may be spent to cause the target to suffer 1 strain, and [TRIUMPH] may be spent to extend the effect of the stagger by 1 round.',''),(2176,'Once per encounter, the Doellinist High Priest may re-roll a social skill check that targeted a Gran character.',''),(2195,'Add automatic [THREAT][THREAT] to all social checks made to convince an orange-rating constable to act against the best interest of Sullust',''),(2197,'Add automatic [THREAT][THREAT][THREAT] to all social checks made to convince an orange-rating constable to act against the best interest of Sullust',''),(2202,'Knytix produce viscous saliva that can be used as an advesive.',''),(2209,'Vratix can secrete one liter of bacta per day',''),(2213,'When in jungle, choku add [BOOST}[BOOST] to all Stealth checks',''),(2228,'The vast majority of Polis Massans are born without vocal cords, though a small subset does possess them.  When creating a Polis Massan character, a player may spend 10 starting XP to specify that the character possesses vocal cords.',''),(2229,'Polis Massans can communicate with other beings at short range using a simple form of telepathy.  This communication is akin to broadcast, and anyone within short range \"hears\" the Polis Massan\'s speech.  Polis Massans can only \"whisper\" privately to beings they are engaged with.',''),(2231,'the compound eyesof a Verpine are capable of seeing tiny, even microscopic, details.   When closely examining an object, Verpine characters add [BOOST] to their Perception checks.',''),(2232,'Verpine can produce and hear radio waves, which allows them to silently communicate with other Verpine and specially tuned comlinks within a 100-kilometer range.',''),(2295,'Add [ADVANTAGE] to all Astrogation Checks',''),(2329,'Once per game session, the character mar reroll any one Athletics check made when climbing',''),(2343,'Spend a maneuver to direct one clone trooper within medium range.  The clone trooper may perform an immediate free maneuver or add [BOOST] to the trooper\'s next check.',''),(2344,'Add [BOOST] to all checks during combat while within medium range of one or more clone trooper allies.',''),(2347,'Add [SETBACK] when attempting a Perception check based on auditory clues.',''),(2349,'Add [SETBACK] to ranged attacks and vision-based Perception checks at long and extreme range',''),(2350,'Add [SETBACK] to any Agility checks',''),(2351,'has difficulty remembering specific details, and must succeed at an Average Vigilance check to recall anything important.',''),(2358,'Add [BOOST] to any Perception checks involving vision.',''),(2366,'Anyone bitten by a [SPECIES] must succeed at an Average Resilience check or lose his free maneuver for five rounds',''),(2389,'Add [BOOST][BOOST] to Survival checks made to track prey',''),(2397,'When the Savrip has sffered any wounds, it deatls +1 damage to Brawl and Melee attacks; when the Savrip is Critically Injured, it instead deals +2 damage to Brawl and Melee attacks',''),(2423,'Noira is such an aws-inspiring figure that anyone attempting to attack her suffers [SETBACK] to their check unless they spend a Destiny Point;  use of the Destiny Point for this purpose makes the character in question immune from this ability',''),(2430,'Cereans treat all Knowledge skills as carrer skills',''),(2432,'When making skill checks, Kel Dors remove up to [SETBACK][SETBACK] imposed due to darkness.',''),(2433,'Kel Dors must wear a specialized mask to breathe and see outside of their native atmosphere.',''),(2437,'When performing the assist maneuver, Togrutas grand [BOOST][BOOST] instead of [BOOST]',''),(2439,'Zabrak add automatic [ADVANTAGE] to all Coercion Checks they make.',''),(2571,'Telepathically guide allies',''),(2572,'Telekinetic powers than can seize others from afar.',''),(2573,'Manipulate the living energy in things around him.',''),(2574,'Create illusions to fool those around him.',''),(2575,'Guide the flow of energy',''),(2576,'Allow the will of the force to lead the way.',''),(2577,'Sense the Force interacting with the world.',''),(2588,'Breathes ammonia; must use a respirator, and if exposed to oxygen, treats it as a dangerous atsmophere with a rating 8',''),(2598,'Has multiple does of neurotoxin.  Can introduce into food or drink for a maneuver or apply to a weapon for a maneuver.',''),(2610,'Should the probe droid\'s mission become compromised, it may self-destruct as an out of turn incidental;  this explosion does 10 damage to engaged characters.',''),(2622,'May add [FORCE] to any Computers check or Skulduggery check to analyze or infiltrate a security system.  Spend [FORCE POINT] to add [ADVANTAGE] to the check.  Spend [FORCE POINT][FORCE POINT] to add [SUCCESS] to any Computers check.',''),(2624,'When making a check to gamble, a Deception check, or a Negotiation check, add [FORCE] to the check.  Each [LIGHT] result automatically adds [SUCCESS] to the check.  [DARK][DARK] results automatically add [DISPAIR]  to the check',''),(2626,'uses Dark Side results instead of Light Side results, see page 281 F-CRB)',''),(2636,'The acklay gains [BOOST] on all Brawl checks and may spend [ADVANTAGE][ADVANTAGE] on a successful melee attack to hit a second target engaged with it, dealing the same damage as dealt to the original target.',''),(2640,'Jakobeasts have an encumbrance threshold of 20',''),(2644,'The Jubba Bird may make an Average Charm check to heal 1 strain per [SUCCESS] from all creatures within medium range.',''),(2648,'At the GM\'s discresion, the kaaten may make and opposed Charm or Deception versus Vigilance check as an action to pretend to be a friend, companion, loved one, or of the same species as its target.',''),(2652,'If a target suffers wounds from a kouhun\'s mandible attack, the target must make an Average Resilience check.',''),(2657,'Add [SETBACK][SETBACK][SETBACK] to all checks made to spot or track the maalraa.',''),(2661,'The vornskr may make an Average PErception check to detect all Force-sensitive creatures or characters witha  Force rating within medium range.',''),(2666,'An adult ysalamir creates a spherical zone extending out to short range, inside which Force-sensitive characters and creatures cannot exert influence over the Force.',''),(2673,'Remove up to [SETBACK] from any checks due to hot or arid environmental conditions.',''),(2696,'If an Ishi Tib has not been doused in salt water in the last twenty-four hours the character\'s wound threshold is reduced by 2.',''),(2698,'A Lannik removes up to [SETBACK] caused by Critical Injuries, fear, or the disoriented condition from all checks.',''),(2715,'T-series tactical droids adds [BOOST][BOOST] when making Leadership and Knowledge [Warfare] checks',''),(2742,'Iktotchi occasionally see glimpses of the future, letting them predict certain events even before they occur.',''),(2745,'A Whiphid adds automatic [SUCCESS] to Survival checks and can survive several weeks without food thanks to reserve blubber.',''),(2759,'Can dampen the effect of incoming force powers.',''),(2782,'add [BOOST] to all checks made to defend its designated master.',''),(2783,'reduces the difficulty of scent-based Perception checks by 1',''),(2836,'Can feel the Force flowing around another specific individual to gain insight into what that person might do.',''),(2838,'Bearsloths treat trees and branches as normal terrain and do not make checks or spend extra maneuvers in order to move along them vertically or horizontally.',''),(2839,'Whenever a bearsloth successfully attacks a target [wether or not it deals damage], the GM may flip a dark side Destiny Point to have the target suffer the effects of being exposed to bearsloth venom.',''),(2843,'Tarvixes treat trees and branches as normal terrain and do not make checks or spend extra maneuvers in order to move along them vertically or horizontally.',''),(2850,'Increase the difficulty of a Melee or Ranged [Light] attack check by one in order to inflict stun damage and gain the Knockdown quality; spend [ADVANTAGE] to grant this ability to a Quolas guard minion group at short range for one round.',''),(2854,'As an action, make an Average LEadership check to add [BOOST] to all combat checks by allies within short range for one round.',''),(2865,'Upgrade the difficulty of Force power skill checks targeting Oberos once.',''),(2870,'Minion groups of Neimoidian citizens possess the Discipline and Cool skills as long as no member of the group has been killed or incapacitated.',''),(2876,'As an incidental, add [BOOST] to Piloting (Planetary) checks by voluntarily inflicting 2 system strain on vehicle',''),(2881,'If TH-313 generates 3[THREAT] on [DISPAIR] on an Athletics, Brawl, or Melee check, he is immobilized for one round.',''),(2883,'Add [BOOST] to all Coercion checks.',''),(2887,'As an action, a droideka can make a Hard Gunnery check to inflict on hit that deals base damage with its built-in twin heavy blasters on up to two targets within medium range, plus one additional target per [ADVANTAGE] on the check; it can only hit each target once this way',''),(2888,'Maneuver to activate or deactivate; while active, gains defense 2 and upgrades the difficulty of all combat attacks targeting the droideka once, but droideka cannot use the Move maneuver.',''),(2892,'Add [SETBACK][SETBACK] to all combat checks and Perception checks against phantasmal beasts of Moraband',''),(2894,'Combat checks targeting Moraband Sith phantasms always use Willpower in place of the characteristic normally associated with that skill;  the Pierce and Breach qualities do not reduce a Sith phantasm\'s soak',''),(2895,'A Moraband Sith phantasm can spend [2 ADVANTAGE] on a combat check or [@ THREAT] on an engaged enemy\'s combat check to have the target mak an Average fear check [upgraded once for the phantasm\'s terrifying nature]; if the target fails, the phantasm transforms into a figure inspired by the target\'s greatest fear in addition to any other effects of the failed check.',''),(2901,'add [BOOST] to any Negotiation or Streetwise checks unless the target is immune to Foce powers.',''),(2919,'Remove [SETBACK] on Survival checks due to cold environments.',''),(2923,'A minion group of four or more blismal can set up a shrieking racket as an action.  All targets within close range must make a Hard Resilience check.  Failure causes a target to suffer 4 strain and become disoriented until the noise stops.  Characters in sealed armor or who are wearing ear protection are not effected.',''),(2931,'Razhak upgrade all Perception checks once.',''),(2932,'When an opponent ends its turn engaged with the razhak, the opponent suffers 2 wounds and 2 strain.',''),(2936,'Immune to the effects of cold and hazardous weather',''),(2937,'As an action, may make an opposed Deception check vs. Vigilance [when multiple opponents are present, the best Vigilance skill determines difficulty] to create illusion of greater size and threat.  If the snowfeather succeeds, all opponents present must make a Hard fear check.  Force-sensitive characters add [SETBACK] to the fear check; droids and other characters immune fo Force powers automatically pass the check.',''),(2942,'Opponents add [SETBACK] to Initiative checks using Vigilance',''),(2957,'Silhouette 5',''),(2958,'Upon first seeing a sando aqua monster, and individual must make a Daunting fear check with the difficulty upgraded once to reflect the sheer dread the beast invokes.',''),(3014,'When making a check to repair or craft an item, the cendiary priest may add 3[FORCE] to the check.  The cendiary priest may spend 4[FORCE POINT] to give the item the Cortosis or Superior quality.',''),(3034,'A character who takes damage from a bloodfly bite must make an Average Resilience checks; failure results in 4 damage, ignoring soak, and the character halves his strain threshold, rounding up, util the character spends at least an hour in a bacta tank or undergoes similarly extensive medical treatment.',''),(3038,'Loth-cats remove all [SETBACK] added to checks due to low-light conditions or darkness',''),(3045,'Add 2[SETBACK] to all check made to handle, domesticate, or otherwise work with a nerf',''),(3058,'[SPECIES] add 4 to their encumbrance threshold',''),(3077,'When making a ranged attack with a concussion bow, a Ysanna hunter can add [FORCE] to the check and spend [FORCE POINT] to give the attack the Pierce 3 quality.',''),(3087,'Begin the game with one rank in the Durable Talent',''),(3090,'Physiology is naturely hardy and resistant to toxins.  Members of the species add automatic [SUCCESS] to all Resilience checks they make.',''),(3116,'All enemies within short range add [THREAT] to all skill checks they make.',''),(3194,'Dugs are particularly adept rifders.  The begin the game with one rank of the Defensive Driving talent.',''),(3234,'Anx have an innate grasp of how bodies are put togther and are able to intuit the anatomical vulnerabilities of almost any species.  Anx gain one rank of the Lethal Blows talent.',''),(3235,'In an Anx\'s head-crest is not covered, the character upgrades the difficulty of Deception checks once.',''),(3254,'Expand normal cisual senses through a connection to the force.',''),(3256,'Encumbrance threshold of 10 + Brawn.',''),(3258,'Add [BOOST] to all Perception and Vigilance checks while wearing protective earpieces. Without earpieces, add [THREAT] to Perception and Vigilance checks they make instead.',''),(3315,'Allies add [BOOST] to any Negotiation or other checks to negotiate or mediate in the Outer Rim.',''),(3321,'Allow allies to add [BOOST] to any Negotiation or other checks to negotiate or mediate with any non-humanoid species.',''),(3336,'Any other character who spends at least 1 hour practicing with this droid can increase their melee defense rating by 2 for rest of session.',''),(3341,'Allow allies to add [BOOST][BOOST] to any opposed Presence- or Willpower-based checks or other checks to negotiate or mediate in the Outer Rim.',''),(3357,'Before using a maneuver to move, an Elom may spend a maneuver to dig, allowing the character to use that move maneuver to travel through loose soil or similar terrain. At the GM\'s discretion, this excavation can result in a low, narrow tunnel that others can use.',''),(3360,'Kyuzo are adapted for relatively high gravity, and can make bounding leaps on most other worlds. Once per round as a maneuver, a Kyuzo may suffer 3 strain to leap horizontally or vertically to any location within medium range.',''),(3362,'When making a check for Initiative, a Shistavanen may make a Survival check instead of a Cool or Vigilance check.',''),(3427,'As an action, a [SPECIES] may suffer 3 strain and make an [AVERAGE] Resilience check. If the [SPECIES] succeeds, she changes appearance to match that of a silhouette 1 character whom she has observed before. An observing character must make opposed Perception vs Deception check to detect that something is amiss with the impersonated character\'s likeness, mannerisms, or behavior. As always, the GM can add [BOOST] or [SETBACK] for situational effects that might affect the check.',''),(3429,'[SPECIES] begin the game with the Heightened Awareness talent.',''),(3488,'Muun characters start the game with an additional 1,000 credits that may not be spent during character creation.',''),(3490,'When making skill checks, Pantorans may remove [SETBACK] imposed due to cold environmental conditions.',''),(3501,'Shapes machine components',''),(3502,'Lends strength to allies, making them more potent, resourceful, or resilient for a time.',''),(3503,'Empower the user or sap strength from foes.',''),(3519,'For every three DUM-series droids in a group, add [BOOST] to all Computers, Mechanics, and Perception checks they make.','');
/*!40000 ALTER TABLE `character_ability` ENABLE KEYS */;
UNLOCK TABLES;

--
-- Table structure for table `character_career`
--

DROP TABLE IF EXISTS `character_career`;
/*!40101 SET @saved_cs_client     = @@character_set_client */;
/*!40101 SET character_set_client = utf8 */;
CREATE TABLE `character_career` (
  `entry_ptr_id` int(11) NOT NULL,
  PRIMARY KEY (`entry_ptr_id`),
  CONSTRAINT `entry_ptr_id_refs_id_1a3a5c1d` FOREIGN KEY (`entry_ptr_id`) REFERENCES `base_entry` (`id`)
) ENGINE=InnoDB DEFAULT CHARSET=latin1;
/*!40101 SET character_set_client = @saved_cs_client */;

--
-- Dumping data for table `character_career`
--

LOCK TABLES `character_career` WRITE;
/*!40000 ALTER TABLE `character_career` DISABLE KEYS */;
/*!40000 ALTER TABLE `character_career` ENABLE KEYS */;
UNLOCK TABLES;

--
-- Table structure for table `character_career_skills`
--

DROP TABLE IF EXISTS `character_career_skills`;
/*!40101 SET @saved_cs_client     = @@character_set_client */;
/*!40101 SET character_set_client = utf8 */;
CREATE TABLE `character_career_skills` (
  `id` int(11) NOT NULL AUTO_INCREMENT,
  `career_id` int(11) NOT NULL,
  `skill_id` int(11) NOT NULL,
  PRIMARY KEY (`id`),
  UNIQUE KEY `career_id` (`career_id`,`skill_id`),
  KEY `character_career_skills_cd02807c` (`career_id`),
  KEY `character_career_skills_85a9a3f0` (`skill_id`),
  CONSTRAINT `career_id_refs_entry_ptr_id_6c3c3829` FOREIGN KEY (`career_id`) REFERENCES `character_career` (`entry_ptr_id`),
  CONSTRAINT `skill_id_refs_entry_ptr_id_040b9bc8` FOREIGN KEY (`skill_id`) REFERENCES `character_skill` (`entry_ptr_id`)
) ENGINE=InnoDB DEFAULT CHARSET=latin1;
/*!40101 SET character_set_client = @saved_cs_client */;

--
-- Dumping data for table `character_career_skills`
--

LOCK TABLES `character_career_skills` WRITE;
/*!40000 ALTER TABLE `character_career_skills` DISABLE KEYS */;
/*!40000 ALTER TABLE `character_career_skills` ENABLE KEYS */;
UNLOCK TABLES;

--
-- Table structure for table `character_skill`
--

DROP TABLE IF EXISTS `character_skill`;
/*!40101 SET @saved_cs_client     = @@character_set_client */;
/*!40101 SET character_set_client = utf8 */;
CREATE TABLE `character_skill` (
  `entry_ptr_id` int(11) NOT NULL,
  `characteristic` int(11) NOT NULL,
  `skill_type` int(11) NOT NULL,
  PRIMARY KEY (`entry_ptr_id`),
  CONSTRAINT `entry_ptr_id_refs_id_cfd9dc99` FOREIGN KEY (`entry_ptr_id`) REFERENCES `base_entry` (`id`)
) ENGINE=InnoDB DEFAULT CHARSET=latin1;
/*!40101 SET character_set_client = @saved_cs_client */;

--
-- Dumping data for table `character_skill`
--

LOCK TABLES `character_skill` WRITE;
/*!40000 ALTER TABLE `character_skill` DISABLE KEYS */;
INSERT INTO `character_skill` VALUES (501,3,1),(502,1,1),(503,1,2),(504,6,1),(505,5,1),(506,3,1),(507,6,1),(508,2,1),(509,3,3),(510,4,1),(511,5,1),(512,3,3),(513,2,2),(514,6,1),(515,3,3),(516,3,1),(517,3,1),(518,1,2),(519,6,1),(520,3,3),(521,4,1),(522,2,1),(523,2,1),(524,2,2),(525,2,2),(526,1,1),(527,4,1),(528,2,1),(529,4,1),(530,4,1),(531,3,3),(532,5,1),(533,3,3),(534,3,3),(535,2,1),(786,1,2),(1193,3,3),(3197,3,1);
/*!40000 ALTER TABLE `character_skill` ENABLE KEYS */;
UNLOCK TABLES;

--
-- Table structure for table `character_specialization`
--

DROP TABLE IF EXISTS `character_specialization`;
/*!40101 SET @saved_cs_client     = @@character_set_client */;
/*!40101 SET character_set_client = utf8 */;
CREATE TABLE `character_specialization` (
  `talenttree_ptr_id` int(11) NOT NULL,
  PRIMARY KEY (`talenttree_ptr_id`),
  CONSTRAINT `talenttree_ptr_id_refs_entry_ptr_id_d529e2ef` FOREIGN KEY (`talenttree_ptr_id`) REFERENCES `character_talenttree` (`entry_ptr_id`)
) ENGINE=InnoDB DEFAULT CHARSET=latin1;
/*!40101 SET character_set_client = @saved_cs_client */;

--
-- Dumping data for table `character_specialization`
--

LOCK TABLES `character_specialization` WRITE;
/*!40000 ALTER TABLE `character_specialization` DISABLE KEYS */;
/*!40000 ALTER TABLE `character_specialization` ENABLE KEYS */;
UNLOCK TABLES;

--
-- Table structure for table `character_specialization_careers`
--

DROP TABLE IF EXISTS `character_specialization_careers`;
/*!40101 SET @saved_cs_client     = @@character_set_client */;
/*!40101 SET character_set_client = utf8 */;
CREATE TABLE `character_specialization_careers` (
  `id` int(11) NOT NULL AUTO_INCREMENT,
  `specialization_id` int(11) NOT NULL,
  `career_id` int(11) NOT NULL,
  PRIMARY KEY (`id`),
  UNIQUE KEY `specialization_id` (`specialization_id`,`career_id`),
  KEY `character_specialization_careers_4dbf8ba3` (`specialization_id`),
  KEY `character_specialization_careers_cd02807c` (`career_id`),
  CONSTRAINT `career_id_refs_entry_ptr_id_065320e7` FOREIGN KEY (`career_id`) REFERENCES `character_career` (`entry_ptr_id`),
  CONSTRAINT `specialization_id_refs_talenttree_ptr_id_4daa2982` FOREIGN KEY (`specialization_id`) REFERENCES `character_specialization` (`talenttree_ptr_id`)
) ENGINE=InnoDB DEFAULT CHARSET=latin1;
/*!40101 SET character_set_client = @saved_cs_client */;

--
-- Dumping data for table `character_specialization_careers`
--

LOCK TABLES `character_specialization_careers` WRITE;
/*!40000 ALTER TABLE `character_specialization_careers` DISABLE KEYS */;
/*!40000 ALTER TABLE `character_specialization_careers` ENABLE KEYS */;
UNLOCK TABLES;

--
-- Table structure for table `character_species`
--

DROP TABLE IF EXISTS `character_species`;
/*!40101 SET @saved_cs_client     = @@character_set_client */;
/*!40101 SET character_set_client = utf8 */;
CREATE TABLE `character_species` (
  `entry_ptr_id` int(11) NOT NULL,
  `player_race` tinyint(1) NOT NULL,
  `base_brawn` int(11) NOT NULL,
  `base_agility` int(11) NOT NULL,
  `base_intellect` int(11) NOT NULL,
  `base_cunning` int(11) NOT NULL,
  `base_willpower` int(11) NOT NULL,
  `base_presence` int(11) NOT NULL,
  `wound_threshold_modifier` int(11) NOT NULL,
  `strain_threshold_modifier` int(11) NOT NULL,
  `starting_experience` int(11) NOT NULL,
  PRIMARY KEY (`entry_ptr_id`),
  CONSTRAINT `entry_ptr_id_refs_id_558438bb` FOREIGN KEY (`entry_ptr_id`) REFERENCES `base_entry` (`id`)
) ENGINE=InnoDB DEFAULT CHARSET=latin1;
/*!40101 SET character_set_client = @saved_cs_client */;

--
-- Dumping data for table `character_species`
--

LOCK TABLES `character_species` WRITE;
/*!40000 ALTER TABLE `character_species` DISABLE KEYS */;
INSERT INTO `character_species` VALUES (836,0,0,0,0,0,0,0,0,0,0),(839,0,0,0,0,0,0,0,0,0,0),(842,0,0,0,0,0,0,0,0,0,0),(845,0,0,0,0,0,0,0,0,0,0),(850,1,1,2,2,3,2,2,10,11,100),(901,0,0,0,0,0,0,0,0,0,0),(918,0,0,0,0,0,0,0,0,0,0),(953,0,0,0,0,0,0,0,0,0,0),(958,0,0,0,0,0,0,0,0,0,0),(964,0,0,0,0,0,0,0,0,0,0),(969,0,0,0,0,0,0,0,0,0,0),(973,0,0,0,0,0,0,0,0,0,0),(983,0,0,0,0,0,0,0,0,0,0),(987,0,0,0,0,0,0,0,0,0,0),(994,0,0,0,0,0,0,0,0,0,0),(998,0,0,0,0,0,0,0,0,0,0),(1002,0,0,0,0,0,0,0,0,0,0),(1006,0,0,0,0,0,0,0,0,0,0),(1011,0,0,0,0,0,0,0,0,0,0),(1016,0,0,0,0,0,0,0,0,0,0),(1021,0,0,0,0,0,0,0,0,0,0),(1027,0,0,0,0,0,0,0,0,0,0),(1045,0,0,0,0,0,0,0,0,0,0),(1053,0,0,0,0,0,0,0,0,0,0),(1057,0,0,0,0,0,0,0,0,0,0),(1061,0,0,0,0,0,0,0,0,0,0),(1066,0,0,0,0,0,0,0,0,0,0),(1104,0,0,0,0,0,0,0,0,0,0),(1144,0,0,0,0,0,0,0,0,0,0),(1147,0,0,0,0,0,0,0,0,0,0),(1154,0,0,0,0,0,0,0,0,0,0),(1159,0,0,0,0,0,0,0,0,0,0),(1166,0,0,0,0,0,0,0,0,0,0),(1506,0,0,0,0,0,0,0,0,0,0),(1515,0,0,0,0,0,0,0,0,0,0),(1518,0,0,0,0,0,0,0,0,0,0),(1521,0,0,0,0,0,0,0,0,0,0),(1524,0,0,0,0,0,0,0,0,0,0),(1525,0,0,0,0,0,0,0,0,0,0),(1526,0,0,0,0,0,0,0,0,0,0),(1528,0,0,0,0,0,0,0,0,0,0),(1531,0,0,0,0,0,0,0,0,0,0),(1604,1,1,1,1,1,1,1,10,10,175),(1606,1,2,2,2,2,3,1,10,10,100),(1607,1,2,2,2,2,2,2,10,10,110),(1608,1,2,3,2,2,1,2,10,10,100),(1609,1,3,1,2,2,2,2,12,9,90),(1610,1,1,2,2,2,2,3,10,11,100),(1611,1,3,2,2,2,1,2,14,8,90),(1612,1,1,2,3,2,2,2,11,10,100),(1613,1,2,2,2,1,2,3,10,9,100),(1614,1,2,1,2,2,3,2,9,12,90),(1615,1,2,2,3,1,2,2,10,10,100),(1616,1,2,3,2,1,2,2,10,10,100),(1617,1,1,1,4,2,2,2,8,12,90),(1618,1,2,3,2,1,3,1,11,10,80),(1619,1,2,2,2,2,2,2,10,10,110),(1620,1,3,2,1,2,2,2,11,8,90),(1621,1,2,3,2,2,1,2,10,10,100),(1622,1,3,2,1,3,2,1,10,9,90),(1624,1,2,2,3,2,2,1,10,10,100),(1625,1,1,1,2,2,3,3,9,12,90),(1627,1,1,2,2,2,3,2,10,10,100),(1628,1,3,1,2,3,2,1,11,11,80),(1629,1,1,3,3,2,1,2,9,11,90),(1630,1,2,2,2,2,3,1,11,10,110),(1631,1,1,3,2,2,1,2,9,9,85),(1702,0,0,0,0,0,0,0,0,0,0),(1705,0,0,0,0,0,0,0,0,0,0),(1711,0,0,0,0,0,0,0,0,0,0),(1715,0,0,0,0,0,0,0,0,0,0),(1719,0,0,0,0,0,0,0,0,0,0),(1724,0,0,0,0,0,0,0,0,0,0),(1728,0,0,0,0,0,0,0,0,0,0),(1734,0,0,0,0,0,0,0,0,0,0),(1737,0,0,0,0,0,0,0,0,0,0),(1740,0,0,0,0,0,0,0,0,0,0),(1744,0,0,0,0,0,0,0,0,0,0),(1748,0,0,0,0,0,0,0,0,0,0),(1752,0,0,0,0,0,0,0,0,0,0),(1755,0,0,0,0,0,0,0,0,0,0),(1760,0,0,0,0,0,0,0,0,0,0),(1764,0,0,0,0,0,0,0,0,0,0),(1795,1,3,1,2,2,3,2,13,11,70),(1796,1,2,2,2,2,2,1,10,10,110),(1797,1,3,2,2,2,2,1,11,10,100),(1798,1,2,2,3,2,2,2,8,10,80),(1847,1,1,2,2,2,2,3,10,12,90),(1849,1,2,2,2,3,2,1,9,8,100),(1851,1,2,2,1,2,3,2,10,8,95),(1926,0,0,0,0,0,0,0,0,0,0),(1937,0,0,0,0,0,0,0,0,0,0),(1944,0,0,0,0,0,0,0,0,0,0),(1961,0,0,0,0,0,0,0,0,0,0),(1966,0,0,0,0,0,0,0,0,0,0),(1971,0,0,0,0,0,0,0,0,0,0),(1975,0,0,0,0,0,0,0,0,0,0),(2007,0,0,0,0,0,0,0,0,0,0),(2015,0,0,0,0,0,0,0,0,0,0),(2033,0,0,0,0,0,0,0,0,0,0),(2042,0,0,0,0,0,0,0,0,0,0),(2047,1,2,2,2,1,3,2,10,11,100),(2048,1,1,2,3,3,1,2,11,9,90),(2049,1,1,2,2,3,2,2,9,11,100),(2145,0,0,0,0,0,0,0,0,0,0),(2149,0,0,0,0,0,0,0,0,0,0),(2152,0,0,0,0,0,0,0,0,0,0),(2155,0,0,0,0,0,0,0,0,0,0),(2168,0,0,0,0,0,0,0,0,0,0),(2173,0,0,0,0,0,0,0,0,0,0),(2181,0,0,0,0,0,0,0,0,0,0),(2184,0,0,0,0,0,0,0,0,0,0),(2187,0,0,0,0,0,0,0,0,0,0),(2192,0,0,0,0,0,0,0,0,0,0),(2203,0,0,0,0,0,0,0,0,0,0),(2206,0,0,0,0,0,0,0,0,0,0),(2214,0,0,0,0,0,0,0,0,0,0),(2217,0,0,0,0,0,0,0,0,0,0),(2221,0,0,0,0,0,0,0,0,0,0),(2230,1,1,2,3,2,3,1,8,11,100),(2233,1,2,3,3,1,2,1,9,12,80),(2322,0,0,0,0,0,0,0,0,0,0),(2325,0,0,0,0,0,0,0,0,0,0),(2330,0,0,0,0,0,0,0,0,0,0),(2359,0,0,0,0,0,0,0,0,0,0),(2363,0,0,0,0,0,0,0,0,0,0),(2367,0,0,0,0,0,0,0,0,0,0),(2390,0,0,0,0,0,0,0,0,0,0),(2431,1,2,1,3,2,2,2,10,13,90),(2434,1,1,2,2,2,3,2,10,10,100),(2435,1,2,3,2,1,2,2,11,10,100),(2436,1,3,2,2,2,1,2,11,9,100),(2438,1,1,2,2,3,2,2,10,10,100),(2440,1,2,2,2,2,3,1,10,10,100),(2637,0,0,0,0,0,0,0,0,0,0),(2641,0,0,0,0,0,0,0,0,0,0),(2645,0,0,0,0,0,0,0,0,0,0),(2649,0,0,0,0,0,0,0,0,0,0),(2653,0,0,0,0,0,0,0,0,0,0),(2658,0,0,0,0,0,0,0,0,0,0),(2662,0,0,0,0,0,0,0,0,0,0),(2667,0,0,0,0,0,0,0,0,0,0),(2687,0,0,0,0,0,0,0,0,0,0),(2690,0,0,0,0,0,0,0,0,0,0),(2695,1,2,1,2,2,3,2,11,10,90),(2697,1,2,2,3,2,1,2,12,10,100),(2699,1,2,1,3,2,2,2,8,12,95),(2743,1,2,2,2,2,3,1,10,12,90),(2744,1,2,1,3,2,2,2,8,12,100),(2746,1,3,2,2,1,2,2,12,10,80),(2837,1,1,3,2,2,2,2,8,10,100),(2840,0,0,0,0,0,0,0,0,0,0),(2844,0,0,0,0,0,0,0,0,0,0),(2914,0,0,0,0,0,0,0,0,0,0),(2920,0,0,0,0,0,0,0,0,0,0),(2924,0,0,0,0,0,0,0,0,0,0),(2927,0,0,0,0,0,0,0,0,0,0),(2933,0,0,0,0,0,0,0,0,0,0),(2938,0,0,0,0,0,0,0,0,0,0),(2943,0,0,0,0,0,0,0,0,0,0),(2953,0,0,0,0,0,0,0,0,0,0),(2959,0,0,0,0,0,0,0,0,0,0),(2963,0,0,0,0,0,0,0,0,0,0),(2966,0,0,0,0,0,0,0,0,0,0),(2969,0,0,0,0,0,0,0,0,0,0),(2973,0,0,0,0,0,0,0,0,0,0),(2976,0,0,0,0,0,0,0,0,0,0),(3003,0,0,0,0,0,0,0,0,0,0),(3017,0,0,0,0,0,0,0,0,0,0),(3035,0,0,0,0,0,0,0,0,0,0),(3039,0,0,0,0,0,0,0,0,0,0),(3042,0,0,0,0,0,0,0,0,0,0),(3046,0,0,0,0,0,0,0,0,0,0),(3057,0,0,0,0,0,0,0,0,0,0),(3062,0,0,0,0,0,0,0,0,0,0),(3065,0,0,0,0,0,0,0,0,0,0),(3081,0,0,0,0,0,0,0,0,0,0),(3088,1,1,3,2,2,2,2,8,10,95),(3089,1,2,2,2,1,3,2,9,10,105),(3091,1,2,2,2,3,2,1,11,10,95),(3092,1,2,2,1,2,2,3,10,10,100),(3098,0,0,0,0,0,0,0,0,0,0),(3112,0,0,0,0,0,0,0,0,0,0),(3123,0,0,0,0,0,0,0,0,0,0),(3193,1,3,1,2,1,2,2,12,7,85),(3195,1,2,3,2,2,2,1,9,8,90),(3196,1,2,2,2,2,2,1,10,10,100),(3236,1,3,1,2,2,2,2,13,10,85),(3237,1,1,2,3,2,2,1,10,10,85),(3255,1,2,2,3,2,2,1,10,10,100),(3257,0,1,2,3,2,2,2,10,11,95),(3259,0,1,2,2,2,3,2,12,8,95),(3358,1,3,2,2,2,2,1,10,9,100),(3359,1,2,2,3,2,1,2,9,10,105),(3361,1,2,3,2,2,2,1,11,11,90),(3363,1,2,3,3,2,1,1,12,10,80),(3428,1,2,2,2,3,1,2,9,9,95),(3430,1,3,2,2,2,2,1,8,12,90),(3489,1,2,2,3,3,1,1,9,9,90),(3491,0,0,0,0,0,0,0,0,0,0);
/*!40000 ALTER TABLE `character_species` ENABLE KEYS */;
UNLOCK TABLES;

--
-- Table structure for table `character_species_abilities`
--

DROP TABLE IF EXISTS `character_species_abilities`;
/*!40101 SET @saved_cs_client     = @@character_set_client */;
/*!40101 SET character_set_client = utf8 */;
CREATE TABLE `character_species_abilities` (
  `id` int(11) NOT NULL AUTO_INCREMENT,
  `species_id` int(11) NOT NULL,
  `ability_id` int(11) NOT NULL,
  PRIMARY KEY (`id`),
  UNIQUE KEY `species_id` (`species_id`,`ability_id`),
  KEY `character_species_abilities_e1800d51` (`species_id`),
  KEY `character_species_abilities_e5ff2a24` (`ability_id`),
  CONSTRAINT `ability_id_refs_entry_ptr_id_387a8107` FOREIGN KEY (`ability_id`) REFERENCES `character_ability` (`entry_ptr_id`),
  CONSTRAINT `species_id_refs_entry_ptr_id_4d444f6b` FOREIGN KEY (`species_id`) REFERENCES `character_species` (`entry_ptr_id`)
) ENGINE=InnoDB AUTO_INCREMENT=365 DEFAULT CHARSET=latin1;
/*!40101 SET character_set_client = @saved_cs_client */;

--
-- Dumping data for table `character_species_abilities`
--

LOCK TABLES `character_species_abilities` WRITE;
/*!40000 ALTER TABLE `character_species_abilities` DISABLE KEYS */;
INSERT INTO `character_species_abilities` VALUES (1,836,721),(2,836,722),(3,836,723),(4,836,724),(5,839,726),(6,839,727),(7,842,795),(8,842,796),(9,845,798),(76,850,848),(77,850,849),(12,901,900),(13,918,723),(15,953,950),(16,953,951),(14,953,952),(17,958,956),(18,958,957),(19,964,962),(20,964,963),(22,969,878),(23,969,967),(21,969,968),(24,973,956),(25,973,972),(26,983,723),(27,983,982),(30,987,723),(28,987,795),(29,987,982),(32,994,795),(31,994,993),(33,998,723),(34,998,878),(36,1002,795),(35,1002,1001),(37,1006,1005),(38,1011,1010),(39,1016,1014),(40,1016,1015),(41,1021,795),(42,1021,1020),(43,1027,1025),(44,1027,1026),(45,1045,1010),(46,1045,1044),(139,1053,1010),(140,1053,1051),(141,1053,1052),(136,1053,1703),(137,1053,1704),(138,1053,1709),(51,1057,723),(50,1057,1056),(52,1061,1060),(53,1066,1064),(54,1066,1065),(55,1144,1141),(56,1144,1142),(57,1144,1143),(60,1154,1151),(58,1154,1152),(59,1154,1153),(61,1159,1158),(62,1166,1010),(63,1166,1165),(65,1506,723),(64,1506,1505),(66,1525,723),(67,1526,723),(68,1528,1010),(69,1528,1527),(70,1531,1529),(71,1531,1530),(344,1604,800),(362,1606,1605),(74,1609,1188),(75,1611,792),(79,1615,726),(80,1620,726),(81,1624,1623),(82,1625,816),(83,1625,878),(360,1627,1626),(85,1629,878),(165,1631,896),(90,1702,723),(87,1702,726),(88,1702,795),(89,1702,1701),(95,1705,795),(97,1705,1703),(94,1705,1704),(96,1705,1709),(98,1711,1010),(100,1711,1703),(99,1711,1710),(101,1715,1010),(102,1715,1710),(103,1719,1010),(105,1719,1703),(104,1719,1718),(107,1724,1010),(106,1724,1704),(110,1724,1718),(109,1724,1722),(108,1724,1723),(111,1728,1010),(112,1728,1710),(113,1728,1727),(288,1734,726),(285,1734,1731),(286,1734,1732),(287,1734,1733),(293,1737,726),(292,1737,1010),(294,1737,1703),(121,1740,956),(120,1740,1010),(123,1744,795),(122,1744,968),(124,1744,1703),(125,1744,1743),(126,1748,1010),(129,1748,1158),(128,1748,1733),(127,1748,1747),(144,1752,723),(143,1752,1010),(142,1752,1704),(208,1755,1010),(207,1755,1704),(147,1760,816),(148,1760,1010),(149,1760,1758),(150,1760,1759),(151,1764,1010),(152,1764,1763),(153,1795,778),(156,1847,1846),(155,1849,1848),(214,1851,726),(213,1851,1850),(159,1926,795),(160,1926,1925),(161,1937,1936),(162,1944,1010),(163,1944,1942),(164,1944,1943),(167,1961,1010),(166,1961,1960),(168,1966,1001),(169,1966,1010),(171,1971,1970),(172,1975,1974),(173,2007,727),(175,2015,931),(176,2015,2014),(178,2042,726),(179,2042,878),(177,2042,2041),(182,2047,2046),(181,2049,878),(183,2145,1010),(184,2149,2148),(185,2152,1010),(186,2155,1010),(187,2155,1710),(188,2168,2167),(190,2173,878),(189,2173,2172),(192,2181,878),(191,2181,1001),(194,2184,795),(195,2184,957),(193,2184,1001),(196,2184,1710),(197,2187,1001),(198,2187,1731),(200,2192,1010),(199,2192,1704),(202,2203,878),(201,2203,2202),(203,2206,795),(204,2214,956),(205,2214,2213),(206,2217,956),(209,2221,1747),(210,2221,2213),(217,2230,2228),(218,2230,2229),(216,2233,2231),(215,2233,2232),(219,2325,795),(220,2330,2329),(221,2359,723),(222,2359,2358),(223,2363,723),(224,2367,1010),(225,2367,2366),(226,2390,2389),(227,2431,2430),(230,2434,2432),(231,2434,2433),(232,2436,726),(233,2438,2437),(234,2440,2439),(237,2637,726),(235,2637,1010),(236,2637,2636),(239,2641,930),(240,2641,1010),(238,2641,2640),(242,2645,723),(241,2645,1010),(243,2645,2644),(244,2649,2648),(246,2653,878),(245,2653,2652),(247,2658,2657),(248,2662,2661),(249,2667,2666),(250,2687,795),(251,2687,1052),(252,2695,726),(254,2697,726),(253,2697,2696),(255,2699,2698),(259,2743,2742),(257,2744,2698),(258,2746,2745),(260,2837,1763),(261,2840,1010),(262,2840,2838),(263,2840,2839),(264,2844,1010),(265,2844,2843),(271,2920,951),(270,2920,2437),(269,2920,2919),(273,2924,878),(272,2924,2923),(275,2927,1010),(274,2927,1025),(276,2933,1010),(277,2933,2931),(278,2933,2932),(279,2938,2936),(280,2938,2937),(283,2943,1020),(281,2943,1026),(282,2943,1731),(284,2943,2942),(291,2953,956),(289,2953,1010),(290,2953,1723),(295,2959,726),(296,2959,796),(297,2959,2957),(298,2959,2958),(299,2966,878),(300,2969,1010),(301,2969,1020),(302,2969,1026),(303,2973,723),(305,2976,726),(304,2976,1010),(306,2976,1014),(307,3003,878),(309,3035,723),(311,3035,878),(310,3035,1141),(308,3035,3034),(315,3039,878),(312,3039,968),(313,3039,2942),(314,3039,3038),(317,3042,878),(316,3042,1141),(319,3046,3038),(318,3046,3045),(324,3057,1010),(325,3057,1710),(326,3057,1727),(323,3057,3058),(327,3062,723),(328,3065,778),(329,3065,3038),(330,3081,1010),(331,3081,1710),(334,3088,878),(335,3088,3087),(359,3091,3090),(337,3092,726),(338,3098,1010),(339,3112,1010),(340,3112,2942),(341,3123,1010),(342,3193,896),(343,3195,3194),(345,3236,3234),(346,3236,3235),(347,3237,896),(351,3255,2432),(352,3257,3256),(353,3259,3258),(354,3358,3357),(357,3361,3360),(356,3363,3362),(358,3428,3427),(361,3430,3429),(363,3489,3488),(364,3491,3490);
/*!40000 ALTER TABLE `character_species_abilities` ENABLE KEYS */;
UNLOCK TABLES;

--
-- Table structure for table `character_talent`
--

DROP TABLE IF EXISTS `character_talent`;
/*!40101 SET @saved_cs_client     = @@character_set_client */;
/*!40101 SET character_set_client = utf8 */;
CREATE TABLE `character_talent` (
  `entry_ptr_id` int(11) NOT NULL,
  `ranked` tinyint(1) NOT NULL,
  `activation` int(11) NOT NULL,
  `force_sensitive` tinyint(1) NOT NULL,
  `tree_text` varchar(200) NOT NULL,
  PRIMARY KEY (`entry_ptr_id`),
  CONSTRAINT `entry_ptr_id_refs_id_8f413b84` FOREIGN KEY (`entry_ptr_id`) REFERENCES `base_entry` (`id`)
) ENGINE=InnoDB DEFAULT CHARSET=latin1;
/*!40101 SET character_set_client = @saved_cs_client */;

--
-- Dumping data for table `character_talent`
--

LOCK TABLES `character_talent` WRITE;
/*!40000 ALTER TABLE `character_talent` DISABLE KEYS */;
INSERT INTO `character_talent` VALUES (536,1,1,0,''),(537,0,5,0,''),(538,0,1,0,''),(539,0,1,0,''),(540,1,1,0,''),(541,0,3,0,''),(542,0,4,1,''),(543,1,1,0,''),(544,1,5,0,''),(545,1,1,0,''),(546,1,4,0,''),(547,1,4,0,''),(548,0,3,0,''),(549,1,1,0,''),(550,1,1,0,''),(551,1,1,0,''),(552,0,3,0,''),(553,1,1,0,''),(554,0,5,0,''),(555,0,5,0,''),(556,0,5,0,''),(557,1,1,0,''),(558,1,1,0,''),(559,1,1,0,''),(560,1,1,0,''),(561,0,1,0,''),(562,1,4,0,''),(563,1,1,0,''),(564,1,6,0,''),(565,1,1,0,''),(566,1,1,0,''),(567,1,1,0,''),(568,0,4,0,''),(569,1,1,0,''),(570,0,3,0,''),(571,0,1,0,''),(572,1,1,0,''),(573,0,1,0,''),(574,1,1,1,''),(575,1,5,0,''),(576,0,3,0,''),(577,0,4,0,''),(578,0,1,0,''),(579,1,1,0,''),(580,1,1,0,''),(581,1,1,0,''),(582,1,3,0,''),(583,0,3,0,''),(584,0,1,0,''),(585,0,5,0,''),(586,1,1,0,''),(587,0,6,0,''),(588,1,1,0,''),(589,1,1,0,''),(590,0,1,1,''),(591,0,3,0,''),(592,0,1,0,''),(593,0,5,0,''),(594,0,4,0,''),(595,0,6,0,''),(596,1,6,0,''),(597,1,1,0,''),(598,0,5,0,''),(599,1,1,0,''),(600,1,1,0,''),(601,0,1,0,''),(602,1,5,0,''),(603,1,1,0,''),(604,0,4,0,''),(605,0,5,0,''),(606,1,1,0,''),(607,0,5,0,''),(608,0,5,0,''),(609,0,5,0,''),(610,0,5,0,''),(611,0,5,0,''),(612,0,5,0,''),(613,0,5,0,''),(614,0,5,0,''),(615,0,5,0,''),(616,0,5,0,''),(617,0,5,0,''),(618,0,5,0,''),(619,0,5,0,''),(620,0,5,0,''),(621,0,5,0,''),(622,0,5,0,''),(623,0,5,0,''),(624,0,5,0,''),(625,0,5,0,''),(626,0,5,0,''),(627,1,1,0,''),(628,1,1,0,''),(629,0,1,1,''),(630,1,1,0,''),(631,1,1,0,''),(632,1,4,0,''),(633,0,5,0,''),(634,0,5,0,''),(635,1,1,0,''),(636,1,6,0,''),(637,1,1,0,''),(638,0,3,0,''),(639,1,1,0,''),(640,1,1,0,''),(641,0,3,0,''),(642,0,1,0,''),(643,0,5,0,''),(644,1,5,0,''),(645,0,5,1,''),(646,0,1,1,''),(647,1,1,0,''),(648,1,4,0,''),(649,0,1,0,''),(650,1,1,0,''),(651,0,5,0,''),(652,1,5,0,''),(653,1,4,0,''),(654,0,5,0,''),(655,1,1,0,''),(656,0,1,0,''),(657,1,1,0,''),(658,1,1,0,''),(659,0,5,0,''),(660,0,3,0,''),(661,0,5,0,''),(662,0,1,0,''),(663,1,1,0,''),(664,0,5,0,''),(665,0,1,0,''),(666,0,5,0,''),(667,0,5,0,''),(668,0,1,0,''),(669,1,1,0,''),(670,0,5,0,''),(671,1,1,0,''),(672,1,1,0,''),(673,0,5,1,''),(674,1,1,0,''),(675,0,1,0,''),(676,1,4,0,''),(677,1,1,1,''),(678,1,1,1,''),(679,0,5,0,''),(680,1,1,0,''),(681,1,1,0,''),(682,1,1,0,''),(683,1,1,0,''),(685,0,1,0,''),(686,0,5,0,''),(687,0,4,0,''),(688,0,3,0,''),(689,0,1,0,''),(690,0,5,0,''),(691,0,3,0,''),(692,0,5,0,''),(693,0,3,0,''),(694,1,1,0,''),(695,1,1,0,''),(696,0,5,0,''),(697,0,6,0,''),(698,0,3,0,''),(699,0,1,0,''),(700,0,1,0,''),(701,0,1,0,''),(702,1,1,0,''),(703,0,4,0,''),(704,1,5,0,''),(705,1,1,0,''),(706,0,5,0,''),(707,0,6,0,''),(708,0,6,0,''),(709,0,5,0,''),(820,0,1,0,''),(885,0,4,0,''),(908,1,5,0,''),(932,0,1,1,''),(936,1,1,0,''),(1194,0,1,0,''),(1195,0,3,0,''),(1196,0,3,0,''),(1197,0,5,0,''),(1198,1,1,0,''),(1199,1,1,0,''),(1200,1,4,0,''),(1201,0,1,0,''),(1202,0,5,0,''),(1203,0,5,0,''),(1204,0,5,0,''),(1205,1,1,0,''),(1206,0,5,0,''),(1207,0,1,0,''),(1208,0,3,0,''),(1209,0,5,1,''),(1210,0,6,0,''),(1211,0,5,0,''),(1212,0,5,0,''),(1213,1,5,0,''),(1214,1,1,0,''),(1215,0,5,0,''),(1216,1,1,0,''),(1217,0,1,0,''),(1218,0,1,1,''),(1219,1,1,0,''),(1220,0,1,0,''),(1221,0,1,0,''),(1222,0,1,0,''),(1223,0,1,0,''),(1224,0,5,0,''),(1413,1,1,0,''),(1414,0,3,0,''),(1416,1,6,0,''),(1417,0,6,0,''),(1418,1,4,0,''),(1419,0,1,0,''),(1420,0,2,0,''),(1423,0,5,0,''),(1424,0,5,0,''),(1426,0,2,0,''),(1427,0,1,0,''),(1428,0,6,0,''),(1632,1,1,0,''),(1633,1,1,0,''),(1634,0,3,0,''),(1635,0,1,0,''),(1636,1,1,0,''),(1637,1,1,0,''),(1638,0,1,0,''),(1639,1,1,0,''),(1640,1,6,0,''),(1641,0,4,0,''),(1642,1,1,0,''),(1643,0,6,0,''),(1644,1,1,0,''),(1645,0,1,0,''),(1646,1,5,0,''),(1647,0,5,0,''),(1648,0,1,0,''),(1649,0,3,0,''),(1650,0,3,0,''),(1651,0,4,0,''),(1652,0,1,0,''),(1653,1,1,0,''),(1852,0,1,0,''),(1855,1,3,0,''),(1856,0,3,0,''),(1857,0,5,0,''),(1858,0,1,0,''),(1859,0,1,0,''),(1860,0,6,0,''),(1861,0,5,0,''),(1862,0,6,0,''),(1863,0,1,0,''),(1865,0,1,0,''),(1866,0,1,0,''),(1867,1,1,0,''),(2026,0,4,0,''),(2050,0,3,0,''),(2051,0,6,0,''),(2052,0,6,0,''),(2053,0,5,0,''),(2054,0,3,0,''),(2055,0,1,0,''),(2056,0,6,0,''),(2057,1,1,0,''),(2058,0,3,0,''),(2059,0,5,0,''),(2060,0,6,0,''),(2061,0,3,0,''),(2062,1,1,0,''),(2063,0,3,0,''),(2064,0,1,0,''),(2065,1,1,0,''),(2066,0,3,0,''),(2067,0,6,0,''),(2068,0,3,0,''),(2441,0,3,1,''),(2442,0,1,1,''),(2443,0,1,1,''),(2444,0,6,0,''),(2445,0,1,1,''),(2446,0,4,1,''),(2447,1,4,1,''),(2448,0,1,1,''),(2449,0,1,1,''),(2450,0,3,1,''),(2451,1,1,0,''),(2452,0,1,1,''),(2453,0,3,1,''),(2454,1,1,0,''),(2455,0,3,1,''),(2456,0,6,1,''),(2457,0,3,1,''),(2458,0,1,0,''),(2459,0,1,1,''),(2460,0,5,0,''),(2461,0,5,1,''),(2462,1,1,0,''),(2463,0,1,1,''),(2464,1,4,1,''),(2465,0,3,1,''),(2466,0,3,1,''),(2467,1,3,1,''),(2468,0,1,1,''),(2469,0,4,1,''),(2470,1,4,1,''),(2471,0,1,1,''),(2472,0,1,1,''),(2473,0,1,1,''),(2474,1,1,0,''),(2475,0,5,1,''),(2476,0,1,0,''),(2477,0,3,1,''),(2478,0,5,1,''),(2479,0,5,0,''),(2480,0,3,1,''),(2481,0,1,1,''),(2482,0,1,0,''),(2483,0,5,0,''),(2484,0,5,0,''),(2485,0,1,1,''),(2486,0,3,1,''),(2487,0,3,1,''),(2488,1,6,0,''),(2489,0,6,0,''),(2490,0,1,1,''),(2491,1,1,0,''),(2492,0,6,1,''),(2493,1,1,0,''),(2494,0,5,1,''),(2495,1,6,1,''),(2496,0,6,1,''),(2497,0,1,1,''),(2498,0,6,0,''),(2499,0,4,1,''),(2500,0,3,1,''),(2501,0,3,1,''),(2502,0,6,1,''),(2503,0,6,1,''),(2504,0,1,1,''),(2505,0,3,1,''),(2506,0,1,1,''),(2507,0,3,1,''),(2508,0,1,1,''),(2509,0,3,1,''),(2510,0,1,1,''),(2511,0,5,1,''),(2512,0,4,1,''),(2700,0,1,0,''),(2701,0,1,0,''),(2702,0,3,0,''),(2703,0,1,0,''),(2704,0,6,0,''),(2705,0,6,0,''),(2706,0,5,0,''),(2707,1,1,0,''),(2708,1,5,0,''),(2709,1,1,0,''),(2747,0,6,0,''),(2748,0,6,1,''),(2749,0,1,0,''),(2750,0,4,0,''),(2751,0,1,1,''),(2752,0,1,0,''),(2753,0,6,0,''),(2754,1,1,0,''),(2755,0,1,1,''),(2756,0,1,1,''),(2757,0,4,1,''),(2758,1,1,0,''),(3030,0,2,1,''),(3119,0,1,1,''),(3120,0,1,1,''),(3198,0,1,0,''),(3199,1,1,0,''),(3200,1,1,0,''),(3201,0,1,0,''),(3202,1,5,0,''),(3203,0,4,0,''),(3204,1,1,0,''),(3205,1,1,0,''),(3206,0,3,0,''),(3207,0,1,0,''),(3208,0,3,0,''),(3209,0,3,0,''),(3210,0,3,0,''),(3211,0,1,0,''),(3212,0,4,0,''),(3238,0,1,1,''),(3239,0,1,0,''),(3240,0,1,1,''),(3241,0,1,1,''),(3242,0,5,0,''),(3243,0,5,1,''),(3244,0,1,1,''),(3245,0,4,1,''),(3246,0,4,0,''),(3247,0,6,0,''),(3248,0,1,0,''),(3249,1,1,0,''),(3250,0,1,0,''),(3251,0,1,0,''),(3252,0,5,1,''),(3253,0,4,1,''),(3260,0,3,1,''),(3261,1,5,0,''),(3262,0,1,1,''),(3264,0,5,0,''),(3265,0,1,0,''),(3266,0,1,1,''),(3267,0,6,1,''),(3268,0,5,0,''),(3269,0,3,1,''),(3270,1,1,0,''),(3271,0,3,0,''),(3272,1,6,0,''),(3273,0,1,0,''),(3274,0,5,0,''),(3275,0,5,0,''),(3364,0,4,0,''),(3365,0,1,0,''),(3366,0,3,0,''),(3367,1,1,0,''),(3368,0,4,0,''),(3431,1,1,0,''),(3432,0,5,0,''),(3433,1,1,0,''),(3434,0,5,0,''),(3435,0,4,0,''),(3436,0,6,0,''),(3437,0,6,0,''),(3438,0,3,0,''),(3439,0,3,0,''),(3440,0,1,0,''),(3492,0,3,0,''),(3493,0,1,0,''),(3494,0,3,1,''),(3495,0,5,0,''),(3496,0,5,0,''),(3497,0,6,1,''),(3498,0,1,1,''),(3499,0,3,1,''),(3500,0,5,1,'');
/*!40000 ALTER TABLE `character_talent` ENABLE KEYS */;
UNLOCK TABLES;

--
-- Table structure for table `character_talenttree`
--

DROP TABLE IF EXISTS `character_talenttree`;
/*!40101 SET @saved_cs_client     = @@character_set_client */;
/*!40101 SET character_set_client = utf8 */;
CREATE TABLE `character_talenttree` (
  `entry_ptr_id` int(11) NOT NULL,
  PRIMARY KEY (`entry_ptr_id`),
  CONSTRAINT `entry_ptr_id_refs_id_24b7f2ba` FOREIGN KEY (`entry_ptr_id`) REFERENCES `base_entry` (`id`)
) ENGINE=InnoDB DEFAULT CHARSET=latin1;
/*!40101 SET character_set_client = @saved_cs_client */;

--
-- Dumping data for table `character_talenttree`
--

LOCK TABLES `character_talenttree` WRITE;
/*!40000 ALTER TABLE `character_talenttree` DISABLE KEYS */;
/*!40000 ALTER TABLE `character_talenttree` ENABLE KEYS */;
UNLOCK TABLES;

--
-- Table structure for table `character_talenttree_skills`
--

DROP TABLE IF EXISTS `character_talenttree_skills`;
/*!40101 SET @saved_cs_client     = @@character_set_client */;
/*!40101 SET character_set_client = utf8 */;
CREATE TABLE `character_talenttree_skills` (
  `id` int(11) NOT NULL AUTO_INCREMENT,
  `talenttree_id` int(11) NOT NULL,
  `skill_id` int(11) NOT NULL,
  PRIMARY KEY (`id`),
  UNIQUE KEY `talenttree_id` (`talenttree_id`,`skill_id`),
  KEY `character_talenttree_skills_fda064ef` (`talenttree_id`),
  KEY `character_talenttree_skills_85a9a3f0` (`skill_id`),
  CONSTRAINT `skill_id_refs_entry_ptr_id_b725af7d` FOREIGN KEY (`skill_id`) REFERENCES `character_skill` (`entry_ptr_id`),
  CONSTRAINT `talenttree_id_refs_entry_ptr_id_ca805d70` FOREIGN KEY (`talenttree_id`) REFERENCES `character_talenttree` (`entry_ptr_id`)
) ENGINE=InnoDB DEFAULT CHARSET=latin1;
/*!40101 SET character_set_client = @saved_cs_client */;

--
-- Dumping data for table `character_talenttree_skills`
--

LOCK TABLES `character_talenttree_skills` WRITE;
/*!40000 ALTER TABLE `character_talenttree_skills` DISABLE KEYS */;
/*!40000 ALTER TABLE `character_talenttree_skills` ENABLE KEYS */;
UNLOCK TABLES;

--
-- Table structure for table `character_talenttreeentry`
--

DROP TABLE IF EXISTS `character_talenttreeentry`;
/*!40101 SET @saved_cs_client     = @@character_set_client */;
/*!40101 SET character_set_client = utf8 */;
CREATE TABLE `character_talenttreeentry` (
  `id` int(11) NOT NULL AUTO_INCREMENT,
  `talent_tree_id` int(11) NOT NULL,
  `talent_id` int(11) NOT NULL,
  `cost` int(11) NOT NULL,
  `tree_column` int(11) NOT NULL,
  `link_north` tinyint(1) NOT NULL,
  `link_east` tinyint(1) NOT NULL,
  `link_south` tinyint(1) NOT NULL,
  `link_west` tinyint(1) NOT NULL,
  PRIMARY KEY (`id`),
  KEY `character_talenttreeentry_5a176bc7` (`talent_tree_id`),
  KEY `character_talenttreeentry_61395d71` (`talent_id`),
  CONSTRAINT `talent_id_refs_entry_ptr_id_2c98e821` FOREIGN KEY (`talent_id`) REFERENCES `character_talent` (`entry_ptr_id`),
  CONSTRAINT `talent_tree_id_refs_entry_ptr_id_a144fe03` FOREIGN KEY (`talent_tree_id`) REFERENCES `character_talenttree` (`entry_ptr_id`)
) ENGINE=InnoDB DEFAULT CHARSET=latin1;
/*!40101 SET character_set_client = @saved_cs_client */;

--
-- Dumping data for table `character_talenttreeentry`
--

LOCK TABLES `character_talenttreeentry` WRITE;
/*!40000 ALTER TABLE `character_talenttreeentry` DISABLE KEYS */;
/*!40000 ALTER TABLE `character_talenttreeentry` ENABLE KEYS */;
UNLOCK TABLES;

--
-- Table structure for table `django_admin_log`
--

DROP TABLE IF EXISTS `django_admin_log`;
/*!40101 SET @saved_cs_client     = @@character_set_client */;
/*!40101 SET character_set_client = utf8 */;
CREATE TABLE `django_admin_log` (
  `id` int(11) NOT NULL AUTO_INCREMENT,
  `action_time` datetime NOT NULL,
  `user_id` int(11) NOT NULL,
  `content_type_id` int(11) DEFAULT NULL,
  `object_id` longtext,
  `object_repr` varchar(200) NOT NULL,
  `action_flag` smallint(5) unsigned NOT NULL,
  `change_message` longtext NOT NULL,
  PRIMARY KEY (`id`),
  KEY `django_admin_log_6340c63c` (`user_id`),
  KEY `django_admin_log_37ef4eb4` (`content_type_id`),
  CONSTRAINT `content_type_id_refs_id_93d2d1f8` FOREIGN KEY (`content_type_id`) REFERENCES `django_content_type` (`id`),
  CONSTRAINT `user_id_refs_id_c0d12874` FOREIGN KEY (`user_id`) REFERENCES `auth_user` (`id`)
) ENGINE=InnoDB AUTO_INCREMENT=6290 DEFAULT CHARSET=latin1;
/*!40101 SET character_set_client = @saved_cs_client */;

--
-- Dumping data for table `django_admin_log`
--

LOCK TABLES `django_admin_log` WRITE;
/*!40000 ALTER TABLE `django_admin_log` DISABLE KEYS */;
INSERT INTO `django_admin_log` VALUES (2,'2014-05-20 23:18:00',1,8,'1','Core Rulebook (EotE)',1,''),(3,'2014-05-20 23:18:30',1,8,'2','Game Master\'s Kit (EotE)',1,''),(4,'2014-05-20 23:18:58',1,8,'3','Beyond the Rim (EotE)',1,''),(5,'2014-05-20 23:19:19',1,8,'4','Enter the Unknown (EotE)',1,''),(6,'2014-05-20 23:19:50',1,8,'5','Suns of Fortune (EotE)',1,''),(7,'2014-05-20 23:20:11',1,8,'6','Jewel of Yavin (EotE)',1,''),(116,'2014-05-21 00:10:08',1,8,'8','Dangerous Covenants (EotE)',1,''),(347,'2014-05-23 12:48:27',1,8,'9','Beginner Game - Adventure Book (AoR)',1,''),(348,'2014-05-23 12:49:03',1,8,'10','Beginner Game - Rulebook (AoR)',1,''),(485,'2014-05-29 20:49:41',1,3,'1','entry_editor',1,''),(486,'2014-05-29 20:50:36',1,4,'2','jake',1,''),(487,'2014-05-29 20:50:53',1,4,'2','jake',2,'Changed is_staff and groups.'),(492,'2014-05-30 00:31:49',1,8,'5','Suns of Fortune (EotE)',2,'Changed initials.'),(495,'2014-05-30 20:10:42',1,4,'3','bknowles',1,''),(496,'2014-05-30 20:11:12',1,4,'3','bknowles',2,'Changed is_staff and groups.'),(597,'2014-06-01 12:54:33',1,3,'1','entry_editor',2,'Changed permissions.'),(662,'2014-06-02 01:22:41',1,3,'1','entry_editor',2,'Changed permissions.'),(663,'2014-06-02 01:24:01',1,3,'1','entry_editor',2,'Changed permissions.'),(664,'2014-06-02 01:24:45',1,3,'1','entry_editor',2,'Changed permissions.'),(665,'2014-06-02 01:25:41',1,3,'1','entry_editor',2,'Changed permissions.'),(666,'2014-06-02 01:26:41',1,3,'1','entry_editor',2,'Changed permissions.'),(667,'2014-06-02 01:33:00',1,3,'1','entry_editor',2,'No fields changed.'),(767,'2014-06-03 09:07:22',1,23,'1','Version 0.6.3',1,''),(768,'2014-06-04 01:34:46',1,23,'2','Version 0.6.4',1,''),(817,'2014-06-07 15:02:29',1,3,'1','entry_editor',2,'Changed permissions.'),(818,'2014-06-07 15:08:55',1,23,'3','Welcome to v1.0',1,''),(819,'2014-06-07 15:26:24',1,31,'21','Hand Scanner',2,'Changed page for index \"CRB:176\".'),(820,'2014-06-07 15:29:06',1,31,'494','Comm Jammer',1,''),(821,'2014-06-07 15:31:20',1,31,'51','Utility Belt',2,'Changed page for index \"CRB:183\".'),(822,'2014-06-07 15:45:09',1,38,'447','DP20 Gunship',2,'Changed page for index \"CRB:266\".'),(823,'2014-06-07 15:56:14',1,41,'384','Sienar T9 Stinger Assault Boarding Tube',2,'Changed page for index \"DC:61\".'),(824,'2014-06-07 15:58:10',1,35,'415','Zephyr-G Swoop',2,'Changed book for index \"EtU:59\".'),(825,'2014-06-07 16:23:25',1,38,'431','TIE/LN Starfighter',2,'Added index \"BGR:43\".'),(826,'2014-06-07 16:25:46',1,38,'495','TIE/IN Interceptor',1,''),(827,'2014-06-07 16:26:41',1,38,'430','Lambda-Class T-4A Long Range Shuttle',2,'Added index \"BGR:43*\".'),(828,'2014-06-07 18:20:32',3,35,'398','Aratech 74-Z Military Speeder Bike',2,'Changed notes and image.'),(829,'2014-06-07 18:34:43',3,31,'130','Cryoncorp Armascan Weapon Detection Goggles',2,'Changed name.'),(830,'2014-06-07 18:42:36',3,32,'203','Blastech DH-X Heavy Blaster Rifle',2,'Changed notes and image.'),(831,'2014-06-08 01:48:21',1,36,'31','astromech droid',1,''),(832,'2014-06-08 01:56:25',1,38,'496','T-65B \"X-Wing\" Multiu-Role Starfighter',1,''),(833,'2014-06-08 01:57:20',1,38,'495','TIE/IN Interceptor',2,'Changed restricted and rarity.'),(834,'2014-06-08 02:15:27',1,32,'250','Selonian Shard Shooter',2,'Changed page for index \"SoF:97\".'),(835,'2014-06-08 02:19:43',1,31,'131','Gravity Belt',2,'Changed notes.'),(836,'2014-06-08 02:20:43',1,31,'131','Gravity Belt',2,'Changed notes.'),(837,'2014-06-08 02:22:49',1,35,'424','A-11 Model III \"Burrower\"',2,'Changed name.'),(838,'2014-06-08 02:32:15',1,35,'497','Aratech 74-ZB',1,''),(839,'2014-06-08 02:35:40',1,35,'498','Slightly Rusted AT-St Walker',1,''),(840,'2014-06-08 03:57:14',1,25,'11','Operation Shadowpoint (AoR)',1,''),(841,'2014-06-08 04:00:55',1,35,'395','Incom T-16 Skyhopper',2,'Added index \"OS:27*\".'),(842,'2014-06-08 04:04:38',1,36,'32','vehicle commander',1,''),(843,'2014-06-08 04:04:56',1,35,'499','Retrofitted AT-AT',1,''),(845,'2014-06-08 04:05:40',1,35,'499','Retrofitted AT-AT',2,'Changed category.'),(846,'2014-06-08 04:08:02',1,38,'500','Modified TIE Bomber',1,''),(847,'2014-06-09 10:47:30',1,23,'4','Version 1.0.2',1,''),(848,'2014-06-12 21:06:36',1,23,'5','Version 1.1.0.0 Character/Adversaries',1,''),(849,'2014-06-12 21:07:45',1,23,'5','Version 1.1.0.0 Character/Adversaries',2,'Changed blog_entry.'),(850,'2014-06-12 21:08:11',1,23,'5','Version 1.1.0.0 Character/Adversaries',2,'Changed blog_entry.'),(851,'2014-06-12 23:57:47',1,48,'501','Astrogation',1,''),(852,'2014-06-12 23:58:02',1,48,'502','Athletics',1,''),(853,'2014-06-12 23:58:30',1,48,'503','Brawl',1,''),(854,'2014-06-12 23:58:48',1,48,'504','Charm',1,''),(855,'2014-06-12 23:59:03',1,48,'505','Coercion',1,''),(856,'2014-06-12 23:59:29',1,48,'506','Computers',1,''),(857,'2014-06-12 23:59:42',1,48,'507','Cool',1,''),(858,'2014-06-12 23:59:55',1,48,'508','Coordination',1,''),(859,'2014-06-13 00:00:14',1,48,'509','Core Worlds',1,''),(860,'2014-06-13 00:00:35',1,48,'510','Deception',1,''),(861,'2014-06-13 00:00:55',1,48,'511','Discipline',1,''),(862,'2014-06-13 00:01:08',1,48,'512','Education',1,''),(863,'2014-06-13 00:01:28',1,48,'513','Gunnery',1,''),(864,'2014-06-13 00:01:43',1,48,'514','Leadership',1,''),(865,'2014-06-13 00:01:57',1,48,'515','Lore',1,''),(866,'2014-06-13 00:02:10',1,48,'516','Mechanics',1,''),(867,'2014-06-13 00:02:24',1,48,'517','Medicine',1,''),(868,'2014-06-13 00:02:48',1,48,'518','Melee',1,''),(869,'2014-06-13 00:03:01',1,48,'519','Negotiation',1,''),(870,'2014-06-13 00:03:17',1,48,'520','Outer Rim',1,''),(871,'2014-06-13 00:03:32',1,48,'521','Perception',1,''),(872,'2014-06-13 00:03:58',1,48,'522','Piloting [Planetary]',1,''),(873,'2014-06-13 00:04:14',1,48,'523','Piloting [Space]',1,''),(874,'2014-06-13 00:04:29',1,48,'524','Ranged [Heavy]',1,''),(875,'2014-06-13 00:04:38',1,48,'525','Ranged [Light]',1,''),(876,'2014-06-13 00:05:02',1,48,'526','Resilience',1,''),(877,'2014-06-13 00:05:30',1,48,'527','Skullduggery',1,''),(878,'2014-06-13 00:05:49',1,48,'528','Stealth',1,''),(879,'2014-06-13 00:06:03',1,48,'529','Streetwise',1,''),(880,'2014-06-13 00:06:19',1,48,'530','Survival',1,''),(881,'2014-06-13 00:06:34',1,48,'531','Underworld',1,''),(882,'2014-06-13 00:06:49',1,48,'532','Vigilance',1,''),(883,'2014-06-13 00:07:05',1,48,'533','Xenology',1,''),(884,'2014-06-13 00:08:39',1,3,'1','entry_editor',2,'Changed permissions.'),(885,'2014-06-13 00:09:38',1,48,'501','Astrogation',2,'Added index \"BGR:22\".'),(886,'2014-06-13 00:09:48',1,48,'502','Athletics',2,'Added index \"BGR:22\".'),(887,'2014-06-13 00:09:57',1,48,'503','Brawl',2,'Added index \"BGR:22\".'),(888,'2014-06-13 00:10:09',1,48,'504','Charm',2,'Added index \"BGR:22\".'),(889,'2014-06-13 00:10:16',1,48,'505','Coercion',2,'Added index \"BGR:22\".'),(890,'2014-06-13 00:10:27',1,48,'506','Computers',2,'Added index \"BGR:22\".'),(891,'2014-06-13 00:10:34',1,48,'507','Cool',2,'Added index \"BGR:22\".'),(892,'2014-06-13 00:12:25',1,48,'508','Coordination',2,'Added index \"BGR:23\".'),(893,'2014-06-13 00:12:38',1,48,'510','Deception',2,'Added index \"BGR:23\".'),(894,'2014-06-13 00:12:54',1,48,'511','Discipline',2,'Added index \"BGR:23\".'),(895,'2014-06-13 00:13:15',1,48,'513','Gunnery',2,'Added index \"BGR:23\".'),(896,'2014-06-13 00:14:09',1,48,'534','Knowledge',1,''),(897,'2014-06-13 00:14:25',1,48,'514','Leadership',2,'Added index \"BGR:23\".'),(898,'2014-06-13 00:14:35',1,48,'516','Mechanics',2,'Added index \"BGR:23\".'),(899,'2014-06-13 00:14:46',1,48,'517','Medicine',2,'Added index \"BGR:23\".'),(900,'2014-06-13 00:15:04',1,48,'518','Melee',2,'Added index \"BGR:23\".'),(901,'2014-06-13 00:15:20',1,48,'519','Negotiation',2,'Added index \"BGR:24\".'),(902,'2014-06-13 00:15:27',1,48,'518','Melee',2,'Changed page for index \"BGR:24\".'),(903,'2014-06-13 00:15:30',1,48,'518','Melee',2,'No fields changed.'),(904,'2014-06-13 00:15:52',1,48,'521','Perception',2,'Added index \"BGR:24\".'),(905,'2014-06-13 00:16:16',1,48,'535','Piloting',1,''),(906,'2014-06-13 00:16:36',1,48,'524','Ranged [Heavy]',2,'Added index \"BGR:25\".'),(907,'2014-06-13 00:16:45',1,48,'525','Ranged [Light]',2,'Added index \"BGR:25\".'),(908,'2014-06-13 00:16:54',1,48,'526','Resilience',2,'Added index \"BGR:25\".'),(909,'2014-06-13 00:17:02',1,48,'527','Skullduggery',2,'Added index \"BGR:25\".'),(910,'2014-06-13 00:17:16',1,48,'528','Stealth',2,'Added index \"BGR:25\".'),(911,'2014-06-13 00:17:35',1,48,'529','Streetwise',2,'Added index \"BGR:25\".'),(912,'2014-06-13 00:17:53',1,48,'530','Survival',2,'Added index \"BGR:25\".'),(913,'2014-06-13 00:18:02',1,48,'532','Vigilance',2,'Added index \"BGR:25\".'),(914,'2014-06-13 00:19:33',1,49,'536','Adversary',1,''),(915,'2014-06-13 00:20:03',1,49,'537','Anatomy Lessons',1,''),(916,'2014-06-13 00:20:20',1,49,'538','Armor Master',1,''),(917,'2014-06-13 00:20:46',1,49,'539','Armor Master [Improved]',1,''),(918,'2014-06-13 00:21:12',1,49,'540','Bacta Specialist',1,''),(919,'2014-06-13 00:21:51',1,49,'541','Bad Motivator',1,''),(920,'2014-06-13 00:22:29',1,49,'542','Balance',1,''),(921,'2014-06-13 00:22:44',1,49,'543','Barrage',1,''),(922,'2014-06-13 00:23:08',1,49,'544','Black Market Contacts',1,''),(923,'2014-06-13 00:23:24',1,49,'545','Blooded',1,''),(924,'2014-06-13 00:23:42',1,49,'546','Body Guard',1,''),(925,'2014-06-13 00:23:54',1,49,'547','Brace',1,''),(926,'2014-06-13 00:24:23',1,49,'548','Brilliant Evasion',1,''),(927,'2014-06-13 00:24:46',1,49,'549','Bypass Security',1,''),(928,'2014-06-13 00:25:02',1,49,'550','Codebreaker',1,''),(929,'2014-06-13 00:25:17',1,49,'551','Command',1,''),(930,'2014-06-13 00:25:34',1,49,'552','Contraption',1,''),(931,'2014-06-13 00:26:15',1,49,'553','Convincing Demeanor',1,''),(932,'2014-06-13 00:26:40',1,49,'554','Crippling Blow',1,''),(933,'2014-06-13 00:27:02',1,49,'555','Dead to Rights',1,''),(934,'2014-06-13 00:27:31',1,49,'556','Dead to Rights [Improved]',1,''),(935,'2014-06-13 00:27:56',1,49,'557','Deadly Accuracy',1,''),(936,'2014-06-13 00:28:16',1,49,'558','Dedication',1,''),(937,'2014-06-13 00:28:40',1,49,'559','Defensive Driving',1,''),(938,'2014-06-13 00:28:59',1,49,'560','Defensive Slicing',1,''),(939,'2014-06-13 00:29:41',1,49,'561','Defensive Slicing [Improved]',1,''),(940,'2014-06-13 00:30:03',1,49,'562','Defensive Stance',1,''),(941,'2014-06-13 00:30:50',1,49,'563','Disorient',1,''),(942,'2014-06-13 00:31:15',1,49,'564','Dodge',1,''),(943,'2014-06-13 00:31:33',1,49,'565','Durable',1,''),(944,'2014-06-13 00:31:47',1,49,'566','Enduring',1,''),(945,'2014-06-13 00:32:17',1,49,'567','Expert Tracker',1,''),(946,'2014-06-13 00:32:33',1,49,'568','Familiar Suns',1,''),(947,'2014-06-13 00:32:54',1,49,'569','Feral Strength',1,''),(948,'2014-06-13 00:33:13',1,49,'570','Field Commander',1,''),(949,'2014-06-13 00:33:39',1,49,'571','Field Commander [Improved]',1,''),(950,'2014-06-13 00:33:57',1,49,'572','Fine Tuning',1,''),(951,'2014-06-13 00:34:11',1,49,'573','Forager',1,''),(952,'2014-06-13 00:34:26',1,49,'574','Force Rating',1,''),(953,'2014-06-13 00:34:52',1,49,'574','Force Rating',2,'Changed force_sensitive.'),(954,'2014-06-13 00:35:56',1,49,'575','Frenzied Attack',1,''),(955,'2014-06-13 00:36:13',1,49,'576','Full Throttle',1,''),(956,'2014-06-13 00:36:54',1,49,'577','Full Throttle [Improved]',1,''),(957,'2014-06-13 00:37:13',1,49,'578','Full Throttle [Supreme]',1,''),(958,'2014-06-13 00:37:34',1,49,'579','Galaxy Mapper',1,''),(959,'2014-06-13 00:37:49',1,49,'580','Gearhead',1,''),(960,'2014-06-13 00:38:01',1,49,'581','Grit',1,''),(961,'2014-06-13 00:38:22',1,49,'582','Hard Headed',1,''),(962,'2014-06-13 00:38:43',1,49,'583','Hard Headed [Improved]',1,''),(963,'2014-06-13 00:38:58',1,49,'584','Heightened Awareness',1,''),(964,'2014-06-13 00:39:31',1,49,'585','Heroic Fortitude',1,''),(965,'2014-06-13 00:39:47',1,49,'586','Hidden Storage',1,''),(966,'2014-06-13 00:40:09',1,49,'587','Hold Together',1,''),(967,'2014-06-13 00:40:22',1,49,'588','Hunter',1,''),(968,'2014-06-13 00:40:52',1,49,'589','Indistinguishable',1,''),(969,'2014-06-13 00:41:11',1,49,'590','Insight',1,''),(970,'2014-06-13 00:43:44',1,49,'591','Inspiring Rhetoric',1,''),(971,'2014-06-13 00:44:03',1,49,'592','Inspiring Rhetoric [Improved]',1,''),(972,'2014-06-13 00:44:29',1,49,'593','Inspiring Rhetoric [Supreme]',1,''),(973,'2014-06-13 00:45:36',1,49,'594','Intense Focus',1,''),(974,'2014-06-13 00:46:08',1,49,'595','Intense Presence',1,''),(975,'2014-06-13 00:46:55',1,49,'596','Intimidating',1,''),(976,'2014-06-13 00:47:07',1,49,'597','Inventor',1,''),(977,'2014-06-13 00:47:29',1,49,'598','Jump Up',1,''),(978,'2014-06-13 00:47:49',1,49,'599','Jury Rigged',1,''),(979,'2014-06-13 00:58:03',1,49,'600','Kill with Kindness',1,''),(980,'2014-06-13 00:58:27',1,49,'601','Knockdown',1,''),(981,'2014-06-13 00:59:11',1,49,'602','Know Somebody',1,''),(982,'2014-06-13 00:59:49',1,49,'603','Knowledge Specialization',1,''),(983,'2014-06-13 01:00:31',1,49,'604','Known Schematic',1,''),(984,'2014-06-13 01:02:48',1,49,'605','Let\'s Ride',1,''),(985,'2014-06-13 01:03:06',1,49,'606','Lethal Blows',1,''),(986,'2014-06-13 01:20:18',1,49,'607','Master Doctor',1,''),(987,'2014-06-13 01:20:47',1,49,'608','Master MErchant',1,''),(988,'2014-06-13 01:21:04',1,49,'609','Master of Shadows',1,''),(989,'2014-06-13 01:21:27',1,49,'610','Master Pilot',1,''),(990,'2014-06-13 01:21:54',1,49,'611','Master Slicer',1,''),(991,'2014-06-13 01:22:07',1,49,'612','Master Starhopper',1,''),(992,'2014-06-13 01:22:27',1,49,'613','Mental Fortress',1,''),(993,'2014-06-13 01:22:41',1,49,'614','Natural Brawler',1,''),(994,'2014-06-13 01:22:59',1,49,'615','Natural Charmer',1,''),(995,'2014-06-13 01:23:13',1,49,'616','Natural Doctor',1,''),(996,'2014-06-13 01:23:38',1,49,'617','Natural Enforcer',1,''),(997,'2014-06-13 01:26:12',1,49,'618','Natural Hunter',1,''),(998,'2014-06-13 01:26:33',1,49,'619','Natural Marksman',1,''),(999,'2014-06-13 01:26:49',1,49,'620','Natural Negotiator',1,''),(1000,'2014-06-13 01:27:19',1,49,'621','Natural Outdoorsman',1,''),(1001,'2014-06-13 01:27:33',1,49,'622','Natural Pilot',1,''),(1002,'2014-06-13 01:27:49',1,49,'623','Natural Programmer',1,''),(1003,'2014-06-13 01:28:04',1,49,'624','Natural Rogue',1,''),(1004,'2014-06-13 01:28:18',1,49,'625','Natural Scholar',1,''),(1005,'2014-06-13 01:28:36',1,49,'626','Natural Tinkerer',1,''),(1006,'2014-06-13 01:29:57',1,49,'627','Nobody\'s Fool',1,''),(1007,'2014-06-13 01:31:25',1,49,'628','Outdoorsman',1,''),(1008,'2014-06-13 01:31:45',1,49,'629','Overwhelm Emotions',1,''),(1009,'2014-06-13 01:32:29',1,49,'630','Plausible Deniability',1,''),(1010,'2014-06-13 01:32:43',1,49,'629','Overwhelm Emotions',2,'Changed force_sensitive.'),(1011,'2014-06-13 01:32:50',1,49,'630','Plausible Deniability',2,'Changed ranked.'),(1012,'2014-06-13 01:33:16',1,49,'631','Point Blank',1,''),(1013,'2014-06-13 01:33:34',1,49,'632','Precise Aim',1,''),(1014,'2014-06-13 01:33:50',1,49,'633','Pressure Point',1,''),(1015,'2014-06-13 01:34:04',1,49,'634','Quick Draw',1,''),(1016,'2014-06-13 01:34:27',1,49,'635','Quick Strike',1,''),(1017,'2014-06-13 01:34:44',1,49,'636','Rapid Reaction',1,''),(1018,'2014-06-13 01:35:03',1,49,'637','Rapid Recovery',1,''),(1019,'2014-06-13 01:35:38',1,49,'638','Redundant Systems',1,''),(1020,'2014-06-13 01:35:57',1,49,'639','Researcher',1,''),(1021,'2014-06-13 01:36:11',1,49,'640','Resolve',1,''),(1022,'2014-06-13 01:36:34',1,49,'641','Scathine Tirade',1,''),(1023,'2014-06-13 01:37:08',1,49,'642','Scathing Tirade [Improved]',1,''),(1024,'2014-06-13 01:37:25',1,49,'643','Scathing Tirade [Supreme]',1,''),(1025,'2014-06-13 01:38:19',1,49,'641','Scathing Tirade',2,'Changed name.'),(1026,'2014-06-13 01:38:44',1,49,'644','Second Wind',1,''),(1027,'2014-06-13 01:39:17',1,49,'645','Sense Danger',1,''),(1028,'2014-06-13 01:39:34',1,49,'646','Sense Emotions',1,''),(1029,'2014-06-13 01:40:02',1,49,'647','Shortcut',1,''),(1030,'2014-06-13 01:40:21',1,49,'648','Side Step',1,''),(1031,'2014-06-13 01:40:39',1,49,'649','Sixth Sense',1,''),(1032,'2014-06-13 01:40:56',1,49,'650','Skilled Jockey',1,''),(1033,'2014-06-13 01:41:28',1,49,'651','Skilled Slicer',1,''),(1034,'2014-06-13 01:42:18',1,49,'652','Smooth Talker',1,''),(1035,'2014-06-13 02:01:10',1,49,'653','Sniper Shot',1,''),(1036,'2014-06-13 02:01:28',1,49,'654','Soft Spot',1,''),(1037,'2014-06-13 02:01:49',1,49,'655','Solid Repairs',1,''),(1038,'2014-06-13 02:02:06',1,49,'656','Spare Clip',1,''),(1039,'2014-06-13 02:02:25',1,49,'657','Speaks Binary',1,''),(1040,'2014-06-13 02:04:16',1,49,'658','Stalker',1,''),(1041,'2014-06-13 02:04:43',1,49,'659','Steely Nerves',1,''),(1042,'2014-06-13 02:05:06',1,49,'660','Stim Application',1,''),(1043,'2014-06-13 02:05:41',1,49,'661','Stim Application [Improved]',1,''),(1044,'2014-06-13 02:06:13',1,49,'662','Stim Application [Supreme]',1,''),(1045,'2014-06-13 02:06:41',1,49,'663','Street Smarts',1,''),(1046,'2014-06-13 02:07:08',1,49,'664','Stroke of Genius',1,''),(1047,'2014-06-13 02:07:43',1,49,'665','Strong Arm',1,''),(1048,'2014-06-13 02:08:02',1,49,'666','Stunning Blow',1,''),(1049,'2014-06-13 02:08:25',1,49,'667','Stunning Blow [Improved]',1,''),(1050,'2014-06-13 02:09:01',1,49,'668','Superior Reflexes',1,''),(1051,'2014-06-13 02:09:21',1,49,'669','Surgeon',1,''),(1052,'2014-06-13 02:09:40',1,49,'670','Targeted Blow',1,''),(1053,'2014-06-13 02:09:59',1,49,'671','Technical Aptitude',1,''),(1054,'2014-06-13 02:10:44',1,49,'672','Tinkerer',1,''),(1055,'2014-06-13 02:11:02',1,49,'673','Touch of Fate',1,''),(1056,'2014-06-13 02:11:21',1,49,'674','Toughened',1,''),(1057,'2014-06-13 02:11:39',1,49,'675','Tricky Target',1,''),(1058,'2014-06-13 02:12:02',1,49,'676','True Aim',1,''),(1059,'2014-06-13 02:12:23',1,49,'677','Uncanny Reactions',1,''),(1060,'2014-06-13 02:13:01',1,49,'678','Uncanny Senses',1,''),(1061,'2014-06-13 02:13:17',1,49,'679','Utility Belt',1,''),(1062,'2014-06-13 02:13:35',1,49,'680','Utinni!',1,''),(1063,'2014-06-13 02:13:48',1,49,'681','Well Rounded',1,''),(1064,'2014-06-13 02:14:10',1,49,'682','Wheel and Deal',1,''),(1065,'2014-06-13 02:15:12',1,49,'678','Uncanny Senses',2,'Changed force_sensitive.'),(1066,'2014-06-13 02:15:20',1,49,'645','Sense Danger',2,'Changed force_sensitive.'),(1067,'2014-06-13 02:15:33',1,49,'646','Sense Emotions',2,'No fields changed.'),(1068,'2014-06-13 02:15:55',1,49,'629','Overwhelm Emotions',2,'No fields changed.'),(1069,'2014-06-13 02:16:08',1,49,'590','Insight',2,'Changed force_sensitive.'),(1070,'2014-06-13 02:16:18',1,49,'542','Balance',2,'Changed force_sensitive.'),(1071,'2014-06-13 02:16:34',1,49,'673','Touch of Fate',2,'Changed force_sensitive.'),(1072,'2014-06-13 02:16:47',1,49,'677','Uncanny Reactions',2,'Changed force_sensitive.'),(1073,'2014-06-13 02:18:12',1,49,'536','Adversary',2,'Added index \"BGR:27\".'),(1074,'2014-06-13 02:18:31',1,49,'541','Bad Motivator',2,'Added index \"BGR:27\".'),(1075,'2014-06-13 02:18:41',1,49,'543','Barrage',2,'Added index \"BGR:27\".'),(1076,'2014-06-13 02:18:52',1,49,'549','Bypass Security',2,'Added index \"BGR:27\".'),(1077,'2014-06-13 02:19:01',1,49,'550','Codebreaker',2,'Added index \"BGR:27\".'),(1078,'2014-06-13 02:19:12',1,49,'552','Contraption',2,'Added index \"BGR:27\".'),(1079,'2014-06-13 02:19:26',1,49,'555','Dead to Rights',2,'Added index \"BGR:27\".'),(1080,'2014-06-13 02:19:35',1,49,'561','Defensive Slicing [Improved]',2,'Added index \"BGR:27\".'),(1081,'2014-06-13 02:19:48',1,49,'557','Deadly Accuracy',2,'Added index \"BGR:27\".'),(1082,'2014-06-13 02:19:59',1,49,'559','Defensive Driving',2,'Added index \"BGR:27\".'),(1083,'2014-06-13 02:20:28',1,49,'564','Dodge',2,'Added index \"BGR:27\".'),(1084,'2014-06-13 02:20:48',1,49,'566','Enduring',2,'Added index \"BGR:28\".'),(1085,'2014-06-13 02:21:00',1,49,'569','Feral Strength',2,'Added index \"BGR:28\".'),(1086,'2014-06-13 02:21:14',1,49,'576','Full Throttle',2,'Added index \"BGR:28\".'),(1087,'2014-06-13 02:21:32',1,49,'577','Full Throttle [Improved]',2,'Added index \"BGR:28\".'),(1088,'2014-06-13 02:22:12',1,49,'581','Grit',2,'Added index \"BGR:28\".'),(1089,'2014-06-13 02:22:43',1,49,'584','Heightened Awareness',2,'Added index \"BGR:28\".'),(1090,'2014-06-13 02:23:08',1,49,'594','Intense Focus',2,'Added index \"BGR:28\".'),(1091,'2014-06-13 02:23:19',1,49,'601','Knockdown',2,'Added index \"BGR:28\".'),(1092,'2014-06-13 02:23:33',1,49,'605','Let\'s Ride',2,'Added index \"BGR:28\".'),(1093,'2014-06-13 02:23:44',1,49,'619','Natural Marksman',2,'Added index \"BGR:28\".'),(1094,'2014-06-13 02:24:00',1,49,'623','Natural Programmer',2,'Added index \"BGR:28\".'),(1095,'2014-06-13 02:24:12',1,49,'624','Natural Rogue',2,'Added index \"BGR:28\".'),(1096,'2014-06-13 02:24:25',1,49,'625','Natural Scholar',2,'Added index \"BGR:28\".'),(1097,'2014-06-13 02:24:35',1,49,'631','Point Blank',2,'Added index \"BGR:28\".'),(1098,'2014-06-13 02:24:50',1,49,'635','Quick Strike',2,'Added index \"BGR:29\".'),(1099,'2014-06-13 02:25:11',1,49,'637','Rapid Recovery',2,'Added index \"BGR:29\".'),(1100,'2014-06-13 02:25:23',1,49,'639','Researcher',2,'Added index \"BGR:29\".'),(1101,'2014-06-13 02:25:36',1,49,'640','Resolve',2,'Added index \"BGR:29\".'),(1102,'2014-06-13 02:25:52',1,49,'650','Skilled Jockey',2,'Added index \"BGR:29\".'),(1103,'2014-06-13 02:26:08',1,49,'653','Sniper Shot',2,'Added index \"BGR:29\".'),(1104,'2014-06-13 02:26:18',1,49,'654','Soft Spot',2,'Added index \"BGR:29\".'),(1105,'2014-06-13 02:26:43',1,49,'655','Solid Repairs',2,'Added index \"BGR:29\".'),(1106,'2014-06-13 02:26:56',1,49,'657','Speaks Binary',2,'Added index \"BGR:29\".'),(1107,'2014-06-13 02:27:07',1,49,'658','Stalker',2,'Added index \"BGR:29\".'),(1108,'2014-06-13 02:27:44',1,49,'683','Stimpack Specialization',1,''),(1109,'2014-06-13 02:27:58',1,49,'664','Stroke of Genius',2,'Added index \"BGR:29\".'),(1110,'2014-06-13 02:28:14',1,49,'674','Toughened',2,'Added index \"BGR:29\".'),(1111,'2014-06-13 02:28:35',1,49,'675','Tricky Target',2,'Added index \"BGR:29\".'),(1112,'2014-06-13 02:28:45',1,49,'676','True Aim',2,'Added index \"BGR:29\".'),(1113,'2014-06-13 02:34:08',1,45,'684','Imperial Army Trooper',1,''),(1114,'2014-06-13 11:52:26',1,49,'685','All-Terrain Driver',1,''),(1115,'2014-06-13 11:52:41',1,49,'686','Bring it Down',1,''),(1116,'2014-06-13 11:53:00',1,49,'687','Full Stop',1,''),(1117,'2014-06-13 11:53:25',1,49,'687','Full Stop',2,'Changed activation.'),(1118,'2014-06-13 11:53:44',1,49,'688','Hunter\'s Quarry',1,''),(1119,'2014-06-13 11:54:05',1,49,'689','Hunter\'s Quarry [Improved]',1,''),(1120,'2014-06-13 11:56:47',1,49,'690','Master Driver',1,''),(1121,'2014-06-13 11:57:08',1,49,'691','Museum Worthy',1,''),(1122,'2014-06-13 11:57:23',1,49,'692','Natural Driver',1,''),(1123,'2014-06-13 11:57:35',1,49,'693','Pin',1,''),(1124,'2014-06-13 12:00:31',1,49,'694','Burly',1,''),(1125,'2014-06-13 12:00:42',1,49,'695','Fearsome',1,''),(1126,'2014-06-13 12:00:55',1,49,'696','Heavy Hitter',1,''),(1127,'2014-06-13 12:01:21',1,49,'697','Heroic Resilience',1,''),(1128,'2014-06-13 12:01:41',1,49,'698','Improvised Detonation',1,''),(1129,'2014-06-13 12:02:07',1,49,'699','Improvised Detonation [Improved]',1,''),(1130,'2014-06-13 12:02:18',1,49,'700','Loom',1,''),(1131,'2014-06-13 12:02:33',1,49,'701','Master Grenadier',1,''),(1132,'2014-06-13 12:02:48',1,49,'702','Powerful Blast',1,''),(1133,'2014-06-13 12:03:12',1,49,'703','Rain of Death',1,''),(1134,'2014-06-13 12:03:30',1,49,'704','Selective Detonation',1,''),(1135,'2014-06-13 12:03:51',1,49,'705','Steady Nerves',1,''),(1136,'2014-06-13 12:04:04',1,49,'706','Talk the Talk',1,''),(1137,'2014-06-13 12:04:19',1,49,'707','Time to Go',1,''),(1138,'2014-06-13 12:04:36',1,49,'708','Time to Go [Improved]',1,''),(1139,'2014-06-13 12:04:51',1,49,'709','Walk the Walk',1,''),(1140,'2014-06-13 14:51:47',1,33,'710','Trooper uniform and helmet',1,''),(1141,'2014-06-13 14:52:03',1,45,'684','Imperial Army Trooper',2,'Changed equipment.'),(1142,'2014-06-13 14:53:41',1,45,'684','Imperial Army Trooper',2,'No fields changed.'),(1143,'2014-06-13 14:56:23',1,54,'711','Tactical Direction',1,''),(1144,'2014-06-13 14:57:25',1,54,'712','Overwhelming Fire',1,''),(1145,'2014-06-13 14:57:50',1,45,'713','Imperial Army Officer',1,''),(1146,'2014-06-13 14:59:08',1,45,'713','Imperial Army Officer',2,'Changed equipment. Added talent entry \"<a href=\"/character/talent/536/\" class=\"talent_name\">Adversary</a> 1\". Added skill entry \"SkillEntry object\". Added skill entry \"SkillEntry object\". Added skill entry \"SkillEntry object\". Added skill entry \"SkillEntry object\". Added index \"BGR:45\".'),(1147,'2014-06-13 14:59:34',1,33,'714','Officer Uniform',1,''),(1148,'2014-06-13 14:59:43',1,45,'713','Imperial Army Officer',2,'No fields changed.'),(1149,'2014-06-13 14:59:55',1,45,'713','Imperial Army Officer',2,'Changed equipment.'),(1150,'2014-06-13 15:00:07',1,45,'713','Imperial Army Officer',2,'No fields changed.'),(1151,'2014-06-13 15:07:57',1,54,'711','Tactical Direction',2,'Changed description.'),(1152,'2014-06-13 15:29:16',1,54,'712','Overwhelming Fire',2,'Changed description.'),(1153,'2014-06-13 17:35:23',1,33,'715','Stormtrooper Armor',1,''),(1154,'2014-06-13 17:35:35',1,45,'716','Imperial Stormtrooper Sergeant',1,''),(1155,'2014-06-13 17:37:10',1,45,'716','Imperial Stormtrooper Sergeant',2,'Changed equipment. Added talent entry \"<a href=\"/character/talent/536/\" class=\"talent_name\">Adversary</a> 1\". Added skill entry \"SkillEntry object\". Added skill entry \"SkillEntry object\". Added skill entry \"SkillEntry object\". Added skill entry \"SkillEntry object\". Added skill entry \"SkillEntry object\". Added skill entry \"SkillEntry object\". Added skill entry \"SkillEntry object\". Added skill entry \"SkillEntry object\". Added index \"BGR:46\".'),(1156,'2014-06-13 17:39:15',1,54,'717','Imperial Valor',1,''),(1157,'2014-06-13 17:42:19',1,45,'718','Imperial Moff',1,''),(1158,'2014-06-13 17:43:04',1,45,'718','Imperial Moff',2,'Changed aka for index \"BGR:46*\".'),(1159,'2014-06-13 17:45:24',1,45,'719','Journeyman Bounty Hunter',1,''),(1160,'2014-06-13 17:47:19',1,45,'720','Smuggler',1,''),(1161,'2014-06-13 17:50:29',1,54,'721','Vacuum Dweller',1,''),(1162,'2014-06-13 17:54:21',1,54,'722','Energy Parasite',1,''),(1163,'2014-06-13 17:54:59',1,54,'723','Flyer',1,''),(1164,'2014-06-13 17:56:09',1,54,'724','Helium Allergy',1,''),(1165,'2014-06-13 17:56:18',1,45,'725','Mynock',1,''),(1166,'2014-06-13 17:59:08',1,54,'726','Amphibious',1,''),(1167,'2014-06-13 18:02:12',1,54,'727','Crushing Grip',1,''),(1168,'2014-06-13 18:03:50',1,45,'728','Mid-Sized Dianoga',1,''),(1169,'2014-06-13 18:10:16',1,54,'727','Crushing Grip',2,'Changed description and notes.'),(1170,'2014-06-13 18:10:32',1,54,'722','Energy Parasite',2,'Changed description and notes.'),(1171,'2014-06-13 18:11:01',1,54,'722','Energy Parasite',2,'Changed description.'),(1172,'2014-06-13 19:28:10',1,45,'729','Aqualish Thug',1,''),(1173,'2014-06-13 19:29:37',1,45,'730','Arms Dealer',1,''),(1174,'2014-06-13 19:31:11',1,45,'731','Barabel Enforcer',1,''),(1175,'2014-06-13 19:33:47',1,54,'732','Light Sensitive',1,''),(1176,'2014-06-13 19:35:30',1,54,'733','Shadowed',1,''),(1177,'2014-06-13 19:37:38',1,45,'734','Defel Assassin',1,''),(1178,'2014-06-13 19:39:17',1,45,'734','Defel Assassin',2,'Changed equipment and notes.'),(1179,'2014-06-13 19:41:05',1,45,'735','Forger',1,''),(1180,'2014-06-13 19:42:57',1,45,'736','Infochant',1,''),(1181,'2014-06-13 19:48:20',1,45,'737','Loan Shark',1,''),(1182,'2014-06-13 19:51:09',1,45,'738','Pirate Crew',1,''),(1183,'2014-06-13 19:51:49',1,45,'738','Pirate Crew',2,'Changed notes. Added index \"CRB:393\".'),(1184,'2014-06-13 19:54:29',1,54,'739','Pirate Leader',1,''),(1185,'2014-06-13 19:57:09',1,45,'740','Pirate Captain',1,''),(1186,'2014-06-13 19:58:57',1,45,'741','Slaver',1,''),(1187,'2014-06-13 21:39:50',3,49,'554','Crippling Blow',2,'Changed activation and notes.'),(1188,'2014-06-14 02:35:48',1,32,'299','Corellia Mining Corporation J-7B Beamdrill',2,'Changed weapon_skill.'),(1189,'2014-06-14 02:36:06',1,32,'236','Karflo Corporation G9-GP Pulse Drill',2,'Changed weapon_skill.'),(1190,'2014-06-14 11:13:48',1,45,'742','Shipjacker',1,''),(1191,'2014-06-14 11:16:48',1,45,'743','Slicer',1,''),(1192,'2014-06-14 11:25:56',1,45,'744','Smuggler Baron',1,''),(1193,'2014-06-14 13:56:56',1,45,'720','Smuggler',2,'No fields changed.'),(1194,'2014-06-14 13:59:02',1,45,'745','Smuggler',1,''),(1195,'2014-06-14 14:14:38',1,45,'746','Street Tough',1,''),(1196,'2014-06-14 14:16:24',1,45,'747','Sullustan Pilot-for-Hire',1,''),(1197,'2014-06-14 14:50:04',1,45,'748','Swoop Ganger',1,''),(1198,'2014-06-14 17:55:38',1,45,'729','Aqualish Thug',2,'Changed rank for skill entry \"SkillEntry object\".'),(1199,'2014-06-14 17:55:43',1,45,'729','Aqualish Thug',2,'No fields changed.'),(1200,'2014-06-15 02:55:37',1,45,'749','Twi\'lek Black Marketeer',1,''),(1201,'2014-06-15 02:59:07',1,45,'750','Comm Operator',1,''),(1202,'2014-06-15 03:00:26',1,45,'751','Customs Inspector',1,''),(1203,'2014-06-15 03:03:19',1,45,'752','Mon Calamari Mechanic',1,''),(1204,'2014-06-15 03:05:19',1,45,'753','Spaceport Security Detail',1,''),(1205,'2014-06-15 03:06:52',1,54,'754','Spaceport Leader',1,''),(1206,'2014-06-15 03:09:15',1,45,'755','Apaceport Administrator',1,''),(1207,'2014-06-15 03:11:04',1,45,'756','Spaceport Urchin',1,''),(1208,'2014-06-15 03:11:13',1,45,'755','Spaceport Administrator',2,'Changed name.'),(1209,'2014-06-15 11:08:23',1,45,'757','Apprentice Hunter',1,''),(1210,'2014-06-15 11:10:02',1,45,'719','Journeyman Hunter',2,'Changed name. Added talent entry \"<a href=\"/character/talent/536/\" class=\"talent_name\">Adversary</a> 1\". Added index \"CRB:400\". Changed aka for index \"BGR:46*\".'),(1211,'2014-06-15 11:15:15',1,45,'758','Master Hunter',1,''),(1212,'2014-06-15 11:19:57',1,45,'758','Master Hunter',2,'Changed notes.'),(1213,'2014-06-15 11:22:06',1,45,'759','Corporate Sector Authority Security Police',1,''),(1214,'2014-06-15 11:24:19',1,54,'760','Riot Tactics',1,''),(1215,'2014-06-15 11:25:21',1,33,'761','Riot Armor',1,''),(1216,'2014-06-15 11:26:19',1,45,'762','Corporate Sector Authority Security Caltain',1,''),(1217,'2014-06-15 11:26:32',1,45,'762','Corporate Sector Authority Security Caltain',2,'Changed equipment.'),(1218,'2014-06-15 11:26:48',1,45,'759','Corporate Sector Authority Security Police',2,'Changed equipment.'),(1219,'2014-06-15 11:27:05',1,45,'762','Corporate Sector Authority Security Captain',2,'Changed name.'),(1220,'2014-06-15 11:30:48',1,45,'763','Corporate Sector Authority Viceprex',1,''),(1221,'2014-06-15 11:36:11',1,45,'764','Emperor\'s Hand',1,''),(1222,'2014-06-15 11:39:14',1,45,'765','Imperial Intelligence Agent',1,''),(1223,'2014-06-15 11:53:25',1,45,'718','Imperial Moff',2,'Changed skill for skill entry \"SkillEntry object\". Added index \"CRB:403\".'),(1224,'2014-06-15 11:53:50',1,54,'717','Imperial Valor',2,'Added index \"CRB:403\".'),(1225,'2014-06-15 11:55:56',1,33,'766','Blast vest and Helmet',1,''),(1226,'2014-06-15 11:56:23',1,45,'767','Imperial Naval Trooper',1,''),(1227,'2014-06-15 11:56:37',1,45,'767','Imperial Naval Trooper',2,'Changed equipment.'),(1228,'2014-06-15 11:57:38',1,54,'711','Tactical Direction',2,'Added index \"CRB:404\".'),(1229,'2014-06-15 11:58:56',1,45,'768','Imperial Naval Officer',1,''),(1230,'2014-06-15 12:03:52',1,45,'769','Imperial Stormtrooper',1,''),(1231,'2014-06-15 12:04:33',1,45,'716','Imperial Stormtrooper Sergeant',2,'Added index \"CRB:404\".'),(1232,'2014-06-15 12:07:42',1,45,'770','Military Starfighter Pilot',1,''),(1233,'2014-06-15 12:09:34',1,33,'771','Blast Vest',1,''),(1234,'2014-06-15 12:10:10',1,45,'772','Planetary Defense Force Trooper',1,''),(1235,'2014-06-15 12:10:26',1,45,'772','Planetary Defense Force Trooper',2,'Changed equipment.'),(1236,'2014-06-15 12:12:48',1,54,'773','Leader',1,''),(1237,'2014-06-15 12:15:06',1,45,'774','Planetary Governor',1,''),(1238,'2014-06-15 12:21:04',1,45,'775','Sector Ranger',1,''),(1239,'2014-06-15 12:58:36',1,45,'776','Black Sun Vigo',1,''),(1240,'2014-06-15 13:00:59',1,54,'777','Awkward',1,''),(1241,'2014-06-15 13:01:45',1,54,'778','Ponderous',1,''),(1242,'2014-06-15 13:05:52',1,45,'779','Hutt Crime Lord',1,''),(1243,'2014-06-15 13:09:00',1,45,'780','Corrupt Bureaucrat',1,''),(1244,'2014-06-15 13:13:02',1,32,'781','Molecular Stoletto',1,''),(1245,'2014-06-15 13:14:49',1,45,'782','Rebel Alliance Liaison',1,''),(1246,'2014-06-15 13:15:01',1,45,'782','Rebel Alliance Liaison',2,'Changed equipment.'),(1247,'2014-06-15 13:15:13',1,32,'781','Molecular Stiletto',2,'Changed name.'),(1248,'2014-06-15 13:19:31',1,45,'783','Arrogant Heir',1,''),(1249,'2014-06-15 13:38:18',1,45,'784','Philanthropic Senator',1,''),(1250,'2014-06-15 13:40:51',1,45,'785','Wealthy Noble',1,''),(1251,'2014-06-15 17:54:15',1,48,'786','Lightsaber',1,''),(1252,'2014-06-15 17:55:02',1,45,'787','Forsaken Jedi',1,''),(1253,'2014-06-15 17:56:13',1,45,'788','Gamorrean Thug',1,''),(1254,'2014-06-15 17:59:07',1,45,'789','Ithorian Storyteller',1,''),(1255,'2014-06-15 17:59:44',1,45,'725','Mynock',2,'Added index \"CRB:413\".'),(1256,'2014-06-15 18:00:58',1,42,'59','Adversary',1,''),(1257,'2014-06-15 18:01:09',1,31,'790','Dancing attire',1,''),(1258,'2014-06-15 18:01:47',1,45,'791','Twi\'lek Dancer',1,''),(1259,'2014-06-15 18:05:31',1,54,'792','Wookie Rage',1,''),(1260,'2014-06-15 18:06:48',1,45,'793','Wookie Gladiator',1,''),(1261,'2014-06-15 18:08:11',1,45,'794','Yarkora Treasure Hunter',1,''),(1262,'2014-06-15 18:08:33',1,45,'728','Mid-Sized Dianoga',2,'Added index \"CRB:415\".'),(1263,'2014-06-15 18:11:15',1,54,'795','Silhouette 3',1,''),(1264,'2014-06-15 18:12:21',1,54,'796','Sweep attack',1,''),(1265,'2014-06-15 18:13:08',1,45,'797','Captive Rancor',1,''),(1266,'2014-06-15 18:14:41',1,54,'798','Four-armed',1,''),(1267,'2014-06-15 18:15:26',1,45,'799','Gundark',1,''),(1268,'2014-06-15 18:18:32',1,54,'800','Droid',1,''),(1269,'2014-06-15 18:19:07',1,45,'801','Antiquated Battle Droid',1,''),(1270,'2014-06-15 18:22:43',1,45,'802','Assassin Droid',1,''),(1271,'2014-06-15 18:24:32',1,45,'803','Astromech Droid',1,''),(1272,'2014-06-15 18:25:34',1,45,'804','Maintenance Droid',1,''),(1273,'2014-06-15 18:27:05',1,45,'805','Medical Droid',1,''),(1274,'2014-06-15 18:29:37',1,54,'806','Etiquette and Protocol',1,''),(1275,'2014-06-15 18:30:20',1,45,'807','Protocol Droid',1,''),(1276,'2014-06-15 18:32:35',1,45,'808','Security Droid',1,''),(1277,'2014-06-15 18:35:45',1,23,'6','Core Book Adversaries',1,''),(1278,'2014-06-15 22:27:52',3,38,'496','T-65B \"X-Wing\" Multi-Role Starfighter',2,'Changed name.'),(1279,'2014-06-15 22:29:55',3,38,'496','T-65B \"X-Wing\" Multi-Role Starfighter',2,'Changed notes and image.'),(1280,'2014-06-16 02:31:42',1,23,'7','RSS Feeds now available',1,''),(1281,'2014-06-16 02:32:07',1,23,'7','RSS Feeds now available',2,'Changed blog_entry.'),(1282,'2014-06-16 04:49:37',3,45,'809','Cybot Galactica K-9 Series Hunting Droid',1,''),(1283,'2014-06-16 04:51:58',3,32,'240','K-9 Teeth and claws',2,'Changed name.'),(1284,'2014-06-16 04:52:28',3,45,'809','Cybot Galactica K-9 Series Hunting Droid',2,'Changed equipment.'),(1285,'2014-06-16 04:54:24',3,31,'810','Fabritech \"Hound\" Sensor Suite',1,''),(1286,'2014-06-16 04:54:44',3,45,'809','Cybot Galactica K-9 Series Hunting Droid',2,'Changed equipment.'),(1287,'2014-06-16 05:02:53',3,32,'240','Teeth and claws',2,'Changed name.'),(1288,'2014-06-16 21:42:30',3,31,'17','Electrobinoculars',2,'Changed notes and image.'),(1289,'2014-06-16 21:44:17',3,31,'18','General Purpose Scanner',2,'Changed notes and image.'),(1290,'2014-06-16 21:46:30',3,31,'19','Macrobinoculars',2,'Changed notes and image.'),(1291,'2014-06-16 21:48:45',3,31,'21','Hand Scanner',2,'Changed notes and image.'),(1292,'2014-06-16 22:07:09',3,32,'200','Merr-Sonn Model 44 Blaster Pistol',2,'Changed notes and image.'),(1293,'2014-06-16 22:07:55',3,32,'239','Mk VIII Vibrosaw',2,'Changed name and notes.'),(1294,'2014-06-16 22:11:24',3,32,'199','Merr-Sonn IR-5 \"Intimidator\" Blaster Pistol',2,'Changed notes and image.'),(1295,'2014-06-16 22:17:06',3,32,'159','Blaster Carbine',2,'Changed notes and image.'),(1296,'2014-06-16 22:19:36',3,32,'166','Light Repeating Blaster',2,'Changed notes and image.'),(1297,'2014-06-16 22:20:47',3,32,'162','Heavy Blaster Pistol',2,'Changed notes and image.'),(1298,'2014-06-16 22:21:26',3,32,'277','Mandibles',2,'Changed name.'),(1299,'2014-06-16 22:24:39',3,32,'165','Ionization blaster',2,'Changed notes and image.'),(1300,'2014-06-16 22:27:27',3,32,'167','Disruptor Pistol',2,'Changed notes and image.'),(1301,'2014-06-16 22:27:55',3,32,'168','Disruptor Rifle',2,'Changed notes and image.'),(1302,'2014-06-16 22:30:02',3,32,'209','Golan Arms FC1 Flechette Launcher (Anti-Infantry)',2,'Changed notes and image.'),(1303,'2014-06-16 22:30:20',3,32,'210','Golan Arms FC1 Flechette Launcher (Anti-Vehicle)',2,'Changed notes and image.'),(1304,'2014-06-16 22:34:17',3,32,'181','Force Pike',2,'Changed notes and image.'),(1305,'2014-06-16 22:38:07',3,32,'223','Czerka Vibroknuckles',2,'Changed notes and image.'),(1306,'2014-06-16 22:55:38',3,33,'324','A/KT Tracker Utility Vest',2,'Changed notes and image.'),(1307,'2014-06-16 23:19:50',3,31,'48','Jet Pack',2,'Changed notes and image.'),(1308,'2014-06-16 23:24:34',3,31,'1','Comlink (handheld)',2,'Changed notes and image.'),(1309,'2014-06-16 23:31:54',3,31,'26','Medpac',2,'Changed notes and image.'),(1310,'2014-06-16 23:33:13',3,31,'97','CAPC ECM-598 Medical Backpack',2,'Changed notes and image.'),(1311,'2014-06-16 23:38:32',3,31,'98','Degan Explorations Syntherope',2,'Changed notes and image.'),(1312,'2014-06-17 01:20:05',3,31,'811','Fabritech \"Surveyor\" Mapping and Surveying Suite',1,''),(1313,'2014-06-17 01:21:24',3,45,'812','Cybot Galactica/KDY All-Terrain Exploration Droid',1,''),(1314,'2014-06-17 01:24:16',3,45,'812','Cybot Galactica/KDY All-Terrain Exploration Droid',2,'Changed notes and image.'),(1315,'2014-06-17 01:29:11',3,45,'809','K-9 Series Hunting Droid',2,'Changed name.'),(1316,'2014-06-17 01:29:44',3,45,'812','CG/KDY AT-ED',2,'Changed name.'),(1317,'2014-06-17 01:34:15',3,45,'813','JC Series Pilot Droid',1,''),(1318,'2014-06-17 01:37:57',3,31,'814','Mercantile computer with holonet connection',1,''),(1319,'2014-06-17 01:38:53',3,45,'815','KLC Series Exchequer Droid',1,''),(1320,'2014-06-17 01:39:42',3,45,'815','KLC Series Exchequer Droid',2,'Added index \"EtU:56\".'),(1321,'2014-06-17 01:57:24',3,54,'816','Hoverer',1,''),(1322,'2014-06-17 01:58:33',3,31,'817','Cryostorage bay',1,''),(1323,'2014-06-17 01:59:41',3,48,'818','Knowledge (Xenology)',1,''),(1324,'2014-06-17 02:00:14',3,45,'819','Scout Collector',1,''),(1325,'2014-06-17 02:07:18',3,49,'820','Swift',1,''),(1326,'2014-06-17 02:08:17',3,45,'821','Scout Surveyor',1,''),(1327,'2014-06-17 02:08:52',3,45,'819','Scout Collector',2,'Added index \"EtU:57\".'),(1328,'2014-06-17 02:16:06',3,45,'807','Protocol Droid',2,'Changed notes and image.'),(1329,'2014-06-17 02:18:40',3,45,'807','Protocol Droid',2,'Changed notes and image.'),(1330,'2014-06-17 02:19:29',3,45,'807','Protocol Droid',2,'Changed image.'),(1331,'2014-06-17 02:20:49',3,45,'803','Astromech Droid',2,'Changed notes and image.'),(1332,'2014-06-17 02:22:15',3,45,'804','Maintenance Droid',2,'Changed notes and image.'),(1333,'2014-06-17 02:23:35',3,45,'805','Medical Droid',2,'Changed notes and image.'),(1334,'2014-06-17 02:25:07',3,45,'801','Antiquated Battle Droid',2,'Changed notes and image.'),(1335,'2014-06-17 02:28:19',3,45,'802','Assassin Droid',2,'Changed notes and image.'),(1336,'2014-06-17 03:19:27',3,31,'822','Holocam',1,''),(1337,'2014-06-17 03:19:59',3,45,'823','J-57 Cam Droid',1,''),(1338,'2014-06-17 03:22:51',3,54,'824','Firefighter',1,''),(1339,'2014-06-17 03:23:32',3,54,'825','Fire Resistant',1,''),(1340,'2014-06-17 03:24:14',3,31,'826','Fire suppression equipment',1,''),(1341,'2014-06-17 03:24:37',3,45,'827','FD-Series Extinguisher Droid',1,''),(1342,'2014-06-17 03:25:19',3,45,'823','J-57 Cam Droid',2,'Changed abilities.'),(1343,'2014-06-17 03:55:59',3,45,'828','OOM Security Droid',1,''),(1344,'2014-06-18 19:54:11',3,45,'823','J-57 Cam Droid',2,'Changed notes and image.'),(1345,'2014-06-18 19:56:50',3,45,'828','OOM Security Droid',2,'Changed notes and image.'),(1346,'2014-06-18 20:03:10',3,45,'799','Gundark',2,'Changed notes and image.'),(1347,'2014-06-18 20:08:35',3,45,'797','Captive Rancor',2,'Changed notes and image.'),(1348,'2014-06-18 20:10:21',3,45,'794','Yarkora Treasure Hunter',2,'Changed notes and image.'),(1349,'2014-06-18 20:16:33',3,45,'793','Wookie Gladiator',2,'Changed notes and image.'),(1350,'2014-06-18 20:25:55',3,45,'791','Twi\'lek Dancer',2,'Changed notes and image.'),(1351,'2014-06-18 20:28:50',3,45,'789','Ithorian Storyteller',2,'Changed notes and image.'),(1352,'2014-06-18 20:30:38',3,45,'788','Gamorrean Thug',2,'Changed notes and image.'),(1353,'2014-06-18 20:46:59',3,45,'787','Forsaken Jedi',2,'Changed notes and image.'),(1354,'2014-06-18 20:48:53',3,32,'183','Lightsaber',2,'Changed notes and image.'),(1355,'2014-06-19 20:41:51',3,54,'829','Technical Master',1,''),(1356,'2014-06-19 20:44:09',3,31,'830','Pet Bogwing (\"Mordekai\")',1,''),(1357,'2014-06-19 20:48:16',3,45,'831','Reom (Twi\'lek)',1,''),(1358,'2014-06-19 21:06:08',3,45,'832','ISB (Imperial Security Bureau) Agent',1,''),(1359,'2014-06-19 21:09:10',3,45,'833','ISB Supervisor Cal Alsen',1,''),(1360,'2014-06-19 21:12:20',3,31,'834','Auxiliary Mechanics Equipment',1,''),(1361,'2014-06-19 21:12:51',3,45,'835','WED Treadwell Repair Droid',1,''),(1362,'2014-06-22 03:43:08',1,48,'818','Knowledge (Xenology)',3,''),(1363,'2014-06-26 22:03:09',1,23,'8','Weapon Reorg (v1.1.3.0)',1,''),(1364,'2014-06-26 22:16:00',1,3,'1','entry_editor',2,'Changed permissions.'),(1365,'2014-06-26 22:27:59',1,55,'836','Mynock',1,''),(1366,'2014-06-26 22:35:17',1,3,'1','entry_editor',2,'Changed permissions.'),(1367,'2014-06-26 22:36:06',1,57,'837','Mynock Sucker-mouths and claws',1,''),(1368,'2014-06-26 22:36:56',1,58,'838','Mynock',1,''),(1369,'2014-06-26 22:37:17',1,3,'1','entry_editor',2,'Changed permissions.'),(1370,'2014-06-26 22:45:56',1,57,'837','Mynock Sucker-mouths and claws',2,'Added index \"BGR:47\".'),(1371,'2014-06-26 22:46:32',1,32,'194','Sucker-mouths and claws',3,''),(1372,'2014-06-26 22:47:44',1,45,'725','Mynock',3,''),(1373,'2014-06-26 22:53:51',1,55,'839','Dianoga',1,''),(1374,'2014-06-26 22:56:43',1,57,'840','Dianoga Tentacles',1,''),(1375,'2014-06-26 22:58:28',1,58,'841','Mid-Sized Dianoga',1,''),(1376,'2014-06-26 23:00:17',1,45,'728','Mid-Sized Dianoga',3,''),(1377,'2014-06-26 23:00:31',1,32,'306','Tentacles',3,''),(1378,'2014-06-26 23:01:21',1,55,'842','Rancor',1,''),(1379,'2014-06-26 23:02:28',1,57,'843','Rancor Massive rending claws',1,''),(1380,'2014-06-26 23:03:42',1,58,'844','Captive Rancor',1,''),(1381,'2014-06-26 23:03:52',1,45,'797','Captive Rancor',3,''),(1382,'2014-06-26 23:04:12',1,32,'195','Massive rending claws',3,''),(1383,'2014-06-26 23:05:31',1,55,'845','Gundark',1,''),(1384,'2014-06-26 23:06:24',1,57,'846','Gundark Gundark',1,''),(1385,'2014-06-26 23:06:34',1,32,'196','Meaty fists',3,''),(1386,'2014-06-26 23:06:50',1,45,'799','Gundark',3,''),(1387,'2014-06-26 23:09:19',1,58,'847','Gundark',1,''),(1388,'2014-06-26 23:28:02',1,54,'848','Streetwise +1',1,''),(1389,'2014-06-26 23:29:41',1,54,'849','Convincing Demeanor +1',1,''),(1390,'2014-06-26 23:30:43',1,55,'850','Bothan',1,''),(1391,'2014-06-26 23:35:20',1,54,'851','Two-Weapon Combat',1,''),(1392,'2014-06-26 23:37:53',1,32,'852','Two modified quick draw blaster pistols',1,''),(1393,'2014-06-26 23:38:43',1,45,'853','Daro Blunt',1,''),(1394,'2014-06-26 23:38:58',1,45,'853','Daro Blunt',2,'Changed equipment.'),(1395,'2014-06-26 23:39:58',1,45,'853','Daro Blunt',2,'Changed aka for index \"CRB:425*\".'),(1396,'2014-06-26 23:41:53',1,45,'854','Spir Fraxis',1,''),(1397,'2014-06-26 23:43:48',1,45,'855','Gut-Guro',1,''),(1398,'2014-06-26 23:45:35',1,32,'856','Arc welder',1,''),(1399,'2014-06-26 23:46:31',1,45,'857','R4-W9',1,''),(1400,'2014-06-26 23:46:44',1,45,'857','R4-W9',2,'Changed equipment.'),(1401,'2014-06-26 23:50:49',1,45,'858','Bandin Dobah',1,''),(1402,'2014-06-26 23:53:13',1,32,'859','Heavy Club',1,''),(1403,'2014-06-27 00:05:01',1,45,'860','Mate',1,''),(1404,'2014-06-27 00:05:12',1,45,'860','Mate',2,'Changed equipment.'),(1405,'2014-06-27 00:05:37',1,45,'860','Mate',2,'Changed aka for index \"CRB:434*\".'),(1406,'2014-06-27 00:08:38',1,32,'861','Reinforced Gauntlets',1,''),(1407,'2014-06-27 00:08:47',1,32,'861','Reinforced Gauntlets',2,'Changed aka for index \"CRB:436\".'),(1408,'2014-06-27 00:09:48',1,45,'862','Godon Netakka',1,''),(1409,'2014-06-27 00:10:00',1,45,'862','Godon Netakka',2,'Changed equipment.'),(1410,'2014-06-27 13:38:51',1,45,'863','Spaceport Security Officer',1,''),(1411,'2014-06-27 13:42:14',1,45,'857','R4-W9',2,'Changed aka for index \"CRB:430*\".'),(1412,'2014-06-27 13:43:42',1,45,'864','Sentry Droid Profile',1,''),(1413,'2014-06-27 13:59:41',1,49,'820','Swift',2,'Changed book and page for index \"CRB:144\".'),(1414,'2014-06-27 14:07:54',1,54,'865','Luck be a Lady',1,''),(1415,'2014-06-27 14:08:50',1,31,'866','Fine Clothing',1,''),(1416,'2014-06-27 14:09:09',1,31,'867','Dashing Cloak',1,''),(1417,'2014-06-27 14:09:46',1,31,'868','Wrist-mounted comlink',1,''),(1418,'2014-06-27 14:12:30',1,45,'869','Baron Administrator Lando Calrissian',1,''),(1419,'2014-06-27 14:13:58',1,33,'870','Durable clothing',1,''),(1420,'2014-06-27 14:16:04',1,45,'871','Lobot',1,''),(1421,'2014-06-27 14:16:32',1,31,'872','Borg Construct Aj^6 implant',1,''),(1422,'2014-06-27 14:16:48',1,45,'871','Lobot',2,'Changed equipment.'),(1423,'2014-06-27 14:17:01',1,45,'871','Lobot',2,'Changed equipment.'),(1424,'2014-06-27 14:33:14',1,54,'873','Covering Fire',1,''),(1425,'2014-06-27 14:34:43',1,33,'874','Wing Guard Uniform',1,''),(1426,'2014-06-27 14:35:24',1,31,'875','magnacuffs',1,''),(1427,'2014-06-27 14:36:39',1,45,'876','Wing Guard Officer',1,''),(1428,'2014-06-27 14:37:06',1,45,'876','Wing Guard Officer',2,'Changed equipment.'),(1429,'2014-06-27 14:41:47',1,45,'877','Wing Guard Sergeant',1,''),(1430,'2014-06-27 14:43:59',1,54,'878','Silhouette 0',1,''),(1431,'2014-06-27 14:44:40',1,54,'879','Stubborn and Dependable',1,''),(1432,'2014-06-27 14:47:18',1,32,'880','Hydrospanner',1,''),(1433,'2014-06-27 14:47:23',1,45,'881','Ugnaught Laborer',1,''),(1434,'2014-06-27 14:47:41',1,45,'881','Ugnaught Laborer',2,'Changed equipment.'),(1435,'2014-06-27 14:49:44',1,54,'882','Blubber',1,''),(1436,'2014-06-27 14:50:13',1,31,'883','Upper class clothing',1,''),(1437,'2014-06-27 14:50:31',1,31,'884','250 credits',1,''),(1438,'2014-06-27 14:52:09',1,49,'885','Greased Palms',1,''),(1439,'2014-06-27 14:52:54',1,45,'886','Lutrillian Merchant',1,''),(1440,'2014-06-27 14:57:38',1,33,'887','Long Coat',1,''),(1441,'2014-06-27 14:58:21',1,45,'888','Tabarith\'s Thug',1,''),(1442,'2014-06-27 14:58:33',1,45,'888','Tabarith\'s Thug',2,'Changed equipment.'),(1443,'2014-06-27 15:00:57',1,45,'889','Bhurra',1,''),(1444,'2014-06-27 15:04:18',1,33,'890','Integrated Armor Plating',1,''),(1445,'2014-06-27 15:05:04',1,32,'891','Built-in blaster pistol',1,''),(1446,'2014-06-27 15:05:54',1,45,'892','Government Security Droid',1,''),(1447,'2014-06-27 15:06:15',1,45,'892','Government Security Droid',2,'Changed equipment.'),(1448,'2014-06-27 15:24:35',1,45,'893','Gerrol Hunn',1,''),(1449,'2014-06-27 15:26:11',1,45,'894','Chara Tull',1,''),(1450,'2014-06-27 17:13:45',1,45,'895','The Carbine',1,''),(1451,'2014-06-27 17:15:47',1,54,'896','Additional Limbs',1,''),(1452,'2014-06-27 17:17:15',1,45,'897','Garulo',1,''),(1453,'2014-06-27 17:18:10',1,45,'898','Tarryn Rayzer',1,''),(1454,'2014-06-27 17:19:45',1,45,'898','Tarryn Rayzer',2,'Changed equipment. Added talent entry \"<a href=\"/character/talent/576/\" class=\"talent_name\">Full Throttle</a>\". Added skill entry \"SkillEntry object\". Added skill entry \"SkillEntry object\". Added skill entry \"SkillEntry object\". Added skill entry \"SkillEntry object\". Added skill entry \"SkillEntry object\". Added skill entry \"SkillEntry object\". Added index \"JoY:47\".'),(1455,'2014-06-27 17:20:11',1,45,'898','Tarryn Rayzer',2,'Changed aka for index \"JoY:47*\".'),(1456,'2014-06-27 17:21:18',1,45,'899','K4-76A',1,''),(1457,'2014-06-27 17:21:51',1,45,'899','K4-76A',2,'Added skill entry \"SkillEntry object\". Added skill entry \"SkillEntry object\". Added skill entry \"SkillEntry object\". Added index \"JoY:47*\".'),(1458,'2014-06-27 17:23:16',1,54,'900','Airborne',1,''),(1459,'2014-06-27 17:23:34',1,55,'901','Tibannuck',1,''),(1460,'2014-06-27 17:24:25',1,58,'902','Tibannuck',1,''),(1461,'2014-06-27 17:27:17',1,45,'903','Kaltho the Hutt',1,''),(1462,'2014-06-27 17:29:24',1,45,'904','Shreya Ordassa',1,''),(1463,'2014-06-27 17:32:23',1,45,'905','Mil Mikkir',1,''),(1464,'2014-06-27 17:58:56',1,54,'906','Twi\'lek',1,''),(1465,'2014-06-27 18:12:39',1,31,'907','Stolen credentials and encrypted expense voucher with 5,000 credits',1,''),(1466,'2014-06-27 18:14:25',1,49,'908','Idealist',1,''),(1467,'2014-06-27 18:15:45',1,45,'909','Pos Podura',1,''),(1468,'2014-06-27 18:20:14',1,45,'910','\"Zekra Fol\"',1,''),(1469,'2014-06-27 18:23:58',1,45,'911','Vorse Tabarith',1,''),(1470,'2014-06-27 18:34:56',1,54,'912','Imperial Haughtiness',1,''),(1471,'2014-06-27 18:35:35',1,31,'913','Formal clothing',1,''),(1472,'2014-06-27 18:36:24',1,31,'914','Encrypted Credit Chip with 5,000--10,00- credits',1,''),(1473,'2014-06-27 18:38:02',1,45,'915','Marus Grayson',1,''),(1474,'2014-06-27 18:39:02',1,31,'916','Built-in network uplonk',1,''),(1475,'2014-06-27 18:39:26',1,45,'917','G-100 Remote Banking Droid',1,''),(1476,'2014-06-27 18:40:20',1,55,'918','Rawwk',1,''),(1477,'2014-06-27 18:41:11',1,57,'919','Rawwk Stunning Screech',1,''),(1478,'2014-06-27 18:41:42',1,57,'920','Rawwk Bite',1,''),(1479,'2014-06-27 18:42:30',1,58,'921','Rawwk',1,''),(1480,'2014-06-28 11:56:20',1,33,'922','Armmored Guard Uniform',1,''),(1481,'2014-06-28 11:57:29',1,45,'923','Burr Naxis',1,''),(1482,'2014-06-28 11:59:58',1,31,'924','Protective goggles with built-in infrared vision',1,''),(1483,'2014-06-28 12:00:47',1,45,'925','Gantel Dro',1,''),(1484,'2014-06-28 12:02:09',1,45,'926','Private Security Guard',1,''),(1485,'2014-06-28 12:03:43',1,32,'927','Snare Launcher',1,''),(1486,'2014-06-28 12:04:21',1,45,'928','Security Droid',1,''),(1487,'2014-06-28 12:04:34',1,45,'928','Security Droid',2,'Changed equipment.'),(1488,'2014-06-28 12:04:52',1,45,'923','Burr Naxis',2,'Changed equipment.'),(1489,'2014-06-28 12:08:19',1,32,'183','Lightsaber',2,'No fields changed.'),(1490,'2014-06-28 12:27:44',1,32,'929','Elaiza\'s Lightsaber',1,''),(1491,'2014-06-28 12:29:24',1,54,'930','Force Power Move',1,''),(1492,'2014-06-28 12:30:03',1,54,'931','Force Power Influence',1,''),(1493,'2014-06-28 12:31:26',1,49,'932','Ataru Technique',1,''),(1494,'2014-06-28 12:33:00',1,45,'933','Elaiza',1,''),(1495,'2014-06-28 12:33:23',1,45,'933','Elaiza',2,'Changed aka for index \"JoY:82*\".'),(1496,'2014-06-28 12:37:52',1,45,'934','Shen\'s Goons',1,''),(1497,'2014-06-28 12:39:52',1,54,'935','Captain of the Wing Guard',1,''),(1498,'2014-06-28 12:42:03',1,49,'936','Good Cop',1,''),(1499,'2014-06-28 12:43:01',1,45,'937','Captain Bialar Selis',1,''),(1500,'2014-06-28 12:43:55',1,33,'938','armored Wing Guard uniform',1,''),(1501,'2014-06-28 12:44:19',1,45,'937','Captain Bialar Selis',2,'Changed equipment.'),(1502,'2014-06-28 12:51:48',1,54,'939','Shadowport Savvy',1,''),(1503,'2014-06-28 12:53:58',1,45,'940','Aris Shen',1,''),(1504,'2014-06-28 12:55:47',1,31,'941','credit stick with 5000 credits',1,''),(1505,'2014-06-28 12:57:23',1,45,'942','Arend Shen',1,''),(1506,'2014-06-28 12:58:57',1,32,'943','Security Staff',1,''),(1507,'2014-06-28 12:59:16',1,33,'944','armored plating',1,''),(1508,'2014-06-28 12:59:22',1,45,'945','K4 Security Droid',1,''),(1509,'2014-06-28 13:00:02',1,45,'945','K4 Security Droid',2,'Changed equipment. Added skill entry \"SkillEntry object\". Added skill entry \"SkillEntry object\". Added skill entry \"SkillEntry object\". Added index \"JoY:90\".'),(1510,'2014-06-28 13:01:11',1,33,'946','Mechanics\' coveralls',1,''),(1511,'2014-06-28 13:01:23',1,45,'947','Yacht Crew',1,''),(1512,'2014-06-28 13:01:50',1,45,'947','Yacht Crew',2,'Changed equipment. Added skill entry \"SkillEntry object\". Added skill entry \"SkillEntry object\". Added index \"JoY:91\".'),(1513,'2014-06-28 13:02:38',1,31,'948','Flight Suit',1,''),(1514,'2014-06-28 13:03:05',1,45,'949','Bespin Defense Force Pilot',1,''),(1515,'2014-06-28 13:45:13',1,54,'950','Venomous',1,''),(1516,'2014-06-28 13:46:21',1,54,'951','Keen Senses',1,''),(1517,'2014-06-28 13:47:10',1,54,'952','Silent Hunter',1,''),(1518,'2014-06-28 13:47:56',1,55,'953','Sand Panther',1,''),(1519,'2014-06-28 13:48:27',1,57,'954','Sand Panther Teeth and claws',1,''),(1520,'2014-06-28 13:49:42',1,58,'955','Sand Panther',1,''),(1521,'2014-06-28 13:50:41',1,54,'956','Sure-Footed',1,''),(1522,'2014-06-28 13:51:59',1,54,'957','Lightning Charge',1,''),(1523,'2014-06-28 13:52:33',1,55,'958','Carrion Spat',1,''),(1524,'2014-06-28 13:53:06',1,57,'959','Carrion Spat Beak',1,''),(1525,'2014-06-28 13:53:35',1,57,'960','Carrion Spat Powerful legs',1,''),(1526,'2014-06-28 13:54:35',1,58,'961','Carrion Spat',1,''),(1527,'2014-06-28 13:56:01',1,54,'962','Hardy',1,''),(1528,'2014-06-28 13:56:56',1,54,'963','Strong as a Murra',1,''),(1529,'2014-06-28 13:57:33',1,55,'964','Murra',1,''),(1530,'2014-06-28 13:58:15',1,57,'965','Murra Horns and Hooves',1,''),(1531,'2014-06-28 13:59:57',1,58,'966','Murra',1,''),(1532,'2014-06-28 14:41:17',1,54,'967','Territorial',1,''),(1533,'2014-06-28 14:42:02',1,54,'968','Leap',1,''),(1534,'2014-06-28 14:42:37',1,55,'969','Spukami',1,''),(1535,'2014-06-28 14:43:06',1,57,'970','Spukami Teeth and claws',1,''),(1536,'2014-06-28 14:44:13',1,58,'971','Spukami',1,''),(1537,'2014-06-28 14:45:37',1,54,'972','Terrifying Howl',1,''),(1538,'2014-06-28 14:46:03',1,55,'973','Wrix',1,''),(1539,'2014-06-28 14:46:38',1,57,'974','Wrix Teeth and claws',1,''),(1540,'2014-06-28 14:47:36',1,58,'975','Wrix',1,''),(1541,'2014-06-28 14:49:30',1,33,'976','CorSec Mk. IV armored vest',1,''),(1542,'2014-06-28 14:50:27',1,45,'977','Coresec Officer',1,''),(1543,'2014-06-28 14:50:40',1,45,'977','Coresec Officer',2,'Changed equipment.'),(1544,'2014-06-28 14:51:58',1,31,'978','Badge',1,''),(1545,'2014-06-28 14:54:31',1,45,'979','CoreSec Investigator',1,''),(1546,'2014-06-28 14:57:10',1,33,'980','Reinforced Flight Suit',1,''),(1547,'2014-06-28 14:57:15',1,45,'981','CorSec Tactical Response Team Member',1,''),(1548,'2014-06-28 14:58:58',1,45,'981','CorSec Tactical Response Team Member',2,'Changed equipment. Added talent entry \"<a href=\"/character/talent/536/\" class=\"talent_name\">Adversary</a> 2\". Added talent entry \"<a href=\"/character/talent/559/\" class=\"talent_name\">Defensive Driving</a> 1\". Added talent entry \"<a href=\"/character/talent/622/\" class=\"talent_name\">Natural Pilot</a>\". Added skill entry \"SkillEntry object\". Added skill entry \"SkillEntry object\". Added skill entry \"SkillEntry object\". Added skill entry \"SkillEntry object\". Added skill entry \"SkillEntry object\". Added skill entry \"SkillEntry object\". Added skill entry \"SkillEntry object\". Added skill entry \"SkillEntry object\". Added skill entry \"SkillEntry object\". Added skill entry \"SkillEntry object\". Added skill entry \"SkillEntry object\". Added skill entry \"SkillEntry object\". Added skill entry \"SkillEntry object\". Added index \"SoF:21\".'),(1549,'2014-06-28 15:01:28',1,54,'982','Sight Hunter',1,''),(1550,'2014-06-28 15:02:41',1,55,'983','Ibbot',1,''),(1551,'2014-06-28 15:03:25',1,57,'984','Ibbot Sharp beak and slashing talons',1,''),(1552,'2014-06-28 15:04:00',1,57,'985','Ibbot Scalding bile',1,''),(1553,'2014-06-28 15:05:04',1,58,'986','Flame Ibbot',1,''),(1554,'2014-06-28 15:06:18',1,55,'987','Great Ibbot',1,''),(1555,'2014-06-28 15:07:06',1,57,'988','Great Ibbot Sharp beak and slashing claws',1,''),(1556,'2014-06-28 15:11:43',1,57,'989','Great Ibbot Stoop',1,''),(1557,'2014-06-28 15:13:04',1,58,'990','Great Ibbot',1,''),(1558,'2014-06-28 16:11:19',3,31,'128','Taggeco CAAF-2 System Cybernetic Avionics Interface',2,'Changed category for equipment \"Equipment object\".'),(1559,'2014-06-28 18:50:09',1,32,'991','Light Blaster Carbine',1,''),(1560,'2014-06-28 18:50:13',1,45,'992','Wingrider',1,''),(1561,'2014-06-28 18:51:03',1,45,'992','Wingrider',2,'Changed equipment. Added talent entry \"<a href=\"/character/talent/605/\" class=\"talent_name\">Let\'s Ride</a>\". Added talent entry \"<a href=\"/character/talent/569/\" class=\"talent_name\">Feral Strength</a> 2\". Added skill entry \"SkillEntry object\".'),(1562,'2014-06-28 18:52:09',1,45,'992','Wingrider',2,'Added skill entry \"SkillEntry object\". Added skill entry \"SkillEntry object\". Added skill entry \"SkillEntry object\". Added skill entry \"SkillEntry object\". Added skill entry \"SkillEntry object\". Added skill entry \"SkillEntry object\". Added skill entry \"SkillEntry object\". Added index \"SoF:29\".'),(1563,'2014-06-28 18:54:25',1,54,'993','Tunneling',1,''),(1564,'2014-06-28 18:55:06',1,55,'994','Tunnel Worm',1,''),(1565,'2014-06-28 18:55:45',1,57,'995','Tunnel Worm Serrated maw',1,''),(1566,'2014-06-28 18:56:33',1,57,'996','Tunnel Worm Crushing Tail',1,''),(1567,'2014-06-28 18:57:27',1,58,'997','Tunnel Worm',1,''),(1568,'2014-06-28 18:58:01',1,55,'998','Teryx',1,''),(1569,'2014-06-28 18:58:50',1,57,'999','Teryx Beak',1,''),(1570,'2014-06-28 18:59:41',1,58,'1000','Teryx',1,''),(1571,'2014-06-28 19:01:01',1,54,'726','Amphibious',2,'No fields changed.'),(1572,'2014-06-28 19:01:47',1,54,'1001','Aquatic Creature',1,''),(1573,'2014-06-28 19:02:19',1,55,'1002','Salerodrex',1,''),(1574,'2014-06-28 19:02:50',1,57,'1003','Salerodrex Teeth',1,''),(1575,'2014-06-28 19:03:51',1,58,'1004','Salerodrex',1,''),(1576,'2014-06-28 19:06:07',1,54,'1005','Death Lunge',1,''),(1577,'2014-06-28 19:06:34',1,55,'1006','Dalyrake',1,''),(1578,'2014-06-28 19:07:22',1,57,'1007','Dalyrake Talons, pincers, and mandibles',1,''),(1579,'2014-06-28 19:07:54',1,57,'1008','Dalyrake Poisonous stinger',1,''),(1580,'2014-06-28 19:08:59',1,58,'1009','Dalyrake',1,''),(1581,'2014-06-28 19:12:19',1,32,'275','Acid Spit',3,''),(1582,'2014-06-28 19:12:19',1,32,'251','Beak',3,''),(1583,'2014-06-28 19:12:19',1,32,'261','Beak',3,''),(1584,'2014-06-28 19:12:19',1,32,'280','Beak and talons',3,''),(1585,'2014-06-28 19:12:19',1,32,'150','Bite',3,''),(1586,'2014-06-28 19:12:19',1,32,'248','Bite',3,''),(1587,'2014-06-28 19:12:19',1,32,'281','Bite',3,''),(1588,'2014-06-28 19:12:19',1,32,'270','Chitinous limbs',3,''),(1589,'2014-06-28 19:12:19',1,32,'269','Chitinous limbs',3,''),(1590,'2014-06-28 19:12:19',1,32,'262','Crushing tail',3,''),(1591,'2014-06-28 19:12:19',1,32,'146','Four climbing tenacles',3,''),(1592,'2014-06-28 19:12:19',1,32,'265','Goring horn',3,''),(1593,'2014-06-28 19:12:19',1,32,'254','Horns and Hooves',3,''),(1594,'2014-06-28 19:12:19',1,32,'276','Legs',3,''),(1595,'2014-06-28 19:12:19',1,32,'279','Legs',3,''),(1596,'2014-06-28 19:12:19',1,32,'277','Mandibles',3,''),(1597,'2014-06-28 19:15:01',1,32,'266','Poisonous stinger',3,''),(1598,'2014-06-28 19:15:01',1,32,'271','Pounce',3,''),(1599,'2014-06-28 19:15:01',1,32,'252','Powerful legs',3,''),(1600,'2014-06-28 19:15:01',1,32,'257','Scalding bile',3,''),(1601,'2014-06-28 19:15:01',1,32,'263','Serrated maw',3,''),(1602,'2014-06-28 19:15:01',1,32,'258','Sharp beak and slashing talons',3,''),(1603,'2014-06-28 19:15:01',1,32,'259','Sharp beak and slashing talons',3,''),(1604,'2014-06-28 19:15:01',1,32,'282','Sinuous body',3,''),(1605,'2014-06-28 19:15:01',1,32,'145','Stinger',3,''),(1606,'2014-06-28 19:15:01',1,32,'260','Stoop',3,''),(1607,'2014-06-28 19:15:01',1,32,'249','Stunning screech',3,''),(1608,'2014-06-28 19:15:01',1,32,'147','Tail',3,''),(1609,'2014-06-28 19:15:01',1,32,'274','Tail',3,''),(1610,'2014-06-28 19:15:01',1,32,'152','Tail whip',3,''),(1611,'2014-06-28 19:15:01',1,32,'267','Talons, pincers, and mandibles',3,''),(1612,'2014-06-28 19:15:01',1,32,'264','Teeth',3,''),(1613,'2014-06-28 19:15:01',1,32,'255','Teeth and claws',3,''),(1614,'2014-06-28 19:15:01',1,32,'256','Teeth and claws',3,''),(1615,'2014-06-28 19:15:01',1,32,'272','Teeth and claws',3,''),(1616,'2014-06-28 19:15:01',1,32,'148','Teeth and claws',3,''),(1617,'2014-06-28 19:15:01',1,32,'253','Teeth and claws',3,''),(1618,'2014-06-28 19:15:01',1,32,'197','Tentacles',3,''),(1619,'2014-06-28 19:15:01',1,32,'149','Three hunting tentacles',3,''),(1620,'2014-06-28 19:15:01',1,32,'273','Tooth-filled maw',3,''),(1621,'2014-06-28 19:15:01',1,32,'268','Trample',3,''),(1622,'2014-06-28 19:15:01',1,32,'283','Vicious claws and teeth',3,''),(1623,'2014-06-28 19:15:01',1,32,'153','Water Blast',3,''),(1624,'2014-06-28 20:26:07',1,54,'1010','Silhouette 2',1,''),(1625,'2014-06-28 20:26:40',1,55,'1011','Guf Drolg',1,''),(1626,'2014-06-28 20:27:18',1,57,'1012','Guf Drolg Goring Horn',1,''),(1627,'2014-06-28 20:28:12',1,58,'1013','Guf Drolg',1,''),(1628,'2014-06-28 20:29:52',1,54,'1014','Natural Camouflage',1,''),(1629,'2014-06-28 20:30:48',1,54,'1015','Jungle Hunter',1,''),(1630,'2014-06-28 20:31:22',1,55,'1016','Sludge Panther',1,''),(1631,'2014-06-28 20:31:51',1,57,'1017','Sludge Panther Teeth and claws',1,''),(1632,'2014-06-28 20:32:24',1,57,'1018','Sludge Panther Pounce',1,''),(1633,'2014-06-28 20:33:46',1,58,'1019','Sludge Panther',1,''),(1634,'2014-06-29 18:10:58',1,54,'726','Amphibious',2,'Changed description.'),(1635,'2014-06-29 18:12:12',1,54,'1001','Aquatic only Creature',2,'Changed name.'),(1636,'2014-06-29 18:12:50',1,54,'1020','Aquatic Creature',1,''),(1637,'2014-06-29 18:13:32',1,55,'1021','Styanax',1,''),(1638,'2014-06-29 18:14:12',1,57,'1022','Styanax Tooth-filled maw',1,''),(1639,'2014-06-29 18:14:50',1,57,'1023','Styanax Poisonous stinger',1,''),(1640,'2014-06-29 18:16:20',1,58,'1024','Styanax',1,''),(1641,'2014-06-29 19:45:07',1,54,'1025','Constrictor',1,''),(1642,'2014-06-29 19:46:12',1,54,'1026','Terrifying',1,''),(1643,'2014-06-29 19:46:51',1,55,'1027','Dimlurker',1,''),(1644,'2014-06-29 19:47:33',1,57,'1028','Dimlurker Chitinous limbs',1,''),(1645,'2014-06-29 19:48:23',1,58,'1029','Dimlurker',1,''),(1646,'2014-06-29 19:49:57',1,33,'1030','superior concealed armored clothing',1,''),(1647,'2014-06-29 19:50:02',1,45,'1031','Baron Kaldo',1,''),(1648,'2014-06-29 19:51:34',1,45,'1031','Baron Kaldo',2,'Changed equipment. Added talent entry \"<a href=\"/character/talent/536/\" class=\"talent_name\">Adversary</a> 2\". Added talent entry \"<a href=\"/character/talent/630/\" class=\"talent_name\">Plausible Deniability</a> 2\". Added talent entry \"<a href=\"/character/talent/615/\" class=\"talent_name\">Natural Charmer</a>\". Added talent entry \"<a href=\"/character/talent/620/\" class=\"talent_name\">Natural Negotiator</a>\". Added skill entry \"SkillEntry object\". Added skill entry \"SkillEntry object\". Added skill entry \"SkillEntry object\". Added skill entry \"SkillEntry object\". Added skill entry \"SkillEntry object\". Added skill entry \"SkillEntry object\". Added skill entry \"SkillEntry object\". Added skill entry \"SkillEntry object\". Added skill entry \"SkillEntry object\". Added skill entry \"SkillEntry object\". Added index \"SoF:47\".'),(1649,'2014-06-29 19:52:41',1,31,'1032','Aurodium Cane',1,''),(1650,'2014-06-29 19:52:59',1,31,'1033','Encrypted Datapad',1,''),(1651,'2014-06-29 19:53:49',1,45,'1034','Gustip',1,''),(1652,'2014-06-29 19:56:50',1,32,'1035','Tail',1,''),(1653,'2014-06-29 19:57:00',1,45,'1036','Selonian Thug',1,''),(1654,'2014-06-29 19:57:44',1,45,'1036','Selonian Thug',2,'Changed equipment. Added skill entry \"SkillEntry object\". Added skill entry \"SkillEntry object\". Added skill entry \"SkillEntry object\". Added skill entry \"SkillEntry object\". Added skill entry \"SkillEntry object\". Added index \"SoF:48\".'),(1655,'2014-07-02 21:46:48',1,33,'1037','Uniform',1,''),(1656,'2014-07-02 21:46:52',1,45,'1038','Sera Riggers',1,''),(1657,'2014-07-02 21:48:27',1,45,'1038','Sera Riggers',2,'Changed equipment. Added talent entry \"<a href=\"/character/talent/536/\" class=\"talent_name\">Adversary</a> 1\". Added talent entry \"<a href=\"/character/talent/627/\" class=\"talent_name\">Nobody\'s Fool</a> 1\". Added skill entry \"SkillEntry object\". Added skill entry \"SkillEntry object\". Added skill entry \"SkillEntry object\". Added skill entry \"SkillEntry object\". Added skill entry \"SkillEntry object\". Added skill entry \"SkillEntry object\". Added skill entry \"SkillEntry object\". Added index \"SoF:49\".'),(1658,'2014-07-02 21:49:38',1,31,'1039','Sabacc Deck',1,''),(1659,'2014-07-02 21:50:31',1,45,'1040','Pol Orrich',1,''),(1660,'2014-07-02 21:52:41',1,45,'1041','Gormo Vosadii Grasso',1,''),(1661,'2014-07-02 21:53:50',1,45,'1042','Clay \"Pops\" Merra',1,''),(1662,'2014-07-02 21:55:29',1,45,'1043','Liddy Ravora',1,''),(1663,'2014-07-02 21:56:54',1,54,'1044','Toxic Environment Dweller',1,''),(1664,'2014-07-02 21:57:30',1,55,'1045','Fefze Beetle',1,''),(1665,'2014-07-02 21:58:27',1,57,'1046','Fefze Beetle Legs',1,''),(1666,'2014-07-02 21:59:00',1,57,'1047','Fefze Beetle Mandables',1,''),(1667,'2014-07-02 21:59:35',1,57,'1048','Fefze Beetle Acid Spit',1,''),(1668,'2014-07-02 22:00:28',1,58,'1049','Fefze Beetle',1,''),(1669,'2014-07-02 22:02:20',1,45,'1050','Duros Ship Mechanic',1,''),(1670,'2014-07-02 22:03:40',1,54,'1051','Overrun',1,''),(1671,'2014-07-02 22:04:39',1,54,'1052','Trample',1,''),(1672,'2014-07-02 22:05:10',1,55,'1053','Ronto',1,''),(1673,'2014-07-02 22:05:37',1,57,'1054','Ronto Legs',1,''),(1674,'2014-07-02 22:06:22',1,58,'1055','Spooked Ronto',1,''),(1675,'2014-07-02 22:07:05',1,54,'1056','Dive Attack',1,''),(1676,'2014-07-02 22:07:34',1,55,'1057','Aurean Vulture',1,''),(1677,'2014-07-02 22:08:03',1,57,'1058','Aurean Vulture Beak and talons',1,''),(1678,'2014-07-02 22:08:50',1,58,'1059','Aurean Vulture',1,''),(1679,'2014-07-02 22:10:13',1,54,'1060','Long Arms',1,''),(1680,'2014-07-02 22:10:38',1,55,'1061','Sacorrian Grey Bear',1,''),(1681,'2014-07-02 22:11:04',1,57,'1062','Sacorrian Grey Bear Vicious claws and teeth',1,''),(1682,'2014-07-02 22:12:00',1,58,'1063','Sacorrian Grey Bear',1,''),(1683,'2014-07-02 22:14:10',1,54,'1064','Paralyzing Neurotoxin',1,''),(1684,'2014-07-02 22:15:18',1,54,'1065','Crushing Body',1,''),(1685,'2014-07-02 22:15:52',1,55,'1066','Korrak',1,''),(1686,'2014-07-02 22:17:02',1,57,'1067','Korrak Sinuous Body',1,''),(1687,'2014-07-02 22:17:57',1,57,'1068','Korrak Bite',1,''),(1688,'2014-07-02 22:18:39',1,58,'1069','Korrak',1,''),(1689,'2014-07-02 22:20:03',1,45,'1070','Security Enforcer',1,''),(1690,'2014-07-02 22:21:10',1,45,'1071','Security Investigator',1,''),(1691,'2014-07-02 22:25:34',1,45,'1072','Catrinna',1,''),(1692,'2014-07-02 22:28:01',1,54,'1073','Skilled Cheater',1,''),(1693,'2014-07-02 22:28:26',1,45,'1074','Carn Truuvik',1,''),(1694,'2014-07-02 22:29:20',1,32,'1075','Filed Blaster Pistol',1,''),(1695,'2014-07-02 22:29:24',1,45,'1074','Carn Truuvik',2,'No fields changed.'),(1696,'2014-07-02 22:30:56',1,45,'1074','Carn Truuvik',2,'Changed equipment. Added talent entry \"<a href=\"/character/talent/536/\" class=\"talent_name\">Adversary</a> 1\". Added talent entry \"<a href=\"/character/talent/553/\" class=\"talent_name\">Convincing Demeanor</a> 2\". Added skill entry \"SkillEntry object\". Added skill entry \"SkillEntry object\". Added skill entry \"SkillEntry object\". Added skill entry \"SkillEntry object\". Added skill entry \"SkillEntry object\". Added skill entry \"SkillEntry object\". Added skill entry \"SkillEntry object\". Added skill entry \"SkillEntry object\". Added skill entry \"SkillEntry object\". Added skill entry \"SkillEntry object\". Added index \"SoF:120\".'),(1697,'2014-07-02 22:32:09',1,45,'1076','Kanz',1,''),(1698,'2014-07-02 22:34:19',1,45,'1077','Jalla',1,''),(1699,'2014-07-02 22:40:00',1,45,'1078','Grenzo',1,''),(1700,'2014-07-02 22:40:47',1,58,'997','Tunnel Worm',2,'Added index \"SoF:123\".'),(1701,'2014-07-02 22:42:58',1,45,'1079','Selonian Wanderer',1,''),(1702,'2014-07-02 22:44:21',1,45,'1080','Gorn Vorrox',1,''),(1703,'2014-07-02 22:45:42',1,31,'1081','Broken Hyperdrive motivator',1,''),(1704,'2014-07-02 22:46:36',1,45,'1082','Rasz Kal',1,''),(1705,'2014-07-02 22:48:04',1,45,'731','Barabel Enforcer',2,'No fields changed.'),(1706,'2014-07-02 22:49:10',1,32,'1083','Serrated Combat Knife',1,''),(1707,'2014-07-02 22:49:15',1,45,'1084','Barabel Enforcer',1,''),(1708,'2014-07-02 22:49:55',1,45,'1084','Barabel Enforcer',2,'Changed equipment. Added skill entry \"SkillEntry object\". Added skill entry \"SkillEntry object\". Added skill entry \"SkillEntry object\". Added skill entry \"SkillEntry object\". Added skill entry \"SkillEntry object\". Added index \"SoF:126\".'),(1709,'2014-07-02 22:50:38',1,45,'729','Aqualish Thug',2,'No fields changed.'),(1710,'2014-07-02 22:51:50',1,45,'1085','Aqualish Thug',1,''),(1711,'2014-07-02 22:53:57',1,45,'1086','Security Officers',1,''),(1712,'2014-07-02 22:55:19',1,32,'1087','Stun Baton',1,''),(1713,'2014-07-02 22:55:23',1,45,'1088','Corsec Boarding Officers',1,''),(1714,'2014-07-02 22:56:17',1,45,'1088','Corsec Boarding Officers',2,'Changed equipment. Added talent entry \"<a href=\"/character/talent/536/\" class=\"talent_name\">Adversary</a> 1\". Added skill entry \"SkillEntry object\". Added skill entry \"SkillEntry object\". Added skill entry \"SkillEntry object\". Added skill entry \"SkillEntry object\". Added skill entry \"SkillEntry object\". Added skill entry \"SkillEntry object\". Added skill entry \"SkillEntry object\". Added skill entry \"SkillEntry object\". Added index \"SoF:127\".'),(1715,'2014-07-02 22:57:42',1,33,'1089','Riding Armor',1,''),(1716,'2014-07-02 22:57:50',1,45,'1090','Sunny Bounder',1,''),(1717,'2014-07-02 22:59:25',1,45,'1090','Sunny Bounder',2,'Changed equipment. Added talent entry \"<a href=\"/character/talent/536/\" class=\"talent_name\">Adversary</a> 1\". Added talent entry \"<a href=\"/character/talent/577/\" class=\"talent_name\">Full Throttle [Improved]</a>\". Added talent entry \"<a href=\"/character/talent/692/\" class=\"talent_name\">Natural Driver</a>\". Added skill entry \"SkillEntry object\". Added skill entry \"SkillEntry object\". Added skill entry \"SkillEntry object\". Added skill entry \"SkillEntry object\". Added skill entry \"SkillEntry object\". Added skill entry \"SkillEntry object\". Added skill entry \"SkillEntry object\". Added index \"SoF:130\".'),(1718,'2014-07-02 23:00:58',1,33,'1091','Disgusting Racing Hides',1,''),(1719,'2014-07-02 23:01:01',1,45,'1092','Grinder',1,''),(1720,'2014-07-02 23:01:44',1,45,'1092','Grinder',2,'Changed equipment. Added skill entry \"SkillEntry object\". Added skill entry \"SkillEntry object\". Added skill entry \"SkillEntry object\". Added skill entry \"SkillEntry object\". Added skill entry \"SkillEntry object\". Added skill entry \"SkillEntry object\". Added index \"SoF:131\".'),(1721,'2014-07-02 23:02:50',1,33,'1093','Riding Leather',1,''),(1722,'2014-07-02 23:02:54',1,45,'1094','Seraphs Gang Member',1,''),(1723,'2014-07-02 23:03:40',1,45,'1094','Seraphs Gang Member',2,'Changed equipment. Added skill entry \"SkillEntry object\". Added skill entry \"SkillEntry object\". Added skill entry \"SkillEntry object\". Added skill entry \"SkillEntry object\". Added index \"SoF:131\".'),(1724,'2014-07-02 23:05:42',1,58,'1055','Spooked Ronto',2,'Added index \"SoF:133*\".'),(1725,'2014-07-02 23:07:20',1,45,'1095','IA Security Agent',1,''),(1726,'2014-07-03 00:08:04',1,32,'1096','Cybernetic Light Blaster',1,''),(1727,'2014-07-03 00:08:10',1,45,'1097','Bim Gizzo',1,''),(1728,'2014-07-03 00:10:00',1,45,'1097','Bim Gizzo',2,'Changed equipment. Added talent entry \"<a href=\"/character/talent/536/\" class=\"talent_name\">Adversary</a> 1\". Added talent entry \"<a href=\"/character/talent/553/\" class=\"talent_name\">Convincing Demeanor</a> 2\". Added skill entry \"SkillEntry object\". Added skill entry \"SkillEntry object\". Added skill entry \"SkillEntry object\". Added skill entry \"SkillEntry object\". Added skill entry \"SkillEntry object\". Added skill entry \"SkillEntry object\". Added skill entry \"SkillEntry object\". Added index \"SoF:134\".'),(1729,'2014-07-03 00:11:49',1,45,'1098','Brom',1,''),(1730,'2014-07-03 00:13:31',1,31,'1099','Cred stick with 2,000 credits',1,''),(1731,'2014-07-03 00:13:57',1,31,'1100','Stolen gem (Eye of Corell)',1,''),(1732,'2014-07-03 00:14:57',1,45,'1101','Boffen Nibs',1,''),(1733,'2014-07-03 00:17:32',1,45,'1102','Drall Police Sergeant',1,''),(1734,'2014-07-03 00:19:01',1,45,'1103','Drall Constable',1,''),(1735,'2014-07-03 00:20:27',1,55,'1104','Vynock',1,''),(1736,'2014-07-03 00:21:35',1,57,'1105','Vynock Sucker-mouth',1,''),(1737,'2014-07-03 00:22:27',1,57,'1106','Vynock Claws',1,''),(1738,'2014-07-03 00:23:20',1,58,'1107','Vynock',1,''),(1739,'2014-07-03 00:25:19',1,45,'1034','Gustip',2,'Added index \"SoF:140*\".'),(1740,'2014-07-03 00:27:11',1,45,'1108','Oso Maduk',1,''),(1741,'2014-07-03 00:28:47',1,45,'1109','Verd Ramos',1,''),(1742,'2014-07-03 00:32:45',1,45,'1110','Captain Jostero',1,''),(1743,'2014-07-03 00:35:06',1,33,'1111','Armored Flight Suit',1,''),(1744,'2014-07-03 00:35:12',1,45,'1112','Jostero Pirate',1,''),(1745,'2014-07-03 00:36:23',1,45,'1112','Jostero Pirate',2,'Changed equipment. Added skill entry \"SkillEntry object\". Added skill entry \"SkillEntry object\". Added skill entry \"SkillEntry object\". Added index \"SoF:144\".'),(1746,'2014-07-03 01:59:24',1,45,'1113','Bargos\'s Gamorrean',1,''),(1747,'2014-07-03 02:00:07',1,45,'1113','Bargos\'s Gamorrean',2,'Changed aka for index \"GMK:6*\".'),(1748,'2014-07-03 10:44:09',1,54,'1114','Droid Leader',1,''),(1749,'2014-07-03 10:45:24',1,45,'1115','EV-8D3',1,''),(1750,'2014-07-03 10:46:00',1,45,'1115','EV-8D3',2,'Changed aka for index \"GMK:8*\".'),(1751,'2014-07-03 10:47:40',1,45,'1116','R2-B7',1,''),(1752,'2014-07-03 12:22:39',1,32,'1117','Molecular Scalpel',1,''),(1753,'2014-07-03 12:22:43',1,45,'1118','FX-769',1,''),(1754,'2014-07-03 12:23:44',1,31,'1119','built-in diagnostic and surgical tools',1,''),(1755,'2014-07-03 12:24:17',1,45,'1118','FX-769',2,'Changed equipment. Added skill entry \"SkillEntry object\". Added skill entry \"SkillEntry object\". Added skill entry \"SkillEntry object\". Added skill entry \"SkillEntry object\". Added index \"GMK:8\".'),(1756,'2014-07-03 12:24:49',1,45,'1118','FX-769',2,'Changed aka for index \"GMK:8*\".'),(1757,'2014-07-03 12:24:49',1,45,'1118','FX-769',2,'Changed aka for index \"GMK:8*\".'),(1758,'2014-07-03 12:26:55',1,32,'1120','Mining Beam Drill',1,''),(1759,'2014-07-03 12:27:56',1,31,'1121','Built-in Repair Tools',1,''),(1760,'2014-07-03 12:27:59',1,45,'1122','Cybot Galactica PK-Series Worker Droids',1,''),(1761,'2014-07-03 12:28:38',1,45,'1122','Cybot Galactica PK-Series Worker Droids',2,'Changed equipment. Added skill entry \"SkillEntry object\". Added skill entry \"SkillEntry object\". Added index \"GMK:9*\".'),(1762,'2014-07-03 12:30:04',1,45,'1123','Baktoid B1 Battle Droids',1,''),(1763,'2014-07-03 12:31:45',1,54,'1124','Scomp Link Piloting',1,''),(1764,'2014-07-03 12:33:04',1,45,'1125','\"Lookout\"',1,''),(1765,'2014-07-03 12:33:34',1,35,'396','Storm IV Cloud Car',2,'Added index \"GMK:9\".'),(1766,'2014-07-03 12:35:02',1,32,'1126','Lifting Grapplers',1,''),(1767,'2014-07-03 12:35:07',1,45,'1127','Drendan Binary Load Lifters',1,''),(1768,'2014-07-03 12:35:41',1,45,'1127','Drendan Binary Load Lifters',2,'Changed equipment. Added skill entry \"SkillEntry object\". Added index \"GMK:10*\".'),(1769,'2014-07-03 12:36:44',1,45,'1128','3D-4K',1,''),(1770,'2014-07-03 12:37:27',1,45,'1128','3D-4K',2,'Changed aka for index \"GMK:10*\".'),(1771,'2014-07-03 12:40:10',1,32,'1129','Weapons improvised from mining tools',1,''),(1772,'2014-07-03 12:40:32',1,33,'1130','Heavy Work Clothing',1,''),(1773,'2014-07-03 12:40:36',1,45,'1131','Oridelve Miner',1,''),(1774,'2014-07-03 12:41:09',1,45,'1131','Oridelve Miner',2,'Changed equipment. Added skill entry \"SkillEntry object\". Added skill entry \"SkillEntry object\". Added index \"GMK:22\".'),(1775,'2014-07-03 12:42:10',1,45,'1132','Marv Moray',1,''),(1776,'2014-07-03 12:50:45',1,32,'1133','Knife',1,''),(1777,'2014-07-03 12:50:49',1,45,'1134','Bonda',1,''),(1778,'2014-07-03 12:51:28',1,45,'1134','Bonda',2,'Changed equipment. Added skill entry \"SkillEntry object\". Added skill entry \"SkillEntry object\". Added skill entry \"SkillEntry object\". Added skill entry \"SkillEntry object\". Added index \"GMK:22\".'),(1779,'2014-07-03 12:54:22',1,45,'1135','Yav Yiyar',1,''),(1780,'2014-07-03 12:56:21',1,45,'1136','\"Too Low\" Talo',1,''),(1781,'2014-07-03 12:58:06',1,45,'1137','Yiyar Clam Members',1,''),(1782,'2014-07-03 12:59:49',1,45,'1138','IT-3PO',1,''),(1783,'2014-07-03 13:01:28',1,45,'1139','Wheel Security',1,''),(1784,'2014-07-03 13:02:23',1,45,'1140','Wheel Security Pilots',1,''),(1785,'2014-07-03 13:04:55',1,54,'1141','Swarm',1,''),(1786,'2014-07-03 13:09:34',1,54,'1142','Venomous Stinger',1,''),(1787,'2014-07-03 13:11:21',1,54,'1143','Knockout Poison',1,''),(1788,'2014-07-03 13:13:43',1,55,'1144','Green Bug Swarm',1,''),(1789,'2014-07-03 13:14:42',1,57,'1145','Green Bug Swarm Stinger',1,''),(1790,'2014-07-03 13:15:33',1,58,'1146','Green Bug Swarm',1,''),(1791,'2014-07-03 13:24:54',1,55,'1147','Arboreal Octopus',1,''),(1792,'2014-07-03 13:25:37',1,57,'1148','Arboreal Octopus Four climbing tentacles',1,''),(1793,'2014-07-03 13:26:18',1,57,'1149','Arboreal Octopus Three Hunting Tentacles',1,''),(1794,'2014-07-03 13:27:30',1,58,'1150','Arboreal Octopus',1,''),(1795,'2014-07-03 13:28:10',1,54,'1151','Toughened Hide',1,''),(1796,'2014-07-03 13:28:57',1,54,'1152','Prehensile Tail',1,''),(1797,'2014-07-03 13:29:22',1,54,'1153','Color-shifting Hide',1,''),(1798,'2014-07-03 13:29:56',1,55,'1154','Bark Rat',1,''),(1799,'2014-07-03 13:30:28',1,57,'1155','Bark Rat Teeth and claws',1,''),(1800,'2014-07-03 13:30:56',1,57,'1156','Bark Rat Tail',1,''),(1801,'2014-07-03 13:32:33',1,58,'1157','Bark Rat',1,''),(1802,'2014-07-03 13:33:43',1,54,'1158','Fierce Pounce',1,''),(1803,'2014-07-03 13:34:16',1,55,'1159','Nexu',1,''),(1804,'2014-07-03 13:34:56',1,57,'1160','Nexu Claws',1,''),(1805,'2014-07-03 13:35:27',1,57,'1161','Nexu Bite',1,''),(1806,'2014-07-03 13:35:49',1,57,'1162','Nexu Tail Whip',1,''),(1807,'2014-07-03 13:36:42',1,58,'1163','Nexu',1,''),(1808,'2014-07-03 13:38:57',1,58,'1164','Cybernetically-Enhanced Nexu',1,''),(1809,'2014-07-03 13:39:58',1,58,'1164','Cybernetically-Enhanced Nexu',2,'Changed notes.'),(1810,'2014-07-03 13:41:45',1,54,'1165','Water Blast',1,''),(1811,'2014-07-03 13:42:15',1,55,'1166','Reevos',1,''),(1812,'2014-07-03 13:43:12',1,57,'1167','Reevos Water Blast',1,''),(1813,'2014-07-03 13:43:32',1,57,'1168','Reevos Bite',1,''),(1814,'2014-07-03 13:45:00',1,58,'1169','Reevos',1,''),(1815,'2014-07-03 13:46:26',1,54,'1170','Animal Combatant',1,''),(1816,'2014-07-03 13:46:59',1,54,'1171','Wilderness Valor',1,''),(1817,'2014-07-03 13:48:56',1,45,'1172','Captain Rel Harsol',1,''),(1818,'2014-07-03 13:51:07',1,54,'1173','Cybernetic Microscopic Vision',1,''),(1819,'2014-07-03 13:52:32',1,54,'1174','Cybernetics Expert',1,''),(1820,'2014-07-03 13:59:50',1,45,'1175','Cratala',1,''),(1821,'2014-07-03 14:01:17',1,45,'1176','Survivors',1,''),(1822,'2014-07-03 14:02:57',1,31,'1177','On-board Processor',1,''),(1823,'2014-07-03 14:03:21',1,31,'1178','Integrated Comlink',1,''),(1824,'2014-07-03 14:03:55',1,45,'1179','B1 Series Battle Droid (Modified)',1,''),(1825,'2014-07-03 14:05:52',1,33,'1180','Scout Trooper Armor',1,''),(1826,'2014-07-03 14:05:58',1,45,'1181','Deep Dark Scout Trooper',1,''),(1827,'2014-07-03 14:08:13',1,45,'1181','Deep Dark Scout Trooper',2,'Changed equipment. Added skill entry \"SkillEntry object\". Added skill entry \"SkillEntry object\". Added skill entry \"SkillEntry object\". Added skill entry \"SkillEntry object\". Added skill entry \"SkillEntry object\". Added skill entry \"SkillEntry object\". Added index \"BtR:70\".'),(1828,'2014-07-03 14:09:42',1,54,'1182','Repulsorlift Locomotion',1,''),(1829,'2014-07-03 14:09:59',1,54,'1183','Sensors',1,''),(1830,'2014-07-03 14:11:03',1,31,'1184','Built-in sensors, holocam, and comlink',1,''),(1831,'2014-07-03 14:11:29',1,45,'1185','Arak-Series Probe Droid',1,''),(1832,'2014-07-03 14:13:17',1,45,'1186','Imperial Navy Pilot',1,''),(1833,'2014-07-03 14:16:32',1,45,'1187','Norta',1,''),(1834,'2014-07-03 14:27:31',1,54,'1188','Regeneration',1,''),(1835,'2014-07-03 14:28:40',1,32,'1189','Claws',1,''),(1836,'2014-07-03 14:28:44',1,45,'1190','Trandoshan Mercenary',1,''),(1837,'2014-07-03 14:29:39',1,45,'1190','Trandoshan Mercenary',2,'Changed equipment. Added skill entry \"SkillEntry object\". Added skill entry \"SkillEntry object\". Added skill entry \"SkillEntry object\". Added skill entry \"SkillEntry object\". Added skill entry \"SkillEntry object\". Added skill entry \"SkillEntry object\". Added skill entry \"SkillEntry object\". Added index \"BtR:87\".'),(1838,'2014-07-03 14:31:00',1,45,'1191','Yiyar Salvage Tech',1,''),(1839,'2014-07-03 14:33:25',1,45,'1192','Captain Shorwarr',1,''),(1840,'2014-07-03 14:33:52',1,45,'1137','Yiyar Clan Members',2,'Changed name.'),(1841,'2014-07-03 14:36:28',1,23,'9','Adversaries are complete (for now)',1,''),(1842,'2014-07-03 17:07:06',1,25,'12','Core Rulebook (AoR)',1,''),(1843,'2014-07-03 17:08:13',1,25,'13','Dead in the Water (AoR)',1,''),(1844,'2014-07-03 17:10:36',1,48,'501','Astrogation',2,'Added index \"A-CRB:116\".'),(1845,'2014-07-03 17:10:47',1,48,'502','Athletics',2,'Added index \"A-CRB:117\".'),(1846,'2014-07-03 17:10:58',1,48,'503','Brawl',2,'Added index \"A-CRB:131\".'),(1847,'2014-07-03 17:11:20',1,48,'504','Charm',2,'Added index \"A-CRB:117\".'),(1848,'2014-07-03 17:11:33',1,48,'505','Coercion',2,'Added index \"A-CRB:118\".'),(1849,'2014-07-03 17:11:41',1,48,'506','Computers',2,'Added index \"A-CRB:119\".'),(1850,'2014-07-03 17:11:52',1,48,'507','Cool',2,'Added index \"A-CRB:120\".'),(1851,'2014-07-03 17:12:05',1,48,'508','Coordination',2,'Added index \"A-CRB:121\".'),(1852,'2014-07-03 17:12:18',1,48,'509','Core Worlds',2,'Added index \"A-CRB:134\".'),(1853,'2014-07-03 17:12:36',1,48,'510','Deception',2,'Added index \"A-CRB:121\".'),(1854,'2014-07-03 17:12:47',1,48,'511','Discipline',2,'Added index \"A-CRB:122\".'),(1855,'2014-07-03 17:13:03',1,48,'512','Education',2,'Added index \"A-CRB:135\".'),(1856,'2014-07-03 17:13:13',1,48,'513','Gunnery',2,'Added index \"A-CRB:131\".'),(1857,'2014-07-03 17:13:23',1,48,'514','Leadership',2,'Added index \"A-CRB:123\".'),(1858,'2014-07-03 17:13:32',1,48,'515','Lore',2,'Added index \"A-CRB:135\".'),(1859,'2014-07-03 17:13:45',1,48,'516','Mechanics',2,'Added index \"A-CRB:124\".'),(1860,'2014-07-03 17:13:57',1,48,'517','Medicine',2,'Added index \"A-CRB:125\".'),(1861,'2014-07-03 17:14:07',1,48,'518','Melee',2,'Added index \"A-CRB:133\".'),(1862,'2014-07-03 17:14:15',1,48,'519','Negotiation',2,'Added index \"A-CRB:125\".'),(1863,'2014-07-03 17:14:27',1,48,'520','Outer Rim',2,'Added index \"A-CRB:135\".'),(1864,'2014-07-03 17:14:40',1,48,'521','Perception',2,'Added index \"A-CRB:126\".'),(1865,'2014-07-03 17:14:56',1,48,'522','Piloting [Planetary]',2,'Added index \"A-CRB:126\".'),(1866,'2014-07-03 17:15:06',1,48,'523','Piloting [Space]',2,'Added index \"A-CRB:127\".'),(1867,'2014-07-03 17:15:17',1,48,'524','Ranged [Heavy]',2,'Added index \"A-CRB:133\".'),(1868,'2014-07-03 17:15:26',1,48,'525','Ranged [Light]',2,'Added index \"A-CRB:133\".'),(1869,'2014-07-03 17:15:41',1,48,'526','Resilience',2,'Added index \"A-CRB:127\".'),(1870,'2014-07-03 17:16:02',1,48,'527','Skullduggery',2,'Added index \"A-CRB:128\".'),(1871,'2014-07-03 17:16:17',1,48,'528','Stealth',2,'Added index \"A-CRB:128\".'),(1872,'2014-07-03 17:16:34',1,48,'530','Survival',2,'Added index \"A-CRB:130\".'),(1873,'2014-07-03 17:16:47',1,48,'529','Streetwise',2,'Added index \"A-CRB:130\".'),(1874,'2014-07-03 17:17:02',1,48,'531','Underworld',2,'Added index \"A-CRB:136\".'),(1875,'2014-07-03 17:17:11',1,48,'532','Vigilance',2,'Added index \"E-CRB:130\".'),(1876,'2014-07-03 17:17:22',1,48,'533','Xenology',2,'Added index \"A-CRB:137\".'),(1877,'2014-07-03 17:17:38',1,48,'1193','Warfare',1,''),(1878,'2014-07-03 17:19:01',1,49,'536','Adversary',2,'Added index \"A-CRB:142\".'),(1879,'2014-07-03 17:19:11',1,49,'685','All-Terrain Driver',2,'Added index \"A-CRB:142\".'),(1880,'2014-07-03 17:19:20',1,49,'537','Anatomy Lessons',2,'Added index \"A-CRB:142\".'),(1881,'2014-07-03 17:19:30',1,49,'538','Armor Master',2,'Added index \"A-CRB:142\".'),(1882,'2014-07-03 17:19:36',1,49,'539','Armor Master [Improved]',2,'Added index \"A-CRB:143\".'),(1883,'2014-07-03 17:19:44',1,49,'540','Bacta Specialist',2,'Added index \"A-CRB:143\".'),(1884,'2014-07-03 17:19:55',1,49,'541','Bad Motivator',2,'Added index \"A-CRB:143\".'),(1885,'2014-07-03 17:20:04',1,49,'542','Balance',2,'Added index \"A-CRB:143\".'),(1886,'2014-07-03 17:20:38',1,49,'1194','Basic Combat Training',1,''),(1887,'2014-07-03 17:20:48',1,49,'545','Blooded',2,'Added index \"A-CRB:143\".'),(1888,'2014-07-03 17:20:56',1,49,'546','Body Guard',2,'Added index \"A-CRB:143\".'),(1889,'2014-07-03 17:21:18',1,49,'1195','Bought Info',1,''),(1890,'2014-07-03 17:21:30',1,49,'547','Brace',2,'Added index \"A-CRB:143\".'),(1891,'2014-07-03 17:21:46',1,49,'548','Brilliant Evasion',2,'Added index \"A-CRB:144\".'),(1892,'2014-07-03 17:21:55',1,49,'549','Bypass Security',2,'Added index \"A-CRB:144\".'),(1893,'2014-07-03 17:22:24',1,49,'1196','Careful Planning',1,''),(1894,'2014-07-03 17:22:46',1,49,'1197','Clever Solution',1,''),(1895,'2014-07-03 17:22:55',1,49,'550','Codebreaker',2,'Added index \"A-CRB:144\".'),(1896,'2014-07-03 17:23:03',1,49,'551','Command',2,'Added index \"A-CRB:144\".'),(1897,'2014-07-03 17:23:29',1,49,'1198','Commanding Presence',1,''),(1898,'2014-07-03 17:25:07',1,49,'1199','Confidence',1,''),(1899,'2014-07-03 17:25:17',1,49,'552','Contraption',2,'Added index \"A-CRB:144\".'),(1900,'2014-07-03 17:25:28',1,49,'553','Convincing Demeanor',2,'Added index \"A-CRB:145\".'),(1901,'2014-07-03 17:25:56',1,49,'1200','Coordinated Assault',1,''),(1902,'2014-07-03 17:26:13',1,49,'1201','Creative Killer',1,''),(1903,'2014-07-03 17:26:36',1,49,'554','Crippling Blow',2,'Added index \"A-CRB:145\".'),(1904,'2014-07-03 17:26:50',1,49,'555','Dead to Rights',2,'Added index \"A-CRB:145\".'),(1905,'2014-07-03 17:26:57',1,49,'556','Dead to Rights [Improved]',2,'Added index \"A-CRB:145\".'),(1906,'2014-07-03 17:27:06',1,49,'557','Deadly Accuracy',2,'Added index \"A-CRB:145\".'),(1907,'2014-07-03 17:27:34',1,49,'1202','Debilitating Shot',1,''),(1908,'2014-07-03 17:27:46',1,49,'558','Dedication',2,'Added index \"A-CRB:145\".'),(1909,'2014-07-03 17:27:55',1,49,'559','Defensive Driving',2,'Added index \"A-CRB:145\".'),(1910,'2014-07-03 17:28:03',1,49,'560','Defensive Slicing',2,'Added index \"A-CRB:145\".'),(1911,'2014-07-03 17:28:11',1,49,'561','Defensive Slicing [Improved]',2,'Added index \"A-CRB:145\".'),(1912,'2014-07-03 17:28:25',1,49,'562','Defensive Stance',2,'Added index \"A-CRB:146\".'),(1913,'2014-07-03 17:28:34',1,49,'563','Disorient',2,'Added index \"A-CRB:146\".'),(1914,'2014-07-03 17:28:42',1,49,'564','Dodge',2,'Added index \"A-CRB:146\".'),(1915,'2014-07-03 17:28:51',1,49,'565','Durable',2,'Added index \"A-CRB:146\".'),(1916,'2014-07-03 17:29:08',1,49,'1203','Dynamic Fire',1,''),(1917,'2014-07-03 17:29:27',1,49,'566','Enduring',2,'Added index \"A-CRB:146\".'),(1918,'2014-07-03 17:32:12',1,49,'1204','Exaust Port',1,''),(1919,'2014-07-03 17:32:25',1,49,'567','Expert Tracker',2,'Added index \"A-CRB:146\".'),(1920,'2014-07-03 17:32:36',1,49,'568','Familiar Suns',2,'Added index \"A-CRB:146\".'),(1921,'2014-07-03 17:32:45',1,49,'569','Feral Strength',2,'Added index \"A-CRB:146\".'),(1922,'2014-07-03 17:32:54',1,49,'570','Field Commander',2,'Added index \"A-CRB:146\".'),(1923,'2014-07-03 17:33:00',1,49,'571','Field Commander [Improved]',2,'Added index \"A-CRB:146\".'),(1924,'2014-07-03 17:33:09',1,49,'572','Fine Tuning',2,'Added index \"A-CRB:146\".'),(1925,'2014-07-03 17:33:28',1,49,'1205','Fire Control',1,''),(1926,'2014-07-03 17:33:41',1,49,'573','Forager',2,'Added index \"A-CRB:147\".'),(1927,'2014-07-03 17:35:03',1,49,'1206','Force of Will',1,''),(1928,'2014-07-03 17:35:12',1,49,'574','Force Rating',2,'Added index \"A-CRB:147\".'),(1929,'2014-07-03 17:35:30',1,49,'1207','Form on Me',1,''),(1930,'2014-07-03 17:35:40',1,49,'575','Frenzied Attack',2,'Added index \"A-CRB:147\".'),(1931,'2014-07-03 17:35:49',1,49,'687','Full Stop',2,'Added index \"A-CRB:147\".'),(1932,'2014-07-03 17:35:57',1,49,'576','Full Throttle',2,'Added index \"A-CRB:147\".'),(1933,'2014-07-03 17:36:10',1,49,'577','Full Throttle [Improved]',2,'Added index \"A-CRB:148\".'),(1934,'2014-07-03 17:36:17',1,49,'578','Full Throttle [Supreme]',2,'Added index \"A-CRB:148\".'),(1935,'2014-07-03 17:36:27',1,49,'579','Galaxy Mapper',2,'Added index \"A-CRB:148\".'),(1936,'2014-07-03 17:36:36',1,49,'580','Gearhead',2,'Added index \"A-CRB:148\".'),(1937,'2014-07-03 17:36:55',1,49,'885','Greased Palms',2,'Added index \"A-CRB:148\".'),(1938,'2014-07-03 17:37:09',1,49,'581','Grit',2,'Added index \"A-CRB:148\".'),(1939,'2014-07-03 17:37:20',1,49,'582','Hard Headed',2,'Added index \"A-CRB:148\".'),(1940,'2014-07-03 17:37:27',1,49,'583','Hard Headed [Improved]',2,'Added index \"A-CRB:148\".'),(1941,'2014-07-03 17:37:39',1,49,'584','Heightened Awareness',2,'Added index \"A-CRB:148\".'),(1942,'2014-07-03 17:37:48',1,49,'585','Heroic Fortitude',2,'Added index \"A-CRB:148\".'),(1943,'2014-07-03 17:37:58',1,49,'586','Hidden Storage',2,'Added index \"A-CRB:148\".'),(1944,'2014-07-03 17:38:09',1,49,'587','Hold Together',2,'Added index \"A-CRB:149\".'),(1945,'2014-07-03 17:38:39',1,49,'1208','Incite Rebellion',1,''),(1946,'2014-07-03 17:38:53',1,49,'589','Indistinguishable',2,'Added index \"A-CRB:149\".'),(1947,'2014-07-03 17:39:02',1,49,'590','Insight',2,'Added index \"A-CRB:149\".'),(1948,'2014-07-03 17:39:09',1,49,'591','Inspiring Rhetoric',2,'Added index \"A-CRB:149\".'),(1949,'2014-07-03 17:39:15',1,49,'592','Inspiring Rhetoric [Improved]',2,'Added index \"A-CRB:149\".'),(1950,'2014-07-03 17:39:21',1,49,'593','Inspiring Rhetoric [Supreme]',2,'Added index \"A-CRB:149\".'),(1951,'2014-07-03 17:39:42',1,49,'594','Intense Focus',2,'Added index \"A-CRB:150\".'),(1952,'2014-07-03 17:39:49',1,49,'595','Intense Presence',2,'Added index \"A-CRB:150\".'),(1953,'2014-07-03 17:39:56',1,49,'596','Intimidating',2,'Added index \"A-CRB:150\".'),(1954,'2014-07-03 17:40:06',1,49,'597','Inventor',2,'Added index \"A-CRB:150\".'),(1955,'2014-07-03 17:40:33',1,49,'1209','Invigorate',1,''),(1956,'2014-07-03 17:41:04',1,49,'1210','It\'s Not That Bad',1,''),(1957,'2014-07-03 17:41:16',1,49,'598','Jump Up',2,'Added index \"A-CRB:150\".'),(1958,'2014-07-03 17:41:23',1,49,'599','Jury Rigged',2,'Added index \"A-CRB:150\".'),(1959,'2014-07-03 17:41:34',1,49,'600','Kill with Kindness',2,'Added index \"A-CRB:150\".'),(1960,'2014-07-03 17:41:42',1,49,'601','Knockdown',2,'Added index \"A-CRB:150\".'),(1961,'2014-07-03 17:41:50',1,49,'602','Know Somebody',2,'Added index \"A-CRB:150\".'),(1962,'2014-07-03 17:41:58',1,49,'603','Knowledge Specialization',2,'Added index \"A-CRB:150\".'),(1963,'2014-07-03 17:42:07',1,49,'604','Known Schematic',2,'Added index \"A-CRB:151\".'),(1964,'2014-07-03 17:42:18',1,49,'605','Let\'s Ride',2,'Added index \"A-CRB:151\".'),(1965,'2014-07-03 17:42:30',1,49,'606','Lethal Blows',2,'Added index \"A-CRB:151\".'),(1966,'2014-07-03 17:42:39',1,49,'607','Master Doctor',2,'Added index \"A-CRB:151\".'),(1967,'2014-07-03 17:43:03',1,49,'690','Master Driver',2,'Added index \"A-CRB:151\".'),(1968,'2014-07-03 17:43:11',1,49,'701','Master Grenadier',2,'Added index \"A-CRB:151\".'),(1969,'2014-07-03 17:45:12',1,49,'1211','Master Leader',1,''),(1970,'2014-07-03 17:45:27',1,49,'608','Master Merchant',2,'Changed name. Added index \"A-CRB:151\".'),(1971,'2014-07-03 17:45:35',1,49,'609','Master of Shadows',2,'Added index \"A-CRB:151\".'),(1972,'2014-07-03 17:45:43',1,49,'610','Master Pilot',2,'Added index \"A-CRB:151\".'),(1973,'2014-07-03 17:45:51',1,49,'611','Master Slicer',2,'Added index \"A-CRB:151\".'),(1974,'2014-07-03 17:45:58',1,49,'612','Master Starhopper',2,'Added index \"A-CRB:151\".'),(1975,'2014-07-03 17:47:06',1,49,'613','Mental Fortress',2,'Added index \"A-CRB:151\".'),(1976,'2014-07-03 17:48:09',1,49,'614','Natural Brawler',2,'Added index \"A-CRB:153\".'),(1977,'2014-07-03 17:48:16',1,49,'615','Natural Charmer',2,'Added index \"A-CRB:153\".'),(1978,'2014-07-03 17:48:24',1,49,'616','Natural Doctor',2,'Added index \"A-CRB:153\".'),(1979,'2014-07-03 17:48:34',1,49,'692','Natural Driver',2,'Added index \"A-CRB:153\".'),(1980,'2014-07-03 17:48:42',1,49,'617','Natural Enforcer',2,'Added index \"A-CRB:153\".'),(1981,'2014-07-03 17:49:04',1,49,'1212','Natural Leader',1,''),(1982,'2014-07-03 17:49:12',1,49,'619','Natural Marksman',2,'Added index \"A-CRB:153\".'),(1983,'2014-07-03 17:49:23',1,49,'620','Natural Negotiator',2,'Added index \"A-CRB:153\".'),(1984,'2014-07-03 17:49:38',1,49,'621','Natural Outdoorsman',2,'Added index \"A-CRB:153\".'),(1985,'2014-07-03 17:49:48',1,49,'622','Natural Pilot',2,'Added index \"A-CRB:153\".'),(1986,'2014-07-03 17:49:54',1,49,'623','Natural Programmer',2,'Added index \"A-CRB:153\".'),(1987,'2014-07-03 17:50:01',1,49,'624','Natural Rogue',2,'Added index \"A-CRB:153\".'),(1988,'2014-07-03 17:50:13',1,49,'625','Natural Scholar',2,'Added index \"A-CRB:153\".'),(1989,'2014-07-03 17:50:24',1,49,'627','Nobody\'s Fool',2,'Added index \"A-CRB:153\".'),(1990,'2014-07-03 17:50:41',1,49,'628','Outdoorsman',2,'Added index \"A-CRB:154\".'),(1991,'2014-07-03 17:51:12',1,49,'1213','Overwhelm Defenses',1,''),(1992,'2014-07-03 17:51:40',1,49,'1214','Physical Training',1,''),(1993,'2014-07-03 17:51:50',1,49,'630','Plausible Deniability',2,'Added index \"A-CRB:154\".'),(1994,'2014-07-03 17:52:01',1,49,'631','Point Blank',2,'Added index \"A-CRB:154\".'),(1995,'2014-07-03 17:52:09',1,49,'702','Powerful Blast',2,'Added index \"A-CRB:154\".'),(1996,'2014-07-03 17:52:20',1,49,'634','Quick Draw',2,'Added index \"A-CRB:154\".'),(1997,'2014-07-03 17:52:38',1,49,'1215','Quick Fix',1,''),(1998,'2014-07-03 17:52:46',1,49,'635','Quick Strike',2,'Added index \"A-CRB:154\".'),(1999,'2014-07-03 17:52:58',1,49,'636','Rapid Reaction',2,'Added index \"A-CRB:154\".'),(2000,'2014-07-03 17:53:05',1,49,'637','Rapid Recovery',2,'Added index \"A-CRB:154\".'),(2001,'2014-07-03 17:53:14',1,49,'638','Redundant Systems',2,'Added index \"A-CRB:154\".'),(2002,'2014-07-03 17:53:25',1,49,'639','Researcher',2,'Added index \"A-CRB:154\".'),(2003,'2014-07-03 17:53:36',1,49,'640','Resolve',2,'Added index \"A-CRB:155\".'),(2004,'2014-07-03 17:53:59',1,49,'1216','Respected Scholar',1,''),(2005,'2014-07-03 17:54:11',1,49,'641','Scathing Tirade',2,'Added index \"A-CRB:155\".'),(2006,'2014-07-03 17:54:16',1,49,'642','Scathing Tirade [Improved]',2,'Added index \"A-CRB:155\".'),(2007,'2014-07-03 17:54:21',1,49,'643','Scathing Tirade [Supreme]',2,'Added index \"A-CRB:155\".'),(2008,'2014-07-03 17:54:33',1,49,'644','Second Wind',2,'Added index \"A-CRB:155\".'),(2009,'2014-07-03 17:54:44',1,49,'704','Selective Detonation',2,'Added index \"A-CRB:155\".'),(2010,'2014-07-03 17:54:54',1,49,'645','Sense Danger',2,'Added index \"A-CRB:155\".'),(2011,'2014-07-03 17:55:04',1,49,'647','Shortcut',2,'Added index \"A-CRB:155\".'),(2012,'2014-07-03 17:55:15',1,49,'648','Side Step',2,'Added index \"A-CRB:156\".'),(2013,'2014-07-03 17:55:33',1,49,'1217','Situational Awareness',1,''),(2014,'2014-07-03 17:55:43',1,49,'649','Sixth Sense',2,'Added index \"A-CRB:156\".'),(2015,'2014-07-03 17:55:56',1,49,'650','Skilled Jockey',2,'Added index \"A-CRB:156\".'),(2016,'2014-07-03 17:56:04',1,49,'651','Skilled Slicer',2,'Added index \"A-CRB:156\".'),(2017,'2014-07-03 17:56:33',1,49,'1218','Sleight of Mind',1,''),(2018,'2014-07-03 17:56:45',1,49,'652','Smooth Talker',2,'Added index \"A-CRB:156\".'),(2019,'2014-07-03 17:56:59',1,49,'653','Sniper Shot',2,'Added index \"A-CRB:156\".'),(2020,'2014-07-03 17:57:07',1,49,'654','Soft Spot',2,'Added index \"A-CRB:156\".'),(2021,'2014-07-03 17:57:18',1,49,'655','Solid Repairs',2,'Added index \"A-CRB:156\".'),(2022,'2014-07-03 17:58:19',1,49,'1219','Sound Investments',1,''),(2023,'2014-07-03 17:58:29',1,49,'656','Spare Clip',2,'Added index \"A-CRB:157\".'),(2024,'2014-07-03 17:58:38',1,49,'657','Speaks Binary',2,'Added index \"A-CRB:157\".'),(2025,'2014-07-03 17:58:49',1,49,'658','Stalker',2,'Added index \"A-CRB:157\".'),(2026,'2014-07-03 17:59:06',1,49,'659','Steely Nerves',2,'Added index \"A-CRB:157\".'),(2027,'2014-07-03 17:59:16',1,49,'660','Stim Application',2,'Added index \"A-CRB:157\".'),(2028,'2014-07-03 17:59:22',1,49,'661','Stim Application [Improved]',2,'Added index \"A-CRB:157\".'),(2029,'2014-07-03 17:59:27',1,49,'662','Stim Application [Supreme]',2,'Added index \"A-CRB:157\".'),(2030,'2014-07-03 17:59:36',1,49,'683','Stimpack Specialization',2,'Added index \"A-CRB:157\".'),(2031,'2014-07-03 17:59:46',1,49,'663','Street Smarts',2,'Added index \"A-CRB:157\".'),(2032,'2014-07-03 17:59:54',1,49,'664','Stroke of Genius',2,'Added index \"A-CRB:157\".'),(2033,'2014-07-03 18:00:03',1,49,'665','Strong Arm',2,'Added index \"A-CRB:157\".'),(2034,'2014-07-03 18:00:12',1,49,'666','Stunning Blow',2,'Added index \"A-CRB:157\".'),(2035,'2014-07-03 18:00:20',1,49,'667','Stunning Blow [Improved]',2,'Added index \"A-CRB:157\".'),(2036,'2014-07-03 18:00:28',1,49,'668','Superior Reflexes',2,'Added index \"A-CRB:157\".'),(2037,'2014-07-03 18:08:26',1,49,'669','Surgeon',2,'Added index \"A-CRB:158\".'),(2038,'2014-07-03 18:08:36',1,49,'820','Swift',2,'Added index \"A-CRB:158\".'),(2039,'2014-07-03 18:09:03',1,49,'1220','Tactical Combat Training',1,''),(2040,'2014-07-03 18:09:15',1,49,'670','Targeted Blow',2,'Added index \"A-CRB:158\".'),(2041,'2014-07-03 18:09:26',1,49,'671','Technical Aptitude',2,'Added index \"A-CRB:158\".'),(2042,'2014-07-03 18:09:35',1,49,'707','Time to Go',2,'Added index \"A-CRB:158\".'),(2043,'2014-07-03 18:09:44',1,49,'708','Time to Go [Improved]',2,'Added index \"A-CRB:158\".'),(2044,'2014-07-03 18:09:54',1,49,'672','Tinkerer',2,'Added index \"A-CRB:158\".'),(2045,'2014-07-03 18:10:03',1,49,'673','Touch of Fate',2,'Added index \"A-CRB:158\".'),(2046,'2014-07-03 18:10:14',1,49,'674','Toughened',2,'Added index \"A-CRB:158\".'),(2047,'2014-07-03 18:10:24',1,49,'675','Tricky Target',2,'Added index \"A-CRB:158\".'),(2048,'2014-07-03 18:10:34',1,49,'676','True Aim',2,'Added index \"A-CRB:158\".'),(2049,'2014-07-03 18:10:47',1,49,'677','Uncanny Reactions',2,'Added index \"A-CRB:158\".'),(2050,'2014-07-03 18:10:53',1,49,'678','Uncanny Senses',2,'Added index \"A-CRB:158\".'),(2051,'2014-07-03 18:12:04',1,49,'1221','Unstoppable',1,''),(2052,'2014-07-03 18:12:18',1,49,'679','Utility Belt',2,'Added index \"A-CRB:159\".'),(2053,'2014-07-03 18:12:40',1,49,'1222','Vehicle Combat Training',1,''),(2054,'2014-07-03 18:12:50',1,49,'681','Well Rounded',2,'Added index \"A-CRB:159\".'),(2055,'2014-07-03 18:13:06',1,49,'1223','Well Traveled',1,''),(2056,'2014-07-03 18:13:21',1,49,'682','Wheel and Deal',2,'Added index \"A-CRB:159\".'),(2057,'2014-07-03 18:13:42',1,49,'1224','Works Like a Charm',1,''),(2058,'2014-07-03 18:14:41',1,32,'157','Holdout Blaster',2,'Added index \"A-CRB:174\".'),(2059,'2014-07-03 18:14:54',1,32,'158','Light Blaster Pistol',2,'Added index \"A-CRB:174\".'),(2060,'2014-07-03 18:15:07',1,32,'156','Blaster Pistol',2,'Added index \"A-CRB:174\".'),(2061,'2014-07-03 18:15:18',1,32,'162','Heavy Blaster Pistol',2,'Added index \"A-CRB:174\".'),(2062,'2014-07-03 18:15:31',1,32,'159','Blaster Carbine',2,'Added index \"A-CRB:175\".'),(2063,'2014-07-03 18:15:43',1,32,'160','Blaster Rifle',2,'Added index \"A-CRB:175\".'),(2064,'2014-07-03 18:16:00',1,32,'163','Heavy Blaster Rifle',2,'Added index \"A-CRB:176\".'),(2065,'2014-07-03 18:16:14',1,32,'166','Light Repeating Blaster',2,'Added index \"A-CRB:176\".'),(2066,'2014-07-03 18:16:23',1,32,'164','Heavy Repeating Blaster',2,'Added index \"A-CRB:176\".'),(2067,'2014-07-03 18:18:23',1,32,'165','Ionization blaster',2,'Changed special. Added index \"A-CRB:176*\".'),(2068,'2014-07-03 18:18:38',1,32,'167','Disruptor Pistol',2,'Added index \"A-CRB:176\".'),(2069,'2014-07-03 18:18:46',1,32,'168','Disruptor Rifle',2,'Added index \"A-CRB:176\".'),(2070,'2014-07-03 18:19:01',1,32,'169','Slugthrower Pistol',2,'Added index \"A-CRB:177\".'),(2071,'2014-07-03 18:19:11',1,32,'170','Slugthrower Rifle',2,'Added index \"A-CRB:177\".'),(2072,'2014-07-03 18:19:27',1,32,'176','Flame Projector',2,'Added index \"A-CRB:178\".'),(2073,'2014-07-03 18:19:37',1,32,'177','Missile Tube',2,'Added index \"A-CRB:178\".'),(2074,'2014-07-03 18:19:47',1,32,'173','Frag Grenade',2,'Added index \"A-CRB:178\".'),(2075,'2014-07-03 18:20:58',1,32,'304','Armor Piercing Grenade',2,'Changed encumbrance and special. Changed rarity for equipment \"Equipment object\". Added index \"A-CRB:179\".'),(2076,'2014-07-03 18:21:13',1,32,'174','Stun Grenade',2,'Added index \"A-CRB:179\".'),(2077,'2014-07-03 18:25:32',1,32,'175','Thermal Detonator',2,'Added index \"A-CRB:180\".'),(2078,'2014-07-03 18:25:45',1,32,'178','Brass Knuckles',2,'Added index \"A-CRB:180\".'),(2079,'2014-07-03 18:26:00',1,32,'179','Shock Gloves',2,'Added index \"A-CRB:181\".'),(2080,'2014-07-03 18:26:14',1,32,'180','Combat Knife',2,'Added index \"A-CRB:181\".'),(2081,'2014-07-03 18:27:13',1,32,'181','Force Pike',2,'Added index \"A-CRB:181\".'),(2082,'2014-07-03 18:27:25',1,32,'181','Force Pike',2,'Added index \"BGR:31\".'),(2083,'2014-07-03 18:27:39',1,32,'305','Force Pike',3,''),(2084,'2014-07-03 18:28:05',1,32,'183','Lightsaber',2,'Added index \"A-CRB:182\".'),(2085,'2014-07-03 18:28:14',1,32,'184','Truncheon',2,'Added index \"A-CRB:182\".'),(2086,'2014-07-03 18:28:24',1,32,'185','Vibro-ax',2,'Added index \"A-CRB:182\".'),(2087,'2014-07-03 18:28:45',1,32,'186','Vibroknife',2,'Added index \"A-CRB:182\".'),(2088,'2014-07-03 18:28:55',1,32,'187','Vibrosword',2,'Added index \"A-CRB:183\".'),(2089,'2014-07-03 18:29:17',1,33,'308','Adverse Environment Gear',2,'Added index \"A-CRB:184\".'),(2090,'2014-07-03 18:29:25',1,33,'309','Armored Clothing',2,'Added index \"A-CRB:184\".'),(2091,'2014-07-03 18:29:37',1,33,'313','Heavy Battle Armor',2,'Added index \"A-CRB:184\".'),(2092,'2014-07-03 18:29:46',1,33,'310','Heavy Clothing',2,'Added index \"A-CRB:185\".'),(2093,'2014-07-03 18:30:08',1,33,'311','Laminate Armor',2,'Changed name. Added index \"A-CRB:185\". Changed aka for index \"E-CRB:169*\".'),(2094,'2014-07-03 18:30:24',1,33,'314','Personal Deflector Shield',2,'Added index \"A-CRB:185\".'),(2095,'2014-07-03 18:30:36',1,33,'312','Padded Armor',2,'Added index \"A-CRB:185\".'),(2096,'2014-07-03 18:31:07',1,31,'1','Comlink (handheld)',2,'Added index \"A-CRB:186\".'),(2097,'2014-07-03 18:31:16',1,31,'2','Comlink (long range)',2,'Added index \"A-CRB:186\".'),(2098,'2014-07-03 18:31:27',1,31,'3','Holo-Messenger',2,'Added index \"A-CRB:186\".'),(2099,'2014-07-03 18:32:25',1,31,'4','Synthetic Standard Strength Anesthetic',2,'Added index \"A-CRB:188*\".'),(2100,'2014-07-03 18:32:45',1,31,'5','Synthetic Standard Strength Neuroparalytic',2,'Added index \"A-CRB:188*\".'),(2101,'2014-07-03 18:33:06',1,31,'6','Synthetic Standard Strength Neurotoxin',2,'Added index \"A-CRB:188*\".'),(2102,'2014-07-03 18:33:18',1,31,'7','Cybernetic Arms (Mod V and Mod VI)',2,'Added index \"A-CRB:189\".'),(2103,'2014-07-03 18:33:26',1,31,'9','Cybernetic Brain Implant',2,'Added index \"A-CRB:189\".'),(2104,'2014-07-03 18:33:32',1,31,'10','Cybernetic Eyes',2,'Added index \"A-CRB:189\".'),(2105,'2014-07-03 18:33:39',1,31,'8','Cybernetic Legs (Mod II and Mod III)',2,'Added index \"A-CRB:189\".'),(2106,'2014-07-03 18:34:00',1,31,'11','Cybernetic Weapon',2,'Added index \"A-CRB:190*\".'),(2107,'2014-07-03 18:34:15',1,31,'12','Cyberscanner Limb',2,'Added index \"A-CRB:190\".'),(2108,'2014-07-03 18:34:26',1,31,'13','Immune Implant',2,'Added index \"A-CRB:190\".'),(2109,'2014-07-03 18:34:38',1,31,'14','Implant Armor',2,'Added index \"A-CRB:190\".'),(2110,'2014-07-03 18:35:40',1,31,'15','Repli-Limb Prosthetic (limb)',2,'Added index \"A-CRB:190*\".'),(2111,'2014-07-03 18:35:59',1,31,'16','Repli-Limb Prosthetic (organ)',2,'Added index \"A-CRB:190*\".'),(2112,'2014-07-03 18:36:11',1,31,'17','Electrobinoculars',2,'Added index \"A-CRB:190\".'),(2113,'2014-07-03 18:36:21',1,31,'18','General Purpose Scanner',2,'Added index \"A-CRB:191\".'),(2114,'2014-07-03 18:36:30',1,31,'21','Hand Scanner',2,'Added index \"A-CRB:191\".'),(2115,'2014-07-03 18:36:42',1,31,'19','Macrobinoculars',2,'Added index \"A-CRB:191\".'),(2116,'2014-07-03 18:36:56',1,31,'20','Scanner Goggles',2,'Added index \"A-CRB:191\".'),(2117,'2014-07-03 18:37:13',1,31,'22','Surveillance Tagger',2,'Added index \"A-CRB:191\".'),(2118,'2014-07-03 18:37:47',1,31,'23','Bacta (liter)',2,'Added index \"A-CRB:192\".'),(2119,'2014-07-03 18:37:53',1,31,'24','Bacta (tank)',2,'Added index \"A-CRB:192\".'),(2120,'2014-07-03 18:38:06',1,31,'25','Emergency Medpac',2,'Added index \"A-CRB:192\".'),(2121,'2014-07-03 18:38:13',1,31,'26','Medpac',2,'Added index \"A-CRB:192\".'),(2122,'2014-07-03 18:38:29',1,31,'27','Stimpack',2,'Changed name. Added index \"A-CRB:193\".'),(2123,'2014-07-03 18:38:48',1,31,'29','Synthflesh',2,'Added index \"A-CRB:193\".'),(2124,'2014-07-03 18:38:55',1,31,'28','Synthskin',2,'Added index \"A-CRB:193\".'),(2125,'2014-07-03 18:40:19',1,31,'1225','Advanced Flesh Camouflage Kit',1,''),(2126,'2014-07-03 18:40:33',1,31,'30','Binders',2,'Added index \"A-CRB:193\".'),(2127,'2014-07-03 18:41:23',1,31,'1226','Blackops Data Breaker',1,''),(2128,'2014-07-03 18:41:36',1,31,'494','Comm Jammer',2,'Added index \"A-CRB:194\".'),(2129,'2014-07-03 18:41:47',1,31,'31','Comm Scrambler',2,'Added index \"A-CRB:194\".'),(2130,'2014-07-03 18:42:00',1,31,'32','Disguise Kit',2,'Added index \"A-CRB:194\".'),(2131,'2014-07-03 18:42:11',1,31,'33','Electronic Lock Breaker',2,'Added index \"A-CRB:194\".'),(2132,'2014-07-03 18:42:57',1,31,'1227','Personal Stealth Field',1,''),(2133,'2014-07-03 18:43:08',1,31,'34','Restraining Bolt',2,'Added index \"A-CRB:195\".'),(2134,'2014-07-03 18:43:22',1,31,'35','Slicer Gear',2,'Added index \"A-CRB:195\".'),(2135,'2014-07-03 18:44:07',1,31,'36','Breath Masks and Respirators',2,'Added index \"A-CRB:195\".'),(2136,'2014-07-03 18:44:16',1,31,'39','Crash Survival Kit',2,'Added index \"A-CRB:195\".'),(2137,'2014-07-03 18:45:31',1,31,'1228','Field Ration Pack',1,''),(2138,'2014-07-03 18:45:43',1,31,'38','Space Suit',2,'Added index \"A-CRB:196\".'),(2139,'2014-07-03 18:45:53',1,31,'40','Tent',2,'Added index \"A-CRB:196\".'),(2140,'2014-07-03 18:46:03',1,31,'41','Thermal Cloak',2,'Added index \"A-CRB:196\".'),(2141,'2014-07-03 18:46:14',1,31,'43','Climbing Gear',2,'Added index \"A-CRB:196\".'),(2142,'2014-07-03 18:46:38',1,31,'44','Datapad',2,'Added index \"A-CRB:196\".'),(2143,'2014-07-03 18:46:53',1,31,'50','Emergency Repair Patch',2,'Added index \"A-CRB:197\".'),(2144,'2014-07-03 18:47:05',1,31,'45','Extra Reloads / Power Pack',2,'Added index \"A-CRB:197\".'),(2145,'2014-07-03 18:47:23',1,31,'45','Extra Reloads / Power Pack',2,'Changed aka for index \"A-CRB:197*\".'),(2146,'2014-07-03 18:48:12',1,31,'1229','Fusion Cutter',1,''),(2147,'2014-07-03 18:48:20',1,31,'46','Fusion Lantern',2,'Added index \"A-CRB:197\".'),(2148,'2014-07-03 18:48:29',1,31,'47','Glow Rod',2,'Added index \"A-CRB:197\".'),(2149,'2014-07-03 18:49:09',1,31,'1230','Military Field Manual',1,''),(2150,'2014-07-03 18:49:22',1,31,'49','Tool Kit',2,'Added index \"A-CRB:198\".'),(2151,'2014-07-03 18:49:33',1,31,'42','Backpack',2,'Added index \"A-CRB:198\".'),(2152,'2014-07-03 18:50:34',1,42,'60','Storage',1,''),(2153,'2014-07-03 18:50:41',1,31,'1231','Load-Bearing Gear',1,''),(2154,'2014-07-03 18:52:00',1,31,'51','Utility Belt',2,'Added index \"A-CRB:198\".'),(2155,'2014-07-03 18:52:25',1,34,'329','Augmented Spin Barrel',2,'Added index \"A-CRB:200\".'),(2156,'2014-07-03 18:52:35',1,34,'330','Balanced Hilt',2,'Added index \"A-CRB:200\".'),(2157,'2014-07-03 18:52:42',1,34,'331','Bipod Mount',2,'Added index \"A-CRB:200\".'),(2158,'2014-07-03 18:52:53',1,34,'332','Blaster Actuating Module',2,'Added index \"A-CRB:200\".'),(2159,'2014-07-03 18:53:01',1,34,'335','Filed Front Sight',2,'Added index \"A-CRB:201\".'),(2160,'2014-07-03 18:53:10',1,34,'336','Forearm Grip',2,'Added index \"A-CRB:201\".'),(2161,'2014-07-03 18:53:25',1,34,'337','Marksman Barrel',2,'Added index \"A-CRB:202\".'),(2162,'2014-07-03 18:53:34',1,34,'338','Mono-Molecular Edge',2,'Added index \"A-CRB:202\".'),(2163,'2014-07-03 18:53:44',1,34,'339','Multi-Optic Sight',2,'Added index \"A-CRB:202\".'),(2164,'2014-07-03 18:53:56',1,34,'340','Serrated Edge',2,'Added index \"A-CRB:203\".'),(2165,'2014-07-03 18:54:14',1,34,'341','Shortened Barrel',2,'Added index \"A-CRB:203\".'),(2166,'2014-07-03 18:54:32',1,34,'342','Spread Barrel',2,'Added index \"A-CRB:203\".'),(2167,'2014-07-03 18:54:44',1,34,'343','Superior Weapon Customization',2,'Added index \"A-CRB:203\".'),(2168,'2014-07-03 18:54:53',1,34,'345','Telescopic Optical Sight',2,'Added index \"A-CRB:203\".'),(2169,'2014-07-03 18:55:07',1,34,'347','Tripod Mount',2,'Added index \"A-CRB:204\".'),(2170,'2014-07-03 18:55:19',1,34,'346','Under-Barrel Flame Projector',2,'Added index \"A-CRB:204\".'),(2171,'2014-07-03 18:55:27',1,34,'344','Under-Barrel Grenade Launcher',2,'Added index \"A-CRB:205\".'),(2172,'2014-07-03 18:55:37',1,34,'348','Weapon Harness',2,'Added index \"A-CRB:205\".'),(2173,'2014-07-03 18:55:44',1,34,'349','Weapon Sling',2,'Added index \"A-CRB:205\".'),(2174,'2014-07-03 18:55:53',1,34,'350','Weighted Head',2,'Added index \"A-CRB:205\".'),(2175,'2014-07-03 18:56:07',1,34,'351','Cortosis Weave',2,'Added index \"A-CRB:205\".'),(2176,'2014-07-03 18:56:24',1,34,'352','Enhanced Optics Suite',2,'Added index \"A-CRB:206\".'),(2177,'2014-07-03 18:56:34',1,34,'353','Heating System',2,'Added index \"A-CRB:206\".'),(2178,'2014-07-03 18:56:45',1,34,'356','Optical Camouflage System',2,'Added index \"A-CRB:206\".'),(2179,'2014-07-03 18:56:57',1,34,'354','Strength Enhancing System',2,'Added index \"A-CRB:206\".'),(2180,'2014-07-03 18:57:13',1,34,'357','Superior Armor Customization',2,'Added index \"A-CRB:206\".'),(2181,'2014-07-03 18:57:22',1,34,'355','Thermal Shielding System',2,'Added index \"A-CRB:207\".'),(2182,'2014-07-03 18:57:34',1,34,'358','Vacuum Sealed',2,'Added index \"A-CRB:207\".'),(2183,'2014-07-04 02:22:01',1,35,'396','Storm IV Cloud Car',2,'Added index \"A-CRB:262\".'),(2184,'2014-07-04 02:22:50',1,35,'397','Incom T-47 Airspeeder',2,'No fields changed.'),(2185,'2014-07-04 02:24:52',1,35,'1232','Alliance T-47 Airspeeder',1,''),(2186,'2014-07-04 02:29:04',1,35,'398','Aratech 74-Z Military Speeder Bike',2,'Added index \"A-CRB:263*\".'),(2187,'2014-07-04 02:32:15',1,35,'1233','All Terrain Armored Transport',1,''),(2188,'2014-07-04 02:34:05',1,35,'1234','All Terrain Scout Transport',1,''),(2189,'2014-07-04 02:34:40',1,42,'61','Reconnaissance Walker',1,''),(2190,'2014-07-04 02:34:49',1,35,'1234','All Terrain Scout Transport',2,'Changed category for equipment \"Equipment object\".'),(2191,'2014-07-04 02:39:09',1,38,'1235','RZ-1 \"A-Wing\" Light Interceptor',1,''),(2192,'2014-07-04 02:39:58',1,38,'496','T-65B \"X-Wing\" Multi-Role Starfighter',2,'Added index \"A-CRB:267\".'),(2193,'2014-07-04 02:40:17',1,38,'432','BTL-A4 Y-Wing Attack Starfighter',2,'Added index \"A-CRB:268\".'),(2194,'2014-07-04 02:40:25',1,38,'433','BTL-S3 Y-Wing Attack Starfighter',2,'Added index \"A-CRB:268\".'),(2195,'2014-07-04 02:42:01',1,38,'1236','A/SF-01 \"B-Wing\" Heavy Fast Attack Starfighter',1,''),(2196,'2014-07-04 02:42:22',1,38,'431','TIE/LN Starfighter',2,'Added index \"A-CRB:270\".'),(2197,'2014-07-04 02:42:34',1,38,'495','TIE/IN Interceptor',2,'Added index \"A-CRB:270\".'),(2198,'2014-07-04 02:44:03',1,38,'1237','TIE/D \"Defender\" Multi-Role Starfighter',1,''),(2199,'2014-07-04 02:45:18',1,38,'1238','TIE/SA Tactical Bomber',1,''),(2200,'2014-07-04 02:45:36',1,38,'430','Lambda-Class T-4A Long Range Shuttle',2,'Added index \"A-CRB:273\".'),(2201,'2014-07-04 02:48:43',1,38,'1239','Sentinel-Class Landing Craft',1,''),(2202,'2014-07-04 02:50:07',1,36,'33','officers, enlisted, and troops',1,''),(2203,'2014-07-04 02:50:35',1,38,'1240','Vigil-Class Corvette',1,''),(2204,'2014-07-04 02:50:58',1,38,'446','CR90 Corvette',2,'Added index \"A-CRB:274\".'),(2205,'2014-07-04 02:52:22',1,38,'462','YV-929 Light Freighter',2,'Added index \"A-CRB:275*\".'),(2206,'2014-07-04 02:53:57',1,36,'34','ship\'s captain',1,''),(2207,'2014-07-04 02:55:36',1,42,'62','Light Cruiser',1,''),(2208,'2014-07-04 02:55:52',1,38,'1241','Consular-Class Light Assault Cruiser',1,''),(2209,'2014-07-04 02:56:18',1,42,'62','Light Cruiser',2,'Changed model.'),(2210,'2014-07-04 02:56:21',1,38,'1241','Consular-Class Light Assault Cruiser',2,'No fields changed.'),(2211,'2014-07-04 02:56:29',1,38,'1241','Consular-Class Light Assault Cruiser',2,'Changed category for equipment \"Equipment object\".'),(2212,'2014-07-04 02:59:34',1,42,'63','Armed Transport',1,''),(2213,'2014-07-04 02:59:47',1,38,'1242','Gozanti-Class Armed Transport',1,''),(2214,'2014-07-04 02:59:54',1,38,'1242','Gozanti-Class Armed Transport',2,'Changed category for equipment \"Equipment object\".'),(2215,'2014-07-04 03:01:33',1,38,'1243','Lancer-Class Frigate',1,''),(2216,'2014-07-04 03:02:25',1,38,'449','EF76 Nebulon-B Escort Frigate',2,'Added index \"A-CRB:278*\".'),(2217,'2014-07-04 03:04:24',1,42,'64','Heavy Cruiser',1,''),(2218,'2014-07-04 03:04:40',1,38,'1244','Dreadnought-Class Heavy Cruiser',1,''),(2219,'2014-07-04 03:04:57',1,38,'1244','Dreadnought-Class Heavy Cruiser',2,'Changed notes. Changed category for equipment \"Equipment object\".'),(2220,'2014-07-04 12:43:17',1,38,'1245','Vindicator-Class Heavy Cruiser',1,''),(2221,'2014-07-04 12:45:33',1,38,'1246','Interdictor-Class Heavy Cruiser',1,''),(2222,'2014-07-04 12:45:51',1,38,'1245','Vindicator-Class Heavy Cruiser',2,'Changed notes.'),(2223,'2014-07-04 12:48:26',1,42,'65','Star Destroyer',1,''),(2224,'2014-07-04 12:48:55',1,38,'1247','Imperial I-Class Star Destroyer',1,''),(2225,'2014-07-04 12:49:05',1,38,'1247','Imperial I-Class Star Destroyer',2,'Changed category for equipment \"Equipment object\".'),(2226,'2014-07-04 12:56:36',1,38,'1247','Imperial I-Class Star Destroyer',2,'Changed vehicle_model.'),(2227,'2014-07-04 12:57:16',1,38,'1244','Dreadnought-Class Heavy Cruiser',2,'Changed vehicle_model.'),(2228,'2014-07-04 12:57:29',1,38,'1246','Interdictor-Class Heavy Cruiser',2,'Changed vehicle_model.'),(2229,'2014-07-04 12:57:46',1,38,'1245','Vindicator-Class Heavy Cruiser',2,'Changed vehicle_model.'),(2230,'2014-07-04 12:58:07',1,38,'1243','Lancer-Class Frigate',2,'Changed vehicle_model.'),(2231,'2014-07-04 12:58:29',1,38,'1242','Gozanti-Class Armed Transport',2,'Changed vehicle_model.'),(2232,'2014-07-04 12:58:45',1,38,'1241','Consular-Class Light Assault Cruiser',2,'Changed vehicle_model.'),(2233,'2014-07-04 12:59:06',1,38,'1240','Vigil-Class Corvette',2,'Changed vehicle_model.'),(2234,'2014-07-04 12:59:21',1,38,'1239','Sentinel-Class Landing Craft',2,'Changed vehicle_model.'),(2235,'2014-07-04 12:59:36',1,38,'1238','TIE/SA Tactical Bomber',2,'Changed vehicle_model.'),(2236,'2014-07-04 12:59:48',1,38,'1237','TIE/D \"Defender\" Multi-Role Starfighter',2,'Changed vehicle_model.'),(2237,'2014-07-04 13:00:11',1,38,'1236','A/SF-01 \"B-Wing\" Heavy Fast Attack Starfighter',2,'Changed vehicle_model.'),(2238,'2014-07-04 13:00:38',1,38,'1235','RZ-1 \"A-Wing\" Light Interceptor',2,'Changed vehicle_model.'),(2239,'2014-07-04 13:00:58',1,35,'1234','All Terrain Scout Transport',2,'Changed vehicle_model.'),(2240,'2014-07-04 13:01:04',1,35,'1233','All Terrain Armored Transport',2,'Changed vehicle_model.'),(2241,'2014-07-04 13:01:14',1,35,'1232','Alliance T-47 Airspeeder',2,'Changed vehicle_model.'),(2242,'2014-07-04 13:05:26',1,42,'66','Star Battlecruiser',1,''),(2243,'2014-07-04 13:05:30',1,38,'1248','Praetor II-Class Star Battlecruiser',1,''),(2244,'2014-07-04 13:05:37',1,38,'1248','Praetor II-Class Star Battlecruiser',2,'Changed category for equipment \"Equipment object\".'),(2245,'2014-07-04 13:08:32',1,38,'1249','Victory-Class Star Destroyer',1,''),(2246,'2014-07-04 13:12:10',1,42,'67','Heavy Star Cruiser',1,''),(2247,'2014-07-04 13:12:14',1,38,'1250','MC80 Liberty Type Star Cruiser',1,''),(2248,'2014-07-04 13:12:31',1,38,'1250','MC80 Liberty Type Star Cruiser',2,'Changed notes. Changed category for equipment \"Equipment object\".'),(2249,'2014-07-04 13:12:54',1,41,'359','Advanced Targeting Array',2,'Added index \"A-CRB:286\".'),(2250,'2014-07-04 13:13:05',1,41,'360','Electronic Countermeasures Suite',2,'Added index \"A-CRB:286\".'),(2251,'2014-07-04 13:13:15',1,41,'361','Enhanced Carbon-Durasteel Armor',2,'Added index \"A-CRB:286\".'),(2252,'2014-07-04 13:13:24',1,41,'365','High-Output Ion Turbine',2,'Added index \"A-CRB:286\".'),(2253,'2014-07-04 13:13:31',1,41,'362','Hydraulic Control Circuits',2,'Added index \"A-CRB:286\".'),(2254,'2014-07-04 13:13:40',1,41,'366','Hyperdrive Generator',2,'Added index \"A-CRB:286\".'),(2255,'2014-07-04 13:13:53',1,41,'363','Reinforced Shield Generator',2,'Added index \"A-CRB:286\".'),(2256,'2014-07-04 13:14:01',1,41,'367','Retrofitted Hanger Bay',2,'Added index \"A-CRB:286\".'),(2257,'2014-07-04 13:15:11',1,41,'1251','Upgraded Comms Array',1,''),(2258,'2014-07-04 13:18:16',1,45,'1252','Alliance Infantry',1,''),(2259,'2014-07-04 13:19:24',1,31,'1253','Secure Comlink',1,''),(2260,'2014-07-04 13:19:42',1,31,'1254','Encoded Datapad',1,''),(2261,'2014-07-04 13:20:34',1,45,'1255','Bothan Spy',1,''),(2262,'2014-07-04 13:21:38',1,33,'1256','Robes',1,''),(2263,'2014-07-04 13:21:42',1,45,'1257','Diplomat',1,''),(2264,'2014-07-04 13:22:44',1,45,'1257','Diplomat',2,'Changed equipment. Added talent entry \"<a href=\"/character/talent/600/\" class=\"talent_name\">Kill with Kindness</a> 1\". Added skill entry \"SkillEntry object\". Added skill entry \"SkillEntry object\". Added skill entry \"SkillEntry object\". Added skill entry \"SkillEntry object\". Added index \"A-CRB:412\".'),(2265,'2014-07-04 14:17:19',1,54,'1258','Improved Covering Fire',1,''),(2266,'2014-07-04 14:17:29',1,45,'1259','Alliance Commander',1,''),(2267,'2014-07-04 14:19:34',1,45,'1259','Alliance Commander',2,'Changed equipment. Added talent entry \"<a href=\"/character/talent/536/\" class=\"talent_name\">Adversary</a> 2\". Added talent entry \"<a href=\"/character/talent/551/\" class=\"talent_name\">Command</a> 2\". Added talent entry \"<a href=\"/character/talent/570/\" class=\"talent_name\">Field Commander</a>\". Added skill entry \"SkillEntry object\". Added skill entry \"SkillEntry object\". Added skill entry \"SkillEntry object\". Added skill entry \"SkillEntry object\". Added skill entry \"SkillEntry object\". Added skill entry \"SkillEntry object\". Added skill entry \"SkillEntry object\". Added index \"A-CRB:412\".'),(2268,'2014-07-04 16:40:38',1,31,'1260','Datapad with schematics',1,''),(2269,'2014-07-04 16:41:01',1,31,'1261','Repair Tools',1,''),(2270,'2014-07-04 16:41:44',1,45,'1262','Incom Engineer',1,''),(2271,'2014-07-04 16:43:26',1,32,'1263','Heavy Hydrospanner',1,''),(2272,'2014-07-04 16:43:31',1,45,'1264','Mechanic',1,''),(2273,'2014-07-04 16:44:19',1,45,'1264','Mechanic',2,'Changed equipment. Added skill entry \"SkillEntry object\". Added index \"A-CRB:413\".'),(2274,'2014-07-04 16:46:36',1,31,'1265','Inflammatory pamphlets and propaganda',1,''),(2275,'2014-07-04 16:47:25',1,45,'1266','Quarren Agitator',1,''),(2276,'2014-07-04 16:50:01',1,45,'1267','Quartermaster',1,''),(2277,'2014-07-04 16:51:22',1,54,'1268','Alliance Leader',1,''),(2278,'2014-07-04 16:52:38',1,32,'1269','Fire Bomb',1,''),(2279,'2014-07-04 16:53:00',1,45,'1270','Rebel Cell Leader',1,''),(2280,'2014-07-04 16:54:17',1,45,'1270','Rebel Cell Leader',2,'Changed equipment. Added talent entry \"<a href=\"/character/talent/536/\" class=\"talent_name\">Adversary</a> 2\". Added talent entry \"<a href=\"/character/talent/591/\" class=\"talent_name\">Inspiring Rhetoric</a>\". Added skill entry \"SkillEntry object\". Added skill entry \"SkillEntry object\". Added skill entry \"SkillEntry object\". Added skill entry \"SkillEntry object\". Added skill entry \"SkillEntry object\". Added skill entry \"SkillEntry object\". Added skill entry \"SkillEntry object\". Added skill entry \"SkillEntry object\". Added skill entry \"SkillEntry object\". Added index \"A-CRB:414\".'),(2281,'2014-07-04 23:42:23',1,54,'1271','Swipe 1',1,''),(2282,'2014-07-04 23:43:21',1,31,'1272','Encrypted Comlink',1,''),(2283,'2014-07-04 23:43:49',1,33,'1273','Reinforced Blast Vest',1,''),(2284,'2014-07-04 23:43:53',1,45,'1274','Rebel Specforce Infiltrator',1,''),(2285,'2014-07-04 23:44:42',1,45,'1274','Rebel Specforce Infiltrator',2,'Changed equipment. Added talent entry \"<a href=\"/character/talent/536/\" class=\"talent_name\">Adversary</a> 1\". Added talent entry \"<a href=\"/character/talent/658/\" class=\"talent_name\">Stalker</a> 2\". Added skill entry \"SkillEntry object\". Added skill entry \"SkillEntry object\". Added skill entry \"SkillEntry object\". Added skill entry \"SkillEntry object\". Added skill entry \"SkillEntry object\". Added index \"A-CRB:414\".'),(2286,'2014-07-04 23:46:08',1,45,'1275','Starfighter Ace',1,''),(2287,'2014-07-04 23:47:16',1,45,'1276','Starfighter Pilot',1,''),(2288,'2014-07-04 23:49:03',1,31,'1277','Secure datapad with uplink to BoSS database',1,''),(2289,'2014-07-04 23:49:28',1,45,'1278','BoSS Agent',1,''),(2290,'2014-07-04 23:50:49',1,31,'1279','Military Comlink',1,''),(2291,'2014-07-04 23:51:31',1,45,'1280','COMPNOR Agent',1,''),(2292,'2014-07-04 23:52:29',1,31,'1281','Lavishly adorned robes',1,''),(2293,'2014-07-04 23:52:48',1,31,'1282','Extensive credentials',1,''),(2294,'2014-07-04 23:53:05',1,31,'1283','Sundry Personal Staff',1,''),(2295,'2014-07-04 23:54:12',1,45,'1284','Imperial Advisor',1,''),(2296,'2014-07-04 23:56:43',1,54,'1285','Destabilizing Influence',1,''),(2297,'2014-07-05 00:10:14',1,45,'1286','Imperial Destab Agent',1,''),(2298,'2014-07-05 00:12:26',1,45,'718','Imperial Moff',2,'Added index \"A-CRB:417\".'),(2299,'2014-07-08 14:02:00',1,45,'684','Imperial Army Trooper',2,'Added index \"A-CRB:418\".'),(2300,'2014-07-08 14:03:31',1,54,'1287','Gun Crew',1,''),(2301,'2014-07-08 14:04:24',1,45,'1288','Imperial Gunnery Corps',1,''),(2302,'2014-07-08 14:04:56',1,45,'713','Imperial Army Officer',2,'Added index \"A-CRB:419\".'),(2303,'2014-07-08 14:05:20',1,45,'767','Imperial Naval Trooper',2,'Added index \"A-CRB:419\".'),(2304,'2014-07-08 14:06:31',1,45,'1289','Imperial Vehicle Corps',1,''),(2305,'2014-07-08 14:06:51',1,45,'765','Imperial Intelligence Agent',2,'No fields changed.'),(2306,'2014-07-08 14:08:17',1,45,'1290','Intelligence Agent',1,''),(2307,'2014-07-08 14:15:12',1,31,'1291','Disassembly-capable Secure Military Comlink',1,''),(2308,'2014-07-08 14:15:55',1,45,'1292','Military Informant',1,''),(2309,'2014-07-08 14:27:17',1,45,'1293','Naval Engineer',1,''),(2310,'2014-07-08 14:27:44',1,45,'769','Imperial Stormtrooper',2,'Added index \"A-CRB:420\".'),(2311,'2014-07-08 14:28:19',1,45,'716','Imperial Stormtrooper Sergeant',2,'Added index \"A-CRB:420\".'),(2312,'2014-07-08 14:29:54',1,54,'1294','Enhanced Senses',1,''),(2313,'2014-07-08 14:30:51',1,31,'1295','Internal Comlink',1,''),(2314,'2014-07-08 14:30:56',1,45,'1296','Stormtrooper Specialty Corps: Dark Trooper',1,''),(2315,'2014-07-08 14:31:22',1,33,'1297','Power Armor',1,''),(2316,'2014-07-08 14:32:22',1,32,'1298','Plasma Shell Assault Cannon',1,''),(2317,'2014-07-08 14:32:26',1,45,'1296','Stormtrooper Specialty Corps: Dark Trooper',2,'No fields changed.'),(2318,'2014-07-08 14:33:17',1,45,'1296','Stormtrooper Specialty Corps: Dark Trooper',2,'Changed equipment. Added talent entry \"<a href=\"/character/talent/536/\" class=\"talent_name\">Adversary</a> 1\". Added skill entry \"SkillEntry object\". Added skill entry \"SkillEntry object\". Added skill entry \"SkillEntry object\". Added skill entry \"SkillEntry object\". Added index \"A-CRB:421\".'),(2319,'2014-07-08 14:35:53',1,33,'1299','High-temp Environment Armor',1,''),(2320,'2014-07-08 14:35:58',1,45,'1300','Stormtrooper Specialty Corps: Sandtrooper',1,''),(2321,'2014-07-08 14:37:01',1,31,'1301','Food and Water packs',1,''),(2322,'2014-07-08 14:37:54',1,45,'1300','Stormtrooper Specialty Corps: Sandtrooper',2,'Changed equipment. Added skill entry \"SkillEntry object\". Added skill entry \"SkillEntry object\". Added skill entry \"SkillEntry object\". Added skill entry \"SkillEntry object\". Added skill entry \"SkillEntry object\". Added skill entry \"SkillEntry object\". Added index \"A-CRB:422\".'),(2323,'2014-07-08 14:41:24',1,32,'1302','Blaster Sniper Rifle with scope',1,''),(2324,'2014-07-08 14:41:28',1,45,'1303','Stormtrooper Specialty Corps: Scout Trooper',1,''),(2325,'2014-07-08 14:42:30',1,45,'1303','Stormtrooper Specialty Corps: Scout Trooper',2,'Changed equipment. Added skill entry \"SkillEntry object\". Added skill entry \"SkillEntry object\". Added skill entry \"SkillEntry object\". Added skill entry \"SkillEntry object\". Added skill entry \"SkillEntry object\". Added skill entry \"SkillEntry object\". Added index \"A-CRB:422\".'),(2326,'2014-07-08 14:45:35',1,32,'1304','Multi-optic sighted blaster rifle',1,''),(2327,'2014-07-08 14:46:49',1,33,'1305','Snowtrooper Armor',1,''),(2328,'2014-07-08 14:46:54',1,45,'1306','Stormtrooper Specialty Corps: Snowtrooper',1,''),(2329,'2014-07-08 14:48:12',1,45,'1306','Stormtrooper Specialty Corps: Snowtrooper',2,'Changed equipment. Added skill entry \"SkillEntry object\". Added skill entry \"SkillEntry object\". Added skill entry \"SkillEntry object\". Added skill entry \"SkillEntry object\". Added skill entry \"SkillEntry object\". Added skill entry \"SkillEntry object\". Added skill entry \"SkillEntry object\". Added index \"A-CRB:422\".'),(2330,'2014-07-08 14:49:19',1,45,'1307','TIE Pilot',1,''),(2331,'2014-07-08 14:50:41',1,31,'1308','Sensory Augmentation PAckage',1,''),(2332,'2014-07-08 14:51:05',1,45,'1309','TIE Ace',1,''),(2333,'2014-07-08 15:05:10',1,45,'1310','Black Marketeer',1,''),(2334,'2014-07-08 15:07:54',1,45,'1311','Guilded Bounty Hunter',1,''),(2335,'2014-07-08 15:09:25',1,54,'1312','Critical Eye',1,''),(2336,'2014-07-08 15:10:01',1,31,'1313','Percision Electronic Forging Tools',1,''),(2337,'2014-07-08 15:10:47',1,45,'1314','Expert Forger',1,''),(2338,'2014-07-08 15:12:52',1,45,'1315','Hired Thug',1,''),(2339,'2014-07-08 15:13:16',1,45,'779','Hutt Crime Lord',2,'Added index \"A-CRB:424\".'),(2340,'2014-07-08 15:13:28',1,45,'736','Infochant',2,'Added index \"A-CRB:425\".'),(2341,'2014-07-08 15:13:43',1,45,'738','Pirate Crew',2,'Added index \"A-CRB:425\".'),(2342,'2014-07-08 15:13:57',1,45,'740','Pirate Captain',2,'Added index \"A-CRB:426\".'),(2343,'2014-07-08 15:15:43',1,45,'1316','Shadowport Mechanic',1,''),(2344,'2014-07-08 15:16:12',1,45,'743','Slicer',2,'Changed rank for talent entry \"<a href=\"/character/talent/549/\" class=\"talent_name\">Bypass Security</a> 1\". Added index \"A-CRB:426\".'),(2345,'2014-07-08 15:16:52',1,45,'745','Smuggler',2,'Added index \"A-CRB:427\".'),(2346,'2014-07-08 15:17:10',1,45,'802','Assassin Droid',2,'Added index \"A-CRB:427\".'),(2347,'2014-07-08 15:17:28',1,45,'803','Astromech Droid',2,'Added index \"A-CRB:428\".'),(2348,'2014-07-08 15:17:38',1,45,'804','Maintenance Droid',2,'Added index \"A-CRB:428\".'),(2349,'2014-07-08 15:17:51',1,45,'805','Medical Droid',2,'Added index \"A-CRB:428\".'),(2350,'2014-07-08 15:18:02',1,45,'807','Protocol Droid',2,'Added index \"A-CRB:429\".'),(2351,'2014-07-08 15:19:12',1,31,'1317','Expense voucher',1,''),(2352,'2014-07-08 15:19:59',1,45,'1318','Corporate Representative',1,''),(2353,'2014-07-08 15:21:49',1,45,'1319','Physician',1,''),(2354,'2014-07-08 15:22:51',1,31,'1320','Bodyguards',1,''),(2355,'2014-07-08 15:23:42',1,45,'1321','Politician / Senator',1,''),(2356,'2014-07-08 15:23:56',1,45,'785','Wealthy Noble',2,'Added index \"A-CRB:430\".'),(2357,'2014-07-08 15:24:10',1,45,'755','Spaceport Administrator',2,'No fields changed.'),(2358,'2014-07-08 15:25:26',1,45,'1322','Spaceport Overseer',1,''),(2359,'2014-07-08 16:38:26',1,45,'871','Lobot',2,'No fields changed.'),(2360,'2014-07-08 16:38:29',1,45,'871','Lobot',2,'No fields changed.'),(2361,'2014-07-08 16:39:27',1,31,'1323','Datapad with direct access port',1,''),(2362,'2014-07-08 16:39:48',1,45,'1324','Cyborg Administrator',1,''),(2363,'2014-07-08 16:40:42',1,58,'841','Mid-Sized Dianoga',2,'Added index \"A-CRB:432*\".'),(2364,'2014-07-08 16:40:57',1,58,'847','Gundark',2,'Added index \"A-CRB:432\".'),(2365,'2014-07-08 16:42:48',1,54,'1325','Force Power Enhance',1,''),(2366,'2014-07-08 16:43:29',1,54,'1326','Force Power Forsee',1,''),(2367,'2014-07-08 16:43:55',1,33,'315','Beast-Hide Warrior\'s Armor',2,'No fields changed.'),(2368,'2014-07-08 16:44:09',1,33,'1327','Jedi Robes',1,''),(2369,'2014-07-08 16:44:14',1,45,'1328','Jedi-in-hiding',1,''),(2370,'2014-07-08 16:46:01',1,45,'1328','Jedi-in-hiding',2,'Changed equipment. Added talent entry \"<a href=\"/character/talent/536/\" class=\"talent_name\">Adversary</a> 2\". Added talent entry \"<a href=\"/character/talent/574/\" class=\"talent_name\">Force Rating</a> 3\". Added talent entry \"<a href=\"/character/talent/678/\" class=\"talent_name\">Uncanny Senses</a> 1\". Added talent entry \"<a href=\"/character/talent/677/\" class=\"talent_name\">Uncanny Reactions</a> 2\". Added skill entry \"SkillEntry object\". Added skill entry \"SkillEntry object\". Added skill entry \"SkillEntry object\". Added skill entry \"SkillEntry object\". Added skill entry \"SkillEntry object\". Added skill entry \"SkillEntry object\". Added skill entry \"SkillEntry object\". Added skill entry \"SkillEntry object\". Added skill entry \"SkillEntry object\". Added skill entry \"SkillEntry object\". Added skill entry \"SkillEntry object\". Added skill entry \"SkillEntry object\". Added index \"A-CRB:432\".'),(2371,'2014-07-08 16:47:01',1,32,'1329','Shepherd\'s Crook',1,''),(2372,'2014-07-08 16:47:06',1,45,'1330','Nerf Herder',1,''),(2373,'2014-07-08 16:47:25',1,31,'1331','Flock of nerfs',1,''),(2374,'2014-07-08 16:47:37',1,45,'1330','Nerf Herder',2,'Changed equipment. Added skill entry \"SkillEntry object\". Added index \"A-CRB:433\".'),(2375,'2014-07-08 17:14:22',1,31,'1332','Business attire',1,''),(2376,'2014-07-08 17:14:35',1,31,'1333','curio shop',1,''),(2377,'2014-07-08 17:15:18',1,45,'1334','Passk',1,''),(2378,'2014-07-08 17:15:42',1,45,'1334','Passk',2,'Changed aka for index \"A-CRB:439*\".'),(2379,'2014-07-08 17:16:27',1,45,'767','Imperial Naval Trooper',2,'Added index \"A-CRB:440*\".'),(2380,'2014-07-08 17:26:35',1,31,'1335','Jewelry',1,''),(2381,'2014-07-08 17:27:50',1,45,'1336','Varla Prule',1,''),(2382,'2014-07-08 19:21:04',1,32,'859','Heavy Club',2,'No fields changed.'),(2383,'2014-07-08 19:21:26',1,32,'1337','Heavy Tool',1,''),(2384,'2014-07-08 19:22:04',1,31,'1338','Workgang Uniform',1,''),(2385,'2014-07-08 19:22:07',1,45,'1339','Martle Station Dockhands',1,''),(2386,'2014-07-08 19:23:11',1,45,'1339','Martle Station Dockhands',2,'Changed equipment. Added skill entry \"SkillEntry object\". Added skill entry \"SkillEntry object\". Added skill entry \"SkillEntry object\". Added skill entry \"SkillEntry object\". Added skill entry \"SkillEntry object\". Added index \"A-CRB:441\".'),(2387,'2014-07-08 19:23:47',1,38,'445','Star Galleon Armed Transport',2,'Added index \"A-CRB:442\".'),(2388,'2014-07-08 19:25:59',1,42,'68','Heavy Freighter',1,''),(2389,'2014-07-08 19:26:03',1,38,'1340','Temple-Class Heavy Freighter',1,''),(2390,'2014-07-08 19:26:19',1,38,'1340','Temple-Class Heavy Freighter',2,'Changed category for equipment \"Equipment object\". Added index \"A-CRB:443\".'),(2391,'2014-07-08 19:28:21',1,32,'1341','Laser scalpel',1,''),(2392,'2014-07-08 19:28:27',1,45,'1342','IT-O Interrogation Droid',1,''),(2393,'2014-07-08 19:28:52',1,31,'1343','Hypodermic Injectors',1,''),(2394,'2014-07-08 19:29:12',1,31,'1344','Interrogation Tools',1,''),(2395,'2014-07-08 19:29:49',1,45,'1342','IT-O Interrogation Droid',2,'Changed equipment. Added skill entry \"SkillEntry object\". Added skill entry \"SkillEntry object\". Added skill entry \"SkillEntry object\". Added skill entry \"SkillEntry object\". Added skill entry \"SkillEntry object\". Added skill entry \"SkillEntry object\". Added index \"A-CRB:444\".'),(2396,'2014-07-08 19:36:20',1,45,'1345','Petty Officer Tera Wen',1,''),(2397,'2014-07-08 19:37:31',1,45,'1346','M226 Navy Crewman',1,''),(2398,'2014-07-08 19:37:47',1,35,'393','Jawa Salvage Skiff',2,'No fields changed.'),(2399,'2014-07-08 19:39:08',1,42,'69','Cargo Skiff',1,''),(2400,'2014-07-08 19:39:11',1,35,'1347','Aratech \"Shiphand\" Cargo Skiff',1,''),(2401,'2014-07-08 19:39:18',1,35,'1347','Aratech \"Shiphand\" Cargo Skiff',2,'Changed category for equipment \"Equipment object\".'),(2402,'2014-07-08 19:42:59',1,45,'1348','M226 Crew Chief',1,''),(2403,'2014-07-08 19:43:32',1,45,'1346','M226 Navy Crewman',2,'Added index \"A-CRB:450\".'),(2404,'2014-07-08 19:45:20',1,32,'1349','Heavy Grasper Arm',1,''),(2405,'2014-07-08 19:45:25',1,45,'1350','NR-5 Maintenance Droid',1,''),(2406,'2014-07-08 19:45:54',1,31,'1351','Fine Manipulator Arm',1,''),(2407,'2014-07-08 19:46:15',1,45,'1350','NR-5 Maintenance Droid',2,'Changed equipment. Added skill entry \"SkillEntry object\". Added skill entry \"SkillEntry object\". Added index \"A-CRB:451\".'),(2408,'2014-07-08 19:47:25',1,31,'1352','Holorecorder',1,''),(2409,'2014-07-08 19:48:01',1,45,'1353','Mark IV Patrol Droid',1,''),(2410,'2014-07-08 19:49:25',1,45,'1354','M226 Navy Troopers',1,''),(2411,'2014-07-08 19:50:38',1,31,'1355','Imperial Uniform',1,''),(2412,'2014-07-08 19:52:31',1,45,'1356','Lt. Commander Jilan Noor',1,''),(2413,'2014-07-08 19:53:34',1,45,'1357','M226 Bridge Crew',1,''),(2414,'2014-07-08 19:56:05',1,54,'1358','Cornered Fury',1,''),(2415,'2014-07-08 19:56:32',1,31,'1359','Tribal Fetishes',1,''),(2416,'2014-07-08 19:57:15',1,32,'1360','Ranat Bite',1,''),(2417,'2014-07-08 19:57:49',1,32,'1361','Makeshift Spear',1,''),(2418,'2014-07-08 19:57:53',1,45,'1362','Tik',1,''),(2419,'2014-07-08 19:59:04',1,45,'1362','Tik',2,'Changed equipment. Added talent entry \"<a href=\"/character/talent/598/\" class=\"talent_name\">Jump Up</a>\". Added talent entry \"<a href=\"/character/talent/614/\" class=\"talent_name\">Natural Brawler</a>\". Added skill entry \"SkillEntry object\". Added skill entry \"SkillEntry object\". Added skill entry \"SkillEntry object\". Added skill entry \"SkillEntry object\". Added skill entry \"SkillEntry object\". Added skill entry \"SkillEntry object\". Added skill entry \"SkillEntry object\". Added index \"A-CRB:449\".'),(2420,'2014-07-08 20:00:12',1,45,'1363','Ranat Stalker',1,''),(2421,'2014-07-08 20:00:36',1,45,'1364','Ranat Scout',1,''),(2422,'2014-07-08 20:01:38',1,32,'1365','Makeshift Knife',1,''),(2423,'2014-07-08 20:01:44',1,45,'1364','Ranat Scout',2,'Changed abilities and equipment.'),(2424,'2014-07-08 20:02:23',1,45,'1364','Ranat Scout',2,'Changed equipment. Added skill entry \"SkillEntry object\". Added skill entry \"SkillEntry object\". Added skill entry \"SkillEntry object\". Added skill entry \"SkillEntry object\". Added skill entry \"SkillEntry object\". Added index \"A-CRB:451\".'),(2425,'2014-07-08 20:04:33',1,23,'10','Aor CRB Complete',1,''),(2426,'2014-07-08 20:04:44',1,23,'10','AoR CRB Complete',2,'Changed title.'),(2427,'2014-07-08 20:18:27',1,45,'1366','Roowarra',1,''),(2428,'2014-07-08 20:19:33',1,45,'1367','Roowarra\'s Crew',1,''),(2429,'2014-07-08 20:21:21',1,45,'1368','Captain Shyndi Oglerk',1,''),(2430,'2014-07-08 20:22:47',1,45,'1369','First Mate Kog',1,''),(2431,'2014-07-08 20:23:30',1,38,'449','EF76 Nebulon-B Escort Frigate',2,'No fields changed.'),(2432,'2014-07-08 20:25:15',1,38,'1370','Shadow Raptor',1,''),(2433,'2014-07-08 20:27:14',1,42,'70','Escape Pod',1,''),(2434,'2014-07-08 20:27:17',1,38,'1371','Escape Pod',1,''),(2435,'2014-07-08 20:27:24',1,38,'1371','Escape Pod',2,'Changed category for equipment \"Equipment object\".'),(2436,'2014-07-08 20:28:33',1,38,'1372','Life Boar',1,''),(2437,'2014-07-09 00:27:41',1,45,'1373','Captain Hylo Sortuli',1,''),(2438,'2014-07-09 00:29:47',1,38,'1374','Kappa-Class Shuttle',1,''),(2439,'2014-07-09 00:31:26',1,38,'1375','Shuttle Pod',1,''),(2440,'2014-07-09 00:32:12',1,45,'805','Medical Droid',2,'No fields changed.'),(2441,'2014-07-09 00:37:56',1,32,'1376','Vibroscalpel',1,''),(2442,'2014-07-09 00:39:12',1,32,'1377','Anesthetic Injector',1,''),(2443,'2014-07-09 00:39:25',1,32,'1376','Vibroscalpel',2,'Changed book for index \"DitW:22\".'),(2444,'2014-07-09 00:39:30',1,45,'1378','Saboteur Medical Droid',1,''),(2445,'2014-07-09 00:39:46',1,45,'1378','Saboteur Medical Droid',2,'Changed equipment.'),(2446,'2014-07-09 00:40:23',1,45,'1378','Saboteur Medical Droid',2,'Changed equipment. Added skill entry \"SkillEntry object\". Added skill entry \"SkillEntry object\". Added skill entry \"SkillEntry object\". Added index \"DitW:22\".'),(2447,'2014-07-09 00:41:55',1,32,'1379','Truncheon lifters',1,''),(2448,'2014-07-09 00:42:37',1,32,'1380','Large Improvised Weapon',1,''),(2449,'2014-07-09 00:42:43',1,45,'1381','Saboteur Load Lifter',1,''),(2450,'2014-07-09 00:44:10',1,45,'1381','Saboteur Load Lifter',2,'Changed level and equipment. Added skill entry \"SkillEntry object\". Added skill entry \"SkillEntry object\". Added skill entry \"SkillEntry object\". Added index \"DitW:22\".'),(2451,'2014-07-09 00:44:20',1,45,'1381','Saboteur Load Lifter',2,'Changed rank for skill entry \"SkillEntry object\". Changed rank for skill entry \"SkillEntry object\". Changed rank for skill entry \"SkillEntry object\".'),(2452,'2014-07-09 00:44:26',1,45,'1381','Saboteur Load Lifter',2,'No fields changed.'),(2453,'2014-07-09 00:45:52',1,45,'1382','Saboteur Astromech',1,''),(2454,'2014-07-09 00:48:07',1,45,'1383','TJ-11',1,''),(2455,'2014-07-10 21:30:03',1,60,'1384','Accurate',1,''),(2456,'2014-07-10 21:32:55',1,60,'1385','Auto-Fire',1,''),(2457,'2014-07-10 21:33:56',1,60,'1386','Breach',1,''),(2458,'2014-07-10 21:38:07',1,60,'1387','Burn',1,''),(2459,'2014-07-10 23:39:20',1,60,'1388','Blast',1,''),(2460,'2014-07-10 23:51:13',1,60,'1389','Concussive',1,''),(2461,'2014-07-11 00:03:59',1,60,'1390','Cortosis',1,''),(2462,'2014-07-11 00:11:35',1,60,'1391','Cumbersome',1,''),(2463,'2014-07-11 00:12:44',1,60,'1392','Defensive',1,''),(2464,'2014-07-11 00:13:49',1,60,'1393','Deflection',1,''),(2465,'2014-07-11 00:14:37',1,60,'1394','Disorient',1,''),(2466,'2014-07-11 00:15:15',1,60,'1395','Ensnare',1,''),(2467,'2014-07-11 00:17:03',1,60,'1396','Guided',1,''),(2468,'2014-07-11 00:17:36',1,60,'1397','Knockdown',1,''),(2469,'2014-07-11 00:18:18',1,60,'1398','Inaccurate',1,''),(2470,'2014-07-11 00:19:05',1,60,'1399','Inferior',1,''),(2471,'2014-07-11 00:19:59',1,60,'1400','Ion',1,''),(2472,'2014-07-11 00:20:42',1,60,'1401','Limited Ammo',1,''),(2473,'2014-07-11 00:22:31',1,60,'1402','Linked',1,''),(2474,'2014-07-11 00:23:08',1,60,'1403','Pierce',1,''),(2475,'2014-07-11 00:24:05',1,60,'1404','Prepare',1,''),(2476,'2014-07-11 00:25:12',1,60,'1405','Slow-Firing',1,''),(2477,'2014-07-11 00:25:38',1,60,'1406','Stun',1,''),(2478,'2014-07-11 00:26:25',1,60,'1407','Stun Damage',1,''),(2479,'2014-07-11 00:27:33',1,60,'1408','Sunder',1,''),(2480,'2014-07-11 00:30:05',1,60,'1409','Superior',1,''),(2481,'2014-07-11 00:32:44',1,60,'1410','Tractor',1,''),(2482,'2014-07-11 00:33:35',1,60,'1411','Vicious',1,''),(2483,'2014-07-11 00:34:04',1,32,'1377','Anesthetic Injector (Melee; Damage 8; Critical 5; Range (Engaged); Stun Damage, )',2,'Changed special. Added weapon quality entry \"<a href=\"/equipment/weaponqualities/1407/\" class=\"weaponquality_name\">Stun Damage</a>\".'),(2484,'2014-07-11 00:34:32',1,32,'202','Arakyd Accelerated Charged Particle Array Gun (Ranged [Heavy]; Damage 6; Critical 3; Range (Short); Blast 5, Stun Damage, )',2,'Changed special. Added weapon quality entry \"<a href=\"/equipment/weaponqualities/1388/\" class=\"weaponquality_name\">Blast</a> 5\". Added weapon quality entry \"<a href=\"/equipment/weaponqualities/1407/\" class=\"weaponquality_name\">Stun Damage</a>\".'),(2485,'2014-07-11 00:35:05',1,32,'202','Arakyd Accelerated Charged Particle Array Gun (Ranged [Heavy]; Damage 6; Critical 3; Range (Short); Blast 5, Stun Damage, )',2,'No fields changed.'),(2486,'2014-07-11 00:35:25',1,32,'856','Arc welder (Melee; Damage 3; Critical -; Range (Engaged); Stun Damage, )',2,'Changed special. Added weapon quality entry \"<a href=\"/equipment/weaponqualities/1407/\" class=\"weaponquality_name\">Stun Damage</a>\".'),(2487,'2014-07-11 00:35:40',1,32,'188','Battered stun pistol (Ranged [Light]; Damage 7; Critical -; Range (Short); Stun Damage, )',2,'Changed special. Added weapon quality entry \"<a href=\"/equipment/weaponqualities/1407/\" class=\"weaponquality_name\">Stun Damage</a>\".'),(2488,'2014-07-11 00:40:24',1,23,'11','Version 1.1.4.0 Weapon Qualities',1,''),(2489,'2014-07-11 00:40:58',1,23,'11','Version 1.1.4.0 Weapon Qualities',2,'Changed blog_entry.'),(2490,'2014-07-11 00:43:47',1,60,'1384','Accurate',2,'Added index \"A-CRB:168\".'),(2491,'2014-07-11 00:43:55',1,60,'1385','Auto-Fire',2,'Added index \"A-CRB:168\".'),(2492,'2014-07-11 00:44:02',1,60,'1388','Blast',2,'Added index \"A-CRB:168\".'),(2493,'2014-07-11 00:44:08',1,60,'1386','Breach',2,'Added index \"A-CRB:168\".'),(2494,'2014-07-11 00:44:18',1,60,'1387','Burn',2,'Added index \"A-CRB:169\".'),(2495,'2014-07-11 00:44:27',1,60,'1389','Concussive',2,'Added index \"A-CRB:169\".'),(2496,'2014-07-11 00:44:34',1,60,'1390','Cortosis',2,'Added index \"A-CRB:169\".'),(2497,'2014-07-11 00:44:43',1,60,'1391','Cumbersome',2,'Added index \"A-CRB:169\".'),(2498,'2014-07-11 00:44:50',1,60,'1392','Defensive',2,'Added index \"A-CRB:169\".'),(2499,'2014-07-11 00:44:57',1,60,'1393','Deflection',2,'Added index \"A-CRB:169\".'),(2500,'2014-07-11 00:45:03',1,60,'1394','Disorient',2,'Added index \"A-CRB:169\".'),(2501,'2014-07-11 00:45:09',1,60,'1395','Ensnare',2,'Added index \"A-CRB:169\".'),(2502,'2014-07-11 00:45:15',1,60,'1396','Guided',2,'Added index \"A-CRB:169\".'),(2503,'2014-07-11 00:45:22',1,60,'1398','Inaccurate',2,'Added index \"A-CRB:169\".'),(2504,'2014-07-11 00:45:32',1,60,'1397','Knockdown',2,'Added index \"A-CRB:169\".'),(2505,'2014-07-11 00:45:44',1,60,'1399','Inferior',2,'Added index \"A-CRB:170\".'),(2506,'2014-07-11 00:45:51',1,60,'1400','Ion',2,'Added index \"A-CRB:170\".'),(2507,'2014-07-11 00:45:58',1,60,'1401','Limited Ammo',2,'Added index \"A-CRB:170\".'),(2508,'2014-07-11 00:46:11',1,60,'1402','Linked',2,'Added index \"OS:170\".'),(2509,'2014-07-11 00:46:21',1,60,'1402','Linked',2,'Changed book for index \"A-CRB:170\".'),(2510,'2014-07-11 00:46:36',1,60,'1403','Pierce',2,'Added index \"A-CRB:170\".'),(2511,'2014-07-11 00:46:45',1,60,'1404','Prepare',2,'Added index \"A-CRB:170\".'),(2512,'2014-07-11 00:46:58',1,60,'1405','Slow-Firing',2,'Added index \"A-CRB:170\".'),(2513,'2014-07-11 00:47:06',1,60,'1406','Stun',2,'Added index \"A-CRB:170\".'),(2514,'2014-07-11 00:47:14',1,60,'1407','Stun Damage',2,'Added index \"A-CRB:170\".'),(2515,'2014-07-11 00:47:22',1,60,'1408','Sunder',2,'Added index \"A-CRB:170\".'),(2516,'2014-07-11 00:47:27',1,60,'1409','Superior',2,'No fields changed.'),(2517,'2014-07-11 00:47:35',1,60,'1409','Superior',2,'Added index \"A-CRB:170\".'),(2518,'2014-07-11 00:47:43',1,60,'1410','Tractor',2,'Added index \"A-CRB:171\".'),(2519,'2014-07-11 00:47:50',1,60,'1411','Vicious',2,'Added index \"A-CRB:171\".'),(2520,'2014-07-12 00:48:19',3,38,'1242','Gozanti-Class Armed Transport',2,'Changed notes and image.'),(2521,'2014-07-13 03:09:07',3,38,'1239','Sentinel-Class Landing Craft',2,'Changed notes and image.'),(2522,'2014-07-13 03:10:51',3,38,'1372','Life Boat',2,'Changed name.'),(2523,'2014-07-24 21:51:36',1,32,'167','Disruptor Pistol (Ranged [Light]; Damage 10; Critical 2; Range (Short); Vicious 4, )',2,'Changed special. Added weapon quality entry \"<a href=\"/equipment/weaponqualities/1411/\" class=\"weaponquality_name\">Vicious</a> 4\".'),(2524,'2014-07-24 21:51:53',1,32,'1120','Mining Beam Drill (Melee; Damage 5; Critical 3; Range (Engaged); Vicious 1, )',2,'Changed special. Added weapon quality entry \"<a href=\"/equipment/weaponqualities/1411/\" class=\"weaponquality_name\">Vicious</a> 1\".'),(2525,'2014-07-24 21:52:57',1,60,'1412','Stun Setting',1,''),(2526,'2014-07-24 21:53:06',1,32,'200','Merr-Sonn Model 44 Blaster Pistol (Ranged [Light]; Damage 6; Critical 3; Range (Medium); Stun Setting, )',2,'Changed special. Added weapon quality entry \"<a href=\"/equipment/weaponqualities/1412/\" class=\"weaponquality_name\">Stun Setting</a>\".'),(2527,'2014-07-24 21:53:30',1,32,'154','Worn-out blaster pistol (Ranged [Light]; Damage 4; Critical 6; Range (Medium); Stun Setting, Worn out)',2,'Changed special. Added weapon quality entry \"<a href=\"/equipment/weaponqualities/1412/\" class=\"weaponquality_name\">Stun Setting</a>\".'),(2528,'2014-07-24 21:53:50',1,32,'155','Worn-out blaster rifle (Ranged [Heavy]; Damage 7; Critical 3; Range (Long); Stun Setting, Worn out)',2,'Changed special. Added weapon quality entry \"<a href=\"/equipment/weaponqualities/1412/\" class=\"weaponquality_name\">Stun Setting</a>\".'),(2529,'2014-07-24 21:54:11',1,32,'991','Light Blaster Carbine (Ranged [Heavy]; Damage 8; Critical 3; Range (Medium); Stun Setting, Use One-Handed)',2,'Changed special. Added weapon quality entry \"<a href=\"/equipment/weaponqualities/1412/\" class=\"weaponquality_name\">Stun Setting</a>\".'),(2530,'2014-07-24 21:59:18',1,32,'288','Cornet Arms H-7 \"Equalizer\" Blaster Pistol (Ranged [Light]; Damage 7; Critical 2; Range (Medium); Superior, Stun Setting, )',2,'Changed special. Added weapon quality entry \"<a href=\"/equipment/weaponqualities/1409/\" class=\"weaponquality_name\">Superior</a>\". Added weapon quality entry \"<a href=\"/equipment/weaponqualities/1412/\" class=\"weaponquality_name\">Stun Setting</a>\".'),(2531,'2014-07-24 21:59:38',1,32,'1304','Multi-optic sighted blaster rifle (Ranged [Heavy]; Damage 9; Critical 3; Range (Long); Stun Setting, Remove up to [SETBACK][SETBACK] on any checks to use this weapon due to smoke, darkness, or other e',2,'Changed special. Added weapon quality entry \"<a href=\"/equipment/weaponqualities/1412/\" class=\"weaponquality_name\">Stun Setting</a>\".'),(2532,'2014-07-24 22:00:01',1,32,'852','Two modified quick draw blaster pistols (Ranged [Light]; Damage 6; Critical 3; Range (Medium); Stun Setting, may be drawn as an incedental)',2,'Changed special. Added weapon quality entry \"<a href=\"/equipment/weaponqualities/1412/\" class=\"weaponquality_name\">Stun Setting</a>\".'),(2533,'2014-07-24 22:00:19',1,32,'192','Large-bore blaster pistol (Ranged [Light]; Damage 8; Critical 3; Range (Medium); Stun Setting, Hutt only)',2,'Changed special. Added weapon quality entry \"<a href=\"/equipment/weaponqualities/1412/\" class=\"weaponquality_name\">Stun Setting</a>\".'),(2534,'2014-07-24 22:00:40',1,32,'159','Blaster Carbine (Ranged [Heavy]; Damage 9; Critical 3; Range (Medium); Stun Setting, )',2,'Changed special. Added weapon quality entry \"<a href=\"/equipment/weaponqualities/1412/\" class=\"weaponquality_name\">Stun Setting</a>\".'),(2535,'2014-07-24 22:00:56',1,32,'156','Blaster Pistol (Ranged [Light]; Damage 6; Critical 3; Range (Medium); Stun Setting, )',2,'Changed special. Added weapon quality entry \"<a href=\"/equipment/weaponqualities/1412/\" class=\"weaponquality_name\">Stun Setting</a>\".'),(2536,'2014-07-24 22:01:29',1,32,'160','Blaster Rifle (Ranged [Heavy]; Damage 9; Critical 3; Range (Long); Stun Setting, )',2,'Changed special. Added weapon quality entry \"<a href=\"/equipment/weaponqualities/1412/\" class=\"weaponquality_name\">Stun Setting</a>\".'),(2537,'2014-07-24 22:01:48',1,32,'891','Built-in blaster pistol (Ranged [Light]; Damage 6; Critical 3; Range (Medium); Stun Setting, )',2,'Changed special. Added weapon quality entry \"<a href=\"/equipment/weaponqualities/1412/\" class=\"weaponquality_name\">Stun Setting</a>\".'),(2538,'2014-07-24 22:02:00',1,32,'290','Corellian Arms CR-2 Heavy Blaster Pistol (Ranged [Light]; Damage 7; Critical 4; Range (Medium); Stun Setting, )',2,'Changed special. Added weapon quality entry \"<a href=\"/equipment/weaponqualities/1412/\" class=\"weaponquality_name\">Stun Setting</a>\".'),(2539,'2014-07-24 22:02:21',1,32,'1096','Cybernetic Light Blaster (Ranged [Light]; Damage 5; Critical 4; Range (Medium); Stun Setting, )',2,'Changed special. Added weapon quality entry \"<a href=\"/equipment/weaponqualities/1412/\" class=\"weaponquality_name\">Stun Setting</a>\".'),(2540,'2014-07-24 22:02:45',1,32,'291','Fed-Dub Protective Services Spukami Pocket Blaster Pistol (Ranged [Light]; Damage 5; Critical 3; Range (Short); Stun Setting, )',2,'Changed special. Added weapon quality entry \"<a href=\"/equipment/weaponqualities/1412/\" class=\"weaponquality_name\">Stun Setting</a>\".'),(2541,'2014-07-24 22:02:59',1,32,'1075','Filed Blaster Pistol (Ranged [Light]; Damage 6; Critical 3; Range (Medium); Stun Setting, )',2,'Changed special. Added weapon quality entry \"<a href=\"/equipment/weaponqualities/1412/\" class=\"weaponquality_name\">Stun Setting</a>\".'),(2542,'2014-07-24 22:03:20',1,32,'241','Forward-mounted blaster (Ranged [Heavy]; Damage 9; Critical 3; Range (Medium); Stun Setting, )',2,'Changed special. Added weapon quality entry \"<a href=\"/equipment/weaponqualities/1412/\" class=\"weaponquality_name\">Stun Setting</a>\".'),(2543,'2014-07-24 22:03:35',1,32,'162','Heavy Blaster Pistol (Ranged [Light]; Damage 7; Critical 3; Range (Medium); Stun Setting, )',2,'Changed special. Added weapon quality entry \"<a href=\"/equipment/weaponqualities/1412/\" class=\"weaponquality_name\">Stun Setting</a>\".'),(2544,'2014-07-24 22:04:05',1,32,'157','Holdout Blaster (Ranged [Light]; Damage 5; Critical 4; Range (Short); Stun Setting, )',2,'Changed special. Added weapon quality entry \"<a href=\"/equipment/weaponqualities/1412/\" class=\"weaponquality_name\">Stun Setting</a>\".'),(2545,'2014-07-24 22:04:17',1,32,'158','Light Blaster Pistol (Ranged [Light]; Damage 5; Critical 4; Range (Medium); Stun Setting, )',2,'Changed special. Added weapon quality entry \"<a href=\"/equipment/weaponqualities/1412/\" class=\"weaponquality_name\">Stun Setting</a>\".'),(2546,'2014-07-24 22:05:00',1,32,'242','Light pop-up blaster (Ranged [Light]; Damage 5; Critical 4; Range (Short); Stun Setting, )',2,'Changed special. Added weapon quality entry \"<a href=\"/equipment/weaponqualities/1412/\" class=\"weaponquality_name\">Stun Setting</a>\".'),(2547,'2014-07-24 22:05:13',1,32,'201','Merr-Sonn Model 80 Blaster Pistol (Ranged [Light]; Damage 6; Critical 2; Range (Medium); Stun Setting, )',2,'Changed special. Added weapon quality entry \"<a href=\"/equipment/weaponqualities/1412/\" class=\"weaponquality_name\">Stun Setting</a>\".'),(2548,'2014-07-24 22:05:26',1,32,'292','SKZ Sporting Blaster (Ranged [Heavy]; Damage 8; Critical 4; Range (Long); Stun Setting, )',2,'Changed special. Added weapon quality entry \"<a href=\"/equipment/weaponqualities/1412/\" class=\"weaponquality_name\">Stun Setting</a>\".'),(2549,'2014-07-24 22:05:37',1,32,'205','Sorosuub OK-98 Blaster Carbine (Ranged [Heavy]; Damage 9; Critical 3; Range (Medium); Stun Setting, )',2,'Changed special. Added weapon quality entry \"<a href=\"/equipment/weaponqualities/1412/\" class=\"weaponquality_name\">Stun Setting</a>\".'),(2550,'2014-07-24 22:05:50',1,32,'144','TT24 Holdout Blaster (Ranged [Light]; Damage 6; Critical 3; Range (Medium); Stun Setting, )',2,'Changed special. Added weapon quality entry \"<a href=\"/equipment/weaponqualities/1412/\" class=\"weaponquality_name\">Stun Setting</a>\".'),(2551,'2014-07-24 22:06:04',1,32,'190','Small rocks (Ranged [Light]; Damage 1; Critical -; Range (Short); Stun Damage, )',2,'Changed special. Added weapon quality entry \"<a href=\"/equipment/weaponqualities/1407/\" class=\"weaponquality_name\">Stun Damage</a>\".'),(2552,'2014-07-24 22:06:17',1,32,'189','Stun blaster (Ranged [Light]; Damage 6; Critical -; Range (Short); Stun Damage, )',2,'Changed special. Added weapon quality entry \"<a href=\"/equipment/weaponqualities/1407/\" class=\"weaponquality_name\">Stun Damage</a>\".'),(2553,'2014-07-24 22:06:33',1,32,'179','Shock Gloves (Brawl; Damage 0; Critical 5; Range (Engaged); Stun, )',2,'Changed special. Added weapon quality entry \"<a href=\"/equipment/weaponqualities/1406/\" class=\"weaponquality_name\">Stun</a>\".'),(2554,'2014-07-24 22:07:03',1,60,'1406','Stun',2,'Changed ranked.'),(2555,'2014-07-24 22:07:31',1,32,'179','Shock Gloves (Brawl; Damage 0; Critical 5; Range (Engaged); Stun 3, )',2,'Changed rank for weapon quality entry \"<a href=\"/equipment/weaponqualities/1406/\" class=\"weaponquality_name\">Stun</a> 3\".'),(2556,'2014-07-24 22:10:42',1,32,'284','Shock Truncheon (Melee; Damage 2; Critical 4; Range (Engaged); Stun 3, )',2,'Changed special. Added weapon quality entry \"<a href=\"/equipment/weaponqualities/1406/\" class=\"weaponquality_name\">Stun</a> 3\".'),(2557,'2014-07-24 22:11:06',1,32,'1087','Stun Baton (Melee; Damage 2; Critical 5; Range (Engaged); Stun 3, )',2,'Changed special. Added weapon quality entry \"<a href=\"/equipment/weaponqualities/1406/\" class=\"weaponquality_name\">Stun</a> 3\".'),(2558,'2014-07-24 22:11:57',1,32,'232','Field Sports Model 77 Air Rifle (Ranged [Heavy]; Damage 6; Critical -; Range (Long); Pierce 4, Stun Damage, Pierce 4, Stun Damage)',2,'Added weapon quality entry \"<a href=\"/equipment/weaponqualities/1403/\" class=\"weaponquality_name\">Pierce</a> 4\". Added weapon quality entry \"<a href=\"/equipment/weaponqualities/1407/\" class=\"weaponquality_name\">Stun Damage</a>\".'),(2559,'2014-07-24 22:12:15',1,32,'232','Field Sports Model 77 Air Rifle (Ranged [Heavy]; Damage 6; Critical -; Range (Long); Pierce 4, Stun Damage, )',2,'Changed special.'),(2560,'2014-07-24 22:12:42',1,32,'245','Crude Gamorrean vibro-ax (Melee; Damage 3; Critical 4; Range (Engaged); Pierce 2, Vicious 3, Pierce 2, Vicious 3)',2,'Added weapon quality entry \"<a href=\"/equipment/weaponqualities/1403/\" class=\"weaponquality_name\">Pierce</a> 2\". Added weapon quality entry \"<a href=\"/equipment/weaponqualities/1411/\" class=\"weaponquality_name\">Vicious</a> 3\".'),(2561,'2014-07-24 22:12:54',1,32,'245','Crude Gamorrean vibro-ax (Melee; Damage 3; Critical 4; Range (Engaged); Pierce 2, Vicious 3, )',2,'Changed special.'),(2562,'2014-07-24 22:15:48',1,32,'238','Laserhone Huntsman Vibrospear (Melee; Damage 3; Critical 3; Range (Engaged); Pierce 2, Vicious 2, )',2,'Changed special. Added weapon quality entry \"<a href=\"/equipment/weaponqualities/1403/\" class=\"weaponquality_name\">Pierce</a> 2\". Added weapon quality entry \"<a href=\"/equipment/weaponqualities/1411/\" class=\"weaponquality_name\">Vicious</a> 2\".'),(2563,'2014-07-24 22:16:21',1,32,'187','Vibrosword (Melee; Damage 2; Critical 2; Range (Engaged); Pierce 2, Vicious 1, Defensive 1, )',2,'Changed special. Added weapon quality entry \"<a href=\"/equipment/weaponqualities/1403/\" class=\"weaponquality_name\">Pierce</a> 2\". Added weapon quality entry \"<a href=\"/equipment/weaponqualities/1411/\" class=\"weaponquality_name\">Vicious</a> 1\". Added weapon quality entry \"<a href=\"/equipment/weaponqualities/1392/\" class=\"weaponquality_name\">Defensive</a> 1\".'),(2564,'2014-07-24 22:16:38',1,32,'186','Vibroknife (Melee; Damage 1; Critical 2; Range (Engaged); Pierce 2, Vicious 1, )',2,'Changed special. Added weapon quality entry \"<a href=\"/equipment/weaponqualities/1403/\" class=\"weaponquality_name\">Pierce</a> 2\". Added weapon quality entry \"<a href=\"/equipment/weaponqualities/1411/\" class=\"weaponquality_name\">Vicious</a> 1\".'),(2565,'2014-07-24 22:17:00',1,32,'1376','Vibroscalpel (Melee; Damage 1; Critical 4; Range (Engaged); Pierce 2, Vicious 1, )',2,'Changed special. Added weapon quality entry \"<a href=\"/equipment/weaponqualities/1403/\" class=\"weaponquality_name\">Pierce</a> 2\". Added weapon quality entry \"<a href=\"/equipment/weaponqualities/1411/\" class=\"weaponquality_name\">Vicious</a> 1\".'),(2566,'2014-07-24 22:17:56',1,32,'185','Vibro-ax (Melee; Damage 3; Critical 2; Range (Engaged); Pierce 2, Sunder, Vicious 3, )',2,'Changed special. Added weapon quality entry \"<a href=\"/equipment/weaponqualities/1403/\" class=\"weaponquality_name\">Pierce</a> 2\". Added weapon quality entry \"<a href=\"/equipment/weaponqualities/1408/\" class=\"weaponquality_name\">Sunder</a>\". Added weapon quality entry \"<a href=\"/equipment/weaponqualities/1411/\" class=\"weaponquality_name\">Vicious</a> 3\".'),(2567,'2014-07-24 22:18:27',1,32,'181','Force Pike (Melee; Damage 3; Critical 2; Range (Engaged); Pierce 2, Stun Setting, )',2,'Changed special. Added weapon quality entry \"<a href=\"/equipment/weaponqualities/1403/\" class=\"weaponquality_name\">Pierce</a> 2\". Added weapon quality entry \"<a href=\"/equipment/weaponqualities/1412/\" class=\"weaponquality_name\">Stun Setting</a>\".'),(2568,'2014-07-24 22:18:50',1,32,'246','Relby-K23 blaster pistol (Ranged [Light]; Damage 6; Critical 3; Range (Medium); Pierce 2, Stun Setting, )',2,'Changed special. Added weapon quality entry \"<a href=\"/equipment/weaponqualities/1403/\" class=\"weaponquality_name\">Pierce</a> 2\". Added weapon quality entry \"<a href=\"/equipment/weaponqualities/1412/\" class=\"weaponquality_name\">Stun Setting</a>\".'),(2569,'2014-07-24 22:19:09',1,32,'1341','Laser scalpel (Melee; Damage 2; Critical 3; Range (Engaged); Pierce 2, )',2,'Changed special. Added weapon quality entry \"<a href=\"/equipment/weaponqualities/1403/\" class=\"weaponquality_name\">Pierce</a> 2\".'),(2570,'2014-07-24 22:19:35',1,32,'223','Czerka Vibroknuckles (Brawl; Damage 1; Critical 2; Range (Engaged); Pierce 1, Vicious 1, )',2,'Changed special. Added weapon quality entry \"<a href=\"/equipment/weaponqualities/1403/\" class=\"weaponquality_name\">Pierce</a> 1\". Added weapon quality entry \"<a href=\"/equipment/weaponqualities/1411/\" class=\"weaponquality_name\">Vicious</a> 1\".'),(2571,'2014-07-24 22:20:15',1,32,'1117','Molecular Scalpel (Melee; Damage 2; Critical 2; Range (Engaged); Pierce 1, )',2,'Changed special. Added weapon quality entry \"<a href=\"/equipment/weaponqualities/1403/\" class=\"weaponquality_name\">Pierce</a> 1\".'),(2572,'2014-07-24 22:20:31',1,32,'1360','Ranat Bite (Brawl; Damage 0; Critical 4; Range (Engaged); Pierce 1, )',2,'Changed special. Added weapon quality entry \"<a href=\"/equipment/weaponqualities/1403/\" class=\"weaponquality_name\">Pierce</a> 1\".'),(2573,'2014-07-24 22:20:40',1,32,'240','Teeth and claws (Brawl; Damage 3; Critical 5; Range (Engaged); Pierce 1, )',2,'Changed special. Added weapon quality entry \"<a href=\"/equipment/weaponqualities/1403/\" class=\"weaponquality_name\">Pierce</a> 1\".'),(2574,'2014-07-24 22:20:58',1,32,'880','Hydrospanner (Melee; Damage 0; Critical 4; Range (Engaged); Knockdown, )',2,'Changed special. Added weapon quality entry \"<a href=\"/equipment/weaponqualities/1397/\" class=\"weaponquality_name\">Knockdown</a>\".'),(2575,'2014-07-24 22:21:18',1,32,'285','CDEF Blaster Pistol (Ranged [Light]; Damage 5; Critical 4; Range (Medium); Inferior, Stun Setting, )',2,'Changed special. Added weapon quality entry \"<a href=\"/equipment/weaponqualities/1399/\" class=\"weaponquality_name\">Inferior</a>\". Added weapon quality entry \"<a href=\"/equipment/weaponqualities/1412/\" class=\"weaponquality_name\">Stun Setting</a>\".'),(2576,'2014-07-24 22:21:38',1,32,'302','Chain (Melee; Damage 3; Critical 5; Range (Engaged); Inaccurate 1, Knockdown, )',2,'Changed special. Added weapon quality entry \"<a href=\"/equipment/weaponqualities/1398/\" class=\"weaponquality_name\">Inaccurate</a> 1\". Added weapon quality entry \"<a href=\"/equipment/weaponqualities/1397/\" class=\"weaponquality_name\">Knockdown</a>\".'),(2577,'2014-07-24 22:21:48',1,32,'1263','Heavy Hydrospanner (Melee; Damage 5; Critical 4; Range (Engaged); Inaccurate 1, )',2,'Changed special. Added weapon quality entry \"<a href=\"/equipment/weaponqualities/1398/\" class=\"weaponquality_name\">Inaccurate</a> 1\".'),(2578,'2014-07-24 22:21:57',1,32,'224','Outlawtech Blast Knuckles (Brawl; Damage 4; Critical 4; Range (Engaged); Inaccurate 1, )',2,'Changed special. Added weapon quality entry \"<a href=\"/equipment/weaponqualities/1398/\" class=\"weaponquality_name\">Inaccurate</a> 1\".'),(2579,'2014-07-24 22:22:29',1,32,'927','Snare Launcher (Ranged [Light]; Damage 0; Critical -; Range (Short); Ensnare 5, Limited Ammo 1, )',2,'Changed special. Added weapon quality entry \"<a href=\"/equipment/weaponqualities/1395/\" class=\"weaponquality_name\">Ensnare</a> 5\". Added weapon quality entry \"<a href=\"/equipment/weaponqualities/1401/\" class=\"weaponquality_name\">Limited Ammo</a> 1\".'),(2580,'2014-07-24 22:22:39',1,32,'237','Palandrix AO14 \"Aranea\" Net Gun (Ranged [Heavy]; Damage 3; Critical -; Range (Short); Ensnare 5, )',2,'Changed special. Added weapon quality entry \"<a href=\"/equipment/weaponqualities/1395/\" class=\"weaponquality_name\">Ensnare</a> 5\".'),(2581,'2014-07-24 22:23:15',1,32,'171','Bola (Ranged [Light]; Damage 2; Critical -; Range (Short); Ensnare 3, Knockdown, Limited Ammo 1, )',2,'Changed special. Added weapon quality entry \"<a href=\"/equipment/weaponqualities/1395/\" class=\"weaponquality_name\">Ensnare</a> 3\". Added weapon quality entry \"<a href=\"/equipment/weaponqualities/1397/\" class=\"weaponquality_name\">Knockdown</a>\". Added weapon quality entry \"<a href=\"/equipment/weaponqualities/1401/\" class=\"weaponquality_name\">Limited Ammo</a> 1\".'),(2582,'2014-07-24 22:23:40',1,32,'172','Net (Ranged [Light]; Damage 2; Critical -; Range (Short); Ensnare 3, Knockdown, Limited Ammo 1, )',2,'Changed special. Added weapon quality entry \"<a href=\"/equipment/weaponqualities/1395/\" class=\"weaponquality_name\">Ensnare</a> 3\". Added weapon quality entry \"<a href=\"/equipment/weaponqualities/1397/\" class=\"weaponquality_name\">Knockdown</a>\". Added weapon quality entry \"<a href=\"/equipment/weaponqualities/1401/\" class=\"weaponquality_name\">Limited Ammo</a> 1\".'),(2583,'2014-07-24 22:27:35',1,32,'243','Grapple arms (Brawl; Damage 2; Critical 5; Range (Engaged); Ensnare 3, )',2,'Changed special. Added weapon quality entry \"<a href=\"/equipment/weaponqualities/1395/\" class=\"weaponquality_name\">Ensnare</a> 3\".'),(2584,'2014-07-24 22:28:08',1,32,'165','Ionization blaster (Ranged [Light]; Damage 10; Critical 5; Range (Short); Disorient 5, Ion, )',2,'Changed special. Added weapon quality entry \"<a href=\"/equipment/weaponqualities/1394/\" class=\"weaponquality_name\">Disorient</a> 5\". Added weapon quality entry \"<a href=\"/equipment/weaponqualities/1400/\" class=\"weaponquality_name\">Ion</a>\".'),(2585,'2014-07-24 22:31:38',1,32,'174','Stun Grenade (Ranged [Light]; Damage 8; Critical -; Range (Short); Disorient 3, Stun Damage, Blast 8, Limited Ammo 1, )',2,'Changed special. Added weapon quality entry \"<a href=\"/equipment/weaponqualities/1394/\" class=\"weaponquality_name\">Disorient</a> 3\". Added weapon quality entry \"<a href=\"/equipment/weaponqualities/1407/\" class=\"weaponquality_name\">Stun Damage</a>\". Added weapon quality entry \"<a href=\"/equipment/weaponqualities/1388/\" class=\"weaponquality_name\">Blast</a> 8\". Added weapon quality entry \"<a href=\"/equipment/weaponqualities/1401/\" class=\"weaponquality_name\">Limited Ammo</a> 1\".'),(2586,'2014-07-24 22:32:01',1,32,'298','Drall Flashstick (Melee; Damage 2; Critical -; Range (Engaged); Disorient 3, Stun Damage, )',2,'Changed special. Added weapon quality entry \"<a href=\"/equipment/weaponqualities/1394/\" class=\"weaponquality_name\">Disorient</a> 3\". Added weapon quality entry \"<a href=\"/equipment/weaponqualities/1407/\" class=\"weaponquality_name\">Stun Damage</a>\".'),(2587,'2014-07-24 22:32:22',1,32,'244','Stun blaster (Ranged [Light]; Damage 8; Critical -; Range (Short); Disorient 3, Stun Damage, )',2,'Changed special. Added weapon quality entry \"<a href=\"/equipment/weaponqualities/1394/\" class=\"weaponquality_name\">Disorient</a> 3\". Added weapon quality entry \"<a href=\"/equipment/weaponqualities/1407/\" class=\"weaponquality_name\">Stun Damage</a>\".'),(2588,'2014-07-24 22:32:49',1,32,'178','Brass Knuckles (Brawl; Damage 1; Critical 4; Range (Engaged); Disorient 3, )',2,'Changed special. Added weapon quality entry \"<a href=\"/equipment/weaponqualities/1394/\" class=\"weaponquality_name\">Disorient</a> 3\".'),(2589,'2014-07-24 22:33:12',1,32,'1083','Serrated Combat Knife (Brawl; Damage 1; Critical 4; Range (Engaged); Disorient 3, )',2,'Changed special. Added weapon quality entry \"<a href=\"/equipment/weaponqualities/1394/\" class=\"weaponquality_name\">Disorient</a> 3\".'),(2590,'2014-07-24 22:33:29',1,32,'247','Stun Club (Melee; Damage 3; Critical 2; Range (Engaged); Disorient 2, Stun Damage, )',2,'Changed special. Added weapon quality entry \"<a href=\"/equipment/weaponqualities/1394/\" class=\"weaponquality_name\">Disorient</a> 2\". Added weapon quality entry \"<a href=\"/equipment/weaponqualities/1407/\" class=\"weaponquality_name\">Stun Damage</a>\".'),(2591,'2014-07-24 22:33:50',1,32,'231','Blastech LBR-9 Stun Rifle (Ranged [Heavy]; Damage 10; Critical -; Range (Long); Disorient 2, Stun Damage, )',2,'Changed special. Added weapon quality entry \"<a href=\"/equipment/weaponqualities/1394/\" class=\"weaponquality_name\">Disorient</a> 2\". Added weapon quality entry \"<a href=\"/equipment/weaponqualities/1407/\" class=\"weaponquality_name\">Stun Damage</a>\".'),(2592,'2014-07-24 22:34:17',1,32,'1035','Tail (Brawl; Damage 4; Critical 5; Range (Engaged); Disorient 2, Knockdown, use Agility as the characteristic with this weapon)',2,'Changed special. Added weapon quality entry \"<a href=\"/equipment/weaponqualities/1394/\" class=\"weaponquality_name\">Disorient</a> 2\". Added weapon quality entry \"<a href=\"/equipment/weaponqualities/1397/\" class=\"weaponquality_name\">Knockdown</a>\".'),(2593,'2014-07-24 22:35:06',1,32,'1126','Lifting Grapplers (Brawl; Damage 5; Critical 4; Range (Engaged); Disorient 2, Knockdown, )',2,'Changed special. Added weapon quality entry \"<a href=\"/equipment/weaponqualities/1394/\" class=\"weaponquality_name\">Disorient</a> 2\". Added weapon quality entry \"<a href=\"/equipment/weaponqualities/1397/\" class=\"weaponquality_name\">Knockdown</a>\".'),(2594,'2014-07-24 22:35:18',1,32,'859','Heavy Club (Melee; Damage 4; Critical 4; Range (Engaged); Disorient 2, )',2,'Changed special. Added weapon quality entry \"<a href=\"/equipment/weaponqualities/1394/\" class=\"weaponquality_name\">Disorient</a> 2\".'),(2595,'2014-07-24 22:35:34',1,32,'1337','Heavy Tool (Melee; Damage 2; Critical 5; Range (Engaged); Disorient 2, )',2,'Changed special. Added weapon quality entry \"<a href=\"/equipment/weaponqualities/1394/\" class=\"weaponquality_name\">Disorient</a> 2\".'),(2596,'2014-07-24 22:35:57',1,32,'1329','Shepherd\'s Crook (Melee; Damage 1; Critical 4; Range (Engaged); Disorient 2, )',2,'Changed special. Added weapon quality entry \"<a href=\"/equipment/weaponqualities/1394/\" class=\"weaponquality_name\">Disorient</a> 2\".'),(2597,'2014-07-24 22:36:06',1,32,'184','Truncheon (Melee; Damage 2; Critical 5; Range (Engaged); Disorient 2, )',2,'Changed special. Added weapon quality entry \"<a href=\"/equipment/weaponqualities/1394/\" class=\"weaponquality_name\">Disorient</a> 2\".'),(2598,'2014-07-24 22:36:21',1,32,'1379','Truncheon lifters (Brawl; Damage 1; Critical 5; Range (Engaged); Disorient 2, )',2,'Changed special. Added weapon quality entry \"<a href=\"/equipment/weaponqualities/1394/\" class=\"weaponquality_name\">Disorient</a> 2\".'),(2599,'2014-07-24 22:36:43',1,32,'289','Talus Ironworks XL-2 \"Flashfire\" Light Blaster Pistol (Ranged [Light]; Damage 5; Critical 3; Range (Medium); Disorient 1, Stun Setting, )',2,'Changed special. Added weapon quality entry \"<a href=\"/equipment/weaponqualities/1394/\" class=\"weaponquality_name\">Disorient</a> 1\". Added weapon quality entry \"<a href=\"/equipment/weaponqualities/1412/\" class=\"weaponquality_name\">Stun Setting</a>\".'),(2600,'2014-07-24 22:37:05',1,32,'861','Reinforced Gauntlets (Brawl; Damage 1; Critical 4; Range (Engaged); Disorient 1, )',2,'Changed special. Added weapon quality entry \"<a href=\"/equipment/weaponqualities/1394/\" class=\"weaponquality_name\">Disorient</a> 1\".'),(2601,'2014-07-24 22:37:23',1,32,'294','Corellian Cutlass (Melee; Damage 2; Critical 3; Range (Engaged); Defensive 1, Vicious 1, )',2,'Changed special. Added weapon quality entry \"<a href=\"/equipment/weaponqualities/1392/\" class=\"weaponquality_name\">Defensive</a> 1\". Added weapon quality entry \"<a href=\"/equipment/weaponqualities/1411/\" class=\"weaponquality_name\">Vicious</a> 1\".'),(2602,'2014-07-24 22:37:45',1,32,'300','Selonian Glaive (Melee; Damage 3; Critical 3; Range (Engaged); Defensive 1, Pierce 3, )',2,'Changed special. Added weapon quality entry \"<a href=\"/equipment/weaponqualities/1392/\" class=\"weaponquality_name\">Defensive</a> 1\". Added weapon quality entry \"<a href=\"/equipment/weaponqualities/1403/\" class=\"weaponquality_name\">Pierce</a> 3\".'),(2603,'2014-07-24 22:38:32',1,32,'227','Czerka \"Czerhander\" VX Vibro-Greatsword (Melee; Damage 3; Critical 2; Range (Engaged); Defensive 1, Pierce 2, Vicious 2, )',2,'Changed special. Added weapon quality entry \"<a href=\"/equipment/weaponqualities/1392/\" class=\"weaponquality_name\">Defensive</a> 1\". Added weapon quality entry \"<a href=\"/equipment/weaponqualities/1403/\" class=\"weaponquality_name\">Pierce</a> 2\". Added weapon quality entry \"<a href=\"/equipment/weaponqualities/1411/\" class=\"weaponquality_name\">Vicious</a> 2\".'),(2604,'2014-07-24 22:39:28',1,32,'182','Gaffi Stick (Melee; Damage 2; Critical 3; Range (Engaged); Defensive 1, Disorient 3, )',2,'Changed special. Added weapon quality entry \"<a href=\"/equipment/weaponqualities/1392/\" class=\"weaponquality_name\">Defensive</a> 1\". Added weapon quality entry \"<a href=\"/equipment/weaponqualities/1394/\" class=\"weaponquality_name\">Disorient</a> 3\".'),(2605,'2014-07-24 22:39:54',1,32,'943','Security Staff (Melee; Damage 2; Critical 2; Range (Engaged); Defensive 1, Disorient 2, Pierce 2, )',2,'Changed special. Added weapon quality entry \"<a href=\"/equipment/weaponqualities/1392/\" class=\"weaponquality_name\">Defensive</a> 1\". Added weapon quality entry \"<a href=\"/equipment/weaponqualities/1394/\" class=\"weaponquality_name\">Disorient</a> 2\". Added weapon quality entry \"<a href=\"/equipment/weaponqualities/1403/\" class=\"weaponquality_name\">Pierce</a> 2\".'),(2606,'2014-07-24 22:40:17',1,32,'225','Prax Arms S-1 Vamblade (Brawl; Damage 1; Critical 3; Range (Engaged); Defensive 1, )',2,'Changed special. Added weapon quality entry \"<a href=\"/equipment/weaponqualities/1392/\" class=\"weaponquality_name\">Defensive</a> 1\".'),(2607,'2014-07-24 22:41:02',1,32,'239','Mk VIII Vibrosaw (Melee; Damage 4; Critical 2; Range (Engaged); Cumbersome 5, Pierce 2, Sunder, Vicious 2, )',2,'Changed special. Added weapon quality entry \"<a href=\"/equipment/weaponqualities/1391/\" class=\"weaponquality_name\">Cumbersome</a> 5\". Added weapon quality entry \"<a href=\"/equipment/weaponqualities/1403/\" class=\"weaponquality_name\">Pierce</a> 2\". Added weapon quality entry \"<a href=\"/equipment/weaponqualities/1408/\" class=\"weaponquality_name\">Sunder</a>\". Added weapon quality entry \"<a href=\"/equipment/weaponqualities/1411/\" class=\"weaponquality_name\">Vicious</a> 2\".'),(2608,'2014-07-24 22:45:54',1,32,'296','Styanax Lance (Ranged [Heavy]; Damage 8; Critical 3; Range (Short); Cumbersome 4, Limited Ammo 1, Pierce 3, Vicious 1, )',2,'Changed special. Added weapon quality entry \"<a href=\"/equipment/weaponqualities/1391/\" class=\"weaponquality_name\">Cumbersome</a> 4\". Added weapon quality entry \"<a href=\"/equipment/weaponqualities/1401/\" class=\"weaponquality_name\">Limited Ammo</a> 1\". Added weapon quality entry \"<a href=\"/equipment/weaponqualities/1403/\" class=\"weaponquality_name\">Pierce</a> 3\". Added weapon quality entry \"<a href=\"/equipment/weaponqualities/1411/\" class=\"weaponquality_name\">Vicious</a> 1\".'),(2609,'2014-07-24 22:46:43',1,32,'1129','Weapons improvised from mining tools (Melee; Damage 2; Critical 5; Range (Engaged); Cumbersome 4, [Increase combat check difficulty by 1], add automatic [THREAT] to combat checks.)',2,'Changed special. Added weapon quality entry \"<a href=\"/equipment/weaponqualities/1391/\" class=\"weaponquality_name\">Cumbersome</a> 4\".'),(2610,'2014-07-24 22:46:54',1,32,'1380','Large Improvised Weapon (Melee; Damage 2; Critical 5; Range (Engaged); Cumbersome 4, )',2,'Changed special. Added weapon quality entry \"<a href=\"/equipment/weaponqualities/1391/\" class=\"weaponquality_name\">Cumbersome</a> 4\".'),(2611,'2014-07-24 22:47:11',1,32,'203','Blastech DH-X Heavy Blaster Rifle (Ranged [Heavy]; Damage 10; Critical 3; Range (Long); Cumbersome 3, Pierce 2, )',2,'Changed special. Added weapon quality entry \"<a href=\"/equipment/weaponqualities/1391/\" class=\"weaponquality_name\">Cumbersome</a> 3\". Added weapon quality entry \"<a href=\"/equipment/weaponqualities/1403/\" class=\"weaponquality_name\">Pierce</a> 2\".'),(2612,'2014-07-24 22:47:36',1,32,'295','Corellian Compound Bow (Ranged [Heavy]; Damage 5; Critical 5; Range (Medium); Cumbersome 3, Knockdown, Limited Ammo 1, Pierce 1, )',2,'Changed special. Added weapon quality entry \"<a href=\"/equipment/weaponqualities/1391/\" class=\"weaponquality_name\">Cumbersome</a> 3\". Added weapon quality entry \"<a href=\"/equipment/weaponqualities/1397/\" class=\"weaponquality_name\">Knockdown</a>\". Added weapon quality entry \"<a href=\"/equipment/weaponqualities/1401/\" class=\"weaponquality_name\">Limited Ammo</a> 1\". Added weapon quality entry \"<a href=\"/equipment/weaponqualities/1403/\" class=\"weaponquality_name\">Pierce</a> 1\".'),(2613,'2014-07-24 22:48:25',1,32,'161','Bowcaster (Ranged [Heavy]; Damage 10; Critical 3; Range (Medium); Cumbersome 3, Knockdown, )',2,'Changed special. Added weapon quality entry \"<a href=\"/equipment/weaponqualities/1391/\" class=\"weaponquality_name\">Cumbersome</a> 3\". Added weapon quality entry \"<a href=\"/equipment/weaponqualities/1397/\" class=\"weaponquality_name\">Knockdown</a>\".'),(2614,'2014-07-24 22:49:14',1,32,'226','Ryyk Blade (Melee; Damage 2; Critical 2; Range (Engaged); Cumbersome 3, Defensive 1, Superior, )',2,'Changed special. Added weapon quality entry \"<a href=\"/equipment/weaponqualities/1391/\" class=\"weaponquality_name\">Cumbersome</a> 3\". Added weapon quality entry \"<a href=\"/equipment/weaponqualities/1392/\" class=\"weaponquality_name\">Defensive</a> 1\". Added weapon quality entry \"<a href=\"/equipment/weaponqualities/1409/\" class=\"weaponquality_name\">Superior</a>\".'),(2615,'2014-07-24 22:49:33',1,32,'168','Disruptor Rifle (Ranged [Heavy]; Damage 10; Critical 2; Range (Long); Cumbersome 2, Vicious 5, )',2,'Changed special. Added weapon quality entry \"<a href=\"/equipment/weaponqualities/1391/\" class=\"weaponquality_name\">Cumbersome</a> 2\". Added weapon quality entry \"<a href=\"/equipment/weaponqualities/1411/\" class=\"weaponquality_name\">Vicious</a> 5\".'),(2616,'2014-07-24 22:51:07',1,32,'170','Slugthrower Rifle (Ranged [Heavy]; Damage 7; Critical 5; Range (Medium); Cumbersome 2, )',2,'Changed special. Added weapon quality entry \"<a href=\"/equipment/weaponqualities/1391/\" class=\"weaponquality_name\">Cumbersome</a> 2\".'),(2617,'2014-07-24 22:51:39',1,32,'208','Czerka CZ-28 Flamestrike (Gunnery; Damage 9; Critical 2; Range (Short); Burn 4, Blast 9, Cumbersome 3, Vicious 2, )',2,'Changed special. Added weapon quality entry \"<a href=\"/equipment/weaponqualities/1387/\" class=\"weaponquality_name\">Burn</a> 4\". Added weapon quality entry \"<a href=\"/equipment/weaponqualities/1388/\" class=\"weaponquality_name\">Blast</a> 9\". Added weapon quality entry \"<a href=\"/equipment/weaponqualities/1391/\" class=\"weaponquality_name\">Cumbersome</a> 3\". Added weapon quality entry \"<a href=\"/equipment/weaponqualities/1411/\" class=\"weaponquality_name\">Vicious</a> 2\".'),(2618,'2014-07-24 22:57:33',1,32,'176','Flame Projector (Ranged [Heavy]; Damage 8; Critical 2; Range (Short); Burn 3, Blast 8, )',2,'Changed special. Added weapon quality entry \"<a href=\"/equipment/weaponqualities/1387/\" class=\"weaponquality_name\">Burn</a> 3\". Added weapon quality entry \"<a href=\"/equipment/weaponqualities/1388/\" class=\"weaponquality_name\">Blast</a> 8\".'),(2619,'2014-07-24 22:57:57',1,32,'228','Sorosuub Model 7 Therm-Ax (Melee; Damage 2; Critical 3; Range (Engaged); Burn 2, Sunder, Vicious 1, )',2,'Changed special. Added weapon quality entry \"<a href=\"/equipment/weaponqualities/1387/\" class=\"weaponquality_name\">Burn</a> 2\". Added weapon quality entry \"<a href=\"/equipment/weaponqualities/1408/\" class=\"weaponquality_name\">Sunder</a>\". Added weapon quality entry \"<a href=\"/equipment/weaponqualities/1411/\" class=\"weaponquality_name\">Vicious</a> 1\".'),(2620,'2014-07-24 23:10:24',1,32,'210','Golan Arms FC1 Flechette Launcher (Anti-Vehicle) (Gunnery; Damage 10; Critical 2; Range (Medium); Breach 2, Cumbersome 3, Limited Ammo 4, Prepare 1, Vicious 3, )',2,'Changed special. Added weapon quality entry \"<a href=\"/equipment/weaponqualities/1386/\" class=\"weaponquality_name\">Breach</a> 2\". Added weapon quality entry \"<a href=\"/equipment/weaponqualities/1391/\" class=\"weaponquality_name\">Cumbersome</a> 3\". Added weapon quality entry \"<a href=\"/equipment/weaponqualities/1401/\" class=\"weaponquality_name\">Limited Ammo</a> 4\". Added weapon quality entry \"<a href=\"/equipment/weaponqualities/1404/\" class=\"weaponquality_name\">Prepare</a> 1\". Added weapon quality entry \"<a href=\"/equipment/weaponqualities/1411/\" class=\"weaponquality_name\">Vicious</a> 3\".'),(2621,'2014-07-24 23:10:56',1,32,'183','Lightsaber (Lightsaber; Damage 10; Critical 1; Range (Engaged); Breach 1, Sunder, Vicious 2, )',2,'Changed special. Added weapon quality entry \"<a href=\"/equipment/weaponqualities/1386/\" class=\"weaponquality_name\">Breach</a> 1\". Added weapon quality entry \"<a href=\"/equipment/weaponqualities/1408/\" class=\"weaponquality_name\">Sunder</a>\". Added weapon quality entry \"<a href=\"/equipment/weaponqualities/1411/\" class=\"weaponquality_name\">Vicious</a> 2\".'),(2622,'2014-07-24 23:11:34',1,32,'929','Elaiza\'s Lightsaber (Lightsaber; Damage 10; Critical 1; Range (Engaged); Breach 1, Defensive 1, Deflection 2, Sunder, Vicious 2, )',2,'Changed special. Added weapon quality entry \"<a href=\"/equipment/weaponqualities/1386/\" class=\"weaponquality_name\">Breach</a> 1\". Added weapon quality entry \"<a href=\"/equipment/weaponqualities/1392/\" class=\"weaponquality_name\">Defensive</a> 1\". Added weapon quality entry \"<a href=\"/equipment/weaponqualities/1393/\" class=\"weaponquality_name\">Deflection</a> 2\". Added weapon quality entry \"<a href=\"/equipment/weaponqualities/1408/\" class=\"weaponquality_name\">Sunder</a>\". Added weapon quality entry \"<a href=\"/equipment/weaponqualities/1411/\" class=\"weaponquality_name\">Vicious</a> 2\".'),(2623,'2014-07-24 23:12:10',1,32,'299','Corellia Mining Corporation J-7B Beamdrill (Melee; Damage 9; Critical 2; Range (Engaged); Breach 1, Cumbersome 4, Inaccurate 2, Sunder, )',2,'Changed special. Added weapon quality entry \"<a href=\"/equipment/weaponqualities/1386/\" class=\"weaponquality_name\">Breach</a> 1\". Added weapon quality entry \"<a href=\"/equipment/weaponqualities/1391/\" class=\"weaponquality_name\">Cumbersome</a> 4\". Added weapon quality entry \"<a href=\"/equipment/weaponqualities/1398/\" class=\"weaponquality_name\">Inaccurate</a> 2\". Added weapon quality entry \"<a href=\"/equipment/weaponqualities/1408/\" class=\"weaponquality_name\">Sunder</a>\".'),(2624,'2014-07-24 23:12:35',1,32,'236','Karflo Corporation G9-GP Pulse Drill (Melee; Damage 5; Critical 4; Range (Engaged); Breach 1, Cumbersome 3, Inaccurate 2, )',2,'Changed special. Added weapon quality entry \"<a href=\"/equipment/weaponqualities/1386/\" class=\"weaponquality_name\">Breach</a> 1\". Added weapon quality entry \"<a href=\"/equipment/weaponqualities/1391/\" class=\"weaponquality_name\">Cumbersome</a> 3\". Added weapon quality entry \"<a href=\"/equipment/weaponqualities/1398/\" class=\"weaponquality_name\">Inaccurate</a> 2\".'),(2625,'2014-07-24 23:12:55',1,32,'173','Frag Grenade (Ranged [Light]; Damage 8; Critical 4; Range (Short); Blast 6, Limited Ammo 1, )',2,'Changed special. Added weapon quality entry \"<a href=\"/equipment/weaponqualities/1388/\" class=\"weaponquality_name\">Blast</a> 6\". Added weapon quality entry \"<a href=\"/equipment/weaponqualities/1401/\" class=\"weaponquality_name\">Limited Ammo</a> 1\".'),(2626,'2014-07-24 23:13:36',1,32,'209','Golan Arms FC1 Flechette Launcher (Anti-Infantry) (Gunnery; Damage 8; Critical 3; Range (Medium); Blast 8, Cumbersome 3, Limited Ammo 4, Pierce 6, Prepare 1, Vicious 1, )',2,'Changed special. Added weapon quality entry \"<a href=\"/equipment/weaponqualities/1388/\" class=\"weaponquality_name\">Blast</a> 8\". Added weapon quality entry \"<a href=\"/equipment/weaponqualities/1391/\" class=\"weaponquality_name\">Cumbersome</a> 3\". Added weapon quality entry \"<a href=\"/equipment/weaponqualities/1401/\" class=\"weaponquality_name\">Limited Ammo</a> 4\". Added weapon quality entry \"<a href=\"/equipment/weaponqualities/1403/\" class=\"weaponquality_name\">Pierce</a> 6\". Added weapon quality entry \"<a href=\"/equipment/weaponqualities/1404/\" class=\"weaponquality_name\">Prepare</a> 1\". Added weapon quality entry \"<a href=\"/equipment/weaponqualities/1411/\" class=\"weaponquality_name\">Vicious</a> 1\".'),(2627,'2014-07-24 23:14:16',1,32,'216','Merr-Sonn G2 Concussion Grenade (Ranged [Light]; Damage 10; Critical 5; Range (Short); Blast 8, Concussive 2, Disorient 5, Limited Ammo 1, )',2,'Changed special. Added weapon quality entry \"<a href=\"/equipment/weaponqualities/1388/\" class=\"weaponquality_name\">Blast</a> 8\". Added weapon quality entry \"<a href=\"/equipment/weaponqualities/1389/\" class=\"weaponquality_name\">Concussive</a> 2\". Added weapon quality entry \"<a href=\"/equipment/weaponqualities/1394/\" class=\"weaponquality_name\">Disorient</a> 5\". Added weapon quality entry \"<a href=\"/equipment/weaponqualities/1401/\" class=\"weaponquality_name\">Limited Ammo</a> 1\".'),(2628,'2014-07-24 23:14:44',1,32,'217','Golan Arms MK.4 Heavy Fragmentation Grenade (Ranged [Light]; Damage 9; Critical 4; Range (Short); Blast 7, Limited Ammo 1, Cumbersome 2, )',2,'Changed special. Added weapon quality entry \"<a href=\"/equipment/weaponqualities/1388/\" class=\"weaponquality_name\">Blast</a> 7\". Added weapon quality entry \"<a href=\"/equipment/weaponqualities/1401/\" class=\"weaponquality_name\">Limited Ammo</a> 1\". Added weapon quality entry \"<a href=\"/equipment/weaponqualities/1391/\" class=\"weaponquality_name\">Cumbersome</a> 2\".'),(2629,'2014-07-24 23:54:15',1,32,'214','Kirgo Blastworks Lightning 22 Ion Grenade (Ranged [Light]; Damage 10; Critical 5; Range (Short); Blast 7, Disorient 5, Ion, Limited Ammo 1, )',2,'Changed special. Added weapon quality entry \"<a href=\"/equipment/weaponqualities/1388/\" class=\"weaponquality_name\">Blast</a> 7\". Added weapon quality entry \"<a href=\"/equipment/weaponqualities/1394/\" class=\"weaponquality_name\">Disorient</a> 5\". Added weapon quality entry \"<a href=\"/equipment/weaponqualities/1400/\" class=\"weaponquality_name\">Ion</a>\". Added weapon quality entry \"<a href=\"/equipment/weaponqualities/1401/\" class=\"weaponquality_name\">Limited Ammo</a> 1\".'),(2630,'2014-07-24 23:55:04',1,32,'1269','Fire Bomb (Ranged [Light]; Damage 7; Critical 3; Range (Short); Blast 7, Burn 2, Inaccurate 1, Limited Ammo 1, )',2,'Changed special. Added weapon quality entry \"<a href=\"/equipment/weaponqualities/1388/\" class=\"weaponquality_name\">Blast</a> 7\". Added weapon quality entry \"<a href=\"/equipment/weaponqualities/1387/\" class=\"weaponquality_name\">Burn</a> 2\". Added weapon quality entry \"<a href=\"/equipment/weaponqualities/1398/\" class=\"weaponquality_name\">Inaccurate</a> 1\". Added weapon quality entry \"<a href=\"/equipment/weaponqualities/1401/\" class=\"weaponquality_name\">Limited Ammo</a> 1\".'),(2631,'2014-07-24 23:55:29',1,32,'234','Czerka Arms KS23 Hammer (Ranged [Heavy]; Damage 8; Critical 4; Range (Short); Blast 6, Knockdown, )',2,'Changed special. Added weapon quality entry \"<a href=\"/equipment/weaponqualities/1388/\" class=\"weaponquality_name\">Blast</a> 6\". Added weapon quality entry \"<a href=\"/equipment/weaponqualities/1397/\" class=\"weaponquality_name\">Knockdown</a>\".'),(2632,'2014-07-24 23:55:57',1,32,'211','Malaxan Z50 Grenade Launcher (Gunnery; Damage 8; Critical 4; Range (Medium); Blast 6, Cumbersome 3, Limited Ammo 6, )',2,'Changed special. Added weapon quality entry \"<a href=\"/equipment/weaponqualities/1388/\" class=\"weaponquality_name\">Blast</a> 6\". Added weapon quality entry \"<a href=\"/equipment/weaponqualities/1391/\" class=\"weaponquality_name\">Cumbersome</a> 3\". Added weapon quality entry \"<a href=\"/equipment/weaponqualities/1401/\" class=\"weaponquality_name\">Limited Ammo</a> 6\".'),(2633,'2014-07-24 23:56:18',1,32,'215','Merr-Sonn D-24 Inferno Grenade (Ranged [Light]; Damage 8; Critical 3; Range (Short); Blast 5, Burn 2, Limited Ammo 1, )',2,'Changed special. Added weapon quality entry \"<a href=\"/equipment/weaponqualities/1388/\" class=\"weaponquality_name\">Blast</a> 5\". Added weapon quality entry \"<a href=\"/equipment/weaponqualities/1387/\" class=\"weaponquality_name\">Burn</a> 2\". Added weapon quality entry \"<a href=\"/equipment/weaponqualities/1401/\" class=\"weaponquality_name\">Limited Ammo</a> 1\".'),(2634,'2014-07-24 23:56:42',1,32,'304','Armor Piercing Grenade (Ranged [Light]; Damage 16; Critical 3; Range (Short); Blast 4, Limited Ammo 1, Pierce 3, )',2,'Changed special. Added weapon quality entry \"<a href=\"/equipment/weaponqualities/1388/\" class=\"weaponquality_name\">Blast</a> 4\". Added weapon quality entry \"<a href=\"/equipment/weaponqualities/1401/\" class=\"weaponquality_name\">Limited Ammo</a> 1\". Added weapon quality entry \"<a href=\"/equipment/weaponqualities/1403/\" class=\"weaponquality_name\">Pierce</a> 3\".'),(2635,'2014-07-24 23:57:06',1,32,'301','Scattergun Blaster (Ranged [Heavy]; Damage 8; Critical 3; Range (Short); Blast 4, )',2,'Changed special. Added weapon quality entry \"<a href=\"/equipment/weaponqualities/1388/\" class=\"weaponquality_name\">Blast</a> 4\".'),(2636,'2014-07-24 23:57:33',1,32,'175','Thermal Detonator (Ranged [Light]; Damage 20; Critical 2; Range (Short); Blast 15, Breach 1, Vicious 4, Limited Ammo 1, )',2,'Changed special. Added weapon quality entry \"<a href=\"/equipment/weaponqualities/1388/\" class=\"weaponquality_name\">Blast</a> 15\". Added weapon quality entry \"<a href=\"/equipment/weaponqualities/1386/\" class=\"weaponquality_name\">Breach</a> 1\". Added weapon quality entry \"<a href=\"/equipment/weaponqualities/1411/\" class=\"weaponquality_name\">Vicious</a> 4\". Added weapon quality entry \"<a href=\"/equipment/weaponqualities/1401/\" class=\"weaponquality_name\">Limited Ammo</a> 1\".'),(2637,'2014-07-24 23:58:06',1,32,'222','Merr-Sonn SK-44 Plasma Missile (Gunnery; Damage 16; Critical 3; Range (Medium); Blast 14, Cumbersome 3, Inaccurate 1, Pierce 2, )',2,'Changed special. Added weapon quality entry \"<a href=\"/equipment/weaponqualities/1388/\" class=\"weaponquality_name\">Blast</a> 14\". Added weapon quality entry \"<a href=\"/equipment/weaponqualities/1391/\" class=\"weaponquality_name\">Cumbersome</a> 3\". Added weapon quality entry \"<a href=\"/equipment/weaponqualities/1398/\" class=\"weaponquality_name\">Inaccurate</a> 1\". Added weapon quality entry \"<a href=\"/equipment/weaponqualities/1403/\" class=\"weaponquality_name\">Pierce</a> 2\".'),(2638,'2014-07-24 23:58:25',1,32,'220','Merr-Sonn C-88 Fragmentation Missile (Gunnery; Damage 12; Critical 4; Range (Extreme); Blast 12, Guided 3, )',2,'Changed special. Added weapon quality entry \"<a href=\"/equipment/weaponqualities/1388/\" class=\"weaponquality_name\">Blast</a> 12\". Added weapon quality entry \"<a href=\"/equipment/weaponqualities/1396/\" class=\"weaponquality_name\">Guided</a> 3\".'),(2639,'2014-07-24 23:58:51',1,32,'218','Kirgo Blastworks Nova40 Plasma Grenade (Ranged [Light]; Damage 12; Critical 3; Range (Short); Blast 10, Limited Ammo 1, )',2,'Changed special. Added weapon quality entry \"<a href=\"/equipment/weaponqualities/1388/\" class=\"weaponquality_name\">Blast</a> 10\". Added weapon quality entry \"<a href=\"/equipment/weaponqualities/1401/\" class=\"weaponquality_name\">Limited Ammo</a> 1\".'),(2640,'2014-07-24 23:59:38',1,32,'177','Missile Tube (Gunnery; Damage 20; Critical 2; Range (Extreme); Blast 10, Cumbersome 3, Guided 3, Breach 1, Prepare 1, Limited Ammo 6, )',2,'Changed special. Added weapon quality entry \"<a href=\"/equipment/weaponqualities/1388/\" class=\"weaponquality_name\">Blast</a> 10\". Added weapon quality entry \"<a href=\"/equipment/weaponqualities/1391/\" class=\"weaponquality_name\">Cumbersome</a> 3\". Added weapon quality entry \"<a href=\"/equipment/weaponqualities/1396/\" class=\"weaponquality_name\">Guided</a> 3\". Added weapon quality entry \"<a href=\"/equipment/weaponqualities/1386/\" class=\"weaponquality_name\">Breach</a> 1\". Added weapon quality entry \"<a href=\"/equipment/weaponqualities/1404/\" class=\"weaponquality_name\">Prepare</a> 1\". Added weapon quality entry \"<a href=\"/equipment/weaponqualities/1401/\" class=\"weaponquality_name\">Limited Ammo</a> 6\".'),(2641,'2014-07-25 00:00:13',1,32,'219','Golan Arms MK.10 Concussion Missle (Gunnery; Damage 14; Critical 4; Range (Extreme); Blast 10, Concussive 3, Disorient 5, Guided 2, )',2,'Changed special. Added weapon quality entry \"<a href=\"/equipment/weaponqualities/1388/\" class=\"weaponquality_name\">Blast</a> 10\". Added weapon quality entry \"<a href=\"/equipment/weaponqualities/1389/\" class=\"weaponquality_name\">Concussive</a> 3\". Added weapon quality entry \"<a href=\"/equipment/weaponqualities/1394/\" class=\"weaponquality_name\">Disorient</a> 5\". Added weapon quality entry \"<a href=\"/equipment/weaponqualities/1396/\" class=\"weaponquality_name\">Guided</a> 2\".'),(2642,'2014-07-25 00:01:14',1,32,'221','Merr-Sonn C908 Incendiary Missile (Gunnery; Damage 10; Critical 3; Range (Extreme); Blast 10, Burn 3, Guided 2, )',2,'Changed special. Added weapon quality entry \"<a href=\"/equipment/weaponqualities/1388/\" class=\"weaponquality_name\">Blast</a> 10\". Added weapon quality entry \"<a href=\"/equipment/weaponqualities/1387/\" class=\"weaponquality_name\">Burn</a> 3\". Added weapon quality entry \"<a href=\"/equipment/weaponqualities/1396/\" class=\"weaponquality_name\">Guided</a> 2\".'),(2643,'2014-07-25 00:02:04',1,32,'235','Merr-Sonn Munitions G-20 Glop Grenade (Ranged [Light]; Damage 0; Critical -; Range (Short); Blast 1, Ensnare 3, Blast -)',2,'Changed special. Added weapon quality entry \"<a href=\"/equipment/weaponqualities/1388/\" class=\"weaponquality_name\">Blast</a> 1\". Added weapon quality entry \"<a href=\"/equipment/weaponqualities/1395/\" class=\"weaponquality_name\">Ensnare</a> 3\".'),(2644,'2014-07-25 00:02:14',1,32,'235','Merr-Sonn Munitions G-20 Glop Grenade (Ranged [Light]; Damage 0; Critical -; Range (Short); Ensnare 3, Blast -)',2,'Deleted weapon quality entry \"<a href=\"/equipment/weaponqualities/1388/\" class=\"weaponquality_name\">Blast</a> 1\".'),(2645,'2014-07-25 00:02:59',1,32,'191','Riot Gun (Ranged [Heavy]; Damage 7; Critical 3; Range (Medium); Auto-Fire, Stun Setting, )',2,'Changed special. Added weapon quality entry \"<a href=\"/equipment/weaponqualities/1385/\" class=\"weaponquality_name\">Auto-Fire</a>\". Added weapon quality entry \"<a href=\"/equipment/weaponqualities/1412/\" class=\"weaponquality_name\">Stun Setting</a>\".'),(2646,'2014-07-25 00:03:20',1,32,'204','Blastech SE-14r Light Repeating Blaster (Ranged [Light]; Damage 6; Critical 3; Range (Medium); Auto-Fire, Stun Setting, )',2,'Changed special. Added weapon quality entry \"<a href=\"/equipment/weaponqualities/1385/\" class=\"weaponquality_name\">Auto-Fire</a>\". Added weapon quality entry \"<a href=\"/equipment/weaponqualities/1412/\" class=\"weaponquality_name\">Stun Setting</a>\".'),(2647,'2014-07-25 00:03:37',1,32,'250','Selonian Shard Shooter (Ranged [Heavy]; Damage 5; Critical 3; Range (Medium); Auto-Fire, Pierce 1, )',2,'Changed special. Added weapon quality entry \"<a href=\"/equipment/weaponqualities/1385/\" class=\"weaponquality_name\">Auto-Fire</a>\". Added weapon quality entry \"<a href=\"/equipment/weaponqualities/1403/\" class=\"weaponquality_name\">Pierce</a> 1\".'),(2648,'2014-07-25 00:03:54',1,32,'212','Glunok FYR Assault Carbine (Ranged [Heavy]; Damage 6; Critical 5; Range (Short); Auto-Fire, Inaccurate 1, )',2,'Changed special. Added weapon quality entry \"<a href=\"/equipment/weaponqualities/1385/\" class=\"weaponquality_name\">Auto-Fire</a>\". Added weapon quality entry \"<a href=\"/equipment/weaponqualities/1398/\" class=\"weaponquality_name\">Inaccurate</a> 1\".'),(2649,'2014-07-25 00:04:16',1,32,'199','Merr-Sonn IR-5 \"Intimidator\" Blaster Pistol (Ranged [Light]; Damage 5; Critical 3; Range (Medium); Auto-Fire, Inaccurate 1, )',2,'Changed special. Added weapon quality entry \"<a href=\"/equipment/weaponqualities/1385/\" class=\"weaponquality_name\">Auto-Fire</a>\". Added weapon quality entry \"<a href=\"/equipment/weaponqualities/1398/\" class=\"weaponquality_name\">Inaccurate</a> 1\".'),(2650,'2014-07-25 00:05:12',1,32,'207','Sorosuub HOB Heavy Repeating Blaster (Gunnery; Damage 15; Critical 3; Range (Extreme); Auto-Fire, Cumbersome 6, Pierce 2, Vicious 1, )',2,'Changed special. Added weapon quality entry \"<a href=\"/equipment/weaponqualities/1385/\" class=\"weaponquality_name\">Auto-Fire</a>\". Added weapon quality entry \"<a href=\"/equipment/weaponqualities/1391/\" class=\"weaponquality_name\">Cumbersome</a> 6\". Added weapon quality entry \"<a href=\"/equipment/weaponqualities/1403/\" class=\"weaponquality_name\">Pierce</a> 2\". Added weapon quality entry \"<a href=\"/equipment/weaponqualities/1411/\" class=\"weaponquality_name\">Vicious</a> 1\".'),(2651,'2014-07-25 00:06:15',1,32,'206','Sorosuub VX \"Sidewinder\" Repeating Blaster (Gunnery; Damage 12; Critical 3; Range (Long); Auto-Fire, Cumbersome 6, Pierce 1, Vicious 1, )',2,'Changed special. Added weapon quality entry \"<a href=\"/equipment/weaponqualities/1385/\" class=\"weaponquality_name\">Auto-Fire</a>\". Added weapon quality entry \"<a href=\"/equipment/weaponqualities/1391/\" class=\"weaponquality_name\">Cumbersome</a> 6\". Added weapon quality entry \"<a href=\"/equipment/weaponqualities/1403/\" class=\"weaponquality_name\">Pierce</a> 1\". Added weapon quality entry \"<a href=\"/equipment/weaponqualities/1411/\" class=\"weaponquality_name\">Vicious</a> 1\".'),(2652,'2014-07-25 00:06:46',1,32,'164','Heavy Repeating Blaster (Gunnery; Damage 15; Critical 2; Range (Long); Auto-Fire, Cumbersome 5, Pierce 2, Vicious 1, )',2,'Changed special. Added weapon quality entry \"<a href=\"/equipment/weaponqualities/1385/\" class=\"weaponquality_name\">Auto-Fire</a>\". Added weapon quality entry \"<a href=\"/equipment/weaponqualities/1391/\" class=\"weaponquality_name\">Cumbersome</a> 5\". Added weapon quality entry \"<a href=\"/equipment/weaponqualities/1403/\" class=\"weaponquality_name\">Pierce</a> 2\". Added weapon quality entry \"<a href=\"/equipment/weaponqualities/1411/\" class=\"weaponquality_name\">Vicious</a> 1\".'),(2653,'2014-07-25 00:07:21',1,32,'166','Light Repeating Blaster (Ranged [Heavy]; Damage 11; Critical 3; Range (Long); Auto-Fire, Cumbersome 4, Pierce 1, )',2,'Changed special. Added weapon quality entry \"<a href=\"/equipment/weaponqualities/1385/\" class=\"weaponquality_name\">Auto-Fire</a>\". Added weapon quality entry \"<a href=\"/equipment/weaponqualities/1391/\" class=\"weaponquality_name\">Cumbersome</a> 4\". Added weapon quality entry \"<a href=\"/equipment/weaponqualities/1403/\" class=\"weaponquality_name\">Pierce</a> 1\".'),(2654,'2014-07-25 00:08:36',1,32,'163','Heavy Blaster Rifle (Ranged [Heavy]; Damage 10; Critical 3; Range (Long); Auto-Fire, Cumbersome 3, )',2,'Changed special. Added weapon quality entry \"<a href=\"/equipment/weaponqualities/1385/\" class=\"weaponquality_name\">Auto-Fire</a>\". Added weapon quality entry \"<a href=\"/equipment/weaponqualities/1391/\" class=\"weaponquality_name\">Cumbersome</a> 3\".'),(2655,'2014-07-25 00:09:20',1,32,'1298','Plasma Shell Assault Cannon (Gunnery; Damage 10; Critical 2; Range (Long); Auto-Fire, Breach 1, Concussive 1, Cumbersome 4, Inaccurate 1, )',2,'Changed special. Added weapon quality entry \"<a href=\"/equipment/weaponqualities/1385/\" class=\"weaponquality_name\">Auto-Fire</a>\". Added weapon quality entry \"<a href=\"/equipment/weaponqualities/1386/\" class=\"weaponquality_name\">Breach</a> 1\". Added weapon quality entry \"<a href=\"/equipment/weaponqualities/1389/\" class=\"weaponquality_name\">Concussive</a> 1\". Added weapon quality entry \"<a href=\"/equipment/weaponqualities/1391/\" class=\"weaponquality_name\">Cumbersome</a> 4\". Added weapon quality entry \"<a href=\"/equipment/weaponqualities/1398/\" class=\"weaponquality_name\">Inaccurate</a> 1\".'),(2656,'2014-07-25 00:09:44',1,32,'293','ASP-9 \"Vrelt\" Autopistol (Ranged [Light]; Damage 4; Critical 5; Range (Short); Auto-Fire, )',2,'Changed special. Added weapon quality entry \"<a href=\"/equipment/weaponqualities/1385/\" class=\"weaponquality_name\">Auto-Fire</a>\".'),(2657,'2014-07-25 00:10:37',1,32,'193','Duelist Blaster Pistol (Ranged [Light]; Damage 5; Critical 4; Range (Short); Accurate 2, Stun Setting, )',2,'Changed special. Added weapon quality entry \"<a href=\"/equipment/weaponqualities/1384/\" class=\"weaponquality_name\">Accurate</a> 2\". Added weapon quality entry \"<a href=\"/equipment/weaponqualities/1412/\" class=\"weaponquality_name\">Stun Setting</a>\".'),(2658,'2014-07-25 00:11:05',1,32,'233','Czerka Arms Model 38 Sharpshooter\'s Rifle (Ranged [Heavy]; Damage 8; Critical 3; Range (Extreme); Accurate 2, Pierce 3, )',2,'Changed special. Added weapon quality entry \"<a href=\"/equipment/weaponqualities/1384/\" class=\"weaponquality_name\">Accurate</a> 2\". Added weapon quality entry \"<a href=\"/equipment/weaponqualities/1403/\" class=\"weaponquality_name\">Pierce</a> 3\".'),(2659,'2014-07-25 00:11:42',1,32,'287','Cornet Arms HL-27 Light Blaster Pistol (Ranged [Light]; Damage 5; Critical 3; Range (Medium); Accurate 1, Stun Setting, )',2,'Changed special. Added weapon quality entry \"<a href=\"/equipment/weaponqualities/1384/\" class=\"weaponquality_name\">Accurate</a> 1\". Added weapon quality entry \"<a href=\"/equipment/weaponqualities/1412/\" class=\"weaponquality_name\">Stun Setting</a>\".'),(2660,'2014-07-25 00:12:08',1,32,'230','Sorosuub X-30 Lancer Precision Blast Pistol (Ranged [Light]; Damage 5; Critical 4; Range (Long); Accurate 1, Pierce 2, )',2,'Changed special. Added weapon quality entry \"<a href=\"/equipment/weaponqualities/1384/\" class=\"weaponquality_name\">Accurate</a> 1\". Added weapon quality entry \"<a href=\"/equipment/weaponqualities/1403/\" class=\"weaponquality_name\">Pierce</a> 2\".'),(2661,'2014-07-25 00:13:09',1,32,'213','XET Industries Model C \"Fiver\" Self-Defense Pistol (Ranged [Light]; Damage 5; Critical 4; Range (Short); Accurate 1, Limited Ammo 5, )',2,'Changed special. Added weapon quality entry \"<a href=\"/equipment/weaponqualities/1384/\" class=\"weaponquality_name\">Accurate</a> 1\". Added weapon quality entry \"<a href=\"/equipment/weaponqualities/1401/\" class=\"weaponquality_name\">Limited Ammo</a> 5\".'),(2662,'2014-07-25 00:14:00',1,32,'286','Cornet Arms Dueling Pistol (Ranged [Light]; Damage 9; Critical 2; Range (Short); Accurate 1, Limited Ammo 1, Pierce 1, )',2,'Changed special. Added weapon quality entry \"<a href=\"/equipment/weaponqualities/1384/\" class=\"weaponquality_name\">Accurate</a> 1\". Added weapon quality entry \"<a href=\"/equipment/weaponqualities/1401/\" class=\"weaponquality_name\">Limited Ammo</a> 1\". Added weapon quality entry \"<a href=\"/equipment/weaponqualities/1403/\" class=\"weaponquality_name\">Pierce</a> 1\".'),(2663,'2014-07-25 00:14:36',1,32,'1302','Blaster Sniper Rifle with scope (Ranged [Heavy]; Damage 10; Critical 3; Range (Extreme); Accurate 1, Cumbersome 3, Pierce 2, Slow-Firing 1, reduce dificulty of combat checks at long or extreme range b',2,'Changed special. Added weapon quality entry \"<a href=\"/equipment/weaponqualities/1384/\" class=\"weaponquality_name\">Accurate</a> 1\". Added weapon quality entry \"<a href=\"/equipment/weaponqualities/1391/\" class=\"weaponquality_name\">Cumbersome</a> 3\". Added weapon quality entry \"<a href=\"/equipment/weaponqualities/1403/\" class=\"weaponquality_name\">Pierce</a> 2\". Added weapon quality entry \"<a href=\"/equipment/weaponqualities/1405/\" class=\"weaponquality_name\">Slow-Firing</a> 1\".'),(2664,'2014-07-25 00:15:18',1,32,'229','Blastech E-11s Sniper Rifle (Ranged [Heavy]; Damage 10; Critical 3; Range (Extreme); Accurate 1, Cumbersome 3, Pierce 2, Slow-Firing 1, )',2,'Changed special. Added weapon quality entry \"<a href=\"/equipment/weaponqualities/1384/\" class=\"weaponquality_name\">Accurate</a> 1\". Added weapon quality entry \"<a href=\"/equipment/weaponqualities/1391/\" class=\"weaponquality_name\">Cumbersome</a> 3\". Added weapon quality entry \"<a href=\"/equipment/weaponqualities/1403/\" class=\"weaponquality_name\">Pierce</a> 2\". Added weapon quality entry \"<a href=\"/equipment/weaponqualities/1405/\" class=\"weaponquality_name\">Slow-Firing</a> 1\".'),(2665,'2014-07-25 00:15:38',1,32,'297','Coronet Arms Mark V \"Sand Panther\" Hunting Rifle (Ranged [Heavy]; Damage 7; Critical 5; Range (Long); Accurate 1, Cumbersome 2, )',2,'Changed special. Added weapon quality entry \"<a href=\"/equipment/weaponqualities/1384/\" class=\"weaponquality_name\">Accurate</a> 1\". Added weapon quality entry \"<a href=\"/equipment/weaponqualities/1391/\" class=\"weaponquality_name\">Cumbersome</a> 2\".'),(2666,'2014-07-25 00:15:44',1,32,'198','Blastech DL-7H Heavy Blaster Pistol (Ranged [Light]; Damage 8; Critical 3; Range (Medium))',2,'Changed special.'),(2667,'2014-07-25 00:15:50',1,32,'151','Claws (Brawl; Damage 2; Critical 4; Range (Engaged))',2,'Changed special.'),(2668,'2014-07-25 00:15:55',1,32,'1189','Claws (Brawl; Damage 1; Critical 3; Range (Engaged))',2,'Changed special.'),(2669,'2014-07-25 00:16:00',1,32,'180','Combat Knife (Melee; Damage 1; Critical 3; Range (Engaged))',2,'Changed special.'),(2670,'2014-07-25 00:16:04',1,32,'1349','Heavy Grasper Arm (Melee; Damage 1; Critical 5; Range (Engaged))',2,'Changed special.'),(2671,'2014-07-25 00:16:10',1,32,'1133','Knife (Melee; Damage 2; Critical 3; Range (Engaged))',2,'Changed special.'),(2672,'2014-07-25 00:16:15',1,32,'1365','Makeshift Knife (Melee; Damage 1; Critical 4; Range (Engaged))',2,'Changed special.'),(2673,'2014-07-25 00:16:20',1,32,'1361','Makeshift Spear (Melee; Damage 1; Critical 3; Range (Engaged))',2,'Changed special.'),(2674,'2014-07-25 00:16:24',1,32,'781','Molecular Stiletto (Melee; Damage 0; Critical 2; Range (Engaged))',2,'Changed special.'),(2675,'2014-07-25 00:16:30',1,32,'303','Mop (Melee; Damage 4; Critical 5; Range (Engaged))',2,'Changed special.'),(2676,'2014-07-25 00:16:34',1,32,'169','Slugthrower Pistol (Ranged [Light]; Damage 4; Critical 5; Range (Short))',2,'Changed special.'),(2677,'2014-08-14 17:01:43',1,23,'12','More stats coming',1,''),(2678,'2014-09-05 06:01:48',3,38,'1248','Praetor II-Class Star Battlecruiser',2,'Changed notes and image.'),(2679,'2014-09-05 06:03:34',3,38,'1249','Victory-Class Star Destroyer',2,'Changed notes and image.'),(2680,'2014-09-05 06:04:47',3,38,'1250','MC80 Liberty Type Star Cruiser',2,'Changed notes and image.'),(2681,'2014-09-05 06:07:18',3,38,'1247','Imperial I-Class Star Destroyer',2,'Changed notes and image.'),(2682,'2014-09-05 06:10:38',3,38,'1245','Vindicator-Class Heavy Cruiser',2,'Changed notes and image.'),(2683,'2014-09-05 06:13:38',3,38,'1246','Interdictor-Class Heavy Cruiser',2,'Changed notes and image.'),(2684,'2014-09-05 06:15:48',3,38,'1244','Dreadnought-Class Heavy Cruiser',2,'Changed notes and image.'),(2685,'2014-09-05 06:25:52',3,38,'1340','Temple-Class Heavy Freighter',2,'Changed notes and image.'),(2686,'2014-09-05 06:30:04',3,38,'1243','Lancer-Class Frigate',2,'Changed notes and image.'),(2687,'2014-09-05 06:31:53',3,38,'490','CR92A Assassin-Class Corvette',2,'Changed notes and image.'),(2688,'2014-09-05 06:33:14',3,38,'1241','Consular-Class Light Assault Cruiser',2,'Changed notes and image.'),(2689,'2014-09-05 06:41:29',3,38,'472','YG-4210 Light Freighter',2,'Changed notes and image.'),(2690,'2014-09-05 06:48:14',3,38,'1374','Kappa-Class Shuttle',2,'Changed notes and image.'),(2691,'2014-09-05 07:04:22',3,38,'1249','Victory-Class Star Destroyer',2,'Changed notes and image.'),(2692,'2014-09-09 11:19:37',1,25,'14','Far Horizons (EotE)',1,''),(2693,'2014-09-09 11:21:11',1,49,'1413','Bad Cop',1,''),(2694,'2014-09-09 11:21:29',1,49,'1414','Biggest Fan',1,''),(2695,'2014-09-09 11:21:45',1,49,'1415','Bought Info',1,''),(2696,'2014-09-09 11:22:06',1,49,'1416','Congenial',1,''),(2697,'2014-09-09 11:23:25',1,49,'1417','Coordination Dodge',1,''),(2698,'2014-09-09 11:23:43',1,49,'1418','Distracting Behavior',1,''),(2699,'2014-09-09 11:24:02',1,49,'1419','Distracting Behavior (Improved)',1,''),(2700,'2014-09-09 11:24:18',1,49,'1420','Deceptive Taunt',1,''),(2701,'2014-09-09 11:24:35',1,49,'1421','Greased Palms',1,''),(2702,'2014-09-09 11:24:47',1,49,'1422','Good Cop',1,''),(2703,'2014-09-09 11:25:12',1,49,'1423','Natural Athlete',1,''),(2704,'2014-09-09 11:25:27',1,49,'1424','Natural Merchant',1,''),(2705,'2014-09-09 11:25:56',1,49,'1425','Sound Investments',1,''),(2706,'2014-09-09 11:26:10',1,49,'1426','Throwing Credits',1,''),(2707,'2014-09-09 11:26:24',1,49,'1427','Unrelenting Skeptic',1,''),(2708,'2014-09-09 11:26:42',1,49,'1428','Unrelenting Skeptic (Improved)',1,''),(2709,'2014-09-09 11:28:04',1,32,'1429','12 Defender (Ranged [Light]; Damage 5; Critical 5; Range (Short); Inferior, Limited Ammo 2, )',1,''),(2710,'2014-09-09 11:29:00',1,32,'1430','Model Q4 Quickfire Holdout Blaster (Ranged [Light]; Damage 5; Critical 3; Range (Short); Stun Setting, )',1,''),(2711,'2014-09-09 11:30:03',1,32,'1431','SWE/2 Sonic Rifle (Ranged [Heavy]; Damage 8; Critical 6; Range (Long); Concussive 1, Slow-Firing 1, Stun Damage, )',1,''),(2712,'2014-09-09 11:31:12',1,32,'1432','R-88 Suppressor Riot Rifle (Ranged [Heavy]; Damage 8; Critical -; Range (Medium); Blast 5, Disorient 3, Stun Damage, )',1,''),(2713,'2014-09-09 11:32:30',1,32,'1433','Stokhli Spray Stick (Ranged [Heavy]; Damage 0; Critical -; Range (Long); Accurate 2, Ensnare 4, Slow-Firing 1, Stun 8, )',1,''),(2714,'2014-09-09 11:33:10',1,32,'1434','Tangle Gun 7 (Ranged [Heavy]; Damage 1; Critical 4; Range (Short); Ensnare 3, )',1,''),(2715,'2014-09-09 11:34:17',1,32,'1435','Backhand Shock Gloves (Brawl; Damage 1; Critical 3; Range (Engaged); Concussive 1, Stun Damage, Slow-Firing 1, )',1,''),(2716,'2014-09-09 11:35:37',1,32,'1436','Activv1 Riot Shield (Melee; Damage 0; Critical 6; Range (Engaged); Concussive 3, Defensive 2, Deflection 2, Disorient 1, )',1,''),(2717,'2014-09-09 11:36:44',1,32,'1437','Thunderbolt Shock Prod (Melee; Damage 5; Critical 3; Range (Engaged); Concussive 1, Stun Damage, )',1,''),(2718,'2014-09-09 11:37:46',1,32,'1438','MSW-9 Molecular Stiletto (Melee; Damage 0; Critical 2; Range (Engaged); Pierce 5, Vicious 1, )',1,''),(2719,'2014-09-09 11:38:29',1,32,'1439','Z2 Stun Baton (Melee; Damage 2; Critical 6; Range (Engaged); Disorient 2, Stun Damage, )',1,''),(2720,'2014-09-09 11:39:50',1,33,'1440','Creshaldyne Mk.IV Riot Armor (+1 soak; +1 defense)',1,''),(2721,'2014-09-09 11:42:59',1,33,'1441','Reinforced Environment Gear (+1 soak)',1,''),(2722,'2014-09-09 11:43:40',1,33,'1442','Kamperdine Custom Tailored Armored Jackets (+2 soak)',1,''),(2723,'2014-09-09 11:44:46',1,31,'1443','Chedak Communications X-500 Portable Holonet Relay',1,''),(2724,'2014-09-09 11:45:18',1,31,'1444','Herzfall Communications Collar-Amp',1,''),(2725,'2014-09-09 11:46:13',1,31,'1445','Biotech \"Bag and Tag\" Forensics Investigation Kit',1,''),(2726,'2014-09-09 11:46:38',1,31,'1446','MCI-100 Magnacuffs',1,''),(2727,'2014-09-09 11:47:32',1,31,'1447','Elysium Model 2 Atmospheric Processor',1,''),(2728,'2014-09-09 11:48:03',1,31,'1448','GX-8 Water Vaporator',1,''),(2729,'2014-09-09 11:48:38',1,31,'1449','Fasclean Atmospheric Reactive Damper',1,''),(2730,'2014-09-09 11:49:04',1,31,'1450','A99 Custom Biome Generator',1,''),(2731,'2014-09-09 11:50:05',1,31,'1451','Thunderhead Portable Entertainment System',1,''),(2732,'2014-09-09 11:51:38',1,31,'1452','Musical Instrument (Common)',1,''),(2733,'2014-09-09 11:52:29',1,31,'1453','Musical Instrument (High Quality)',1,''),(2734,'2014-09-09 11:53:20',1,31,'1454','Musical Instrument (Legendary)',1,''),(2735,'2014-09-09 11:53:59',1,31,'1455','MDD-12 \"Mercantiler\" Datapad',1,''),(2736,'2014-09-09 11:54:43',1,31,'1456','AC Law Enforcement Droid',1,''),(2737,'2014-09-09 11:55:15',1,31,'1457','DZ-70 Fugitive Tracked Droid',1,''),(2738,'2014-09-09 11:55:34',1,31,'1458','Medtech Mini-Med',1,''),(2739,'2014-09-09 11:56:19',1,31,'1459','Gyrowheel 1.42.08-Series Recycling Droid',1,''),(2740,'2014-09-09 11:56:50',1,31,'1460','SDMN Series Session Droid',1,''),(2741,'2014-09-09 11:59:13',1,31,'1461','Built-in comlink',1,''),(2742,'2014-09-09 12:00:17',1,45,'1462','AC Law Enforcement Droid',1,''),(2743,'2014-09-09 12:02:17',1,45,'1463','DZ-70 Fugitive Tracker Droid',1,''),(2744,'2014-09-09 12:05:01',1,54,'1464','Surgeon\'s Aid',1,''),(2745,'2014-09-09 12:05:18',1,45,'1465','Medtech Mini-Med',1,''),(2746,'2014-09-09 12:06:24',1,31,'1466','Cleaning devices',1,''),(2747,'2014-09-09 12:06:38',1,31,'1467','Grabber claws',1,''),(2748,'2014-09-09 12:06:58',1,45,'1468','Gyrowheel 1.42.08-Series Recycling Droid',1,''),(2749,'2014-09-09 12:08:57',1,54,'1469','Backup Entertainer',1,''),(2750,'2014-09-09 12:10:16',1,45,'1470','SDMN Series Session Droid',1,''),(2751,'2014-09-09 12:12:56',1,35,'1471','Mauler Tactical Responder',1,''),(2752,'2014-09-09 12:14:21',1,35,'1472','V-35 Courier Landspeeder',1,''),(2753,'2014-09-09 12:15:31',1,35,'1473','Superhaul Model II Cargo Skiff',1,''),(2754,'2014-09-09 12:16:56',1,35,'1474','Panther Police Interceptor',1,''),(2755,'2014-09-09 12:20:30',1,35,'1475','I-C2 Civil-Industrial Droid',1,''),(2756,'2014-09-09 12:20:58',1,42,'71','Droid Operated Vehicle',1,''),(2757,'2014-09-09 12:21:17',1,35,'1475','I-C2 Civil-Industrial Droid',2,'Changed category for equipment \"Equipment object\".'),(2758,'2014-09-09 12:23:04',1,35,'1476','All Terrain Riot Control Transport',1,''),(2759,'2014-09-09 12:25:10',1,35,'1477','Hunchback Construction Strider',1,''),(2760,'2014-09-09 12:30:19',1,38,'1478','YQ-400 Monitor-Class System Patrol Ship',1,''),(2761,'2014-09-09 12:31:09',1,42,'72','Droid Operated',1,''),(2762,'2014-09-09 12:31:29',1,38,'1478','YQ-400 Monitor-Class System Patrol Ship',2,'Changed category for equipment \"Equipment object\".'),(2763,'2014-09-09 12:33:13',1,38,'1479','Regulator-Class Patrol Vessel',1,''),(2764,'2014-09-09 12:35:11',1,38,'1480','HT-2200 Medium Freighter',1,''),(2765,'2014-09-09 12:36:24',1,38,'1481','HWK-290 Light Freighter',1,''),(2766,'2014-09-09 12:38:04',1,38,'1482','YT-1200 Light Freighter',1,''),(2767,'2014-09-09 12:39:36',1,38,'1483','YT-1760 Small Transport',1,''),(2768,'2014-09-09 12:41:28',1,38,'1484','Luxurious-class Yacht',1,''),(2769,'2014-09-09 12:42:59',1,38,'1485','Armos Modular Transport',1,''),(2770,'2014-09-09 12:45:00',1,38,'1486','Indulgent-Class Luxury Starliner',1,''),(2771,'2014-09-09 12:45:15',1,42,'73','Starliner',1,''),(2772,'2014-09-09 12:45:30',1,38,'1486','Indulgent-Class Luxury Starliner',2,'Changed category for equipment \"Equipment object\".'),(2773,'2014-09-09 12:57:42',1,25,'15','Onslaught at Arda I (AoR)',1,''),(2774,'2014-09-09 13:00:33',1,38,'434','Z-95-AF4 Headhunter',2,'Added index \"OaA:21\".'),(2775,'2014-09-09 13:03:10',1,35,'1487','Alliance T-47 Sandspeeder',1,''),(2776,'2014-09-09 14:44:50',1,35,'1234','All Terrain Scout Transport',2,'Added index \"OaA:43\".'),(2777,'2014-09-09 14:45:40',1,38,'431','TIE/LN Starfighter',2,'Added index \"OaA:43\".'),(2778,'2014-09-09 14:47:19',1,38,'1488','Tam Blackstar\'s TIE Hunter',1,''),(2779,'2014-09-09 14:47:38',1,38,'431','TIE/LN Starfighter',2,'Changed page for index \"OaA:44\".'),(2780,'2014-09-09 14:47:49',1,38,'495','TIE/IN Interceptor',2,'Added index \"OaA:43\".'),(2781,'2014-09-09 14:49:47',1,35,'1489','MSP100 Pteropter Hover Pod',1,''),(2782,'2014-09-09 14:51:30',1,38,'429','JM-5000 Jumpmaster Long Range Scout',2,'Added index \"OaA:71\".'),(2783,'2014-09-09 14:55:38',1,38,'1490','The Eternal Wrath',1,''),(2784,'2014-09-09 14:58:13',1,35,'1491','Ord Radama Landspeeder',1,''),(2785,'2014-09-09 14:58:41',1,35,'415','Zephyr-G Swoop',2,'Added index \"OaA:90\".'),(2786,'2014-09-09 14:59:12',1,35,'1234','All Terrain Scout Transport',2,'Added index \"OaA:93\".'),(2787,'2014-09-09 15:05:13',1,45,'1492','Senior Advisor Setenna Hase',1,''),(2788,'2014-09-09 15:07:33',1,45,'1493','General Ran Niall',1,''),(2789,'2014-09-09 15:10:05',1,45,'1494','Commander Danel Qurno',1,''),(2790,'2014-09-09 15:11:52',1,45,'1495','Captain Harl Bess',1,''),(2791,'2014-09-09 17:23:52',1,31,'1496','Cybernetic right arm, left eye, and right leg',1,''),(2792,'2014-09-09 17:50:39',1,45,'1497','Urel Haydon',1,''),(2793,'2014-09-10 03:58:49',3,38,'1478','YQ-400 Monitor-Class System Patrol Ship',2,'Changed notes and image.'),(2794,'2014-09-10 04:14:17',3,38,'1480','HT-2200 Medium Freighter',2,'Changed notes and image.'),(2795,'2014-09-10 04:15:39',3,38,'1481','HWK-290 Light Freighter',2,'Changed notes and image.'),(2796,'2014-09-10 04:17:11',3,38,'1482','YT-1200 Light Freighter',2,'Changed notes and image.'),(2797,'2014-09-10 04:28:24',3,38,'1483','YT-1760 Small Transport',2,'Changed notes and image.'),(2798,'2014-09-10 04:53:49',3,38,'462','YV-929 Light Freighter',2,'Changed notes and image.'),(2799,'2014-09-10 04:57:57',3,35,'393','Jawa Salvage Skiff',2,'Changed notes and image.'),(2800,'2014-09-10 05:01:51',3,35,'1233','All Terrain Armored Transport',2,'Changed notes and image.'),(2801,'2014-09-10 05:04:39',3,35,'397','Incom T-47 Airspeeder',2,'Changed notes and image.'),(2802,'2014-09-10 05:09:02',3,35,'395','Incom T-16 Skyhopper',2,'Changed notes and image.'),(2803,'2014-09-10 05:11:41',3,38,'449','EF76 Nebulon-B Escort Frigate',2,'Changed notes and image.'),(2804,'2014-09-16 19:06:14',1,45,'1498','Doctor Lorren Morrick',1,''),(2805,'2014-09-16 19:07:42',1,45,'1499','Major Yalor',1,''),(2806,'2014-09-16 19:09:01',1,45,'1500','Clik',1,''),(2807,'2014-09-16 19:11:18',1,54,'1501','Self-destruct',1,''),(2808,'2014-09-16 19:12:40',1,31,'1502','Built-in hyperspace transponder',1,''),(2809,'2014-09-16 19:13:10',1,45,'1503','Arda I Viper Probe Droid',1,''),(2810,'2014-09-16 19:14:07',1,32,'1504','Built-in laser canon (Gunnery; Damage 10; Critical 2; Range (Long); Breach 1, )',1,''),(2811,'2014-09-16 19:14:23',1,45,'1503','Arda I Viper Probe Droid',2,'Changed equipment.'),(2812,'2014-09-16 19:16:33',1,54,'1505','Sithspawn scales',1,''),(2813,'2014-09-16 19:16:44',1,55,'1506','Doran\'enok',1,''),(2814,'2014-09-16 19:17:40',1,57,'1507','Doran\'enok Claw attack',1,''),(2815,'2014-09-16 19:18:44',1,58,'1508','Doran\'enok',1,''),(2816,'2014-09-16 19:19:54',1,45,'1509','Imperial Vehicle Corps',1,''),(2817,'2014-09-16 19:20:53',1,45,'1300','Stormtrooper Specialty Corps: Sandtrooper',2,'Added index \"OaA:37*\".'),(2818,'2014-09-16 19:23:14',1,54,'1510','Balrekk\'s Butchery',1,''),(2819,'2014-09-16 19:28:44',1,45,'1511','Captain Balrekk',1,''),(2820,'2014-09-16 19:33:35',1,45,'1512','Imperial Sandtrooper Sergeant',1,''),(2821,'2014-09-16 19:35:07',1,45,'1513','Tam Blackstar',1,''),(2822,'2014-09-16 19:37:26',1,45,'1307','TIE Pilot',2,'No fields changed.'),(2823,'2014-09-16 19:38:27',1,45,'1514','Arda I TIE Pilot',1,''),(2824,'2014-09-17 14:35:48',1,55,'1515','Evarrian Hunter',1,''),(2825,'2014-09-17 14:37:05',1,57,'1516','Evarrian Hunter Spiked forelegs',1,''),(2826,'2014-09-17 14:37:59',1,58,'1517','Evarrian Hunter',1,''),(2827,'2014-09-17 14:39:08',1,55,'1518','Evarrian Queen',1,''),(2828,'2014-09-17 14:40:26',1,57,'1519','Evarrian Queen Bladed Forelegs',1,''),(2829,'2014-09-17 14:41:21',1,58,'1520','Evarrian Queen',1,''),(2830,'2014-09-17 14:41:52',1,55,'1521','Evarrian Larva',1,''),(2831,'2014-09-17 14:42:49',1,57,'1522','Evarrian Larva Claws',1,''),(2832,'2014-09-17 14:43:40',1,58,'1523','Evarrian Larva',1,''),(2833,'2014-09-17 14:44:37',1,55,'1524','Bog Spitter',1,''),(2834,'2014-09-17 14:45:10',1,55,'1525','Dream Shimmer',1,''),(2835,'2014-09-17 14:45:32',1,55,'1526','Azurdactyl',1,''),(2836,'2014-09-17 14:47:02',1,54,'1527','Blind',1,''),(2837,'2014-09-17 14:47:16',1,55,'1528','Tunneling Garrix',1,''),(2838,'2014-09-17 14:49:05',1,54,'1529','Force Hunter',1,''),(2839,'2014-09-17 14:49:51',1,54,'1530','Force Stalker',1,''),(2840,'2014-09-17 14:50:12',1,55,'1531','Jogomiri Swamp Stalker',1,''),(2841,'2014-09-17 14:50:44',1,57,'1532','Jogomiri Swamp Stalker Claws',1,''),(2842,'2014-09-17 14:51:23',1,57,'1533','Jogomiri Swamp Stalker Bite',1,''),(2843,'2014-09-17 14:53:52',1,57,'1534','Bog Spitter Poison spit',1,''),(2844,'2014-09-17 14:54:41',1,57,'1535','Bog Spitter Bite',1,''),(2845,'2014-09-17 14:57:07',1,57,'1536','Dream Shimmer Stinger',1,''),(2846,'2014-09-17 14:57:50',1,57,'1537','Azurdactyl Claws',1,''),(2847,'2014-09-17 14:58:33',1,57,'1538','Azurdactyl Dive bomb',1,''),(2848,'2014-09-17 14:59:23',1,57,'1539','Tunneling Garrix Sideways slam',1,''),(2849,'2014-09-17 14:59:59',1,57,'1540','Tunneling Garrix garrix smash',1,''),(2850,'2014-09-17 15:01:09',1,58,'1541','Jogomiri Swamp Stalker',1,''),(2851,'2014-09-17 15:02:08',1,58,'1542','Bog Spitter',1,''),(2852,'2014-09-17 15:02:57',1,58,'1543','Dream Shimmer',1,''),(2853,'2014-09-17 15:04:03',1,58,'1544','Azurdactyl',1,''),(2854,'2014-09-17 15:04:56',1,58,'1545','Tunneling Garrix',1,''),(2855,'2014-09-17 15:06:56',1,45,'1546','Dorrian Vodani',1,''),(2856,'2014-09-17 15:09:49',1,33,'1547','Hide armor (+1 soak)',1,''),(2857,'2014-09-17 15:09:57',1,45,'1548','Isshtharr',1,''),(2858,'2014-09-17 15:10:11',1,45,'1548','Isshtharr',2,'Changed equipment.'),(2859,'2014-09-17 15:10:54',1,45,'1548','Isshtharr',2,'Changed aka for index \"OaA:63*\".'),(2860,'2014-09-17 15:11:22',1,45,'1548','Isshtharr',2,'Changed aka for index \"OaA:63*\".'),(2861,'2014-09-17 17:49:32',1,32,'1549','Throwing Knives (Ranged [Light]; Damage 3; Critical 3; Range (Short); Limited Ammo 1, )',1,''),(2862,'2014-09-17 17:50:43',1,45,'1550','Lt. Masi Qual',1,''),(2863,'2014-09-17 17:52:35',1,45,'1551','Lt. Rik Torrence',1,''),(2864,'2014-09-17 17:53:01',1,45,'1550','Lt. Masi Qual',2,'Changed equipment.'),(2865,'2014-09-17 17:54:31',1,45,'1552','Urtuaa Haaot',1,''),(2866,'2014-09-17 17:56:00',1,45,'1553','VX-19',1,''),(2867,'2014-09-17 17:57:35',1,31,'1554','Wrist link with microtracker',1,''),(2868,'2014-09-17 17:57:56',1,33,'1555','Flak vest (+2 soak)',1,''),(2869,'2014-09-17 17:59:29',1,45,'1556','Var Narek',1,''),(2870,'2014-09-17 18:00:03',1,45,'1556','Var Narek',2,'Changed equipment.'),(2871,'2014-09-17 18:01:22',1,32,'1557','Built-in repeating blaster (Ranged [Light]; Damage 6; Critical 3; Range (Medium); Auto-Fire, )',1,''),(2872,'2014-09-17 18:01:59',1,45,'1558','Autoturret',1,''),(2873,'2014-09-17 18:02:13',1,45,'1558','Autoturret',2,'Changed equipment.'),(2874,'2014-09-17 18:03:52',1,45,'1559','Spaceport Official',1,''),(2875,'2014-09-17 18:05:20',1,45,'1560','Haril Zense',1,''),(2876,'2014-09-17 18:07:12',1,45,'1561','Ellor Orgraal',1,''),(2877,'2014-09-17 18:08:35',1,33,'1562','Security Uniform (+1 soak)',1,''),(2878,'2014-09-17 18:09:10',1,45,'1563','Ord Radama Security Officer',1,''),(2879,'2014-09-17 18:09:23',1,45,'1563','Ord Radama Security Officer',2,'Changed equipment.'),(2880,'2014-09-17 18:12:59',1,45,'1564','Malau Jocaos',1,''),(2881,'2014-09-17 18:14:16',1,54,'1565','Magnetic Sense',1,''),(2882,'2014-09-17 18:14:42',1,31,'1566','Goggles',1,''),(2883,'2014-09-17 18:15:03',1,31,'1567','Utility Kit',1,''),(2884,'2014-09-17 18:15:31',1,33,'1568','Work tabard (+1 soak)',1,''),(2885,'2014-09-17 18:15:52',1,31,'1569','Various tools',1,''),(2886,'2014-09-17 18:15:58',1,45,'1570','Devlikk',1,''),(2887,'2014-09-17 18:16:37',1,45,'1570','Devlikk',2,'Changed equipment. Added skill entry \"SkillEntry object\". Added skill entry \"SkillEntry object\". Added skill entry \"SkillEntry object\". Added index \"OaA:85\".'),(2888,'2014-09-17 18:18:16',1,32,'1571','Makeshift Weapons (Melee; Damage 2; Critical 4; Range (Engaged); Inferior, )',1,''),(2889,'2014-09-17 18:18:20',1,45,'1572','Barrows\' Thug',1,''),(2890,'2014-09-17 18:19:01',1,45,'1572','Barrows\' Thug',2,'Changed equipment. Added skill entry \"SkillEntry object\". Added skill entry \"SkillEntry object\". Added skill entry \"SkillEntry object\". Added index \"OaA:85\".'),(2891,'2014-09-17 18:20:05',1,31,'1573','Servant Apron',1,''),(2892,'2014-09-17 18:20:35',1,45,'1574','Narralla',1,''),(2893,'2014-09-17 18:21:11',1,45,'769','Imperial Stormtrooper',2,'Added index \"OaA:88\".'),(2894,'2014-09-17 18:22:10',1,45,'769','Imperial Stormtrooper',2,'Added index \"OaA:92\".'),(2895,'2014-09-17 18:23:47',1,45,'1575','Commander Treaska',1,''),(2896,'2014-09-17 18:29:46',1,25,'16','Rescue at Glare Peak (AoR)',1,''),(2897,'2014-09-17 18:31:00',1,48,'502','Athletics',2,'Added index \"RaGP:7\".'),(2898,'2014-09-17 18:31:08',1,48,'503','Brawl',2,'Added index \"RaGP:7\".'),(2899,'2014-09-17 18:31:18',1,48,'504','Charm',2,'Added index \"RaGP:7\".'),(2900,'2014-09-17 18:31:29',1,48,'505','Coercion',2,'Added index \"RaGP:7\".'),(2901,'2014-09-17 18:31:37',1,48,'506','Computers',2,'Added index \"RaGP:7\".'),(2902,'2014-09-17 18:31:50',1,48,'507','Cool',2,'Added index \"RaGP:7\".'),(2903,'2014-09-17 18:32:01',1,48,'508','Coordination',2,'Added index \"RaGP:7\".'),(2904,'2014-09-17 18:32:11',1,48,'511','Discipline',2,'Added index \"RaGP:7\".'),(2905,'2014-09-17 18:32:19',1,48,'511','Discipline',2,'Added index \"RaGP:7\".'),(2906,'2014-09-17 18:32:28',1,48,'514','Leadership',2,'Added index \"RaGP:7\".'),(2907,'2014-09-17 18:32:39',1,48,'516','Mechanics',2,'Added index \"RaGP:7\".'),(2908,'2014-09-17 18:32:51',1,48,'517','Medicine',2,'Added index \"RaGP:7\".'),(2909,'2014-09-17 18:33:03',1,48,'518','Melee',2,'Added index \"RaGP:7\".'),(2910,'2014-09-17 18:33:12',1,48,'519','Negotiation',2,'Added index \"RaGP:7\".'),(2911,'2014-09-17 18:33:27',1,48,'521','Perception',2,'Added index \"RaGP:8\".'),(2912,'2014-09-17 18:33:35',1,48,'524','Ranged [Heavy]',2,'Added index \"RaGP:8\".'),(2913,'2014-09-17 18:33:44',1,48,'525','Ranged [Light]',2,'Added index \"RaGP:8\".'),(2914,'2014-09-17 18:33:52',1,48,'526','Resilience',2,'Added index \"RaGP:8\".'),(2915,'2014-09-17 18:34:01',1,48,'527','Skullduggery',2,'Added index \"RaGP:8\".'),(2916,'2014-09-17 18:34:09',1,48,'528','Stealth',2,'Added index \"RaGP:8\".'),(2917,'2014-09-17 18:34:20',1,48,'529','Streetwise',2,'Added index \"RaGP:8\".'),(2918,'2014-09-17 18:34:33',1,48,'530','Survival',2,'Added index \"RaGP:8\".'),(2919,'2014-09-17 18:34:47',1,48,'532','Vigilance',2,'Added index \"RaGP:8\".'),(2920,'2014-09-17 18:36:23',1,45,'804','Maintenance Droid',2,'Added index \"RaGP:20*\".'),(2921,'2014-09-17 18:38:12',1,45,'1576','Viewpointe Residential Tower Security',1,''),(2922,'2014-09-17 18:40:23',1,32,'1577','Built-in auto-blaster (Ranged [Light]; Damage 5; Critical 4; Range (Short); Auto-Fire, )',1,''),(2923,'2014-09-17 18:40:27',1,45,'1578','Imperial Security Droid',1,''),(2924,'2014-09-17 18:41:12',1,45,'1578','Imperial Security Droid',2,'Changed equipment. Added skill entry \"SkillEntry object\". Added skill entry \"SkillEntry object\". Added skill entry \"SkillEntry object\". Added index \"RaGP:21\".'),(2925,'2014-09-17 18:42:17',1,31,'1579','Glare PEak guard badge',1,''),(2926,'2014-09-17 18:42:57',1,33,'1580','Glare Peak guard uniform (+1 soak)',1,''),(2927,'2014-09-17 18:43:05',1,45,'1581','Glare Peak Security Personnel',1,''),(2928,'2014-09-17 18:44:05',1,45,'1581','Glare Peak Security Personnel',2,'Changed equipment. Added talent entry \"<a href=\"/character/talent/596/\" class=\"talent_name\">Intimidating</a> 1\". Added skill entry \"SkillEntry object\". Added skill entry \"SkillEntry object\". Added skill entry \"SkillEntry object\". Added skill entry \"SkillEntry object\". Added index \"RaGP:22\".'),(2929,'2014-09-17 18:44:24',1,31,'1579','Glare Peak guard badge',2,'Changed name.'),(2930,'2014-09-17 18:45:24',1,45,'1306','Stormtrooper Specialty Corps: Snowtrooper',2,'Added index \"RaGP:25*\".'),(2931,'2014-09-17 18:46:47',1,31,'1582','ISB uniform',1,''),(2932,'2014-09-17 18:46:59',1,31,'1583','ISB ID',1,''),(2933,'2014-09-17 18:47:40',1,45,'1584','ISB Agent Ferlan',1,''),(2934,'2014-09-17 18:49:39',1,31,'1585','City government datapad (encrypted)',1,''),(2935,'2014-09-17 18:50:03',1,31,'1586','City government ID',1,''),(2936,'2014-09-17 18:50:18',1,31,'1587','Imperial ID',1,''),(2937,'2014-09-17 18:50:46',1,31,'1588','city-issued luxury airspeeder',1,''),(2938,'2014-09-17 18:51:35',1,45,'1589','Tol Pirilian',1,''),(2939,'2014-09-17 18:52:15',1,45,'807','Protocol Droid',2,'Added index \"RaGP:33*\".'),(2940,'2014-09-17 18:55:29',1,31,'1590','Detention center administrator\'s uniform',1,''),(2941,'2014-09-17 18:55:50',1,31,'1591','Code cylinder',1,''),(2942,'2014-09-17 18:57:17',1,45,'1592','Lina Naras',1,''),(2943,'2014-09-17 18:58:23',1,31,'1593','Detention center uniform',1,''),(2944,'2014-09-17 18:58:58',1,45,'1594','Detention Center Staff',1,''),(2945,'2014-09-17 19:00:37',1,33,'1595','Guard uniform and helmet (+1 soak)',1,''),(2946,'2014-09-17 19:00:44',1,45,'1596','Detention Center Guard',1,''),(2947,'2014-09-17 19:01:40',1,45,'1596','Detention Center Guard',2,'Changed equipment. Added skill entry \"SkillEntry object\". Added skill entry \"SkillEntry object\". Added skill entry \"SkillEntry object\". Added skill entry \"SkillEntry object\". Added skill entry \"SkillEntry object\". Added index \"RaGP:39\".'),(2948,'2014-09-17 19:03:56',1,45,'1597','Detention Center Officer',1,''),(2949,'2014-09-17 19:04:19',1,45,'769','Imperial Stormtrooper',2,'Added index \"RaGP:39\".'),(2950,'2014-09-17 19:04:43',1,45,'805','Medical Droid',2,'No fields changed.'),(2951,'2014-09-17 19:06:09',1,45,'1598','2-1B Medical Droid',1,''),(2952,'2014-09-17 19:07:04',1,31,'1599','Detention center prisoner uniform',1,''),(2953,'2014-09-17 19:07:55',1,45,'1600','Tracer',1,''),(2954,'2014-09-17 19:09:50',1,31,'1601','RMS ID',1,''),(2955,'2014-09-17 19:10:08',1,31,'1602','RMS executive coverall',1,''),(2956,'2014-09-17 19:11:19',1,45,'1603','Olom Roskom',1,''),(2957,'2014-09-17 19:15:45',1,23,'13','New books entered',1,''),(2958,'2014-09-17 20:43:12',1,54,'1505','Sithspawn scales',2,'Changed description.'),(2959,'2014-09-19 18:27:15',1,24,'3','Star Wars Roleplaying',1,''),(2960,'2014-09-19 18:28:15',1,25,'17','Scum and Villainy Adversary Deck (SWR)',1,''),(2961,'2014-09-19 18:28:16',1,25,'18','Scum and Villainy Adversary Deck (SWR)',1,''),(2962,'2014-09-19 18:28:44',1,25,'19','Imperials and Rebels Adversary Deck (SWR)',1,''),(2963,'2014-09-19 18:29:06',1,25,'20','Citizens of the Galaxy Adversary Deck (SWR)',1,''),(2964,'2014-09-19 18:29:22',1,25,'18','Scum and Villainy Adversary Deck (SWR)',3,''),(2965,'2014-09-19 18:34:55',1,45,'1307','TIE Pilot',2,'Added index \"IaRAD:17\".'),(2966,'2014-09-25 17:45:45',1,45,'759','Corporate Sector Authority Security Police',2,'Added index \"CotGAD:1\".'),(2967,'2014-09-25 17:45:59',1,45,'762','Corporate Sector Authority Security Captain',2,'Added index \"CotGAD:2\".'),(2968,'2014-09-25 17:46:14',1,45,'763','Corporate Sector Authority Viceprex',2,'Added index \"CotGAD:3\".'),(2969,'2014-09-25 17:46:48',1,45,'1319','Physician',2,'Added index \"CotGAD:4\".'),(2970,'2014-09-25 17:47:07',1,45,'1316','Shadowport Mechanic',2,'Added index \"CotGAD:5\".'),(2971,'2014-09-25 17:47:27',1,45,'881','Ugnaught Laborer',2,'Added index \"CotGAD:6\".'),(2972,'2014-09-25 17:47:54',1,45,'803','Astromech Droid',2,'Added index \"CotGAD:7\".'),(2973,'2014-09-25 17:48:16',1,45,'804','Maintenance Droid',2,'Added index \"CotGAD:8\".'),(2974,'2014-09-25 17:48:35',1,45,'805','Medical Droid',2,'Added index \"CotGAD:9\".'),(2975,'2014-09-25 17:48:55',1,45,'807','Protocol Droid',2,'Added index \"CotGAD:10\".'),(2976,'2014-09-25 17:49:25',1,45,'808','Security Droid',2,'Added index \"CotGAD:11\".'),(2977,'2014-09-25 17:49:55',1,45,'785','Wealthy Noble',2,'Added index \"CotGAD:12\".'),(2978,'2014-09-25 17:50:21',1,45,'791','Twi\'lek Dancer',2,'Added index \"CotGAD:13\".'),(2979,'2014-09-25 17:50:39',1,45,'750','Comm Operator',2,'Added index \"CotGAD:14\".'),(2980,'2014-09-25 17:51:11',1,45,'751','Customs Inspector',2,'Added index \"CotGAD:15\".'),(2981,'2014-09-25 17:51:46',1,45,'886','Lutrillian Merchant',2,'Added index \"CotGAD:16\".'),(2982,'2014-09-25 17:52:12',1,45,'1257','Diplomat',2,'Added index \"CotGAD:17\".'),(2983,'2014-09-25 17:52:35',1,45,'755','Spaceport Administrator',2,'Added index \"CotGAD:18\".'),(2984,'2014-09-25 17:53:00',1,45,'774','Planetary Governor',2,'Added index \"CotGAD:19\".'),(2985,'2014-09-25 17:54:29',1,45,'1321','Politician / Senator',2,'Added index \"CotGAD:20*\".'),(2986,'2014-09-25 17:56:42',1,45,'769','Imperial Stormtrooper',2,'Added index \"IaRAD:1\".'),(2987,'2014-09-25 17:56:57',1,45,'716','Imperial Stormtrooper Sergeant',2,'Added index \"IaRAD:2\".'),(2988,'2014-09-25 17:57:20',1,45,'1303','Stormtrooper Specialty Corps: Scout Trooper',2,'Added index \"IaRAD:3\".'),(2989,'2014-09-25 17:57:36',1,45,'1306','Stormtrooper Specialty Corps: Snowtrooper',2,'Added index \"IaRAD:4\".'),(2990,'2014-09-25 17:57:59',1,45,'1307','TIE Pilot',2,'Added index \"IaRAD:5\".'),(2991,'2014-09-25 17:58:35',1,45,'1307','TIE Pilot',2,'Changed book for index \"OaA:17\".'),(2992,'2014-09-25 18:00:07',1,45,'1307','TIE Pilot',2,'Deleted index \"OaA:17\".'),(2993,'2014-09-25 18:00:46',1,45,'1309','TIE Ace',2,'Added index \"IaRAD:6\".'),(2994,'2014-09-25 18:01:05',1,45,'684','Imperial Army Trooper',2,'Added index \"IaRAD:7\".'),(2995,'2014-09-25 18:01:18',1,45,'713','Imperial Army Officer',2,'Added index \"IaRAD:8\".'),(2996,'2014-09-25 18:01:30',1,45,'1284','Imperial Advisor',2,'Added index \"IaRAD:8\".'),(2997,'2014-09-25 18:01:47',1,45,'765','Imperial Intelligence Agent',2,'Added index \"IaRAD:10\".'),(2998,'2014-09-25 18:02:14',1,45,'764','Emperor\'s Hand',2,'Added index \"IaRAD:11\".'),(2999,'2014-09-25 18:02:31',1,45,'718','Imperial Moff',2,'Added index \"IaRAD:12\".'),(3000,'2014-09-25 18:02:51',1,45,'1252','Alliance Infantry',2,'Added index \"IaRAD:13\".'),(3001,'2014-09-25 18:03:11',1,45,'1259','Alliance Commander',2,'Added index \"IaRAD:14\".'),(3002,'2014-09-25 18:03:29',1,45,'782','Rebel Alliance Liaison',2,'Added index \"IaRAD:15\".'),(3003,'2014-09-25 18:03:53',1,45,'1255','Bothan Spy',2,'Added index \"IaRAD:16\".'),(3004,'2014-09-25 18:04:13',1,45,'1276','Starfighter Pilot',2,'Added index \"IaRAD:17\".'),(3005,'2014-09-25 18:04:30',1,45,'1275','Starfighter Ace',2,'Added index \"IaRAD:18\".'),(3006,'2014-09-25 18:04:52',1,45,'1274','Rebel Specforce Infiltrator',2,'Added index \"IaRAD:19\".'),(3007,'2014-09-25 18:05:17',1,45,'1270','Rebel Cell Leader',2,'Added index \"IaRAD:20\".'),(3008,'2014-09-25 18:06:02',1,45,'746','Street Tough',2,'Added index \"SaVAD:1\".'),(3009,'2014-09-25 18:06:19',1,45,'1315','Hired Thug',2,'Added index \"SaVAD:2\".'),(3010,'2014-09-25 18:06:57',1,45,'748','Swoop Ganger',2,'Added index \"SaVAD:3\".'),(3011,'2014-09-25 18:07:15',1,45,'1310','Black Marketeer',2,'Added index \"SaVAD:4\".'),(3012,'2014-09-25 18:07:56',1,45,'757','Apprentice Hunter',2,'Added index \"SaVAD:5*\".'),(3013,'2014-09-25 18:08:46',1,45,'719','Journeyman Bounty Hunter',2,'Changed name. Added index \"SaVAD:6\". Changed aka for index \"BGR:46\". Changed aka for index \"E-CRB:400*\".'),(3014,'2014-09-25 18:09:15',1,45,'758','Master Hunter',2,'Added index \"SaVAD:7*\".'),(3015,'2014-09-25 18:09:37',1,45,'745','Smuggler',2,'Added index \"SaVAD:8\".'),(3016,'2014-09-25 18:09:51',1,45,'744','Smuggler Baron',2,'Added index \"SaVAD:9\".'),(3017,'2014-09-25 18:10:11',1,45,'738','Pirate Crew',2,'Added index \"SaVAD:10\".'),(3018,'2014-09-25 18:10:26',1,45,'740','Pirate Captain',2,'Added index \"SaVAD:11\".'),(3019,'2014-09-25 18:10:42',1,45,'780','Corrupt Bureaucrat',2,'Added index \"SaVAD:12\".'),(3020,'2014-09-25 18:11:04',1,45,'741','Slaver',2,'Added index \"SaVAD:13\".'),(3021,'2014-09-25 18:11:22',1,45,'742','Shipjacker',2,'Added index \"SaVAD:14\".'),(3022,'2014-09-25 18:11:40',1,45,'743','Slicer',2,'Added index \"SaVAD:15\".'),(3023,'2014-09-25 18:12:02',1,45,'730','Arms Dealer',2,'Added index \"SaVAD:17\".'),(3024,'2014-09-25 18:12:22',1,45,'736','Infochant',2,'Added index \"SaVAD:17\".'),(3025,'2014-09-25 18:12:43',1,45,'802','Assassin Droid',2,'Added index \"SaVAD:18\".'),(3026,'2014-09-25 18:13:00',1,45,'776','Black Sun Vigo',2,'Added index \"SaVAD:19\".'),(3027,'2014-09-25 18:13:15',1,45,'779','Hutt Crime Lord',2,'Added index \"SaVAD:20\".'),(3028,'2014-09-25 18:14:27',1,45,'1284','Imperial Advisor',2,'Changed page for index \"IaRAD:9\".'),(3029,'2014-09-25 18:15:42',1,45,'730','Arms Dealer',2,'Changed page for index \"SaVAD:16\".'),(3030,'2014-10-31 17:07:13',1,32,'1436','Activv1 Riot Shield (Melee; Damage 0; Critical 6; Range (Engaged); Cumbersome 3, Defensive 2, Deflection 2, Disorient 1, )',2,'Changed quality for weapon quality entry \"<a href=\"/equipment/weaponqualities/1391/\" class=\"weaponquality_name\">Cumbersome</a> 3\".'),(3031,'2014-11-13 19:36:01',1,55,'1604','Droid',1,''),(3032,'2014-11-13 19:38:53',1,54,'1605','Gand Discipline',1,''),(3033,'2014-11-13 19:40:06',1,55,'1606','Gand',1,''),(3034,'2014-11-13 19:41:28',1,55,'1607','Human',1,''),(3035,'2014-11-13 19:42:53',1,55,'1608','Rodian',1,''),(3036,'2014-11-13 19:44:42',1,55,'1609','Trandoshan',1,''),(3037,'2014-11-13 19:46:29',1,55,'1610','Twi\'lek',1,''),(3038,'2014-11-13 19:47:52',1,55,'1611','Wookiee',1,''),(3039,'2014-11-13 19:48:37',1,55,'850','Bothan',2,'Added index \"A-CRB:51\".'),(3040,'2014-11-13 19:48:56',1,55,'1604','Droid',2,'Added index \"A-CRB:53\".'),(3041,'2014-11-13 19:50:08',1,55,'1612','Duro',1,''),(3042,'2014-11-13 19:51:33',1,55,'1613','Gran',1,''),(3043,'2014-11-13 19:51:53',1,55,'1607','Human',2,'Added index \"A-CRB:57\".'),(3044,'2014-11-13 19:54:00',1,55,'1614','Ithorian',1,''),(3045,'2014-11-13 19:55:05',1,55,'1615','Mon Calamari',1,''),(3046,'2014-11-13 19:55:58',1,55,'1616','Sullustan',1,''),(3047,'2014-11-13 20:00:43',1,55,'1617','Drall',1,''),(3048,'2014-11-13 20:02:06',1,55,'1618','Selonians',1,''),(3049,'2014-11-13 20:02:20',1,55,'1618','Selonian',2,'Changed name.'),(3050,'2014-11-13 20:03:33',1,55,'1619','Corellian Human',1,''),(3051,'2014-11-13 20:07:50',1,55,'1620','Aqualish',1,''),(3052,'2014-11-13 20:09:35',1,55,'1621','Klatooinian',1,''),(3053,'2014-11-13 20:11:10',1,55,'1622','Weequay',1,''),(3054,'2014-11-13 20:12:48',1,54,'1623','Infravision',1,''),(3055,'2014-11-13 20:12:58',1,55,'1624','Chiss',1,''),(3056,'2014-11-13 20:13:13',1,55,'1612','Duro',2,'Added index \"EtU:21\".'),(3057,'2014-11-13 20:14:02',1,55,'1625','Toydarian',1,''),(3058,'2014-11-13 20:15:34',1,54,'1626','Mood Reader',1,''),(3059,'2014-11-13 20:16:38',1,55,'1627','Arcona',1,''),(3060,'2014-11-13 20:18:09',1,55,'1628','Chevin',1,''),(3061,'2014-11-13 20:18:24',1,55,'1613','Gran',2,'Added index \"FH:22\".'),(3062,'2014-11-13 21:05:31',1,23,'14','We have Species',1,''),(3063,'2014-11-13 21:06:17',1,23,'14','We have Species',2,'Changed blog_entry.'),(3064,'2014-12-30 18:02:56',1,25,'21','Stay on Target (AoR)',1,''),(3065,'2014-12-30 18:08:41',1,55,'1629','Chadra-Fan',1,''),(3066,'2014-12-30 18:14:10',1,55,'1630','Dressellian',1,''),(3067,'2014-12-30 18:15:16',1,55,'1631','Xexto',1,''),(3068,'2014-12-30 18:16:40',1,49,'1632','Beast Wrangler',1,''),(3069,'2014-12-30 18:17:13',1,49,'1633','Bolstered Armor',1,''),(3070,'2014-12-30 18:17:35',1,49,'1634','Corellian Sendoff',1,''),(3071,'2014-12-30 18:18:12',1,49,'1635','Corellian Sendoff [Improved]',1,''),(3072,'2014-12-30 18:18:59',1,49,'1636','Customized Cooling Unit',1,''),(3073,'2014-12-30 18:19:15',1,49,'1637','Expert Handler',1,''),(3074,'2014-12-30 18:19:29',1,49,'1638','Fancy Paint Job',1,''),(3075,'2014-12-30 18:20:21',1,49,'1639','Fortified Vacuum Seal',1,''),(3076,'2014-12-30 18:20:48',1,49,'1640','High-G Training',1,''),(3077,'2014-12-30 18:21:10',1,49,'1641','Koiogran Turn',1,''),(3078,'2014-12-30 18:21:27',1,49,'1642','Larger Project',1,''),(3079,'2014-12-30 18:21:44',1,49,'1643','Not Today',1,''),(3080,'2014-12-30 18:22:00',1,49,'1644','Overstocked Ammo',1,''),(3081,'2014-12-30 18:22:53',1,49,'1645','Reinforced Frame',1,''),(3082,'2014-12-30 18:23:10',1,49,'1646','Second Chances',1,''),(3083,'2014-12-30 18:23:28',1,49,'1647','Showboat',1,''),(3084,'2014-12-30 18:24:03',1,49,'1648','Signature Vehicle',1,''),(3085,'2014-12-30 18:24:19',1,49,'1649','Soothing Tone',1,''),(3086,'2014-12-30 18:24:32',1,49,'1650','Spur',1,''),(3087,'2014-12-30 18:24:50',1,49,'1651','Spur [Improved]',1,''),(3088,'2014-12-30 18:25:02',1,49,'1652','Spur [Supreme]',1,''),(3089,'2014-12-30 18:25:24',1,49,'1653','Tuned Maneuvering Thrusters',1,''),(3090,'2014-12-30 18:27:45',1,32,'1654','DR-45 \"Dragoon\" Cavalry Blaster (Ranged [Light]; Damage 8; Critical 3; Range (Medium); Accurate 1, Stun Setting, )',1,''),(3091,'2014-12-30 18:28:58',1,32,'1655','E5 Blaster Carbine (Ranged [Heavy]; Damage 9; Critical 3; Range (Medium); Inaccurate 1, Stun Setting, )',1,''),(3092,'2014-12-30 18:30:12',1,32,'1656','HH-50 Heavy Blaster Pistol (Ranged [Light]; Damage 7; Critical 3; Range (Short); Linked 1, Stun Setting, Vicious 1, )',1,''),(3093,'2014-12-30 18:31:15',1,32,'1657','Longeing Whip (Melee; Damage 1; Critical 5; Range (Short); Ensnare 2, Stun Damage, )',1,''),(3094,'2014-12-30 18:33:21',1,32,'1658','Sorosuub \"Persuader\" Animal Shock Prod (Melee; Damage 2; Critical 4; Range (Engaged); Concussive 1, Slow-Firing 1, Stun Setting, )',1,''),(3095,'2014-12-30 18:39:45',1,33,'1659','A/KT Shockrider Crash Suit (+2 soak)',1,''),(3096,'2014-12-30 18:40:25',1,33,'1660','A/KT Wing Commander Armored Flight Suit (+1 soak; +1 defense)',1,''),(3097,'2014-12-30 18:41:45',1,33,'1661','Caballerin-Series Riding Tack ()',1,''),(3098,'2014-12-30 18:42:21',1,33,'1662','Capari-Series Padded Beast Armor (+2 soak)',1,''),(3099,'2014-12-30 18:43:09',1,33,'1663','Destri-Series Laminate Beast Armor (+4 soak)',1,''),(3100,'2014-12-30 18:43:47',1,33,'1664','H-Series Megafauna Carriage (+1 defense)',1,''),(3101,'2014-12-30 18:45:04',1,31,'1665','VX-38 Portable Large Animal Veterinary Kit',1,''),(3102,'2014-12-30 18:45:39',1,31,'1666','XV-09 Chemical Restraint Harness',1,''),(3103,'2014-12-30 18:46:59',1,31,'1667','Journeyman Tools Inc. Custom Tool Kit',1,''),(3104,'2014-12-30 18:47:49',1,31,'1668','Fabritech AG/L Mk.III Targeting Goggles',1,''),(3105,'2014-12-30 18:48:55',1,31,'1669','Chiles-Zraii Foreman-Series Owner\'s Workshop Manual',1,''),(3106,'2014-12-30 18:49:47',1,31,'1669','Chiles-Zraii Foreman-Series Owner\'s Workshop Manual',2,'Changed notes.'),(3107,'2014-12-30 18:50:32',1,31,'1670','R7-Series Astromech Droid',1,''),(3108,'2014-12-30 18:51:08',1,31,'1671','Q7-Series Astromech Droid',1,''),(3109,'2014-12-30 18:54:46',1,45,'1672','R7-Series Astromech Droid',1,''),(3110,'2014-12-30 18:56:23',1,45,'1673','Q7-Series Astromech Droid',1,''),(3111,'2014-12-30 18:59:51',1,35,'1674','All-Terrain Anti-Aircraft',1,''),(3112,'2014-12-30 19:02:49',1,35,'1675','AV-21 Landspeeder',1,''),(3113,'2014-12-30 19:05:02',1,35,'1676','1-L Imperial-Series Repulsor Tank',1,''),(3114,'2014-12-30 19:06:31',1,35,'1677','SU-40 High-Performance Airspeeder',1,''),(3115,'2014-12-30 19:09:48',1,35,'1678','Nebulon-Q Racing Swoop',1,''),(3116,'2014-12-30 19:12:01',1,36,'35','weapon systems operators',1,''),(3117,'2014-12-30 19:12:27',1,35,'1679','PTB-625 Heavy Bomber',1,''),(3118,'2014-12-30 19:14:50',1,38,'1680','E-7 E-Wing Multi-Role Starfighter',1,''),(3119,'2014-12-30 19:19:17',1,38,'1681','H-60 Tempest Heavy Bomber',1,''),(3120,'2015-01-02 16:13:53',1,38,'1682','BTS-A2 \"H-Wing\" Long-range Strike Starfighter',1,''),(3121,'2015-01-02 16:15:37',1,38,'1683','R-41 Starchaser',1,''),(3122,'2015-01-02 16:17:22',1,38,'1684','R-60 \"T-Wing\" Interceptor',1,''),(3123,'2015-01-02 16:19:05',1,38,'1685','Z-95-AF4-H \"Heavy-95\" Multi-role Starfighter',1,''),(3124,'2015-01-02 16:20:59',1,38,'1686','Alpha-3 Nimbus \"W-Wing\" Interceptor',1,''),(3125,'2015-01-02 16:22:46',1,38,'1687','TIE/AG \"Aggressor\" Starfighter',1,''),(3126,'2015-01-02 16:24:13',1,38,'1688','TIE/HU \"Hunter\" Multi-role Starfighter',1,''),(3127,'2015-01-02 16:25:32',1,38,'1689','TIE/IT Interdictor Starfighter',1,''),(3128,'2015-01-02 16:27:24',1,38,'1690','TIE/PH \"Phantom\" Multi-role Stealth Starfighter',1,''),(3129,'2015-01-02 17:36:28',1,38,'1691','Ton-Falk-class Escort Carrier',1,''),(3130,'2015-01-02 17:36:45',1,42,'74','Carrier',1,''),(3131,'2015-01-02 17:37:05',1,38,'1691','Ton-Falk-class Escort Carrier',2,'Changed category for equipment \"Equipment object\".'),(3132,'2015-01-02 17:40:06',1,38,'1692','Quasar Fire-class Escort Carrier',1,''),(3133,'2015-01-02 17:43:55',1,38,'1693','Secutor-class Battlecarrier',1,''),(3134,'2015-01-02 17:44:59',1,41,'1694','Astromech Droid Socket',1,''),(3135,'2015-01-02 17:45:41',1,41,'1695','Gravity Mine Launcher',1,''),(3136,'2015-01-02 17:46:13',1,41,'1696','Hardened Circuits',1,''),(3137,'2015-01-02 17:46:51',1,41,'1697','Hull/Keel Reinforcement',1,''),(3138,'2015-01-02 17:47:57',1,41,'1698','Physical Countermeasures',1,''),(3139,'2015-01-02 17:48:35',1,41,'1699','Ram Attachment',1,''),(3140,'2015-01-02 17:49:03',1,41,'1700','Slave Circuit',1,''),(3141,'2015-01-02 18:08:02',1,54,'1701','Creature of the Sea',1,''),(3142,'2015-01-02 18:08:14',1,55,'1702','Aiwha',1,''),(3143,'2015-01-02 18:12:41',1,54,'1703','Domesticable 1',1,''),(3144,'2015-01-02 18:13:20',1,54,'1704','Trained Mount 1',1,''),(3145,'2015-01-02 18:13:41',1,55,'1705','Bantha',1,''),(3146,'2015-01-02 18:14:38',1,57,'1706','Bantha Horns',1,''),(3147,'2015-01-02 18:14:45',1,58,'1707','Aiwha',1,''),(3148,'2015-01-02 18:15:26',1,58,'1708','Bantha',1,''),(3149,'2015-01-02 18:16:13',1,54,'1709','Beast of Burden 10',1,''),(3150,'2015-01-02 18:16:16',1,55,'1705','Bantha',2,'Changed abilities.'),(3151,'2015-01-02 18:17:54',1,54,'1710','Trained Mount 2',1,''),(3152,'2015-01-02 18:18:05',1,55,'1711','Cracian Thumper',1,''),(3153,'2015-01-02 18:18:34',1,57,'1712','Cracian Thumper Claws',1,''),(3154,'2015-01-02 18:19:01',1,57,'1713','Cracian Thumper Tail',1,''),(3155,'2015-01-02 18:19:55',1,58,'1714','Cracian Thumper',1,''),(3156,'2015-01-02 18:20:14',1,55,'1715','Dalgo',1,''),(3157,'2015-01-02 18:20:57',1,55,'1715','Dalgo',2,'Changed abilities. Added index \"SoT:84\".'),(3158,'2015-01-02 18:22:49',1,57,'1716','Dalgo Trampling hooves',1,''),(3159,'2015-01-02 18:23:44',1,58,'1717','Dalgo',1,''),(3160,'2015-01-02 18:25:04',1,54,'1718','Sand Walker',1,''),(3161,'2015-01-02 18:25:14',1,55,'1719','Dewback',1,''),(3162,'2015-01-02 18:25:40',1,57,'1720','Dewback Teeth',1,''),(3163,'2015-01-02 18:26:35',1,58,'1721','Dewback',1,''),(3164,'2015-01-02 18:28:27',1,54,'1722','Stubborn 1',1,''),(3165,'2015-01-02 18:29:31',1,54,'1723','Beast of Burden 5',1,''),(3166,'2015-01-02 18:29:41',1,55,'1724','Eopie',1,''),(3167,'2015-01-02 18:30:10',1,57,'1725','Eopie Trampling hooves',1,''),(3168,'2015-01-02 18:30:53',1,58,'1726','Eopie',1,''),(3169,'2015-01-02 18:31:45',1,54,'1727','Domesticable 2',1,''),(3170,'2015-01-02 18:32:12',1,55,'1728','Horse',1,''),(3171,'2015-01-02 18:32:42',1,57,'1729','Horse Trampling hooves',1,''),(3172,'2015-01-02 18:33:25',1,58,'1730','Horse',1,''),(3173,'2015-01-02 18:34:52',1,54,'1731','Silhoutte 4',1,''),(3174,'2015-01-02 18:35:27',1,54,'1732','Beast of Burden 20',1,''),(3175,'2015-01-02 18:35:57',1,54,'1733','Fearless',1,''),(3176,'2015-01-02 18:36:08',1,55,'1734','Fambaa',1,''),(3177,'2015-01-02 18:36:51',1,57,'1735','Fambaa Massive teeth',1,''),(3178,'2015-01-02 18:37:38',1,58,'1736','Fambaa',1,''),(3179,'2015-01-02 18:38:04',1,55,'1737','Kaadu',1,''),(3180,'2015-01-02 18:38:47',1,55,'1737','Kaadu',2,'Changed abilities. Added index \"SoT:86\".'),(3181,'2015-01-02 18:39:11',1,57,'1738','Kaadu Legs',1,''),(3182,'2015-01-02 18:39:46',1,58,'1739','Kaadu',1,''),(3183,'2015-01-02 18:40:55',1,55,'1740','Kybuck',1,''),(3184,'2015-01-02 18:41:25',1,57,'1741','Kybuck Horns',1,''),(3185,'2015-01-02 18:42:06',1,58,'1742','Kybuck',1,''),(3186,'2015-01-02 18:43:33',1,54,'1743','Suited to the Heat',1,''),(3187,'2015-01-02 18:43:52',1,55,'1744','Mustafarian Lava Flea',1,''),(3188,'2015-01-02 18:44:26',1,57,'1745','Mustafarian Lava Flea Proboscis',1,''),(3189,'2015-01-02 18:45:03',1,58,'1746','Mustafarian Lava Flea',1,''),(3190,'2015-01-02 18:46:08',1,54,'1747','Suited to the Cold',1,''),(3191,'2015-01-02 18:46:41',1,55,'1748','Narglatch',1,''),(3192,'2015-01-02 18:47:47',1,57,'1749','Narglatch Claws',1,''),(3193,'2015-01-02 18:48:35',1,58,'1750','Narglatch',1,''),(3194,'2015-01-02 18:55:33',1,55,'1053','Ronto',2,'Changed abilities.'),(3195,'2015-01-02 18:55:47',1,55,'1053','Ronto',2,'Added index \"SoT:87\".'),(3196,'2015-01-02 18:57:30',1,58,'1751','Ronto',1,''),(3197,'2015-01-02 19:05:19',1,55,'1752','Ruping',1,''),(3198,'2015-01-02 19:05:41',1,57,'1753','Ruping Claws',1,''),(3199,'2015-01-02 19:06:27',1,58,'1754','Ruping',1,''),(3200,'2015-01-02 19:08:41',1,55,'1755','Tauntaun',1,''),(3201,'2015-01-02 19:11:57',1,57,'1756','Tauntaun Horns',1,''),(3202,'2015-01-02 19:13:36',1,58,'1757','Tauntaun',1,''),(3203,'2015-01-02 19:36:46',1,54,'1731','Silhouette 4',2,'Changed name.'),(3204,'2015-01-02 19:37:40',1,54,'1758','Domesticated',1,''),(3205,'2015-01-02 19:38:24',1,54,'1759','Unstable 4',1,''),(3206,'2015-01-02 19:39:21',1,55,'1760','Thranta',1,''),(3207,'2015-01-02 19:40:29',1,57,'1761','Thranta Beak',1,''),(3208,'2015-01-02 19:41:08',1,58,'1762','Thranta',1,''),(3209,'2015-01-02 19:42:07',1,54,'1763','Glider',1,''),(3210,'2015-01-02 19:42:15',1,55,'1764','Varactyl',1,''),(3211,'2015-01-02 19:42:49',1,57,'1765','Varactyl Beak',1,''),(3212,'2015-01-02 19:43:32',1,58,'1766','Varactyl',1,''),(3213,'2015-02-16 20:53:33',1,25,'22','Lords of Nal Hutta (EotE)',1,''),(3214,'2015-02-17 02:00:03',3,32,'1767','Boonta Blaster (Ranged [Light]; Damage 6; Critical 3; Range (Short); Stun setting)',1,''),(3215,'2015-02-17 02:02:23',3,32,'1767','Boonta Blaster (Ranged [Light]; Damage 6; Critical 3; Range (Short); Stun Setting)',2,'Changed special.'),(3216,'2015-02-17 02:04:36',3,32,'1768','Greff-Timms ATA Pulse-Wave Blaster (Ranged [Light]; Damage 5; Critical 3; Range (Short); Vicious 3)',1,''),(3217,'2015-02-17 03:50:24',3,32,'1769','ACP Repeater Gun (Ranged [Heavy]; Damage 7; Critical 3; Range (Medium); Auto-fire, Stun setting)',1,''),(3218,'2015-02-17 03:52:10',3,32,'1770','Weequay Blaster Lance (Ranged [Heavy]; Damage 8; Critical 3; Range (Extreme); Accurate 1, Cumbersome 2)',1,''),(3219,'2015-02-17 03:53:44',3,32,'1771','SakTek D-29 Repulsor Rifle (Gunnery; Damage 8; Critical 4; Range (Medium); Disorient 3, Knockdown, Stun Damage)',1,''),(3220,'2015-02-17 04:00:06',3,32,'1772','Kelvarek Consolidated Arms KD-30 \"Dissuader\" Pistol (Ranged [Light]; Damage 4; Critical 5; Range (Short); Pierce 2, Vicious 1)',1,''),(3221,'2015-02-17 04:00:29',3,32,'1771','SakTek D-29 Repulsor Rifle (Gunnery; Damage 8; Critical 4; Range (Medium); Disorient 3, Knockdown, Stun Damage)',2,'Changed page for index \"LoNH:102\".'),(3222,'2015-02-17 04:05:31',3,32,'1773','Prax Arms Stealth-2VX Palm Shooter (Ranged [Light]; Damage 1; Critical 5; Range (Short); Limited Ammo 3)',1,''),(3223,'2015-02-17 04:07:02',3,32,'1774','Vodran Hunting Rifle (Ranged [Heavy]; Damage 7; Critical 4; Range (Long); Cumbersome 2)',1,''),(3224,'2015-02-17 04:08:39',3,32,'1774','Vodran Hunting Rifle (Ranged [Heavy]; Damage 7; Critical 4; Range (Long); Cumbersome 2)',2,'Changed encumbrance and hard_points.'),(3225,'2015-02-17 04:10:47',3,32,'1775','Tenloss L70 Acid Projector (Ranged [Heavy]; Damage 6; Critical 2; Range (Short); Blast 6, Burn 3, Vicious 1)',1,''),(3226,'2015-02-17 04:13:27',3,32,'1776','Poison Gas Grenade (Ranged [Light]; Damage 0; Critical -; Range (Short); Blast 2, Limited Ammo 1)',1,''),(3227,'2015-02-17 04:19:23',3,32,'1773','Prax Arms Stealth-2VX Palm Shooter (Ranged [Light]; Damage 1; Critical 5; Range (Short); Limited Ammo 3)',2,'Changed notes.'),(3228,'2015-02-17 04:21:49',3,32,'1777','Arg\'garok (Melee; Damage 5; Critical 3; Range (Engaged); Cumbersome 5, Inferior 1, Pierce 1, Sunder)',1,''),(3229,'2015-02-17 04:31:20',3,32,'1778','Beastmaster\'s Vibro-Glaive (Melee; Damage 2; Critical 2; Range (Engaged); Defensive 2, [Pierce] 3)',1,''),(3230,'2015-02-17 04:31:41',3,32,'1778','Beastmaster\'s Vibro-Glaive (Melee; Damage 2; Critical 2; Range (Engaged); Defensive 2, Pierce 3)',2,'Changed special.'),(3231,'2015-02-17 04:33:57',3,32,'1779','Morgukai Cortosis Staff (Melee; Damage 8; Critical 1; Range (Engaged); Breach 1, Cortosis, Defensive 1)',1,''),(3232,'2015-02-17 04:35:21',3,32,'1780','Neuronic Whip (Melee; Damage 1; Critical 4; Range (Short); Disorient 4, Ensnare 1, Stun Damage)',1,''),(3233,'2015-02-17 04:36:30',3,32,'1781','Tuskbeast Pike (Melee; Damage 4; Critical 3; Range (Engaged); Defensive 1, Knockdown)',1,''),(3234,'2015-02-17 04:41:14',3,33,'1782','Hutt Shell Armor (+2 soak; +2 defense)',1,''),(3235,'2015-02-17 04:42:29',3,33,'1783','Sakiyan Shadowsuit (+1 soak)',1,''),(3236,'2015-02-17 04:49:13',3,34,'1784','Poison Reservoir',1,''),(3237,'2015-02-17 04:50:37',3,34,'1785','Blaster Suppressor',1,''),(3238,'2015-02-17 04:51:41',3,34,'1786','Threat Monitor',1,''),(3239,'2015-02-17 04:54:51',3,31,'1787','Adrenal Implant',1,''),(3240,'2015-02-17 04:55:42',3,31,'1788','Cybernetic Reflexes',1,''),(3241,'2015-02-17 04:56:56',3,31,'1789','Cybernetic Respirator',1,''),(3242,'2015-02-17 04:57:40',3,31,'1790','Gank Comm Implant',1,''),(3243,'2015-02-17 04:58:32',3,31,'1791','Implanted Cyberjack',1,''),(3244,'2015-02-17 04:59:18',3,31,'1792','Neuromachine Interface',1,''),(3245,'2015-02-17 05:00:15',3,31,'1793','Q-22 Retinal Tracker',1,''),(3246,'2015-02-17 05:00:46',3,31,'1794','Repulsor Fist',1,''),(3247,'2015-02-20 01:29:30',1,55,'1795','Hutt',1,''),(3248,'2015-02-20 01:32:00',1,55,'1796','Gank',1,''),(3249,'2015-02-20 01:33:28',1,55,'1797','Nokto',1,''),(3250,'2015-02-20 01:34:38',1,55,'1798','Sakiyan',1,''),(3251,'2015-02-20 01:38:10',1,31,'1799','Marked Sabacc Deck',1,''),(3252,'2015-02-20 01:38:41',1,31,'1800','Loaded Chance Cubes',1,''),(3253,'2015-02-20 01:39:44',1,31,'1801','Thalassian Security Collar',1,''),(3254,'2015-02-20 01:41:43',1,31,'1802','Explosive Shackles',1,''),(3255,'2015-02-20 01:42:14',1,42,'75','Poison',1,''),(3256,'2015-02-20 01:42:52',1,31,'1803','Dendriton Toxin',1,''),(3257,'2015-02-20 01:43:13',1,31,'1804','Dioxis Gas',1,''),(3258,'2015-02-20 01:43:37',1,31,'1805','Raquor Venom',1,''),(3259,'2015-02-20 01:44:33',1,31,'1806','Nala Tree Frog',1,''),(3260,'2015-02-20 01:45:17',1,31,'1807','Marcan Herb (1 dose)',1,''),(3261,'2015-02-20 01:46:02',1,31,'1808','Marcan Herb (100 dose cargo container)',1,''),(3262,'2015-02-20 01:46:33',1,31,'1809','Ryll (1 dose)',1,''),(3263,'2015-02-20 01:47:10',1,31,'1810','Ryll (100 dose cargo container)',1,''),(3264,'2015-02-20 01:47:43',1,31,'1811','Gunjack Spice (1 dose)',1,''),(3265,'2015-02-20 01:48:30',1,31,'1812','Gunjack Spice (100 dose cargo container)',1,''),(3266,'2015-02-20 01:48:52',1,31,'1813','Neutron Pixie (1 dose)',1,''),(3267,'2015-02-20 01:49:29',1,31,'1814','Neutron Pixie (100 dose cargo container)',1,''),(3268,'2015-02-20 01:49:54',1,31,'1815','Ardos Disk',1,''),(3269,'2015-02-20 01:50:13',1,31,'1816','Credit Cleaner',1,''),(3270,'2015-02-20 01:52:05',1,31,'1818','Microdata P-2 Pocket Attache',1,''),(3271,'2015-02-20 02:09:22',1,35,'1819','Ubrikkian Industries Bantha-II Cargo Skiff',1,''),(3272,'2015-02-20 02:11:16',1,35,'1820','Ubrikkian Industries Luxury-Class Sail Barge',1,''),(3273,'2015-02-20 02:11:42',1,42,'76','Sail Barge',1,''),(3274,'2015-02-20 02:12:03',1,35,'1820','Ubrikkian Industries Luxury-Class Sail Barge',2,'Changed category for equipment \"Equipment object\".'),(3275,'2015-02-20 02:13:16',1,36,'36','Hutt',1,''),(3276,'2015-02-20 02:13:42',1,35,'1821','Hutt Repulsorsled',1,''),(3277,'2015-02-20 02:15:15',1,35,'1822','Ubrikkian Industries Pongeeta-class Swamp Speeder',1,''),(3278,'2015-02-20 12:44:54',1,3,'1','entry_editor',2,'Changed permissions.'),(3279,'2015-02-20 16:15:50',3,32,'1769','ACP Repeater Gun (Ranged [Heavy]; Damage 7; Critical 3; Range (Medium); Auto-Fire, Stun Setting, )',2,'Changed special. Added weapon quality entry \"<a href=\"/equipment/weaponqualities/1385/\" class=\"weaponquality_name\">Auto-Fire</a>\". Added weapon quality entry \"<a href=\"/equipment/weaponqualities/1412/\" class=\"weaponquality_name\">Stun Setting</a>\".'),(3280,'2015-02-20 16:18:05',3,32,'1777','Arg\'garok (Melee; Damage 5; Critical 3; Range (Engaged); Cumbersome 5, Inaccurate 1, Pierce 1, Sunder, )',2,'Changed special. Added weapon quality entry \"<a href=\"/equipment/weaponqualities/1391/\" class=\"weaponquality_name\">Cumbersome</a> 5\". Added weapon quality entry \"<a href=\"/equipment/weaponqualities/1398/\" class=\"weaponquality_name\">Inaccurate</a> 1\". Added weapon quality entry \"<a href=\"/equipment/weaponqualities/1403/\" class=\"weaponquality_name\">Pierce</a> 1\". Added weapon quality entry \"<a href=\"/equipment/weaponqualities/1408/\" class=\"weaponquality_name\">Sunder</a>\".'),(3281,'2015-02-20 16:25:28',3,32,'1778','Beastmaster\'s Vibro-Glaive (Melee; Damage 2; Critical 2; Range (Engaged); Defensive 2, Pierce 3, )',2,'Changed special. Added weapon quality entry \"<a href=\"/equipment/weaponqualities/1392/\" class=\"weaponquality_name\">Defensive</a> 2\". Added weapon quality entry \"<a href=\"/equipment/weaponqualities/1403/\" class=\"weaponquality_name\">Pierce</a> 3\".'),(3282,'2015-02-20 16:27:05',3,32,'1767','Boonta Blaster (Ranged [Light]; Damage 6; Critical 3; Range (Short); Stun Setting, )',2,'Changed special and notes. Added weapon quality entry \"<a href=\"/equipment/weaponqualities/1412/\" class=\"weaponquality_name\">Stun Setting</a>\".'),(3283,'2015-02-20 16:27:47',3,32,'1768','Greff-Timms ATA Pulse-Wave Blaster (Ranged [Light]; Damage 5; Critical 3; Range (Short); Vicious 3, )',2,'Changed special. Added weapon quality entry \"<a href=\"/equipment/weaponqualities/1411/\" class=\"weaponquality_name\">Vicious</a> 3\".'),(3284,'2015-02-20 16:30:04',3,32,'1772','Kelvarek Consolidated Arms KD-30 \"Dissuader\" Pistol (Ranged [Light]; Damage 4; Critical 5; Range (Short); Pierce 2, Vicious 1, )',2,'Changed special. Added weapon quality entry \"<a href=\"/equipment/weaponqualities/1403/\" class=\"weaponquality_name\">Pierce</a> 2\". Added weapon quality entry \"<a href=\"/equipment/weaponqualities/1411/\" class=\"weaponquality_name\">Vicious</a> 1\".'),(3285,'2015-02-20 16:31:31',3,32,'1779','Morgukai Cortosis Staff (Melee; Damage 8; Critical 1; Range (Engaged); Breach 1, Cortosis, Defensive 1, )',2,'Changed special. Added weapon quality entry \"<a href=\"/equipment/weaponqualities/1386/\" class=\"weaponquality_name\">Breach</a> 1\". Added weapon quality entry \"<a href=\"/equipment/weaponqualities/1390/\" class=\"weaponquality_name\">Cortosis</a>\". Added weapon quality entry \"<a href=\"/equipment/weaponqualities/1392/\" class=\"weaponquality_name\">Defensive</a> 1\".'),(3286,'2015-02-20 16:34:16',3,32,'1780','Neuronic Whip (Melee; Damage 1; Critical 4; Range (Short); Disorient 4, Ensnare 1, Stun Damage, )',2,'Changed special. Added weapon quality entry \"<a href=\"/equipment/weaponqualities/1394/\" class=\"weaponquality_name\">Disorient</a> 4\". Added weapon quality entry \"<a href=\"/equipment/weaponqualities/1395/\" class=\"weaponquality_name\">Ensnare</a> 1\". Added weapon quality entry \"<a href=\"/equipment/weaponqualities/1407/\" class=\"weaponquality_name\">Stun Damage</a>\".'),(3287,'2015-02-20 16:34:43',3,32,'1776','Poison Gas Grenade (Ranged [Light]; Damage 0; Critical -; Range (Short); Blast 2, Limited Ammo 1, Blast 2, Limited Ammo 1)',2,'Added weapon quality entry \"<a href=\"/equipment/weaponqualities/1388/\" class=\"weaponquality_name\">Blast</a> 2\". Added weapon quality entry \"<a href=\"/equipment/weaponqualities/1401/\" class=\"weaponquality_name\">Limited Ammo</a> 1\".'),(3288,'2015-02-20 16:35:01',3,32,'1773','Prax Arms Stealth-2VX Palm Shooter (Ranged [Light]; Damage 1; Critical 5; Range (Short); Limited Ammo 3, )',2,'Changed special. Added weapon quality entry \"<a href=\"/equipment/weaponqualities/1401/\" class=\"weaponquality_name\">Limited Ammo</a> 3\".'),(3289,'2015-02-20 16:35:35',3,32,'1771','SakTek D-29 Repulsor Rifle (Gunnery; Damage 8; Critical 4; Range (Medium); Disorient 3, Knockdown, Stun Damage, )',2,'Changed special. Added weapon quality entry \"<a href=\"/equipment/weaponqualities/1394/\" class=\"weaponquality_name\">Disorient</a> 3\". Added weapon quality entry \"<a href=\"/equipment/weaponqualities/1397/\" class=\"weaponquality_name\">Knockdown</a>\". Added weapon quality entry \"<a href=\"/equipment/weaponqualities/1407/\" class=\"weaponquality_name\">Stun Damage</a>\".'),(3290,'2015-02-20 16:36:08',3,32,'1775','Tenloss L70 Acid Projector (Ranged [Heavy]; Damage 6; Critical 2; Range (Short); Blast 6, Burn 3, Vicious 1, )',2,'Changed special. Added weapon quality entry \"<a href=\"/equipment/weaponqualities/1388/\" class=\"weaponquality_name\">Blast</a> 6\". Added weapon quality entry \"<a href=\"/equipment/weaponqualities/1387/\" class=\"weaponquality_name\">Burn</a> 3\". Added weapon quality entry \"<a href=\"/equipment/weaponqualities/1411/\" class=\"weaponquality_name\">Vicious</a> 1\".'),(3291,'2015-02-20 16:36:31',3,32,'1781','Tuskbeast Pike (Melee; Damage 4; Critical 3; Range (Engaged); Defensive 1, Knockdown, )',2,'Changed special. Added weapon quality entry \"<a href=\"/equipment/weaponqualities/1392/\" class=\"weaponquality_name\">Defensive</a> 1\". Added weapon quality entry \"<a href=\"/equipment/weaponqualities/1397/\" class=\"weaponquality_name\">Knockdown</a>\".'),(3292,'2015-02-20 16:36:57',3,32,'852','Two modified quick draw blaster pistols (Ranged [Light]; Damage 6; Critical 3; Range (Medium); Stun Setting, may be drawn as an Incidental)',2,'Changed special.'),(3293,'2015-02-20 16:37:13',3,32,'1774','Vodran Hunting Rifle (Ranged [Heavy]; Damage 7; Critical 4; Range (Long); Cumbersome 2, )',2,'Changed special. Added weapon quality entry \"<a href=\"/equipment/weaponqualities/1391/\" class=\"weaponquality_name\">Cumbersome</a> 2\".'),(3294,'2015-02-20 16:37:38',3,32,'1770','Weequay Blaster Lance (Ranged [Heavy]; Damage 8; Critical 3; Range (Extreme); Accurate 1, Cumbersome 2, )',2,'Changed special. Added weapon quality entry \"<a href=\"/equipment/weaponqualities/1384/\" class=\"weaponquality_name\">Accurate</a> 1\". Added weapon quality entry \"<a href=\"/equipment/weaponqualities/1391/\" class=\"weaponquality_name\">Cumbersome</a> 2\".'),(3295,'2015-02-20 16:39:21',3,32,'235','Merr-Sonn Munitions G-20 Glop Grenade (Ranged [Light]; Damage 0; Critical -; Range (Short); Ensnare 3, Blast -)',2,'No fields changed.'),(3296,'2015-02-20 16:39:42',3,32,'1776','Poison Gas Grenade (Ranged [Light]; Damage 0; Critical -; Range (Short); Blast 2, Limited Ammo 1, )',2,'Changed special.'),(3297,'2015-02-20 18:11:55',1,38,'1823','MandalMotors M3-A Scyk Interceptor',1,''),(3298,'2015-02-20 18:13:38',1,38,'1824','MandalMotors M22-T Krayt Gunship',1,''),(3299,'2015-02-20 18:17:05',1,38,'1825','HH-87 Starhopper Starfighter',1,''),(3300,'2015-02-20 18:36:32',1,36,'37','Servant',1,''),(3301,'2015-02-20 18:37:07',1,38,'1826','Ubrikkian Industries Seltiss-2 Caravel',1,''),(3302,'2015-02-20 18:39:20',1,38,'1827','Y164 Slave Transport',1,''),(3303,'2015-02-20 23:45:06',3,32,'1779','Morgukai Cortosis Staff (Melee; Damage 8; Critical 1; Range (Engaged); Breach 1, Cortosis, Defensive 1, )',2,'Changed weapon_skill.'),(3304,'2015-02-21 03:10:12',1,25,'23','Fly Casual (EotE)',1,''),(3305,'2015-02-24 03:48:01',3,38,'1823','MandalMotors M3-A Scyk Interceptor',2,'Changed vehicle_model.'),(3306,'2015-02-24 04:03:23',3,38,'1828','Suwantek TL-1200 Transport',1,''),(3307,'2015-02-24 04:10:17',3,38,'1829','Ubrikkian Industries Modified Minstrel-Class Space Yacht',1,''),(3308,'2015-02-24 04:14:47',3,36,'38','officers, pilots, and crew',1,''),(3309,'2015-02-24 04:15:39',3,38,'1830','Ubrikkian Industries Kossak-Class Frigate',1,''),(3310,'2015-02-24 04:17:36',3,38,'1830','Ubrikkian Industries Kossak-Class Frigate',2,'Changed notes.'),(3311,'2015-02-24 04:59:39',3,38,'1831','HWK-1000 Light Freighter',1,''),(3312,'2015-02-24 05:03:42',3,38,'1832','YT-2000 Light Freighter',1,''),(3313,'2015-02-26 04:37:31',3,38,'1833','Delta-6 System Defense Starfighter',1,''),(3314,'2015-02-26 05:27:50',3,38,'1833','Delta-6 System Defense Starfighter',2,'Changed notes.'),(3315,'2015-03-03 04:00:09',3,38,'1834','Alpha-class XG-1 \"Star Wing\" Assault Gunboat',1,''),(3316,'2015-03-03 04:12:05',3,36,'39','customs inspector/captain',1,''),(3317,'2015-03-03 04:14:09',3,36,'40','customs agents/staff',1,''),(3318,'2015-03-03 04:15:19',3,38,'1835','Imperial Customs Frigate',1,''),(3319,'2015-03-03 04:16:23',3,38,'1835','Imperial Customs Frigate',2,'Changed encumbrance and notes.'),(3320,'2015-03-03 04:17:33',3,38,'1835','Imperial Customs Frigate',2,'Changed hull_trauma and system_strain.'),(3321,'2015-03-03 04:21:36',3,36,'41','pilot/commander',1,''),(3322,'2015-03-03 04:23:16',3,38,'1836','VT-49 Decimator',1,''),(3323,'2015-03-04 04:00:18',3,38,'1837','CEC WUD-500 Star Yacht',1,''),(3324,'2015-03-04 04:05:09',3,38,'1838','Starlight-class Light Freighter',1,''),(3325,'2015-03-04 04:08:54',3,38,'1839','YKL-37R Nova Courier',1,''),(3326,'2015-03-04 04:12:20',3,36,'42','steward/cargo hand',1,''),(3327,'2015-03-04 04:13:10',3,38,'1840','GX1 Short Hauler',1,''),(3328,'2015-03-04 04:16:43',3,38,'1841','Baudo-class Star Yacht',1,''),(3329,'2015-03-04 04:20:00',3,36,'43','gunner/crew',1,''),(3330,'2015-03-04 04:20:47',3,38,'1842','Mobquet Medium Transport',1,''),(3331,'2015-03-04 04:24:13',3,38,'1242','Gozanti-Class Armed Transport',2,'Added index \"FC:58\".'),(3332,'2015-03-04 04:27:44',3,38,'1843','CorelliSpace Gymsnor-3 Light Freighter',1,''),(3333,'2015-03-04 04:37:07',3,38,'1844','CorelliSpace Gymsnor-4 Light Freighter',1,''),(3334,'2015-03-04 04:37:45',3,38,'1844','CorelliSpace Gymsnor-4 Light Freighter',2,'Changed notes.'),(3335,'2015-03-04 04:40:15',3,38,'1246','Interdictor-Class Heavy Cruiser',2,'Changed vehicle_model and notes. Added index \"FC:60\".'),(3336,'2015-03-04 04:45:17',3,38,'1845','Golan I Space Defense Platform',1,''),(3337,'2015-03-04 04:49:24',3,38,'1845','Golan I Space Defense Platform',2,'Changed notes.'),(3338,'2015-03-04 04:55:44',3,38,'1235','RZ-1 \"A-Wing\" Light Interceptor',2,'Changed notes and image.'),(3339,'2015-03-04 13:24:17',1,42,'77','Assault Starfighter',1,''),(3340,'2015-03-04 13:24:35',1,42,'78','Assault Ship',1,''),(3341,'2015-03-04 13:25:03',1,42,'79','Space Defense Platform',1,''),(3342,'2015-03-05 01:34:03',3,38,'1834','Alpha-class XG-1 \"Star Wing\" Assault Gunboat',2,'Changed category for equipment \"Equipment object\".'),(3343,'2015-03-05 01:34:51',3,38,'1836','VT-49 Decimator',2,'Changed category for equipment \"Equipment object\".'),(3344,'2015-03-05 01:35:22',3,38,'1845','Golan I Space Defense Platform',2,'Changed category for equipment \"Equipment object\".'),(3345,'2015-03-05 05:08:59',3,38,'1684','R60 \"T-Wing\" Interceptor',2,'Changed name, notes and image.'),(3346,'2015-03-05 05:14:48',3,38,'1823','MandalMotors M3-A Scyk Interceptor',2,'Changed notes and image.'),(3347,'2015-03-05 05:18:01',3,38,'1680','E-7 E-Wing Multi-Role Starfighter',2,'Changed notes and image.'),(3348,'2015-03-05 05:20:01',3,38,'479','CL-1c Lancet Interceptor',2,'Changed name.'),(3349,'2015-03-05 05:35:20',3,38,'1824','MandalMotors M22-T Krayt Gunship',2,'Changed notes and image.'),(3350,'2015-03-05 05:41:01',3,38,'1686','Alpha-3 Nimbus \"V-Wing\" Interceptor',2,'Changed name, notes and image.'),(3351,'2015-03-05 05:47:50',3,38,'1829','Ubrikkian Industries Modified Minstrel-Class Space Yacht',2,'Changed notes and image.'),(3352,'2015-03-05 05:50:02',3,38,'1841','Baudo-class Star Yacht',2,'Changed notes.'),(3353,'2015-03-05 05:50:52',3,38,'1841','Baudo-class Star Yacht',2,'Changed image.'),(3354,'2015-05-30 12:14:11',1,4,'4','themench',1,''),(3355,'2015-05-30 12:14:45',1,4,'4','themench',2,'Changed is_staff and groups.'),(3356,'2015-06-01 17:02:29',1,4,'4','themensch',2,'Changed username.'),(3357,'2015-06-28 21:10:03',1,54,'1846','Beguiling Pheromones',1,''),(3358,'2015-06-28 21:10:36',1,55,'1847','Falleen',1,''),(3359,'2015-06-28 21:13:01',1,54,'1848','Energy Sensitivty',1,''),(3360,'2015-06-28 21:13:42',1,55,'1849','Gotal',1,''),(3361,'2015-06-28 21:14:00',1,55,'1847','Falleen',2,'Changed player_race and notes.'),(3362,'2015-06-28 21:18:00',1,54,'1850','Ink Spray',1,''),(3363,'2015-06-28 21:18:43',1,55,'1851','Quarren',1,''),(3364,'2015-06-28 21:19:35',1,49,'1852','Call \'em',1,''),(3365,'2015-06-28 21:19:52',1,49,'1853','Clever Solution',1,''),(3366,'2015-06-28 21:20:11',1,49,'1854','Congenial',1,''),(3367,'2015-06-28 21:20:32',1,49,'1855','Disarming Smile',1,''),(3368,'2015-06-28 21:20:49',1,49,'1856','Don\'t Shoot',1,''),(3369,'2015-06-28 21:21:05',1,49,'1857','Double or Nothing',1,''),(3370,'2015-06-28 21:21:30',1,49,'1858','Double or Nothing (Improved)',1,''),(3371,'2015-06-28 21:21:52',1,49,'1859','Double or Nothing (Supreme)',1,''),(3372,'2015-06-28 21:26:24',1,49,'1860','Fortune Favors the Bold',1,''),(3373,'2015-06-28 21:26:47',1,49,'1861','Guns Blazing',1,''),(3374,'2015-06-28 21:27:10',1,49,'1862','Just Kidding!',1,''),(3375,'2015-06-28 21:27:34',1,49,'1863','Quick Draw (Improved)',1,''),(3376,'2015-06-28 21:27:52',1,49,'1864','Second Chances',1,''),(3377,'2015-06-28 21:28:16',1,49,'1865','Sorry About the Mess',1,''),(3378,'2015-06-28 21:28:29',1,49,'1866','Spitfire',1,''),(3379,'2015-06-28 21:28:44',1,49,'1867','Up the Ante',1,''),(3380,'2015-06-28 21:28:59',1,49,'1868','Works Like a Charm',1,''),(3381,'2015-06-28 21:31:04',1,32,'1869','Czerka Arms A95 Stingbeam (Ranged [Light]; Damage 5; Critical 3; Range (Engaged); Stun Setting, Vicious 1, )',1,''),(3382,'2015-06-28 21:32:17',1,32,'1870','Czerka Arms 411 Holdout Blaster (Ranged [Light]; Damage 4; Critical 4; Range (Medium); Stun Setting, )',1,''),(3383,'2015-06-28 21:33:08',1,32,'1871','Liquidsilver L7 Light Blaster Pistol (Ranged [Light]; Damage 6; Critical 3; Range (Medium); Stun Setting, )',1,''),(3384,'2015-06-28 21:34:05',1,32,'1872','Mer-sonn Model 53 \"Quicktrigger\" Blaster Pistol (Ranged [Light]; Damage 6; Critical 3; Range (Medium); Stun Setting, )',1,''),(3385,'2015-06-28 21:36:19',1,32,'1873','Raider Arms Model-1 \"Nove Viper\" Blaster Pistol (Ranged [Light]; Damage 7; Critical 3; Range (Medium); Accurate 2, Pierce 2, Stun Setting, )',1,''),(3386,'2015-06-28 21:37:43',1,32,'1874','Czerka Arms C-10 \"Dragoneye Reaper\" Heavy Blaster Pistol (Ranged [Light]; Damage 8; Critical 3; Range (Medium); Stun Setting, )',1,''),(3387,'2015-06-28 21:38:52',1,32,'1875','Herloss HBt-4 Hunting Blaster (Ranged [Heavy]; Damage 10; Critical 3; Range (Medium); Cumbersome 2, Stun Setting, )',1,''),(3388,'2015-06-28 21:40:01',1,32,'1876','Corondexx VES-700 Pulse Rifle (Ranged [Heavy]; Damage 8; Critical 3; Range (Medium); Blast 6, Stun Setting, )',1,''),(3389,'2015-06-28 21:40:56',1,32,'1877','Felebreck Droid Disabler (Ranged [Light]; Damage 12; Critical 3; Range (Short); Concussive 1, Ion, Limited Ammo 3, )',1,''),(3390,'2015-06-28 21:41:56',1,32,'1878','FWG-5 Flechette Pistol (Ranged [Light]; Damage 6; Critical 3; Range (Short); Guided 3, Limited Ammo 3, )',1,''),(3391,'2015-06-28 21:42:48',1,32,'1879','Adostic Arms 8-Guage Scatter Gun (Ranged [Heavy]; Damage 7; Critical 6; Range (Short); Blast 3, Knockdown, )',1,''),(3392,'2015-06-28 21:43:56',1,32,'1880','Acsian Throwing Dagger (Ranged [Light]; Damage 1; Critical 2; Range (Short); Pierce 2, Limited Ammo 1, )',1,''),(3393,'2015-06-28 21:46:01',1,32,'1881','Knockout Grenade (Ranged [Light]; Damage 12; Critical -; Range (Short); Blast 10, Stun Damage, Limited Ammo 1, )',1,''),(3394,'2015-06-28 21:47:03',1,32,'1882','SSB-1 Static Pistol (Ranged [Light]; Damage 2; Critical 4; Range (Short); Disorient 1, Stun 8, )',1,''),(3395,'2015-06-28 21:47:56',1,32,'1883','TaggeCo CryoBan Projector (Ranged [Heavy]; Damage 6; Critical 2; Range (Short); Blast 6, Cumbersome 3, Vicious 2, )',1,''),(3396,'2015-06-28 21:48:58',1,32,'1884','Shock Boots (Brawl; Damage 0; Critical 5; Range (Engaged); Disorient 3, Stun 3, )',1,''),(3397,'2015-06-28 21:49:42',1,32,'1885','Punch Dagger (Melee; Damage 1; Critical 3; Range (Engaged); Pierce 1, )',1,''),(3398,'2015-06-28 21:50:31',1,32,'1886','Vibrorapier (Melee; Damage 2; Critical 2; Range (Engaged); Defensive 1, Pierce 5, )',1,''),(3399,'2015-06-28 21:51:16',1,32,'1887','Blade-breaker (Melee; Damage 0; Critical 4; Range (Engaged); Defensive 2, Pierce 1, Sunder, )',1,''),(3400,'2015-06-28 21:52:52',1,33,'771','Blast Vest (+1 soak)',2,'Changed encumbrance and hard_points. Added equipment \"Equipment object\". Added index \"FC:47\".'),(3401,'2015-06-28 21:53:34',1,33,'1888','Mimetic Suit (+1 soak; +1 defense)',1,''),(3402,'2015-06-28 21:54:15',1,33,'1889','Smuggler\'s Trenchcoat (+1 soak; +1 defense)',1,''),(3403,'2015-06-29 00:52:12',1,31,'1890','Appraiser\'s Eye',1,''),(3404,'2015-06-29 00:52:44',1,31,'1891','Cybernetic Cavity',1,''),(3405,'2015-06-29 00:53:21',1,31,'1892','Digital Lockpick',1,''),(3406,'2015-06-29 00:54:24',1,31,'1893','Holoscanner',1,''),(3407,'2015-06-29 00:54:52',1,31,'1894','Lockpicking Tools',1,''),(3408,'2015-06-29 00:55:14',1,31,'1895','Shift Coffer',1,''),(3409,'2015-06-29 00:55:41',1,31,'1896','Magna-Lock Safe',1,''),(3410,'2015-06-29 00:56:05',1,31,'1897','Shadowcloak',1,''),(3411,'2015-06-29 00:56:38',1,31,'1898','Fingerprint Masque',1,''),(3412,'2015-06-29 00:57:01',1,31,'1899','False Credentials',1,''),(3413,'2015-06-29 00:57:27',1,31,'1900','Skifter',1,''),(3414,'2015-06-29 00:57:48',1,31,'1901','Cargo Scanner',1,''),(3415,'2015-06-29 00:58:59',1,31,'1902','Impact (dose)',1,''),(3416,'2015-06-29 00:59:28',1,31,'1903','Impact (100 dose cargo container)',1,''),(3417,'2015-06-29 00:59:58',1,31,'1904','Muon Gold (dose)',1,''),(3418,'2015-06-29 01:00:31',1,31,'1905','Muon Gold (100 dose cargo container)',1,''),(3419,'2015-06-29 01:01:12',1,34,'1906','Overcharge Valve',1,''),(3420,'2015-06-29 01:02:02',1,34,'1907','Paired Weapons',1,''),(3421,'2015-06-29 01:02:27',1,34,'1908','Set Trigger',1,''),(3422,'2015-06-29 01:02:54',1,34,'1909','Underslung Scattergun',1,''),(3423,'2015-06-29 01:05:01',1,35,'1910','HSP-10 Pursuit Airspeeder',1,''),(3424,'2015-06-29 01:07:13',1,35,'1911','TaggeCo. Cargohopper 102 Cargo Lifter',1,''),(3425,'2015-06-29 01:08:43',1,35,'1912','Hyperfoil 1000-XTC',1,''),(3426,'2015-06-29 01:10:36',1,35,'1913','Starhawk Speeder Bike',1,''),(3427,'2015-06-29 01:11:37',1,35,'1914','Starhawk Speeder Bike with Sidecar',1,''),(3428,'2015-06-29 01:13:18',1,35,'1915','Sunrunner ZX Landspeeder',1,''),(3429,'2015-06-29 01:15:44',1,38,'1831','CEC HWK-1000 Light Freighter',2,'Changed name.'),(3430,'2015-06-29 01:17:42',1,41,'1916','Astrogation Droid Brain',1,''),(3431,'2015-06-29 01:18:16',1,41,'1917','Autopilot Droid Brain',1,''),(3432,'2015-06-29 01:19:46',1,41,'1918','Ax-108 \"Ground Buzzer\" Surface-Defense Blaster Cannon',1,''),(3433,'2015-06-29 01:20:23',1,41,'1919','Cloaked Smuggling Compartments',1,''),(3434,'2015-06-29 01:21:10',1,41,'1920','Interior Broadcast Suite',1,''),(3435,'2015-06-29 01:21:43',1,41,'1921','Nightshadow Coating',1,''),(3436,'2015-06-29 01:22:13',1,41,'1922','Onboard Amenities Unit',1,''),(3437,'2015-06-29 01:22:50',1,41,'1923','Rapid Cargo Evacuation Chute',1,''),(3438,'2015-06-29 01:23:26',1,41,'1924','Whisperthrust Engine',1,''),(3439,'2015-06-29 19:06:31',1,54,'1925','Acidic drool',1,''),(3440,'2015-06-29 19:06:48',1,55,'1926','Chemilizard',1,''),(3441,'2015-06-29 19:07:39',1,57,'1927','Chemilizard Toothy bite',1,''),(3442,'2015-06-29 19:08:49',1,58,'1928','Adult Chemilizard',1,''),(3443,'2015-06-29 19:13:27',1,45,'1929','Hutt Majordomo',1,''),(3444,'2015-06-29 19:16:56',1,54,'1930','Stinky',1,''),(3445,'2015-06-29 19:17:26',1,45,'1931','Huttlet',1,''),(3446,'2015-06-29 19:21:32',1,45,'1932','Mature Hutt',1,''),(3447,'2015-06-29 19:24:11',1,45,'1933','Venerable Hutt',1,''),(3448,'2015-07-02 16:19:42',4,32,'1873','Raider Arms Model-1 \"Nova Viper\" Blaster Pistol (Ranged [Light]; Damage 7; Critical 3; Range (Medium); Accurate 2, Pierce 2, Stun Setting, )',2,'Changed name.'),(3449,'2015-07-02 20:25:57',1,54,'1934','Cybernetic communications',1,''),(3450,'2015-07-02 20:27:46',1,45,'1935','Gank Hunter',1,''),(3451,'2015-07-02 20:29:50',1,54,'1936','Olfactory perception',1,''),(3452,'2015-07-02 20:30:11',1,55,'1937','Vrblthers',1,''),(3453,'2015-07-02 20:31:21',1,57,'1938','Vrblthers Powerful claws',1,''),(3454,'2015-07-02 20:32:36',1,58,'1939','Vrblthers',1,''),(3455,'2015-07-02 20:35:11',1,32,'1940','Scrap crossbow (Ranged [Light]; Damage 5; Critical 5; Range (Medium); Inferior, Vicious 1, )',1,''),(3456,'2015-07-02 20:35:51',1,45,'1941','Evocii',1,''),(3457,'2015-07-02 20:36:06',1,45,'1941','Evocii',2,'Changed equipment.'),(3458,'2015-07-02 20:38:11',1,54,'1942','Crystalline',1,''),(3459,'2015-07-02 20:39:35',1,54,'1943','Photonic Burst',1,''),(3460,'2015-07-02 20:39:48',1,55,'1944','Photon Spider',1,''),(3461,'2015-07-02 20:40:45',1,57,'1945','Photon Spider Bladed legs',1,''),(3462,'2015-07-02 20:41:36',1,58,'1946','Photon Spider',1,''),(3463,'2015-07-02 20:44:01',1,58,'1947','The Lost',1,''),(3464,'2015-07-10 05:42:22',3,32,'230','Sorosuub X-30 Lancer Precision Blast Pistol (Ranged [Light]; Damage 5; Critical 4; Range (Long); Accurate 1, Pierce 2, )',2,'Changed notes and image.'),(3465,'2015-07-10 05:46:57',3,32,'230','Sorosuub X-30 Lancer Precision Blast Pistol (Ranged [Light]; Damage 5; Critical 4; Range (Long); Accurate 1, Pierce 2, )',2,'Changed image.'),(3466,'2015-07-10 05:47:30',3,32,'230','Sorosuub X-30 Lancer Precision Blast Pistol (Ranged [Light]; Damage 5; Critical 4; Range (Long); Accurate 1, Pierce 2, )',2,'Changed notes and image.'),(3467,'2015-07-10 06:11:05',3,31,'129','Bothawui Communications Conglomerate HSI-280 Hyperwave Signal Interceptor',2,'Changed category for equipment \"Equipment object\".'),(3468,'2015-07-29 02:40:00',3,32,'1881','Knockout Grenade (Ranged [Light]; Damage 12; Critical -; Range (Short); Blast 10, Stun Damage, Limited Ammo 1, )',2,'Changed category for equipment \"Equipment object\".'),(3469,'2015-07-29 03:12:25',3,32,'159','Blaster Carbine (Ranged [Heavy]; Damage 9; Critical 3; Range (Medium); Stun Setting, )',2,'Changed notes and image.'),(3470,'2015-07-29 03:13:03',3,32,'160','Blaster Rifle (Ranged [Heavy]; Damage 9; Critical 3; Range (Long); Stun Setting, )',2,'Changed image.'),(3471,'2015-08-11 13:42:52',1,25,'24','Desperate Allies (AoR)',1,''),(3472,'2015-08-11 13:44:03',1,24,'4','Force and Destiny',1,''),(3473,'2015-08-11 13:44:14',1,25,'25','Core Rulebook (FaD)',1,''),(3474,'2015-08-11 13:45:12',1,25,'26','Game Masters Kit (FaD)',1,''),(3475,'2015-08-14 18:38:49',1,60,'1407','Stun Damage',2,'Changed effect.'),(3476,'2015-08-14 18:43:43',1,55,'1631','Xexto',2,'Added index \"SoT:24\".'),(3477,'2015-08-14 18:45:08',1,41,'365','High-Output Ion Turbine',2,'Changed restricted for equipment \"Equipment object\".'),(3478,'2015-08-14 18:46:33',1,38,'1483','YT-1760 Small Transport',2,'Changed def_aft.'),(3479,'2015-08-16 01:56:53',4,55,'1797','Nikto',2,'Changed name.'),(3480,'2015-08-16 21:00:57',1,54,'1948','Hard to Kill',1,''),(3481,'2015-08-16 21:03:15',1,54,'1949','Reckless Strike',1,''),(3482,'2015-08-16 21:04:15',1,45,'1950','Kintan Strider',1,''),(3483,'2015-08-16 21:05:49',1,32,'1951','Crude club (Melee; Damage 3; Critical 3; Range (Engaged); Disorient 1, Inferior, Knockdown, )',1,''),(3484,'2015-08-16 21:05:56',1,45,'1950','Kintan Strider',2,'Changed abilities.'),(3485,'2015-08-16 21:06:57',1,45,'1950','Kintan Strider',2,'Changed equipment. Added talent entry \"<a href=\"/character/talent/536/\" class=\"talent_name\">Adversary</a> 1\". Added talent entry \"<a href=\"/character/talent/565/\" class=\"talent_name\">Durable</a> 5\". Added skill entry \"SkillEntry object\". Added skill entry \"SkillEntry object\". Added skill entry \"SkillEntry object\". Added skill entry \"SkillEntry object\". Added index \"LoNH:64\".'),(3486,'2015-12-02 18:51:45',1,49,'1224','Works Like a Charm',2,'Added index \"FC:33\".'),(3487,'2015-12-02 18:51:57',1,49,'1868','Works Like a Charm',3,''),(3488,'2015-12-02 19:21:13',1,45,'1950','Kintan Strider',2,'No fields changed.'),(3489,'2015-12-02 19:22:52',1,45,'1952','Nikto Enforcer',1,''),(3490,'2015-12-02 19:24:39',1,54,'1953','Kajain\'sa\'Nikto',1,''),(3491,'2015-12-02 19:25:27',1,45,'1954','Morgukai Adept',1,''),(3492,'2015-12-02 19:26:57',1,45,'1954','Morgukai Adept',2,'Added talent entry \"<a href=\"/character/talent/536/\" class=\"talent_name\">Adversary</a> 1\". Added talent entry \"<a href=\"/character/talent/606/\" class=\"talent_name\">Lethal Blows</a> 2\". Added skill entry \"SkillEntry object\". Added skill entry \"SkillEntry object\". Added skill entry \"SkillEntry object\". Added skill entry \"SkillEntry object\". Added skill entry \"SkillEntry object\". Added skill entry \"SkillEntry object\". Added skill entry \"SkillEntry object\". Added skill entry \"SkillEntry object\". Added skill entry \"SkillEntry object\". Added index \"LoNH:65\".'),(3493,'2015-12-10 23:10:04',1,23,'15','Updates and support',1,''),(3494,'2015-12-11 15:12:30',1,45,'1955','Klatooinian Thug',1,''),(3495,'2015-12-11 15:14:05',1,54,'1956','Blessing of the Acients',1,''),(3496,'2015-12-11 15:15:36',1,32,'1957','Ceremonial shamshir (Melee; Damage 2; Critical 3; Range (Engaged); Pierce 1, Vicious 1, )',1,''),(3497,'2015-12-11 15:15:44',1,45,'1958','Klatooinian Elder',1,''),(3498,'2015-12-11 15:18:12',1,45,'1958','Klatooinian Elder',2,'Changed equipment. Added talent entry \"<a href=\"/character/talent/536/\" class=\"talent_name\">Adversary</a> 2\". Added talent entry \"<a href=\"/character/talent/591/\" class=\"talent_name\">Inspiring Rhetoric</a>\". Added talent entry \"<a href=\"/character/talent/627/\" class=\"talent_name\">Nobody\'s Fool</a> 2\". Added talent entry \"<a href=\"/character/talent/630/\" class=\"talent_name\">Plausible Deniability</a> 2\". Added skill entry \"SkillEntry object\". Added skill entry \"SkillEntry object\". Added skill entry \"SkillEntry object\". Added skill entry \"SkillEntry object\". Added skill entry \"SkillEntry object\". Added skill entry \"SkillEntry object\". Added skill entry \"SkillEntry object\". Added skill entry \"SkillEntry object\". Added skill entry \"SkillEntry object\". Added skill entry \"SkillEntry object\". Added index \"LoNH:69\".'),(3499,'2015-12-11 15:19:31',1,45,'1959','Klatooinian Paddy Frog',1,''),(3500,'2015-12-11 19:40:26',1,54,'1960','Barbed Hide',1,''),(3501,'2015-12-11 19:40:46',1,55,'1961','Rass',1,''),(3502,'2015-12-11 19:41:52',1,58,'1962','Rass',1,''),(3503,'2015-12-11 19:42:39',1,57,'1963','Rass Deadly Fangs',1,''),(3504,'2015-12-11 19:43:11',1,57,'1964','Rass Rending Claws',1,''),(3505,'2015-12-11 19:45:53',1,45,'1965','Sakiyan Bounty Hunter',1,''),(3506,'2015-12-13 13:07:36',1,55,'1966','Skuir Fish',1,''),(3507,'2015-12-13 13:08:12',1,57,'1967','Skuir Fish Razor Pinciers',1,''),(3508,'2015-12-13 13:08:48',1,57,'1968','Skuir Fish Toothy Jaws',1,''),(3509,'2015-12-13 13:09:50',1,58,'1969','Skuir Fish',1,''),(3510,'2015-12-13 19:32:52',1,54,'1970','Brute Strength',1,''),(3511,'2015-12-13 19:33:06',1,55,'1971','Houk Thug',1,''),(3512,'2015-12-13 19:33:43',1,55,'1971','Houk',2,'Changed name.'),(3513,'2015-12-13 19:34:30',1,57,'1972','Houk Fists',1,''),(3514,'2015-12-13 19:38:39',1,58,'1973','Houk Thug',1,''),(3515,'2015-12-13 19:40:18',1,54,'1974','Bite at Their Heels',1,''),(3516,'2015-12-13 19:40:31',1,55,'1975','Raquor\'Daan',1,''),(3517,'2015-12-13 19:41:14',1,57,'1976','Raquor\'Daan Slashing Claws',1,''),(3518,'2015-12-13 19:41:54',1,57,'1977','Raquor\'Daan Venomous Stinger',1,''),(3519,'2015-12-13 19:43:23',1,58,'1978','Raqor\'Daan (Dark Wolves)',1,''),(3520,'2015-12-13 19:46:01',1,54,'1979','Pheromone Communication',1,''),(3521,'2015-12-13 19:47:18',1,32,'1980','Beastmaster\'s vibro-glaive (Melee; Damage 2; Critical 2; Range (Engaged); Defensive 2, Pierce 3, )',1,''),(3522,'2015-12-13 19:47:23',1,45,'1981','Raquor\'Daan Beastmaster',1,''),(3523,'2015-12-13 19:48:26',1,32,'1980','Beastmaster\'s vibro-glaive (Melee; Damage 2; Critical 2; Range (Engaged); Defensive 2, Pierce 3, )',3,''),(3524,'2015-12-13 19:49:20',1,45,'1981','Raquor\'Daan Beastmaster',2,'Changed equipment. Added skill entry \"SkillEntry object\". Added skill entry \"SkillEntry object\". Added skill entry \"SkillEntry object\". Added skill entry \"SkillEntry object\". Added skill entry \"SkillEntry object\". Added index \"LoNH:77\".'),(3525,'2015-12-13 19:55:03',1,32,'1982','Farming Implement (Melee; Damage 1; Critical 6; Range (Engaged); Disorient 1, )',1,''),(3526,'2015-12-13 19:55:28',1,45,'1983','Toydarian Farmer',1,''),(3527,'2015-12-13 19:56:35',1,45,'1983','Toydarian Farmer',2,'Changed equipment. Added skill entry \"SkillEntry object\". Added skill entry \"SkillEntry object\". Added skill entry \"SkillEntry object\". Added skill entry \"SkillEntry object\". Added index \"LoNH:80\".'),(3528,'2015-12-13 19:58:37',1,31,'1984','Dataslate',1,''),(3529,'2015-12-13 19:59:42',1,45,'1985','Toydarian Merchant',1,''),(3530,'2015-12-13 20:01:39',1,32,'1986','Ceremonial Sword (Melee; Damage 1; Critical 3; Range (Engaged))',1,''),(3531,'2015-12-13 20:01:43',1,45,'1987','King Maalva',1,''),(3532,'2015-12-13 20:02:41',1,31,'1988','Encrypted credit voucher with 50,000 credits',1,''),(3533,'2015-12-13 20:03:00',1,31,'1989','Royal Crown',1,''),(3534,'2015-12-13 20:04:20',1,45,'1987','King Maalva',2,'Changed equipment. Added talent entry \"<a href=\"/character/talent/627/\" class=\"talent_name\">Nobody\'s Fool</a> 1\". Added talent entry \"<a href=\"/character/talent/630/\" class=\"talent_name\">Plausible Deniability</a> 2\". Added talent entry \"<a href=\"/character/talent/641/\" class=\"talent_name\">Scathing Tirade</a>\". Added skill entry \"SkillEntry object\". Added skill entry \"SkillEntry object\". Added skill entry \"SkillEntry object\". Added skill entry \"SkillEntry object\". Added skill entry \"SkillEntry object\". Added skill entry \"SkillEntry object\". Added skill entry \"SkillEntry object\". Added skill entry \"SkillEntry object\". Added skill entry \"SkillEntry object\". Added index \"LoNH:80\".'),(3535,'2015-12-13 20:07:11',1,32,'1990','Cortosis Sword (Melee; Damage 3; Critical 3; Range (Engaged); Cortosis, Sunder, Vicious 1, )',1,''),(3536,'2015-12-13 20:08:32',1,58,'1991','Small Dianoga',1,''),(3537,'2015-12-13 20:08:58',1,58,'1991','Small Dianoga',2,'Added index \"LoNH:85\".'),(3538,'2015-12-13 20:13:06',1,45,'1992','Toydarian Royal Guard',1,''),(3539,'2015-12-13 20:17:53',1,31,'1993','Electro-visor',1,''),(3540,'2015-12-13 20:18:10',1,45,'1992','Toydarian Royal Guard',2,'Changed equipment.'),(3541,'2015-12-13 20:22:06',1,45,'1992','Toydarian Royal Guard',2,'Changed equipment. Added talent entry \"<a href=\"/character/talent/546/\" class=\"talent_name\">Body Guard</a> 1\". Added skill entry \"SkillEntry object\". Added skill entry \"SkillEntry object\". Added skill entry \"SkillEntry object\". Added skill entry \"SkillEntry object\". Added skill entry \"SkillEntry object\". Added skill entry \"SkillEntry object\". Added index \"LoNH:81\".'),(3542,'2015-12-13 20:22:49',1,58,'1991','Small Dianoga',2,'No fields changed.'),(3543,'2015-12-13 20:25:05',1,58,'1994','Greater Dianoga',1,''),(3544,'2015-12-13 20:26:36',1,54,'1995','Loyalty',1,''),(3545,'2015-12-13 20:27:40',1,33,'1996','Enforcer\'s Uniform (+1 soak)',1,''),(3546,'2015-12-13 20:27:46',1,45,'1997','Vordan Enforcer',1,''),(3547,'2015-12-13 20:28:29',1,45,'1997','Vordan Enforcer',2,'Added skill entry \"SkillEntry object\". Added skill entry \"SkillEntry object\". Added skill entry \"SkillEntry object\". Added skill entry \"SkillEntry object\". Added skill entry \"SkillEntry object\". Added skill entry \"SkillEntry object\". Added index \"LoNH:85\".'),(3548,'2015-12-13 20:31:13',1,54,'1998','Humming Vibrations',1,''),(3549,'2015-12-13 20:31:44',1,45,'1999','T\'Landa Til Charlatan',1,''),(3550,'2015-12-13 22:49:06',1,25,'27','Beginner Game - Adventure Book (FaD)',1,''),(3551,'2015-12-13 22:49:56',1,25,'28','Beginner Game - Rulebook (FaD)',1,''),(3552,'2015-12-13 22:51:36',1,25,'29','Core Rulebook (FaD)',1,''),(3553,'2015-12-13 22:52:30',1,25,'30','Chronicles of the Gatekeeper (FaD)',1,''),(3554,'2015-12-13 22:53:43',1,25,'31','Game Masters Ket (FaD)',1,''),(3555,'2015-12-13 22:54:10',1,25,'31','Game Masters Kit (FaD)',2,'Changed name.'),(3556,'2015-12-13 22:54:31',1,25,'26','Game Masters Kit (FaD)',3,''),(3557,'2015-12-13 22:55:17',1,25,'31','Hidden Depths (FaD)',2,'Changed name and initials.'),(3558,'2015-12-13 22:56:07',1,25,'32','Mask of the Pirate Queen (EotE)',1,''),(3559,'2015-12-13 22:56:53',1,25,'33','Strongholds of Resistance (AoR)',1,''),(3560,'2015-12-14 19:39:28',1,45,'2000','Captain Gideon',1,''),(3561,'2015-12-14 19:41:37',1,45,'2001','Fereallis Pirate Crewmate',1,''),(3562,'2015-12-14 19:44:59',1,38,'2002','The Fereallis',1,''),(3563,'2015-12-14 19:46:05',1,31,'2003','Spatula',1,''),(3564,'2015-12-14 19:46:30',1,31,'2004','Puffy Chef\'s Hat',1,''),(3565,'2015-12-14 19:46:48',1,31,'2005','Utility Apron',1,''),(3566,'2015-12-14 19:47:58',1,45,'2006','Domdees',1,''),(3567,'2015-12-14 19:48:56',1,55,'2007','Grabworm',1,''),(3568,'2015-12-14 19:49:59',1,57,'2008','Grabworm Bite',1,''),(3569,'2015-12-14 19:50:30',1,57,'2009','Grabworm Lashing Appendages',1,''),(3570,'2015-12-14 19:51:11',1,58,'2010','Grabworm',1,''),(3571,'2015-12-14 19:52:42',1,31,'2011','Rebreather',1,''),(3572,'2015-12-14 19:53:35',1,33,'2012','Swamptrooper Armor (+2 soak)',1,''),(3573,'2015-12-14 19:53:39',1,45,'2013','Swamptropper',1,''),(3574,'2015-12-14 19:54:29',1,45,'2013','Swamptropper',2,'Changed equipment. Added skill entry \"SkillEntry object\". Added skill entry \"SkillEntry object\". Added skill entry \"SkillEntry object\". Added skill entry \"SkillEntry object\". Added skill entry \"SkillEntry object\". Added skill entry \"SkillEntry object\". Added skill entry \"SkillEntry object\". Added skill entry \"SkillEntry object\". Added index \"LoNH:128\".'),(3575,'2015-12-15 18:15:55',1,54,'2014','Drain Life',1,''),(3576,'2015-12-15 18:48:04',1,55,'2015','shaoryn',1,''),(3577,'2015-12-15 18:48:33',1,55,'2015','Shaoryn',2,'Changed name and abilities. Added index \"LoNH:129\".'),(3578,'2015-12-15 18:49:09',1,57,'2016','Shaoryn Grasping Limbs',1,''),(3579,'2015-12-15 18:50:01',1,58,'2017','Shaoryn',1,''),(3580,'2015-12-15 18:57:47',1,45,'2018','Corte Voss',1,''),(3581,'2015-12-15 18:59:51',1,45,'2019','Corte\'s Smuggler Crew',1,''),(3582,'2015-12-15 19:03:44',1,54,'2020','Trandoshan Claws',1,''),(3583,'2015-12-15 19:05:26',1,45,'2021','Thamoss',1,''),(3584,'2015-12-15 19:07:37',1,45,'2022','Thamoss\'s Security Guards',1,''),(3585,'2015-12-15 19:08:40',1,31,'2023','Fine Robes',1,''),(3586,'2015-12-15 19:09:02',1,31,'2024','Narcotic Inhaler',1,''),(3587,'2015-12-15 19:10:04',1,45,'2025','Boddah Venik Rin',1,''),(3588,'2015-12-15 19:13:06',1,49,'2026','Gang Leader',1,''),(3589,'2015-12-15 19:14:10',1,45,'2027','Shalo Sherin',1,''),(3590,'2015-12-15 19:17:36',1,45,'2028','Savo and Camerlin',1,''),(3591,'2015-12-15 19:28:24',1,45,'2029','Torani Kulda',1,''),(3592,'2015-12-15 19:30:10',1,32,'2030','Integrated Vibroblade (Melee; Damage 2; Critical 2; Range (Engaged); Defensive 1, Pierce 2, )',1,''),(3593,'2015-12-15 19:30:15',1,45,'2031','A0-2',1,''),(3594,'2015-12-15 19:32:28',1,45,'2031','A0-2',2,'Changed equipment. Added talent entry \"<a href=\"/character/talent/606/\" class=\"talent_name\">Lethal Blows</a> 3\". Added talent entry \"<a href=\"/character/talent/632/\" class=\"talent_name\">Precise Aim</a> 2\". Added talent entry \"<a href=\"/character/talent/670/\" class=\"talent_name\">Targeted Blow</a>\". Added skill entry \"SkillEntry object\". Added skill entry \"SkillEntry object\". Added skill entry \"SkillEntry object\". Added skill entry \"SkillEntry object\". Added skill entry \"SkillEntry object\". Added skill entry \"SkillEntry object\". Added skill entry \"SkillEntry object\". Added skill entry \"SkillEntry object\". Added skill entry \"SkillEntry object\". Added skill entry \"SkillEntry object\". Added index \"LoNH:136\".'),(3595,'2015-12-15 19:32:55',1,45,'2031','A0-2',2,'Changed aka for index \"LoNH:136*\".'),(3596,'2015-12-15 19:35:02',1,45,'2032','Fondo, Tyss, ans Plaado',1,''),(3597,'2015-12-19 20:46:27',1,55,'2033','Massiff',1,''),(3598,'2015-12-19 20:47:53',1,57,'2034','Massiff Claws',1,''),(3599,'2015-12-19 20:48:32',1,57,'2035','Massiff Tearing Fangs',1,''),(3600,'2015-12-19 20:49:26',1,58,'2036','Massiff',1,''),(3601,'2015-12-19 20:51:55',1,45,'2037','Graayl Nor',1,''),(3602,'2015-12-19 20:53:30',1,45,'2038','Graayl\'s Thugs',1,''),(3603,'2015-12-19 20:54:41',1,54,'2039','Huttese',1,''),(3604,'2015-12-19 20:55:52',1,45,'2040','Acient Hutt Security Droid',1,''),(3605,'2015-12-19 20:58:25',1,54,'2041','Poisonous',1,''),(3606,'2015-12-19 20:58:35',1,55,'2042','Pybus Amphibipole',1,''),(3607,'2015-12-19 20:59:20',1,57,'2043','Pybus Amphibipole Tounge',1,''),(3608,'2015-12-19 20:59:47',1,57,'2044','Pybus Amphibipole Claws',1,''),(3609,'2015-12-19 21:00:32',1,58,'2045','Pybus Amphibipole',1,''),(3610,'2015-12-19 21:04:06',1,54,'2046','Memnii',1,''),(3611,'2015-12-19 21:05:03',1,55,'2047','Caamasi',1,''),(3612,'2015-12-19 21:06:00',1,55,'2048','Neimoidian',1,''),(3613,'2015-12-19 21:07:04',1,55,'2049','Gossam',1,''),(3614,'2015-12-19 21:07:16',1,55,'2048','Neimoidian',2,'Changed page for index \"DA:21\".'),(3615,'2015-12-19 21:07:29',1,55,'2047','Caamasi',2,'Changed page for index \"DA:19\".'),(3616,'2015-12-19 21:09:19',1,49,'1195','Bought Info',2,'Added index \"FH:32\".'),(3617,'2015-12-19 21:09:30',1,49,'1415','Bought Info',3,''),(3618,'2015-12-19 21:09:58',1,49,'1197','Clever Solution',2,'Added index \"FC:32\".'),(3619,'2015-12-19 21:10:03',1,49,'1853','Clever Solution',3,''),(3620,'2015-12-19 21:10:53',1,49,'1416','Congenial',2,'Added index \"FC:32\".'),(3621,'2015-12-19 21:10:57',1,49,'1854','Congenial',3,''),(3622,'2015-12-19 21:11:54',1,49,'936','Good Cop',2,'Added index \"FH:33\".'),(3623,'2015-12-19 21:11:59',1,49,'1422','Good Cop',3,''),(3624,'2015-12-19 21:12:31',1,49,'885','Greased Palms',2,'Added index \"FH:33\".'),(3625,'2015-12-19 21:12:36',1,49,'1421','Greased Palms',3,''),(3626,'2015-12-19 21:13:50',1,49,'1646','Second Chances',2,'Added index \"FC:33\".'),(3627,'2015-12-19 21:13:54',1,49,'1864','Second Chances',3,''),(3628,'2015-12-19 21:14:36',1,49,'1219','Sound Investments',2,'Added index \"FH:33\".'),(3629,'2015-12-19 21:14:41',1,49,'1425','Sound Investments',3,''),(3630,'2015-12-19 21:18:28',1,49,'2050','Bad Press',1,''),(3631,'2015-12-19 21:18:45',1,49,'2051','Blackmail',1,''),(3632,'2015-12-19 21:19:09',1,49,'2052','Contingency Plan',1,''),(3633,'2015-12-19 21:19:24',1,49,'2053','Cutting Question',1,''),(3634,'2015-12-19 21:19:39',1,49,'2054','Discredit',1,''),(3635,'2015-12-19 21:20:06',1,49,'2055','Encoded Communique',1,''),(3636,'2015-12-19 21:20:35',1,49,'2056','Encouraging Words',1,''),(3637,'2015-12-19 21:20:47',1,49,'2057','In the Know',1,''),(3638,'2015-12-19 21:21:04',1,49,'2058','In the Know (Improved)',1,''),(3639,'2015-12-19 21:21:19',1,49,'2059','Informant',1,''),(3640,'2015-12-19 21:21:39',1,49,'2060','Interjection',1,''),(3641,'2015-12-19 21:22:04',1,49,'2061','Plausible Deniability (Improved)',1,''),(3642,'2015-12-19 21:22:18',1,49,'2062','Positive Spin',1,''),(3643,'2015-12-19 21:22:37',1,49,'2063','Positive Spin (Improved)',1,''),(3644,'2015-12-19 21:22:56',1,49,'2064','Researcher (Improved)',1,''),(3645,'2015-12-19 21:23:18',1,49,'2065','Supporting Evidence',1,''),(3646,'2015-12-19 21:23:38',1,49,'2066','Thorough Assesment',1,''),(3647,'2015-12-19 21:23:51',1,49,'2067','Twisted Words',1,''),(3648,'2015-12-19 21:24:11',1,49,'2068','Valuable Facts',1,''),(3649,'2015-12-19 21:27:06',1,32,'2069','Defender Sporting Blaster Pistol (Ranged [Light]; Damage 5; Critical 3; Range (Medium); Stun Setting, Accurate 1, )',1,''),(3650,'2015-12-19 21:27:44',1,32,'2070','Military Holdout Blaster (Ranged [Light]; Damage 6; Critical 3; Range (Short); Stun Setting, )',1,''),(3651,'2015-12-19 21:28:23',1,32,'2071','ELG-3A Blaster Pistol (Ranged [Light]; Damage 6; Critical 4; Range (Short); Stun Setting, )',1,''),(3652,'2015-12-19 21:29:34',1,32,'2072','Merr-Sonn N-4 Noise Grenade (Ranged [Light]; Damage 4; Critical 6; Range (Short); Blast 4, Stun Damage, Concussive 1, Limited Ammo 1, )',1,''),(3653,'2015-12-19 21:30:37',1,32,'2073','SoroSuub Wipe-3 Data-Purge Grenade (Ranged [Light]; Damage 0; Critical -; Range (Short); Limited Ammo 1, )',1,''),(3654,'2015-12-19 21:31:51',1,32,'2074','Goseia HIC \"Mercy\" Grenade (Ranged [Light]; Damage 5; Critical -; Range (Short); Blast 5, Stun Damage, Limited Ammo 1, )',1,''),(3655,'2015-12-19 21:32:55',1,32,'2075','Brennkeyes Syndicate Knockout Mine (Ranged [Light]; Damage 6; Critical -; Range (Short); Stun Damage, Limited Ammo 1, )',1,''),(3656,'2015-12-19 21:33:47',1,32,'2076','Needle Gloves (Brawl; Damage 0; Critical 5; Range (Engaged))',1,''),(3657,'2015-12-19 21:34:36',1,32,'2077','Ceremonial Blade (Melee; Damage 2; Critical 3; Range (Engaged); Defensive 1, )',1,''),(3658,'2015-12-19 21:35:32',1,32,'2078','Staff of Office (Melee; Damage 2; Critical 4; Range (Engaged); Defensive 1, Disorient 2, )',1,''),(3659,'2015-12-19 21:36:16',1,32,'2079','Stealth Vibroknife (Melee; Damage 1; Critical 2; Range (Engaged); Pierce 1, Vicious 1, )',1,''),(3660,'2015-12-19 21:36:52',1,32,'2080','Sword Cane (Melee; Damage 2; Critical 3; Range (Engaged); Defensive 1, )',1,''),(3661,'2015-12-20 16:52:37',1,33,'2081','Banal Apparel ()',1,''),(3662,'2015-12-20 16:55:25',1,33,'2082','Cargo Clothing ()',1,''),(3663,'2015-12-20 16:55:49',1,33,'2083','Diplomat\'s Robes ()',1,''),(3664,'2015-12-20 16:56:28',1,33,'2084','Flare Jacket (+1 soak)',1,''),(3665,'2015-12-20 16:56:57',1,33,'2085','Hauling Harness (+1 soak; +1 defense)',1,''),(3666,'2015-12-20 16:57:36',1,33,'2086','Holographic Costume (+1 defense)',1,''),(3667,'2015-12-20 16:57:51',1,33,'2085','Hauling Harness (+1 soak; +1 defense)',2,'No fields changed.'),(3668,'2015-12-20 16:58:21',1,33,'2087','Lector\'s Outfit (+1 soak)',1,''),(3669,'2015-12-20 16:58:54',1,33,'2088','Noble Regalia ()',1,''),(3670,'2015-12-20 16:59:25',1,33,'2089','Performer\'s Attide ()',1,''),(3671,'2015-12-20 17:00:10',1,33,'2089','Performer\'s Attire ()',2,'Changed name.'),(3672,'2015-12-20 17:00:41',1,33,'2090','Powered Capacitive Armor (+1 soak; +1 defense)',1,''),(3673,'2015-12-20 17:01:08',1,33,'2091','Resplendent Robes (+1 soak)',1,''),(3674,'2015-12-20 17:01:36',1,33,'2092','Second Skin Armor (+1 soak; +1 defense)',1,''),(3675,'2015-12-20 17:02:43',1,31,'2093','Antidote Set',1,''),(3676,'2015-12-20 17:03:05',1,31,'2094','Authentication Tools',1,''),(3677,'2015-12-20 17:03:37',1,31,'2095','Concealed Recorder',1,''),(3678,'2015-12-20 17:04:48',1,31,'2096','Cultural Etiquette Manual',1,''),(3679,'2015-12-20 17:05:41',1,31,'2097','Communications Media Manipulator',1,''),(3680,'2015-12-20 17:06:14',1,31,'2098','Data Dead Drop',1,''),(3681,'2015-12-20 17:07:00',1,31,'2099','Diplomatic Authorization',1,''),(3682,'2015-12-20 17:07:31',1,31,'2100','Expensive Jewelry',1,''),(3683,'2015-12-20 17:08:11',1,31,'2101','Falsified Credentials',1,''),(3684,'2015-12-20 17:08:31',1,31,'2102','Forgery Tools',1,''),(3685,'2015-12-20 17:09:08',1,31,'2103','Insider\'s Guide',1,''),(3686,'2015-12-20 17:09:42',1,31,'2104','Integrated Public Address System',1,''),(3687,'2015-12-20 17:10:09',1,31,'2105','\"Knack\" Restraining Bolt',1,''),(3688,'2015-12-20 17:11:21',1,31,'2106','Merr-Sonn \"Rider\" Ascension Pistol',1,''),(3689,'2015-12-20 17:11:44',1,31,'2107','Poisoner\'s Ring',1,''),(3690,'2015-12-20 17:12:09',1,31,'2108','Security Sweeper',1,''),(3691,'2015-12-20 17:12:30',1,31,'2109','Signet Ring',1,''),(3692,'2015-12-20 17:13:33',1,31,'2110','Sleight Box',1,''),(3693,'2015-12-20 17:13:54',1,31,'2111','Sound Dampener',1,''),(3694,'2015-12-20 17:14:15',1,31,'2112','Species Database',1,''),(3695,'2015-12-20 17:15:27',1,31,'2113','3PX-Series Protocol Droid',1,''),(3696,'2015-12-20 17:15:52',1,31,'2114','5YQ-Series Protol Droid',1,''),(3697,'2015-12-20 17:16:30',1,31,'2115','CZ-Series Communications/Business Droid',1,''),(3698,'2015-12-20 17:17:17',1,31,'2116','M-3PO-Series Military Protocol Droid',1,''),(3699,'2015-12-20 17:17:50',1,31,'2117','TC-Series Protocol Droid',1,''),(3700,'2015-12-20 17:18:20',1,31,'2118','LRD-Series Envoy Droid',1,''),(3701,'2015-12-20 17:18:52',1,31,'2119','LOM-Series Protocol Droid',1,''),(3702,'2015-12-20 17:20:22',1,45,'2120','3PX-Series Protocol Droid',1,''),(3703,'2015-12-20 17:21:41',1,45,'2121','5YQ-Series Protol Droid',1,''),(3704,'2015-12-20 17:23:05',1,31,'2122','Inbuilt Datapad',1,''),(3705,'2015-12-20 17:23:54',1,45,'2123','CZ-Series Communications/Business Droid',1,''),(3706,'2015-12-20 17:26:12',1,54,'2124','Advanced Language Module',1,''),(3707,'2015-12-20 17:26:55',1,45,'2125','TC-Series Protocol Droid',1,''),(3708,'2015-12-20 17:28:55',1,54,'2126','Military Analyst',1,''),(3709,'2015-12-20 17:29:35',1,45,'2127','M-3PO-Series Military Protocol Droid',1,''),(3710,'2015-12-20 17:32:16',1,54,'2128','Rhetorical Mimic',1,''),(3711,'2015-12-20 17:32:57',1,45,'2129','LRD-Series Envoy Droid',1,''),(3712,'2015-12-20 17:35:13',1,54,'2130','Insectoid Appearance',1,''),(3713,'2015-12-20 17:35:49',1,45,'2131','LOM-Series Protocol Droid',1,''),(3714,'2015-12-24 13:44:57',1,36,'44','Chauffeur',1,''),(3715,'2015-12-24 13:47:11',1,35,'2132','8880 Luxury Landspeeder',1,''),(3716,'2015-12-24 13:48:37',1,35,'2133','V-35 Courier',1,''),(3717,'2015-12-24 13:52:26',1,35,'2134','Hyperfoil 1000-XTC',1,''),(3718,'2015-12-24 13:54:31',1,36,'45','Helmsman',1,''),(3719,'2015-12-24 13:54:51',1,36,'46','waitstaff',1,''),(3720,'2015-12-24 13:55:54',1,42,'80','Aerial Retreat',1,''),(3721,'2015-12-24 13:56:14',1,35,'2135','HA-5 Aerial Retreat',1,''),(3722,'2015-12-24 13:58:07',1,38,'2136','Baudo-Class Star Yacht',1,''),(3723,'2015-12-24 13:59:57',1,38,'2137','Curich-Class Shuttle',1,''),(3724,'2015-12-24 14:30:17',1,23,'16','Latest Purchases',1,''),(3725,'2015-12-24 14:32:32',1,23,'16','Latest Purchases',2,'Changed blog_entry.'),(3726,'2015-12-24 14:32:57',1,23,'16','Latest Purchases',2,'Changed blog_entry.'),(3727,'2015-12-24 14:37:46',1,42,'81','Barge',1,''),(3728,'2015-12-24 14:37:50',1,38,'2138','J-Type Diplomatic Barge',1,''),(3729,'2015-12-24 14:38:05',1,38,'2138','J-Type Diplomatic Barge',2,'Changed category for equipment \"Equipment object\". Added index \"DA:62\".'),(3730,'2015-12-24 14:39:41',1,38,'2138','J-Type Diplomatic Barge',2,'Changed notes.'),(3731,'2015-12-24 14:42:18',1,38,'2139','MC-18 Light Freighter',1,''),(3732,'2015-12-24 14:51:18',1,38,'2140','Kappa-Class Shuttle',1,''),(3733,'2015-12-24 14:52:32',1,41,'2141','Environmental Simulators',1,''),(3734,'2015-12-24 14:53:46',1,41,'2142','Luxury Passenger Compartments',1,''),(3735,'2015-12-24 14:54:26',1,41,'2143','Advanced Subspace Encryption Array',1,''),(3736,'2015-12-24 14:54:53',1,41,'2144','HoloNet Pirate Array',1,''),(3737,'2015-12-24 15:30:27',1,55,'2145','Cairnmog',1,''),(3738,'2015-12-24 15:31:19',1,57,'2146','Cairnmog Sharp Horns',1,''),(3739,'2015-12-24 15:32:37',1,58,'2147','Cairnmog',1,''),(3740,'2015-12-24 15:34:57',1,54,'2148','Fecklen Boom',1,''),(3741,'2015-12-24 15:35:09',1,55,'2149','Fecklen',1,''),(3742,'2015-12-24 15:35:39',1,57,'2150','Fecklen Horns',1,''),(3743,'2015-12-24 15:37:05',1,58,'2151','Fecklen',1,''),(3744,'2016-01-08 18:47:27',1,55,'2152','Blackback',1,''),(3745,'2016-01-08 18:48:33',1,57,'2153','Blackback Talons',1,''),(3746,'2016-01-08 18:49:43',1,58,'2154','Blackback',1,''),(3747,'2016-01-08 18:56:56',1,55,'2155','Ghorla',1,''),(3748,'2016-01-08 18:57:45',1,58,'2156','Ghorla',1,''),(3749,'2016-01-08 18:59:00',1,57,'2157','Ghorla Trampling hoves',1,''),(3750,'2016-01-08 19:00:31',1,31,'2158','100 credits',1,''),(3751,'2016-01-08 19:01:05',1,45,'2159','Chandrilan Citizen',1,''),(3752,'2016-01-08 19:02:09',1,31,'2160','Academy uniform',1,''),(3753,'2016-01-08 19:03:03',1,45,'2161','Brionelle Army Cadet',1,''),(3754,'2016-01-08 19:07:11',1,32,'2162','Stun Rifle (Ranged [Heavy]; Damage 9; Critical 4; Range (Long); Stun Damage, )',1,''),(3755,'2016-01-08 19:07:21',1,45,'2163','Chandrilan Agriculturalist',1,''),(3756,'2016-01-08 19:08:14',1,45,'2163','Chandrilan Agriculturalist',2,'Changed equipment. Added skill entry \"SkillEntry object\". Added skill entry \"SkillEntry object\". Added skill entry \"SkillEntry object\". Added skill entry \"SkillEntry object\". Added skill entry \"SkillEntry object\". Added index \"SoR:18\".'),(3757,'2016-01-08 19:09:50',1,32,'2164','Stun pistol (Ranged [Light]; Damage 6; Critical 4; Range (Medium); Stun Damage, )',1,''),(3758,'2016-01-08 19:09:54',1,45,'2165','Chandrilan Navy Officer',1,''),(3759,'2016-01-08 19:11:19',1,45,'2165','Chandrilan Navy Officer',2,'Changed equipment. Added talent entry \"<a href=\"/character/talent/1205/\" class=\"talent_name\">Fire Control</a> 1\". Added skill entry \"SkillEntry object\". Added skill entry \"SkillEntry object\". Added skill entry \"SkillEntry object\". Added skill entry \"SkillEntry object\". Added skill entry \"SkillEntry object\". Added index \"SoR:19\".'),(3760,'2016-01-08 19:14:27',1,45,'2166','Chandrilan Governor',1,''),(3761,'2016-01-21 18:04:14',1,54,'2167','Companion Animal',1,''),(3762,'2016-01-21 18:04:42',1,55,'2168','Houjix',1,''),(3763,'2016-01-21 18:05:20',1,57,'2169','Houjix Teeth',1,''),(3764,'2016-01-21 18:05:42',1,57,'2170','Houjix Tail',1,''),(3765,'2016-01-21 18:07:13',1,58,'2171','Houjix',1,''),(3766,'2016-01-21 18:09:34',1,54,'2172','Dive-bomb',1,''),(3767,'2016-01-21 18:09:41',1,55,'2173','Tayan Falcon',1,''),(3768,'2016-01-21 18:10:13',1,57,'2174','Tayan Falcon Talons',1,''),(3769,'2016-01-21 18:11:07',1,58,'2175','Tayan Falcon',1,''),(3770,'2016-01-21 18:12:36',1,54,'2176','Invoke Doellin',1,''),(3771,'2016-01-21 18:13:12',1,31,'2177','Tayan staff',1,''),(3772,'2016-01-21 18:13:31',1,31,'2178','Priestly robes',1,''),(3773,'2016-01-21 18:13:50',1,31,'2179','500 credits',1,''),(3774,'2016-01-21 18:15:11',1,45,'2180','Doellinist High Priest',1,''),(3775,'2016-01-21 18:20:59',1,55,'2181','Mon Cala Eel',1,''),(3776,'2016-01-21 18:21:34',1,57,'2182','Mon Cala Eel Electric skin',1,''),(3777,'2016-01-21 18:22:29',1,58,'2183','Mon Cala Eel',1,''),(3778,'2016-01-21 18:24:45',1,55,'2184','Keelkana',1,''),(3779,'2016-01-21 18:26:00',1,54,'957','Lightning Charge',2,'Added index \"SoR:34\".'),(3780,'2016-01-21 18:26:41',1,57,'2185','Keelkana Jaws',1,''),(3781,'2016-01-21 18:27:37',1,58,'2186','Trained Keelkana',1,''),(3782,'2016-01-21 18:48:09',1,55,'2187','Whaladon',1,''),(3783,'2016-01-21 18:48:45',1,57,'2188','Whaladon Tail',1,''),(3784,'2016-01-21 18:49:32',1,58,'2189','Whaladon',1,''),(3785,'2016-01-21 18:51:14',1,45,'2190','Mon Calamari Shipwright',1,''),(3786,'2016-01-21 18:58:24',1,45,'2191','Mon Calamari Commander',1,''),(3787,'2016-01-22 18:35:05',1,55,'2192','Miim',1,''),(3788,'2016-01-22 18:35:43',1,57,'2193','Miim Tail',1,''),(3789,'2016-01-22 18:38:34',1,58,'2194','Miim',1,''),(3790,'2016-01-22 18:43:03',1,54,'2195','Constabulary Honor 2',1,''),(3791,'2016-01-22 19:42:17',1,45,'2196','Orange-Rated Constable',1,''),(3792,'2016-01-22 19:43:03',1,54,'2197','Constabulary Honor 3',1,''),(3793,'2016-01-22 19:44:46',1,45,'2198','Blue-Rated Constable',1,''),(3794,'2016-01-23 14:40:15',1,45,'2199','Commander Freila',1,''),(3795,'2016-01-23 14:53:49',1,45,'2200','Regent Credi Solfinn',1,''),(3796,'2016-01-23 14:59:07',1,45,'2201','Salana',1,''),(3797,'2016-01-23 15:00:48',1,58,'838','Mynock',2,'Added index \"SoR:51\".'),(3798,'2016-01-26 15:40:08',1,49,'618','Natural Hunter',2,'Added index \"A-CRB:153\".'),(3799,'2016-01-26 15:40:28',1,49,'626','Natural Tinkerer',2,'Added index \"A-CRB:153\".'),(3800,'2016-01-26 15:40:53',1,49,'1217','Situational Awareness',2,'Added index \"A-CRB:156\".'),(3801,'2016-01-26 15:41:51',1,49,'540','Bacta Specialist',2,'Changed page for index \"E-CRB:132\".'),(3802,'2016-01-26 15:42:11',1,49,'1199','Confidence',2,'Added index \"E-CRB:133\".'),(3803,'2016-01-26 15:42:48',1,49,'1216','Respected Scholar',2,'Added index \"A-CRB:142\".'),(3804,'2016-01-26 15:43:28',1,49,'1217','Situational Awareness',2,'Deleted index \"E-CRB:156\".'),(3805,'2016-01-26 18:27:17',1,54,'2202','Sticky Saliva',1,''),(3806,'2016-01-26 18:27:25',1,55,'2203','Knytix',1,''),(3807,'2016-01-26 18:28:03',1,57,'2204','Knytix Barb and teeth',1,''),(3808,'2016-01-26 18:28:40',1,58,'2205','Knytix',1,''),(3809,'2016-01-26 18:29:11',1,55,'2206','Blood Eagle',1,''),(3810,'2016-01-26 18:30:03',1,57,'2207','Blood Eagle Razor Talons',1,''),(3811,'2016-01-26 18:31:15',1,58,'2208','Blood Eagle',1,''),(3812,'2016-01-26 18:33:36',1,54,'2209','Create Bacta',1,''),(3813,'2016-01-26 18:35:01',1,45,'2210','Black Claw Saboteur',1,''),(3814,'2016-01-26 18:37:27',1,31,'2211','Morbo\'s Place cantina',1,''),(3815,'2016-01-26 18:37:52',1,45,'2212','Voralla Morbo',1,''),(3816,'2016-01-26 19:17:32',1,54,'1014','Natural Camouflage',2,'Changed description.'),(3817,'2016-01-26 19:18:31',1,54,'2213','Camouflaged',1,''),(3818,'2016-01-26 19:19:06',1,54,'956','Sure-Footed',2,'Added index \"SoR:59\".'),(3819,'2016-01-26 19:19:24',1,55,'2214','Choku',1,''),(3820,'2016-01-26 19:20:17',1,57,'2215','Choku Serrated teeth',1,''),(3821,'2016-01-26 19:20:57',1,58,'2216','Choku',1,''),(3822,'2016-01-26 19:21:28',1,55,'2217','Mamien',1,''),(3823,'2016-01-26 19:22:04',1,57,'2218','Mamien Pummeling Fists',1,''),(3824,'2016-01-26 19:22:56',1,58,'2219','Mamien',1,''),(3825,'2016-01-26 19:26:02',1,38,'2220','Independence',1,''),(3826,'2016-01-26 19:26:33',1,55,'1755','Tauntaun',2,'Added index \"SoR:63\".'),(3827,'2016-01-26 19:27:01',1,57,'1756','Tauntaun Horns',2,'Added index \"SoR:63\".'),(3828,'2016-01-26 19:27:17',1,58,'1757','Tauntaun',2,'Added index \"SoR:63\".'),(3829,'2016-01-26 19:28:08',1,55,'2221','Wampa',1,''),(3830,'2016-01-26 19:28:50',1,57,'2222','Wampa Claws',1,''),(3831,'2016-01-26 19:29:39',1,58,'2223','Wampa',1,''),(3832,'2016-01-26 19:32:11',1,45,'2224','Deck Office Lt. Nela Arseli',1,''),(3833,'2016-01-26 19:34:43',1,45,'2225','General Elora Silssusio',1,''),(3834,'2016-01-26 19:36:39',1,45,'2226','Crew Chief Jerion \"Jolt\" Terolt',1,''),(3835,'2016-01-26 19:39:24',1,45,'2227','Colonel (General) Romar Kek',1,''),(3836,'2016-01-26 19:41:42',1,54,'2228','No Vocal Cords',1,''),(3837,'2016-01-26 19:43:41',1,54,'2229','Telepathy',1,''),(3838,'2016-01-26 19:44:10',1,55,'2230','Polis Massan',1,''),(3839,'2016-01-26 19:44:39',1,55,'1851','Quarren',2,'Added index \"SoR:101\".'),(3840,'2016-01-26 19:46:08',1,54,'2231','Microvision',1,''),(3841,'2016-01-26 19:47:27',1,54,'2232','Radio-wave Communication',1,''),(3842,'2016-01-26 19:48:46',1,55,'2233','Verpine',1,''),(3843,'2016-01-26 19:49:20',1,55,'2230','Polis Massan',2,'Changed notes.'),(3844,'2016-01-26 19:50:20',1,32,'2234','Bola Carbine (Ranged [Heavy]; Damage 8; Critical 3; Range (Medium); Accurate 1, Ensnare 1, )',1,''),(3845,'2016-01-26 19:51:08',1,32,'2235','Droid Disruptor (Ranged [Light]; Damage 6; Critical 3; Range (Short); Vicious 3, Droids Only)',1,''),(3846,'2016-01-26 19:52:42',1,32,'2236','Variable Holdout Blaster (Ranged [Light]; Damage 1; Critical 4; Range (Short); Limited Ammo 12, Damage setting 1 to 7)',1,''),(3847,'2016-01-26 19:53:23',1,32,'2237','Mon Calamari Battle Baton (Ranged [Light]; Damage 5; Critical 4; Range (Medium); Stun Setting, )',1,''),(3848,'2016-01-26 19:55:43',1,32,'2238','Mon Calamari Spear Blaster (Blaster) (Ranged [Heavy]; Damage 8; Critical 3; Range (Long); Stun Setting, )',1,''),(3849,'2016-01-26 19:56:14',1,32,'2239','Mon Calamari Spear Blaster (Spear) (Melee; Damage 2; Critical 3; Range (Engaged); Pierce 1, )',1,''),(3850,'2016-01-26 19:57:13',1,32,'2240','Sorosuub \"Renegade\" Heavy Blaster Pistol (Ranged [Light]; Damage 8; Critical 3; Range (Medium); Inaccurate 1, Stun Setting, )',1,''),(3851,'2016-01-26 19:58:37',1,32,'2241','Salus DF-D1 Duo-Flechette Rifle (Ranged [Heavy]; Damage 9; Critical 3; Range (Short); Blast 4, Limited Ammo 5, Linked 1, Vicious 2, )',1,''),(3852,'2016-01-26 19:59:17',1,32,'2242','Verpine Shatter Pistol (Ranged [Light]; Damage 8; Critical 3; Range (Medium); Knockdown, Pierce 2, )',1,''),(3853,'2016-01-26 20:00:39',1,32,'2243','Verpine Shatter Rifle (Ranged [Heavy]; Damage 12; Critical 3; Range (Extreme); Knockdown, Pierce 4, )',1,''),(3854,'2016-01-26 20:01:27',1,32,'2244','Verpine Heavy Shatter Rifle (Gunnery; Damage 15; Critical 2; Range (Extreme); Accurate 2, Knockdown, Pierce 6, )',1,''),(3855,'2016-01-26 20:03:06',1,32,'2245','Mon Cal Defenses Mini-Torpedo Launcher (Ranged [Heavy]; Damage 8; Critical 2; Range (Long); Blast 6, Cumbersome 2, Limited Ammo 2, )',1,''),(3856,'2016-01-26 20:04:26',1,32,'2246','Mini-Torpedo, Armor Piercing (Ranged [Heavy]; Damage 8; Critical 2; Range (Long); Blast 6, Limited Ammo 1, )',1,''),(3857,'2016-01-26 20:05:26',1,32,'2247','Mini-Torpedo, Armor Piercing (Ranged [Heavy]; Damage 12; Critical 3; Range (Medium); Blast 2, Limited Ammo 1, Pierce 4, )',1,''),(3858,'2016-01-26 20:05:50',1,32,'2246','Mini-Torpedo, Anti-Personnel (Ranged [Heavy]; Damage 8; Critical 2; Range (Long); Blast 6, Limited Ammo 1, )',2,'Changed name.'),(3859,'2016-01-26 20:07:28',1,32,'2248','Mini-Torpedo, Ink (Ranged [Heavy]; Damage 0; Critical -; Range (Long); Blast 1, Disorient 4, Limited Ammo 1, Blast 0)',1,''),(3860,'2016-01-26 20:07:35',1,32,'2248','Mini-Torpedo, Ink (Ranged [Heavy]; Damage 0; Critical -; Range (Long); Disorient 4, Limited Ammo 1, Blast 0)',2,'Deleted weapon quality entry \"<a href=\"/equipment/weaponqualities/1388/\" class=\"weaponquality_name\">Blast</a> 1\".'),(3861,'2016-01-26 20:09:16',1,32,'2249','Mini-Torpedo, Ion (Ranged [Heavy]; Damage 10; Critical 2; Range (Long); Blast 8, Ion, Limited Ammo 1, )',1,''),(3862,'2016-01-26 20:10:20',1,32,'2250','Mini-Torpedo, Net (Ranged [Heavy]; Damage 0; Critical -; Range (Medium); Ensnare 6, Limited Ammo 1, Blast 0)',1,''),(3863,'2016-01-26 20:11:23',1,32,'2251','Mini-Torpedo, Stun (Ranged [Heavy]; Damage 8; Critical 2; Range (Long); Blast 4, Concussive 2, Limited Ammo 1, Stun Damage, )',1,''),(3864,'2016-01-26 20:12:52',1,32,'2252','Spore/B Stun Grenade (Ranged [Light]; Damage 6; Critical 3; Range (Short); Blast 6, Concussive 2, Limited Ammo 1, Stun Damage, )',1,''),(3865,'2016-01-26 20:16:11',1,32,'2253','Koromondain SVT-300 Stun Cloak (Brawl; Damage 7; Critical 3; Range (Engaged); Limited Ammo 3, Stun Damage, )',1,''),(3866,'2016-01-26 20:27:46',1,32,'2254','Mon Calamari Coral Pike (Melee; Damage 3; Critical 2; Range (Engaged); Defensive 1, Pierce 2, )',1,''),(3867,'2016-01-26 20:29:01',1,32,'2255','Mon Calamari Energy Lance (Melee; Damage 3; Critical 2; Range (Engaged); Cumbersome 3, Pierce 3, )',1,''),(3868,'2016-01-26 20:29:42',1,32,'2256','SoroSuub CS-12 Stun Master (Melee; Damage 6; Critical 3; Range (Engaged); Disorient 2, Stun Damage, )',1,''),(3869,'2016-01-26 20:30:19',1,33,'2257','Polis Massan Bodysuit (+1 soak)',1,''),(3870,'2016-01-26 20:31:53',1,33,'2258','Leviathan Power Armor (+2 soak; +2 defense)',1,''),(3871,'2016-01-26 20:32:30',1,33,'2259','Verpine Fiber Ultramesh Armor (+1 soak)',1,''),(3872,'2016-01-26 20:33:42',1,34,'1785','Blaster Suppressor',2,'Added index \"SoR:110\".'),(3873,'2016-01-26 20:34:30',1,34,'2260','Weapon Signature Reduction',1,''),(3874,'2016-01-26 20:35:07',1,34,'2261','Electronic Sighting System',1,''),(3875,'2016-01-26 20:37:01',1,31,'2262','False Voice Transmitter',1,''),(3876,'2016-01-26 20:38:08',1,31,'2263','Polis Massan Voicebox',1,''),(3877,'2016-01-26 20:38:34',1,31,'2264','PTP Link',1,''),(3878,'2016-01-26 20:38:57',1,31,'2265','Verpine Comlink',1,''),(3879,'2016-01-26 20:39:51',1,31,'2266','Neuro-Saav Cyborg/Droid Interface',1,''),(3880,'2016-01-26 20:40:24',1,31,'2267','Swift 78B Vessel Courier System',1,''),(3881,'2016-01-26 20:41:35',1,31,'2268','Ct-4 Medical Droid',1,''),(3882,'2016-01-26 20:41:58',1,31,'2269','Q-4 Borer Droid',1,''),(3883,'2016-01-26 20:42:20',1,31,'2270','Roche J9 Worker Drone',1,''),(3884,'2016-01-26 20:42:54',1,31,'2271','Roche Siak-series Protocol Droid',1,''),(3885,'2016-01-26 20:43:32',1,31,'2272','SoroSuub G2 Repair Droid',1,''),(3886,'2016-01-26 20:44:03',1,31,'2273','SoroSuub Wanderer Scout Survey Droid',1,''),(3887,'2016-01-26 20:44:59',1,31,'2274','Aratech R82 Jump Boots',1,''),(3888,'2016-01-26 20:45:24',1,31,'2275','Mon Calamari Organic Gil',1,''),(3889,'2016-01-26 20:45:46',1,31,'2276','Verpine Bond Guantlets',1,''),(3890,'2016-01-26 20:46:06',1,31,'2277','Verpine Headband',1,''),(3891,'2016-01-26 20:48:18',1,32,'2278','Heavy-duty Drilling Laser (Ranged [Light]; Damage 6; Critical 3; Range (Engaged); Pierce 4, )',1,''),(3892,'2016-01-26 20:49:05',1,31,'2279','Synthflesh Applicator',1,''),(3893,'2016-01-26 20:49:54',1,45,'2280','CT-4 Medical Droid',1,''),(3894,'2016-01-26 21:01:05',1,31,'2281','Rock-scanning Sensors',1,''),(3895,'2016-01-26 21:01:28',1,45,'2282','Q-4 Borer Droid',1,''),(3896,'2016-01-26 21:02:51',1,31,'2283','Olfactory and microwave sensors',1,''),(3897,'2016-01-26 21:03:20',1,45,'2284','Roche J9 Worker Drone',1,''),(3898,'2016-01-26 21:13:39',1,45,'2285','Roche Siak-series Protocol Droid',1,''),(3899,'2016-01-26 21:14:36',1,45,'2286','SoroSuub G2 Repair Droid',1,''),(3900,'2016-01-26 21:15:40',1,45,'2286','SoroSuub G2 Repair Droid',2,'Added skill entry \"SkillEntry object\". Added skill entry \"SkillEntry object\". Added skill entry \"SkillEntry object\". Added skill entry \"SkillEntry object\". Added skill entry \"SkillEntry object\". Added index \"SoR:114\".'),(3901,'2016-01-26 21:20:04',1,45,'2287','SoroSuub Wanderer Scout Survey Droid',1,''),(3902,'2016-01-26 21:37:32',1,35,'2288','Nen-Carvon R-444 Imperial Sky Swooper',1,''),(3903,'2016-01-26 21:39:26',1,35,'2289','Hydrospace Corp Explorer Submersible',1,''),(3904,'2016-01-26 21:40:05',1,42,'82','Submarine',1,''),(3905,'2016-01-26 21:41:55',1,35,'2290','Mon Calamari Keelkana-class Attack Submersible',1,''),(3906,'2016-01-26 21:43:50',1,38,'2291','Tallanx-class Stealth Fighter',1,''),(3907,'2016-01-26 21:46:10',1,38,'2292','Darvro-class Light Freighter',1,''),(3908,'2016-01-26 21:48:36',1,38,'2293','MC30c Frigate',1,''),(3909,'2016-01-26 21:48:54',1,38,'2292','Darvro-class Light Freighter',2,'Changed notes.'),(3910,'2016-01-26 21:51:03',1,38,'2294','MC40a Light Cruiser',1,''),(3911,'2016-01-26 21:51:59',1,38,'1690','TIE/PH \"Phantom\" Multi-role Stealth Starfighter',2,'Added index \"SoR:127\".'),(3912,'2016-01-26 21:53:31',1,32,'236','Karflo Corporation G9-GP Pulse Drill (Melee; Damage 5; Critical 4; Range (Engaged); Breach 1, Cumbersome 3, Inaccurate 2, )',2,'Added index \"SoR:139*\".'),(3913,'2016-01-26 23:36:57',1,54,'2295','Intuitive Navigation',1,''),(3914,'2016-01-26 23:38:24',1,31,'2296','X-wing',1,''),(3915,'2016-01-26 23:38:42',1,31,'2297','R2-series astromech droid',1,''),(3916,'2016-01-26 23:39:32',1,45,'2298','Kip Famas',1,''),(3917,'2016-01-26 23:40:52',1,31,'2299','Y-wing',1,''),(3918,'2016-01-26 23:41:09',1,31,'2300','R5-series astromech droid',1,''),(3919,'2016-01-26 23:42:03',1,45,'2301','Pashna Genko',1,''),(3920,'2016-01-26 23:43:34',1,45,'2302','Polis Massa Base Squadron Pilot',1,''),(3921,'2016-01-26 23:43:47',1,45,'2302','Polis Massa Base Squadron Pilot',2,'No fields changed.'),(3922,'2016-01-26 23:46:24',1,45,'2303','Gareth Agamar',1,''),(3923,'2016-01-26 23:51:02',1,45,'2304','Imperial Test Pilot',1,''),(3924,'2016-01-26 23:54:38',1,45,'2305','Mehmet Alovar',1,''),(3925,'2016-01-26 23:57:38',1,45,'2306','Halari Takan',1,''),(3926,'2016-01-26 23:59:01',1,31,'2307','Encrypted datapad with Imperial holonet uplink',1,''),(3927,'2016-01-27 00:00:46',1,45,'2308','Montra Varn',1,''),(3928,'2016-01-27 00:02:09',1,31,'2309','Demolitions kit',1,''),(3929,'2016-01-27 00:04:25',1,45,'2310','Gaff Kilvaari',1,''),(3930,'2016-01-27 00:09:48',1,45,'2311','Sullustan Resistance Fighter',1,''),(3931,'2016-01-27 00:11:06',1,33,'2312','Armored Imperial Uniform (+1 soak; +1 defense)',1,''),(3932,'2016-01-27 00:11:11',1,45,'2313','Fenn Sesslyn',1,''),(3933,'2016-01-27 00:13:27',1,45,'2313','Fenn Sesslyn',2,'Changed equipment. Added talent entry \"<a href=\"/character/talent/536/\" class=\"talent_name\">Adversary</a> 2\". Added talent entry \"<a href=\"/character/talent/1198/\" class=\"talent_name\">Commanding Presence</a> 3\". Added talent entry \"<a href=\"/character/talent/1199/\" class=\"talent_name\">Confidence</a> 2\". Added talent entry \"<a href=\"/character/talent/571/\" class=\"talent_name\">Field Commander [Improved]</a>\". Added talent entry \"<a href=\"/character/talent/1212/\" class=\"talent_name\">Natural Leader</a>\". Added talent entry \"<a href=\"/character/talent/642/\" class=\"talent_name\">Scathing Tirade [Improved]</a>\". Added skill entry \"SkillEntry object\". Added skill entry \"SkillEntry object\". Added skill entry \"SkillEntry object\". Added skill entry \"SkillEntry object\". Added skill entry \"SkillEntry object\". Added skill entry \"SkillEntry object\". Added skill entry \"SkillEntry object\". Added skill entry \"SkillEntry object\". Added skill entry \"SkillEntry object\". Added skill entry \"SkillEntry object\". Added skill entry \"SkillEntry object\". Added index \"SoR:138\".'),(3934,'2016-01-27 00:17:35',1,45,'2314','SoroSuub Corporate Security',1,''),(3935,'2016-01-27 00:20:05',1,45,'2315','501-Z Poliece Droid',1,''),(3936,'2016-01-27 00:23:38',1,45,'2316','Bleshk Callor',1,''),(3937,'2016-01-27 00:28:50',1,31,'2317','BioTech borg construct Ax8',1,''),(3938,'2016-01-27 00:31:21',1,45,'2318','Halina Patel',1,''),(3939,'2016-01-27 00:32:49',1,31,'2319','2000 credits',1,''),(3940,'2016-01-27 00:35:02',1,45,'2320','Nosh Droma',1,''),(3941,'2016-01-27 00:37:53',1,45,'2321','Taska Mastigar',1,''),(3942,'2016-01-27 00:39:49',1,25,'25','Core Rulebook (FaD)',3,''),(3943,'2016-01-27 01:01:26',1,55,'2322','Ga;va',1,''),(3944,'2016-01-27 01:02:09',1,57,'2323','Ga;va Teeth',1,''),(3945,'2016-01-27 01:02:23',1,55,'2322','Galva',2,'Changed name.'),(3946,'2016-01-27 01:03:01',1,58,'2324','Galva',1,''),(3947,'2016-01-27 01:03:43',1,55,'2325','Nuuno',1,''),(3948,'2016-01-27 01:04:28',1,57,'2326','Nuuno Antennae',1,''),(3949,'2016-01-27 01:05:09',1,57,'2327','Nuuno Claws',1,''),(3950,'2016-01-27 01:06:15',1,58,'2328','Nuuno',1,''),(3951,'2016-01-27 01:11:51',1,54,'2329','Excellent Climber',1,''),(3952,'2016-01-27 01:12:07',1,55,'2330','Thaelo',1,''),(3953,'2016-01-27 01:12:51',1,57,'2331','Thaelo Fists',1,''),(3954,'2016-01-27 01:14:31',1,58,'2332','Thaelo',1,''),(3955,'2016-01-27 01:16:56',1,31,'2333','Conservative Clothing',1,''),(3956,'2016-01-27 01:19:20',1,45,'2334','Venlana Sipal',1,''),(3957,'2016-01-27 01:21:42',1,45,'2335','Graf Lind',1,''),(3958,'2016-01-27 01:22:16',1,45,'2335','Graf Lind',2,'Changed aka for index \"MPK:21*\".'),(3959,'2016-01-27 01:23:37',1,31,'2336','import/export shop keycard',1,''),(3960,'2016-01-27 01:23:58',1,31,'2337','ASP-series labor droid',1,''),(3961,'2016-01-27 01:24:40',1,45,'2338','Krezo Wasanti',1,''),(3962,'2016-01-27 01:25:27',1,45,'2338','Krezo Wasanti',2,'Changed aka for index \"MPK:24*\".'),(3963,'2016-01-27 01:28:20',1,32,'2339','Reinforced manipulators (Brawl; Damage 1; Critical 4; Range (Engaged); Disorient 3, )',1,''),(3964,'2016-01-27 01:29:02',1,45,'2340','KooChoo',1,''),(3965,'2016-01-27 01:31:47',1,45,'2341','Lathe',1,''),(3966,'2016-01-27 01:44:34',1,45,'2342','Krash',1,''),(3967,'2016-01-27 13:10:34',1,54,'2343','Squad Leader',1,''),(3968,'2016-01-27 13:11:18',1,54,'2344','Teamwork',1,''),(3969,'2016-01-27 13:11:29',1,45,'2345','Zeke',1,''),(3970,'2016-01-27 13:12:47',1,33,'2346','Worn Clone Trooper Armor (+2 soak)',1,''),(3971,'2016-01-27 13:12:56',1,45,'2345','Zeke',2,'Changed equipment.'),(3972,'2016-01-27 13:14:30',1,45,'2345','Zeke',2,'Changed equipment. Added talent entry \"<a href=\"/character/talent/536/\" class=\"talent_name\">Adversary</a> 1\". Added talent entry \"<a href=\"/character/talent/631/\" class=\"talent_name\">Point Blank</a> 1\". Added skill entry \"SkillEntry object\". Added skill entry \"SkillEntry object\". Added skill entry \"SkillEntry object\". Added skill entry \"SkillEntry object\". Added skill entry \"SkillEntry object\". Added skill entry \"SkillEntry object\". Added skill entry \"SkillEntry object\". Added skill entry \"SkillEntry object\". Added skill entry \"SkillEntry object\". Added index \"MPK:29*\".'),(3973,'2016-01-27 13:15:52',1,54,'2347','Hard of Hearing',1,''),(3974,'2016-01-27 13:17:27',1,45,'2348','Oake',1,''),(3975,'2016-01-27 13:19:51',1,54,'2349','Near-Sighted',1,''),(3976,'2016-01-27 13:20:20',1,54,'2350','Tremor',1,''),(3977,'2016-01-27 13:21:24',1,54,'2351','Poor Memory',1,''),(3978,'2016-01-27 13:23:16',1,45,'2352','Jayk, Rafe, and Tojo',1,''),(3979,'2016-01-27 13:23:52',1,45,'2352','Jayk, Rafe, and Tojo',2,'Changed aka for index \"MPK:30*\".'),(3980,'2016-01-27 14:57:19',1,45,'2353','Sorority Pirate',1,''),(3981,'2016-01-27 15:04:20',1,45,'2354','Mandi',1,''),(3982,'2016-01-27 15:07:34',1,31,'2355','Sorority Mask',1,''),(3983,'2016-01-27 15:07:52',1,31,'2355','Sorority Mask',2,'Changed page for index \"MPK:36\".'),(3984,'2016-01-27 15:09:09',1,45,'2356','Revah',1,''),(3985,'2016-01-27 15:13:49',1,45,'2357','Sorority Pirate Queensguard',1,''),(3986,'2016-02-03 19:00:09',1,54,'2358','Keen Eyesight',1,''),(3987,'2016-02-03 19:00:16',1,55,'2359','Mantellian Pterosaur',1,''),(3988,'2016-02-03 19:00:48',1,57,'2360','Mantellian Pterosaur Teeth',1,''),(3989,'2016-02-03 19:01:09',1,57,'2361','Mantellian Pterosaur Claws',1,''),(3990,'2016-02-03 19:02:04',1,58,'2362','Mantellian Pterosaur',1,''),(3991,'2016-02-03 19:05:22',1,55,'2363','Mantellan Flutterplume',1,''),(3992,'2016-02-03 19:06:55',1,57,'2364','Mantellan Flutterplume Beak and Talons',1,''),(3993,'2016-02-03 19:07:50',1,58,'2365','Mantellan Flutterplume',1,''),(3994,'2016-02-03 20:37:03',1,54,'2366','Poisonous Bite',1,''),(3995,'2016-02-03 20:37:09',1,55,'2367','Mantellian Savrip',1,''),(3996,'2016-02-03 20:40:08',1,32,'2368','Large Club (Melee; Damage 3; Critical 3; Range (Engaged); Disorient 3, )',1,''),(3997,'2016-02-03 20:40:31',1,58,'2369','Mantellian Savrip',1,''),(3998,'2016-02-04 19:49:46',1,45,'2370','JR-12',1,''),(3999,'2016-02-05 13:37:25',1,45,'2371','Illo Vandin',1,''),(4000,'2016-02-05 13:38:20',1,31,'2372','Fine suit',1,''),(4001,'2016-02-05 13:39:16',1,45,'2373','Jyd Renyr',1,''),(4002,'2016-02-05 13:40:10',1,31,'2374','Mask',1,''),(4003,'2016-02-05 13:41:05',1,31,'2375','Wresting costume',1,''),(4004,'2016-02-05 13:42:36',1,45,'2376','The Anvil',1,''),(4005,'2016-02-05 13:44:29',1,32,'2377','Pair of vibroknucklers (Brawl; Damage 1; Critical 2; Range (Engaged); Pierce 1, Vicious 1, )',1,''),(4006,'2016-02-05 13:44:36',1,45,'2378','Aimee \"Flutterplume\" Kraeff',1,''),(4007,'2016-02-05 13:45:26',1,31,'2379','Feathered mask',1,''),(4008,'2016-02-05 13:45:46',1,31,'2380','Colorful wrestling costume',1,''),(4009,'2016-02-05 13:47:03',1,45,'2378','Aimee \"Flutterplume\" Kraeff',2,'Changed equipment. Added talent entry \"<a href=\"/character/talent/536/\" class=\"talent_name\">Adversary</a> 2\". Added talent entry \"<a href=\"/character/talent/575/\" class=\"talent_name\">Frenzied Attack</a> 2\". Added skill entry \"SkillEntry object\". Added skill entry \"SkillEntry object\". Added skill entry \"SkillEntry object\". Added skill entry \"SkillEntry object\". Added skill entry \"SkillEntry object\". Added skill entry \"SkillEntry object\". Added skill entry \"SkillEntry object\". Added skill entry \"SkillEntry object\". Added skill entry \"SkillEntry object\". Added index \"MPK:58*\".'),(4010,'2016-02-05 14:01:38',1,45,'2381','Evun, Alva, and Theel',1,''),(4011,'2016-02-05 14:03:03',1,45,'2382','Wounded Mantellian Savrip',1,''),(4012,'2016-02-05 14:36:33',1,45,'2383','Gerk',1,''),(4013,'2016-02-05 14:38:38',1,45,'2384','Slaver Guard',1,''),(4014,'2016-02-05 14:41:56',1,31,'2385','Fashionable clothing',1,''),(4015,'2016-02-05 14:43:03',1,45,'2386','Micael Torval',1,''),(4016,'2016-02-05 14:46:12',1,45,'2387','Sorority Bodyguard',1,''),(4017,'2016-02-05 14:47:46',1,45,'2386','Micael Torval',2,'Added talent entry \"<a href=\"/character/talent/646/\" class=\"talent_name\">Sense Emotions</a>\". Changed talent and rank for talent entry \"<a href=\"/character/talent/574/\" class=\"talent_name\">Force Rating</a> 1\". Added skill entry \"SkillEntry object\". Changed skill and rank for skill entry \"SkillEntry object\". Changed skill for skill entry \"SkillEntry object\". Changed skill and rank for skill entry \"SkillEntry object\". Changed skill for skill entry \"SkillEntry object\". Changed skill and rank for skill entry \"SkillEntry object\". Changed skill for skill entry \"SkillEntry object\". Changed skill and rank for skill entry \"SkillEntry object\".'),(4018,'2016-02-05 14:51:06',1,45,'2388','Ambrae Environmental Security Guard',1,''),(4019,'2016-02-05 14:58:22',1,54,'2389','Scent',1,''),(4020,'2016-02-05 14:58:29',1,55,'2390','Corellian Bloodhound',1,''),(4021,'2016-02-05 14:58:56',1,57,'2391','Corellian Bloodhound Teeth',1,''),(4022,'2016-02-05 15:00:03',1,58,'2392','Corellian Bloodhound',1,''),(4023,'2016-02-05 17:29:38',1,31,'2393','Flamboyant clothing',1,''),(4024,'2016-02-05 17:30:07',1,45,'2394','Sorority Coutier',1,''),(4025,'2016-02-05 17:45:40',1,33,'2395','Heavy Clothing Uniforms (+1 soak)',1,''),(4026,'2016-02-05 17:45:45',1,45,'2396','Sororith Palace Guard',1,''),(4027,'2016-02-05 17:46:27',1,45,'2396','Sororith Palace Guard',2,'Changed equipment. Added skill entry \"SkillEntry object\". Added skill entry \"SkillEntry object\". Added skill entry \"SkillEntry object\". Added skill entry \"SkillEntry object\". Added skill entry \"SkillEntry object\". Added index \"MPK:70\".'),(4028,'2016-02-05 17:48:31',1,54,'2397','Berserk Rage',1,''),(4029,'2016-02-05 17:49:19',1,32,'2398','Spiked Mace (Melee; Damage 4; Critical 2; Range (Engaged); Disorient 3, Pierce 2, )',1,''),(4030,'2016-02-05 17:49:23',1,45,'2399','Tur and Kel',1,''),(4031,'2016-02-05 17:50:53',1,45,'2399','Tur and Kel',2,'Changed equipment. Added talent entry \"<a href=\"/character/talent/565/\" class=\"talent_name\">Durable</a> 2\". Added talent entry \"<a href=\"/character/talent/575/\" class=\"talent_name\">Frenzied Attack</a> 1\". Added skill entry \"SkillEntry object\". Added skill entry \"SkillEntry object\". Added skill entry \"SkillEntry object\". Added skill entry \"SkillEntry object\". Added skill entry \"SkillEntry object\". Added skill entry \"SkillEntry object\". Added index \"MPK:70*\".'),(4032,'2016-02-05 17:52:50',1,45,'2400','Ryale Wei',1,''),(4033,'2016-02-05 18:03:08',1,45,'2400','Ryale Wei',2,'Changed aka for index \"MPK:71*\".'),(4034,'2016-02-09 14:23:27',1,45,'2401','Sorority Saboteur',1,''),(4035,'2016-02-09 14:26:02',1,38,'2402','Cutlass-9 Patrol Fighter',1,''),(4036,'2016-02-09 14:52:34',1,31,'2403','Flight suit and helmet',1,''),(4037,'2016-02-09 14:53:00',1,45,'2404','Sorority Fighter Jockey',1,''),(4038,'2016-02-09 14:56:17',1,31,'2405','Officer\'s Uniform',1,''),(4039,'2016-02-09 14:59:51',1,45,'2406','Jerid Sykes',1,''),(4040,'2016-02-09 15:03:52',1,38,'2407','End of Days',1,''),(4041,'2016-02-09 15:08:02',1,38,'2408','Flatline and Brilliance',1,''),(4042,'2016-02-09 15:10:15',1,38,'2409','StarViper M-2',1,''),(4043,'2016-02-09 15:12:12',1,45,'2410','Consortium Starfighter Pilot',1,''),(4044,'2016-02-09 15:44:40',1,38,'2411','Renegade\'s Blood',1,''),(4045,'2016-02-09 15:50:32',1,38,'2412','Savrip',1,''),(4046,'2016-02-09 15:52:12',1,31,'2413','Uniform',1,''),(4047,'2016-02-09 15:53:28',1,45,'2414','Fleet Officer',1,''),(4048,'2016-02-09 15:55:09',1,45,'2415','Sorority Defender',1,''),(4049,'2016-02-09 17:49:02',1,31,'2416','Sealed Coveralls',1,''),(4050,'2016-02-09 18:08:33',1,45,'2417','Sorority Engineer',1,''),(4051,'2016-02-09 18:11:58',1,31,'2418','Breath mask or space suit',1,''),(4052,'2016-02-09 18:13:11',1,45,'2419','Sorority Crew',1,''),(4053,'2016-02-09 18:15:28',1,32,'2420','Massive vibro-ax (Melee; Damage 4; Critical 2; Range (Engaged); Cumbersome 4, Pierce 2, Sunder, Vicious 3, )',1,''),(4054,'2016-02-09 18:15:33',1,45,'2421','Warg',1,''),(4055,'2016-02-09 18:16:41',1,45,'2421','Warg',2,'Changed equipment. Added talent entry \"<a href=\"/character/talent/565/\" class=\"talent_name\">Durable</a> 2\". Added talent entry \"<a href=\"/character/talent/575/\" class=\"talent_name\">Frenzied Attack</a> 1\". Added skill entry \"SkillEntry object\". Added skill entry \"SkillEntry object\". Added skill entry \"SkillEntry object\". Added skill entry \"SkillEntry object\". Added skill entry \"SkillEntry object\". Added skill entry \"SkillEntry object\". Added index \"MPK:89\".'),(4056,'2016-02-09 18:17:10',1,45,'2421','Warg',2,'Changed aka for index \"MPK:89*\".'),(4057,'2016-02-09 18:19:23',1,45,'2422','Bridge Guard',1,''),(4058,'2016-02-09 18:22:05',1,54,'2423','Awe-inspiring',1,''),(4059,'2016-02-09 18:49:06',1,33,'2424','Armored Uniform (+1 soak)',1,''),(4060,'2016-02-09 18:49:13',1,45,'2425','Noira',1,''),(4061,'2016-02-09 18:50:43',1,31,'2426','Pirate Queen\'s mask',1,''),(4062,'2016-02-09 18:51:11',1,33,'2427','Ornate Armor (+2 soak)',1,''),(4063,'2016-02-09 18:51:19',1,45,'2425','Noira',2,'Changed equipment.'),(4064,'2016-02-09 18:54:06',1,45,'2425','Noira',2,'Changed equipment. Added talent entry \"<a href=\"/character/talent/536/\" class=\"talent_name\">Adversary</a> 2\". Added talent entry \"<a href=\"/character/talent/551/\" class=\"talent_name\">Command</a> 2\". Added talent entry \"<a href=\"/character/talent/659/\" class=\"talent_name\">Steely Nerves</a>\". Added skill entry \"SkillEntry object\". Added skill entry \"SkillEntry object\". Added skill entry \"SkillEntry object\". Added skill entry \"SkillEntry object\". Added skill entry \"SkillEntry object\". Added skill entry \"SkillEntry object\". Added skill entry \"SkillEntry object\". Added skill entry \"SkillEntry object\". Added skill entry \"SkillEntry object\". Added skill entry \"SkillEntry object\". Added index \"MPK:91*\".'),(4065,'2016-02-09 18:56:18',1,33,'2428','Armored Suit (+1 soak)',1,''),(4066,'2016-02-09 18:56:25',1,45,'2429','Porel Vakra',1,''),(4067,'2016-02-09 18:58:18',1,45,'2429','Porel Vakra',2,'Changed equipment. Added talent entry \"<a href=\"/character/talent/536/\" class=\"talent_name\">Adversary</a> 1\". Added talent entry \"<a href=\"/character/talent/564/\" class=\"talent_name\">Dodge</a> 1\". Added talent entry \"<a href=\"/character/talent/631/\" class=\"talent_name\">Point Blank</a> 2\". Added skill entry \"SkillEntry object\". Added skill entry \"SkillEntry object\". Added skill entry \"SkillEntry object\". Added skill entry \"SkillEntry object\". Added skill entry \"SkillEntry object\". Added skill entry \"SkillEntry object\". Added skill entry \"SkillEntry object\". Added skill entry \"SkillEntry object\". Added index \"MPK:93*\".'),(4068,'2016-02-09 19:17:21',1,45,'2342','Krash',2,'Changed notes.'),(4069,'2016-02-09 19:23:57',1,23,'17','It is time...',1,''),(4070,'2016-02-10 05:13:46',3,32,'1655','E5 Blaster Carbine (Ranged [Heavy]; Damage 9; Critical 3; Range (Medium); Inaccurate 1, Stun Setting, )',2,'Changed image.'),(4071,'2016-02-10 05:14:20',3,32,'2240','Sorosuub \"Renegade\" Heavy Blaster Pistol (Ranged [Light]; Damage 8; Critical 3; Range (Medium); Inaccurate 1, Stun Setting, )',2,'Changed image.'),(4072,'2016-02-10 05:19:48',3,32,'290','Corellian Arms CR-2 Heavy Blaster Pistol (Ranged [Light]; Damage 7; Critical 4; Range (Medium); Stun Setting, )',2,'Changed image.'),(4073,'2016-02-16 20:01:15',1,54,'2430','Binary Processing',1,''),(4074,'2016-02-16 20:02:00',1,55,'2431','Cerean',1,''),(4075,'2016-02-16 20:02:16',1,55,'1607','Human',2,'Added index \"F-CRB:55\".'),(4076,'2016-02-16 20:03:49',1,54,'2432','Dark Vision',1,''),(4077,'2016-02-16 20:06:00',1,54,'2433','Kel Dor Atmospheric Requirement',1,''),(4078,'2016-02-16 20:06:16',1,55,'2434','Kel Dor',1,''),(4079,'2016-02-16 20:06:41',1,55,'2434','Kel Dor',2,'Changed player_race, base_brawn, base_agility, base_intellect, base_cunning, base_willpower, base_presence, wound_threshold_modifier, strain_threshold_modifier and starting_experience.'),(4080,'2016-02-16 20:07:42',1,55,'2435','Mirialan',1,''),(4081,'2016-02-16 20:16:42',1,55,'2436','Nautolan',1,''),(4082,'2016-02-16 20:17:10',1,55,'1610','Twi\'lek',2,'Added index \"F-CRB:60\".'),(4083,'2016-02-16 20:18:16',1,54,'2437','Pack Instincts',1,''),(4084,'2016-02-16 20:18:46',1,55,'2438','Togruta',1,''),(4085,'2016-02-16 20:20:13',1,54,'2439','Fearsome Countenance',1,''),(4086,'2016-02-16 20:20:40',1,55,'2440','Zabrak',1,''),(4087,'2016-02-16 20:40:32',1,48,'501','Astrogation',2,'Added index \"F-CRB:114\".'),(4088,'2016-02-16 20:40:46',1,48,'502','Athletics',2,'Added index \"F-CRB:115\".'),(4089,'2016-02-16 20:41:22',1,48,'503','Brawl',2,'Added index \"F-CRB:129\".'),(4090,'2016-02-16 20:41:37',1,48,'504','Charm',2,'Added index \"F-CRB:116\".'),(4091,'2016-02-16 20:41:51',1,48,'505','Coercion',2,'Added index \"F-CRB:116\".'),(4092,'2016-02-16 20:42:10',1,48,'506','Computers',2,'Added index \"F-CRB:118\".'),(4093,'2016-02-16 20:42:22',1,48,'507','Cool',2,'Added index \"F-CRB:118\".'),(4094,'2016-02-16 20:42:40',1,48,'508','Coordination',2,'Added index \"F-CRB:119\".'),(4095,'2016-02-16 20:43:00',1,48,'509','Core Worlds',2,'Added index \"F-CRB:132\".'),(4096,'2016-02-16 20:43:12',1,48,'510','Deception',2,'Added index \"F-CRB:120\".'),(4097,'2016-02-16 20:43:24',1,48,'511','Discipline',2,'Added index \"F-CRB:120\".'),(4098,'2016-02-16 20:43:36',1,48,'512','Education',2,'Added index \"F-CRB:132\".'),(4099,'2016-02-16 20:43:46',1,48,'513','Gunnery',2,'Added index \"F-CRB:130\".'),(4100,'2016-02-16 20:47:40',1,48,'514','Leadership',2,'Added index \"F-CRB:121\".'),(4101,'2016-02-16 20:48:29',1,48,'786','Lightsaber',2,'Changed characteristic and notes. Added index \"F-CRB:130\".'),(4102,'2016-02-16 20:58:13',1,48,'515','Lore',2,'Added index \"F-CRB:132\".'),(4103,'2016-02-16 20:58:25',1,48,'516','Mechanics',2,'Added index \"F-CRB:122\".'),(4104,'2016-02-16 20:58:40',1,48,'517','Medicine',2,'Added index \"F-CRB:122\".'),(4105,'2016-02-16 20:58:57',1,48,'518','Melee',2,'Added index \"F-CRB:131\".'),(4106,'2016-02-16 20:59:10',1,48,'519','Negotiation',2,'Added index \"F-CRB:123\".'),(4107,'2016-02-16 20:59:21',1,48,'520','Outer Rim',2,'Added index \"F-CRB:133\".'),(4108,'2016-02-16 20:59:34',1,48,'521','Perception',2,'Added index \"F-CRB:124\".'),(4109,'2016-02-16 20:59:50',1,48,'522','Piloting [Planetary]',2,'Added index \"F-CRB:124\".'),(4110,'2016-02-16 21:00:00',1,48,'523','Piloting [Space]',2,'Added index \"F-CRB:125\".'),(4111,'2016-02-16 21:00:11',1,48,'524','Ranged [Heavy]',2,'Added index \"F-CRB:131\".'),(4112,'2016-02-16 21:00:25',1,48,'525','Ranged [Light]',2,'Added index \"F-CRB:131\".'),(4113,'2016-02-16 21:00:38',1,48,'526','Resilience',2,'Added index \"F-CRB:125\".'),(4114,'2016-02-16 21:00:49',1,48,'527','Skullduggery',2,'Added index \"F-CRB:126\".'),(4115,'2016-02-16 21:01:00',1,48,'528','Stealth',2,'Added index \"F-CRB:126\".'),(4116,'2016-02-16 21:01:12',1,48,'529','Streetwise',2,'Added index \"F-CRB:127\".'),(4117,'2016-02-16 21:01:23',1,48,'531','Underworld',2,'Added index \"F-CRB:133\".'),(4118,'2016-02-16 21:01:35',1,48,'532','Vigilance',2,'Added index \"F-CRB:129\".'),(4119,'2016-02-16 21:01:48',1,48,'533','Xenology',2,'Added index \"F-CRB:133\".'),(4120,'2016-02-22 03:06:38',3,38,'1828','Suwantek TL-1200 Transport',2,'Changed notes and image.'),(4121,'2016-02-22 14:31:24',3,32,'1877','Felebreck Droid Disabler (Ranged [Light]; Damage 12; Critical 3; Range (Short); Concussive 1, Ion, Limited Ammo 3, )',2,'Changed notes and image.'),(4122,'2016-02-23 06:58:03',3,38,'1240','Vigil-Class Corvette',2,'Changed notes and image.'),(4123,'2016-02-24 19:26:02',1,49,'536','Adversary',2,'Added index \"F-CRB:138\".'),(4124,'2016-02-24 19:27:25',1,49,'2441','Against all Odds',1,''),(4125,'2016-02-24 19:27:39',1,49,'537','Anatomy Lessons',2,'Added index \"F-CRB:138\".'),(4126,'2016-02-24 19:28:13',1,49,'2442','Aminal Bond',1,''),(4127,'2016-02-24 19:28:36',1,49,'2443','Animal Empathy',1,''),(4128,'2016-02-24 19:29:12',1,49,'932','Ataru Technique',2,'Added index \"F-CRB:139\".'),(4129,'2016-02-24 19:29:26',1,49,'542','Balance',2,'Added index \"F-CRB:139\".'),(4130,'2016-02-24 19:29:45',1,49,'546','Body Guard',2,'Added index \"F-CRB:140\".'),(4131,'2016-02-24 19:30:24',1,49,'2444','Body Guard (Improved)',1,''),(4132,'2016-02-24 19:31:43',1,49,'2445','Calming Aura',1,''),(4133,'2016-02-24 19:32:02',1,49,'2446','Calming Aura (Improved)',1,''),(4134,'2016-02-24 19:32:31',1,49,'2447','Center of Being',1,''),(4135,'2016-02-24 19:32:52',1,49,'2448','Center of Being (Improved)',1,''),(4136,'2016-02-24 19:33:33',1,49,'2449','Circle of Shelter',1,''),(4137,'2016-02-24 19:33:49',1,49,'550','Codebreaker',2,'Added index \"F-CRB:140\".'),(4138,'2016-02-24 19:34:02',1,49,'551','Command',2,'Added index \"F-CRB:140\".'),(4139,'2016-02-24 19:34:12',1,49,'1198','Commanding Presence',2,'Added index \"F-CRB:140\".'),(4140,'2016-02-24 19:34:40',1,49,'2450','Comprehend Technology',1,''),(4141,'2016-02-24 19:35:02',1,49,'2451','Conditioned',1,''),(4142,'2016-02-24 19:35:20',1,49,'1199','Confidence',2,'Added index \"F-CRB:141\".'),(4143,'2016-02-24 19:35:41',1,49,'2052','Contingency Plan',2,'Added index \"F-CRB:141\".'),(4144,'2016-02-24 19:36:08',1,49,'2452','Counterstrike',1,''),(4145,'2016-02-24 19:36:30',1,49,'554','Crippling Blow',2,'Added index \"F-CRB:141\".'),(4146,'2016-02-24 19:36:47',1,49,'558','Dedication',2,'Added index \"F-CRB:141\".'),(4147,'2016-02-24 19:37:12',1,49,'2453','Defensive Circle',1,''),(4148,'2016-02-24 19:37:26',1,49,'560','Defensive Slicing',2,'Added index \"F-CRB:141\".'),(4149,'2016-02-24 19:37:36',1,49,'562','Defensive Stance',2,'Added index \"F-CRB:141\".'),(4150,'2016-02-24 19:38:08',1,49,'2454','Defensive Training',1,''),(4151,'2016-02-24 19:38:34',1,49,'2455','Disruptive Strike',1,''),(4152,'2016-02-24 19:39:08',1,49,'2456','Djem So Deflection',1,''),(4153,'2016-02-24 19:39:26',1,49,'564','Dodge',2,'Added index \"F-CRB:142\".'),(4154,'2016-02-24 19:39:48',1,49,'2457','Draw Closer',1,''),(4155,'2016-02-24 20:07:08',1,49,'2458','Duelist\'s Training',1,''),(4156,'2016-02-24 20:07:26',1,49,'565','Durable',2,'Added index \"F-CRB:142\".'),(4157,'2016-02-24 20:07:41',1,49,'566','Enduring',2,'Added index \"F-CRB:142\".'),(4158,'2016-02-24 20:08:03',1,49,'2459','Enhanced Leader',1,''),(4159,'2016-02-24 20:08:29',1,49,'2460','Exhaust Port',1,''),(4160,'2016-02-24 20:08:47',1,49,'567','Expert Tracker',2,'Added index \"F-CRB:142\".'),(4161,'2016-02-24 20:09:08',1,49,'2461','Falling Avalanche',1,''),(4162,'2016-02-24 20:09:23',1,49,'695','Fearsome',2,'Added index \"F-CRB:142\".'),(4163,'2016-02-24 20:10:11',1,49,'2462','Feint',1,''),(4164,'2016-02-24 20:10:28',1,49,'570','Field Commander',2,'Added index \"F-CRB:143\".'),(4165,'2016-02-24 20:10:46',1,49,'571','Field Commander [Improved]',2,'Added index \"F-CRB:143\".'),(4166,'2016-02-24 20:10:58',1,49,'572','Fine Tuning',2,'Added index \"F-CRB:143\".'),(4167,'2016-02-24 20:11:12',1,49,'573','Forager',2,'Added index \"F-CRB:143\".'),(4168,'2016-02-24 20:11:41',1,49,'2463','Force Assault',1,''),(4169,'2016-02-24 20:12:03',1,49,'2464','Force Protection',1,''),(4170,'2016-02-24 20:12:15',1,49,'574','Force Rating',2,'Added index \"F-CRB:143\".'),(4171,'2016-02-24 20:12:49',1,49,'2465','Forewarning',1,''),(4172,'2016-02-24 20:13:07',1,49,'576','Full Throttle',2,'Added index \"F-CRB:143\".'),(4173,'2016-02-24 20:13:26',1,49,'579','Galaxy Mapper',2,'Added index \"F-CRB:144\".'),(4174,'2016-02-24 20:13:39',1,49,'581','Grit',2,'Added index \"F-CRB:144\".'),(4175,'2016-02-24 20:14:06',1,49,'2466','Hawk Bat Swoop',1,''),(4176,'2016-02-24 20:14:28',1,49,'2467','Healing Trance',1,''),(4177,'2016-02-24 20:14:46',1,49,'2468','Healing Trance (Improved)',1,''),(4178,'2016-02-24 20:14:59',1,49,'584','Heightened Awareness',2,'Added index \"A-CRB:145\".'),(4179,'2016-02-24 20:15:14',1,49,'585','Heroic Fortitude',2,'Added index \"F-CRB:145\".'),(4180,'2016-02-24 20:15:30',1,49,'588','Hunter',2,'Added index \"F-CRB:145\".'),(4181,'2016-02-24 20:15:52',1,49,'2469','Imbue Item',1,''),(4182,'2016-02-24 20:16:08',1,49,'589','Indistinguishable',2,'Added index \"F-CRB:145\".'),(4183,'2016-02-24 20:16:28',1,49,'595','Intense Presence',2,'Added index \"F-CRB:145\".'),(4184,'2016-02-24 20:16:43',1,49,'596','Intimidating',2,'Added index \"F-CRB:145\".'),(4185,'2016-02-24 20:17:09',1,49,'2470','Intuitive Evasion',1,''),(4186,'2016-02-24 20:17:59',1,49,'2471','Intuitive Improvements',1,''),(4187,'2016-02-24 20:18:21',1,49,'2472','Intuitive Shot',1,''),(4188,'2016-02-24 20:18:39',1,49,'2473','Intuitive Strike',1,''),(4189,'2016-02-25 20:15:30',1,49,'597','Inventor',2,'Added index \"F-CRB:146\".'),(4190,'2016-02-25 20:16:01',1,49,'598','Jump Up',2,'Added index \"F-CRB:146\".'),(4191,'2016-02-25 20:16:25',1,49,'2474','Keen Eyed',1,''),(4192,'2016-02-25 20:16:40',1,49,'600','Kill with Kindness',2,'Added index \"F-CRB:146\".'),(4193,'2016-02-25 20:16:58',1,49,'602','Know Somebody',2,'Added index \"F-CRB:146\".'),(4194,'2016-02-25 20:17:30',1,49,'2475','Knowledge is Power',1,''),(4195,'2016-02-25 20:17:42',1,49,'603','Knowledge Specialization',2,'Added index \"F-CRB:146\".'),(4196,'2016-02-25 20:18:08',1,49,'2476','Knowledgeable Healing',1,''),(4197,'2016-02-25 20:18:37',1,49,'2477','Makashi Flourish',1,''),(4198,'2016-02-25 20:19:00',1,49,'2478','Makashi Technique',1,''),(4199,'2016-02-25 20:19:21',1,49,'2479','Master Artisan',1,''),(4200,'2016-02-25 20:19:39',1,49,'609','Master of Shadows',2,'Added index \"F-CRB:146\".'),(4201,'2016-02-25 20:20:02',1,49,'2480','Mental Bond',1,''),(4202,'2016-02-25 20:20:14',1,49,'613','Mental Fortress',2,'Added index \"F-CRB:147\".'),(4203,'2016-02-25 20:20:37',1,49,'2481','Mental Tools',1,''),(4204,'2016-02-26 18:02:42',1,49,'2482','Multiple Opponents',1,''),(4205,'2016-02-26 18:03:08',1,49,'2483','Natural Blademaster',1,''),(4206,'2016-02-26 18:03:24',1,49,'615','Natural Charmer',2,'Added index \"F-CRB:147\".'),(4207,'2016-02-26 18:03:42',1,49,'616','Natural Doctor',2,'Added index \"F-CRB:148\".'),(4208,'2016-02-26 18:03:53',1,49,'618','Natural Hunter',2,'Added index \"F-CRB:148\".'),(4209,'2016-02-26 18:04:02',1,49,'1212','Natural Leader',2,'Added index \"F-CRB:148\".'),(4210,'2016-02-26 18:04:27',1,49,'2484','Natural Mystic',1,''),(4211,'2016-02-26 18:04:42',1,49,'620','Natural Negotiator',2,'Added index \"F-CRB:148\".'),(4212,'2016-02-26 18:04:51',1,49,'621','Natural Outdoorsman',2,'Added index \"F-CRB:148\".'),(4213,'2016-02-26 18:05:04',1,49,'626','Natural Tinkerer',2,'Added index \"F-CRB:148\".'),(4214,'2016-02-26 18:05:25',1,49,'2485','Niman Technique',1,''),(4215,'2016-02-26 18:06:04',1,49,'627','Nobody\'s Fool',2,'Added index \"F-CRB:148\".'),(4216,'2016-02-26 18:06:28',1,49,'2486','Now You See Me',1,''),(4217,'2016-02-26 18:06:52',1,49,'2487','One With the Universe',1,''),(4218,'2016-02-26 18:07:06',1,49,'628','Outdoorsman',2,'Added index \"F-CRB:149\".'),(4219,'2016-02-26 18:07:45',1,49,'2488','Parry',1,''),(4220,'2016-02-26 18:08:19',1,49,'2489','Parry (Improved)',1,''),(4221,'2016-02-26 18:08:48',1,49,'2490','Parry (Supreme)',1,''),(4222,'2016-02-26 18:09:08',1,49,'2491','Physician',1,''),(4223,'2016-02-26 18:09:22',1,49,'630','Plausible Deniability',2,'Added index \"F-CRB:149\".'),(4224,'2016-02-26 18:09:49',1,49,'2492','Preemptive Avoidance',1,''),(4225,'2016-02-26 18:10:06',1,49,'2493','Prey on the Weak',1,''),(4226,'2016-02-26 18:10:21',1,49,'634','Quick Draw',2,'Added index \"F-CRB:149\".'),(4227,'2016-02-28 02:37:52',3,32,'233','Czerka Arms Model 38 Sharpshooter\'s Rifle (Ranged [Heavy]; Damage 8; Critical 3; Range (Extreme); Accurate 2, Pierce 3, )',2,'Changed notes and image.'),(4228,'2016-02-28 20:28:38',3,33,'318','Arakyd Industries PX-1 \"Battlement\" Powered Armor (+3 soak; +1 defense)',2,'Changed name, notes and image.'),(4229,'2016-02-28 20:30:11',3,33,'320','Taggeco Protector 1 Combat Armor (+2 soak; +1 defense)',2,'Changed notes and image.'),(4230,'2016-02-28 20:32:10',3,33,'317','Pacnorval Defense Systems MK. III Flak Vest (+1 soak)',2,'Changed notes and image.'),(4231,'2016-02-28 23:30:57',3,33,'308','Adverse Environment Gear (+1 soak)',2,'Changed notes and image.'),(4232,'2016-02-28 23:31:56',3,33,'313','Heavy Battle Armor (+2 soak; +1 defense)',2,'Changed notes and image.'),(4233,'2016-02-28 23:32:27',3,33,'310','Heavy Clothing (+1 soak)',2,'Changed notes and image.'),(4234,'2016-02-28 23:33:00',3,33,'311','Laminate Armor (+2 soak)',2,'Changed notes and image.'),(4235,'2016-02-28 23:33:25',3,33,'312','Padded Armor (+2 soak)',2,'Changed notes and image.'),(4236,'2016-02-28 23:45:38',3,32,'203','Blastech DH-X Heavy Blaster Rifle (Ranged [Heavy]; Damage 10; Critical 3; Range (Long); Cumbersome 3, Pierce 2, )',2,'Changed image.'),(4237,'2016-02-28 23:46:54',3,32,'201','Merr-Sonn Model 80 Blaster Pistol (Ranged [Light]; Damage 6; Critical 2; Range (Medium); Stun Setting, )',2,'Changed notes and image.'),(4238,'2016-02-28 23:47:51',3,32,'205','Sorosuub OK-98 Blaster Carbine (Ranged [Heavy]; Damage 9; Critical 3; Range (Medium); Stun Setting, )',2,'Changed notes and image.'),(4239,'2016-02-29 00:32:34',3,33,'2258','Leviathan Power Armor (+2 soak; +2 defense)',2,'Changed notes and image.'),(4240,'2016-02-29 17:42:38',1,49,'2494','Quick Movement',1,''),(4241,'2016-02-29 17:42:52',1,49,'635','Quick Strike',2,'Added index \"F-CRB:150\".'),(4242,'2016-02-29 17:43:04',1,49,'636','Rapid Reaction',2,'Added index \"F-CRB:150\".'),(4243,'2016-02-29 17:43:14',1,49,'637','Rapid Recovery',2,'Added index \"F-CRB:150\".'),(4244,'2016-02-29 17:43:34',1,49,'2495','Reflect',1,''),(4245,'2016-02-29 17:43:55',1,49,'2496','Reflect (Improved)',1,''),(4246,'2016-02-29 17:44:16',1,49,'2497','Reflect (Supreme)',1,''),(4247,'2016-02-29 17:44:30',1,49,'639','Researcher',2,'Added index \"F-CRB:150\".'),(4248,'2016-02-29 17:44:52',1,49,'2498','Resist Disarm',1,''),(4249,'2016-02-29 17:45:11',1,49,'2499','Saber Swarm',1,''),(4250,'2016-02-29 17:45:45',1,49,'2500','Saber Throw',1,''),(4251,'2016-02-29 17:46:07',1,49,'2501','Sarlacc Sweep',1,''),(4252,'2016-02-29 17:46:25',1,49,'644','Second Wind',2,'Added index \"F-CRB:151\".'),(4253,'2016-02-29 17:46:51',1,49,'2502','Sense Advantage',1,''),(4254,'2016-02-29 17:47:00',1,49,'645','Sense Danger',2,'Added index \"F-CRB:151\".'),(4255,'2016-02-29 17:47:13',1,49,'646','Sense Emotions',2,'Added index \"F-CRB:151\".'),(4256,'2016-02-29 17:47:36',1,49,'2503','Share Pain',1,''),(4257,'2016-02-29 17:48:00',1,49,'2504','Shein Technique',1,''),(4258,'2016-02-29 17:48:12',1,49,'648','Side Step',2,'Added index \"F-CRB:151\".'),(4259,'2016-02-29 17:49:06',1,49,'649','Sixth Sense',2,'Added index \"F-CRB:152\".'),(4260,'2016-02-29 17:49:19',1,49,'650','Skilled Jockey',2,'Added index \"F-CRB:152\".'),(4261,'2016-02-29 17:49:35',1,49,'1218','Sleight of Mind',2,'Added index \"F-CRB:152\".'),(4262,'2016-02-29 17:49:55',1,49,'2505','Slippery Minded',1,''),(4263,'2016-02-29 17:50:08',1,49,'652','Smooth Talker',2,'Added index \"F-CRB:152\".'),(4264,'2016-02-29 17:50:22',1,49,'654','Soft Spot',2,'Added index \"F-CRB:152\".'),(4265,'2016-02-29 17:50:45',1,49,'655','Solid Repairs',2,'Added index \"F-CRB:152\".'),(4266,'2016-02-29 17:51:15',1,49,'2506','Soresu Technique',1,''),(4267,'2016-02-29 17:51:27',1,49,'659','Steely Nerves',2,'Added index \"F-CRB:152\".'),(4268,'2016-02-29 17:51:42',1,49,'683','Stimpack Specialization',2,'Added index \"F-CRB:152\".'),(4269,'2016-02-29 19:52:21',1,49,'2507','Strategic Form',1,''),(4270,'2016-02-29 19:52:36',1,49,'663','Street Smarts',2,'Added index \"F-CRB:152\".'),(4271,'2016-02-29 19:53:09',1,49,'2508','Sum Djem',1,''),(4272,'2016-02-29 19:53:25',1,49,'669','Surgeon',2,'Added index \"F-CRB:153\".'),(4273,'2016-02-29 19:53:42',1,49,'820','Swift',2,'Added index \"F-CRB:153\".'),(4274,'2016-02-29 19:54:03',1,49,'671','Technical Aptitude',2,'Added index \"F-CRB:153\".'),(4275,'2016-02-29 19:54:30',1,49,'2509','Terrify',1,''),(4276,'2016-02-29 19:54:57',1,49,'2510','Terrify (Improved)',1,''),(4277,'2016-02-29 19:55:20',1,49,'2511','The Force is my Allay',1,''),(4278,'2016-02-29 19:55:34',1,49,'673','Touch of Fate',2,'Added index \"F-CRB:153\".'),(4279,'2016-02-29 19:55:47',1,49,'674','Toughened',2,'Added index \"F-CRB:153\".'),(4280,'2016-02-29 19:56:07',1,49,'675','Tricky Target',2,'Added index \"F-CRB:153\".'),(4281,'2016-02-29 19:56:22',1,49,'677','Uncanny Reactions',2,'Added index \"F-CRB:153\".'),(4282,'2016-02-29 19:56:32',1,49,'678','Uncanny Senses',2,'Added index \"F-CRB:153\".'),(4283,'2016-02-29 19:56:56',1,49,'2512','Inity Assault',1,''),(4284,'2016-02-29 19:57:20',1,49,'2068','Valuable Facts',2,'Added index \"F-CRB:153\".'),(4285,'2016-02-29 19:57:33',1,49,'681','Well Rounded',2,'Added index \"F-CRB:153\".'),(4286,'2016-03-02 01:44:28',1,32,'157','Holdout Blaster (Ranged [Light]; Damage 5; Critical 4; Range (Short); Stun Setting, )',2,'Added index \"F-CRB:167\".'),(4287,'2016-03-02 01:45:01',1,32,'158','Light Blaster Pistol (Ranged [Light]; Damage 5; Critical 4; Range (Medium); Stun Setting, )',2,'Added index \"F-CRB:167\".'),(4288,'2016-03-02 01:45:19',1,32,'156','Blaster Pistol (Ranged [Light]; Damage 6; Critical 3; Range (Medium); Stun Setting, )',2,'Added index \"F-CRB:167\".'),(4289,'2016-03-02 01:45:35',1,32,'162','Heavy Blaster Pistol (Ranged [Light]; Damage 7; Critical 3; Range (Medium); Stun Setting, )',2,'Added index \"F-CRB:167\".'),(4290,'2016-03-02 01:48:25',1,32,'159','Blaster Carbine (Ranged [Heavy]; Damage 9; Critical 3; Range (Medium); Stun Setting, )',2,'Added index \"F-CRB:168\".'),(4291,'2016-03-02 01:48:42',1,32,'160','Blaster Rifle (Ranged [Heavy]; Damage 9; Critical 3; Range (Long); Stun Setting, )',2,'Added index \"F-CRB:168\".'),(4292,'2016-03-02 01:48:57',1,32,'169','Slugthrower Pistol (Ranged [Light]; Damage 4; Critical 5; Range (Short))',2,'Added index \"F-CRB:169\".'),(4293,'2016-03-02 01:49:06',1,32,'170','Slugthrower Rifle (Ranged [Heavy]; Damage 7; Critical 5; Range (Medium); Cumbersome 2, )',2,'Added index \"F-CRB:169\".'),(4294,'2016-03-02 01:49:28',1,32,'177','Missile Tube (Gunnery; Damage 20; Critical 2; Range (Extreme); Blast 10, Cumbersome 3, Guided 3, Breach 1, Prepare 1, Limited Ammo 6, )',2,'Added index \"F-CRB:170\".'),(4295,'2016-03-02 01:49:46',1,32,'173','Frag Grenade (Ranged [Light]; Damage 8; Critical 4; Range (Short); Blast 6, Limited Ammo 1, )',2,'Added index \"F-CRB:170\".'),(4296,'2016-03-02 01:49:57',1,32,'174','Stun Grenade (Ranged [Light]; Damage 8; Critical -; Range (Short); Disorient 3, Stun Damage, Blast 8, Limited Ammo 1, )',2,'Added index \"F-CRB:170\".'),(4297,'2016-03-02 01:50:15',1,32,'175','Thermal Detonator (Ranged [Light]; Damage 20; Critical 2; Range (Short); Blast 15, Breach 1, Vicious 4, Limited Ammo 1, )',2,'Added index \"F-CRB:170\".'),(4298,'2016-03-02 01:50:31',1,32,'178','Brass Knuckles (Brawl; Damage 1; Critical 4; Range (Engaged); Disorient 3, )',2,'Added index \"F-CRB:171\".'),(4299,'2016-03-02 01:51:50',1,32,'2513','Refined Cortosis Gauntlets (Brawl; Damage 1; Critical 4; Range (Engaged); Cortosis, )',1,''),(4300,'2016-03-02 01:52:05',1,32,'179','Shock Gloves (Brawl; Damage 0; Critical 5; Range (Engaged); Stun 3, )',2,'Added index \"F-CRB:171\".'),(4301,'2016-03-02 01:53:20',1,32,'2514','Ancient Sword (Lightsaber; Damage 2; Critical 3; Range (Engaged); Defensive 1, )',1,''),(4302,'2016-03-02 01:53:40',1,32,'180','Combat Knife (Melee; Damage 1; Critical 3; Range (Engaged))',2,'Added index \"F-CRB:172\".'),(4303,'2016-03-02 01:55:20',1,32,'2515','Cortosis Shield (Melee; Damage 0; Critical 6; Range (Engaged); Cortosis, Cumbersome 3, Defensive 2, Deflection 2, )',1,''),(4304,'2016-03-03 19:34:10',1,32,'2516','Cortosis Sword (Melee; Damage 2; Critical 3; Range (Engaged); Cortosis, Defensive 1, )',1,''),(4305,'2016-03-03 19:34:52',1,32,'2517','Refined Cortosis Staff (Melee; Damage 3; Critical 5; Range (Engaged); Cortosis, )',1,''),(4306,'2016-03-03 19:37:51',1,60,'2518','Unwieldy',1,''),(4307,'2016-03-03 19:38:22',1,32,'2519','Electrostaff (Melee; Damage 4; Critical 3; Range (Engaged); Cortosis, Cumbersome 3, Linked 1, Stun Setting, Unwieldy 3, )',1,''),(4308,'2016-03-03 19:38:42',1,32,'181','Force Pike (Melee; Damage 3; Critical 2; Range (Engaged); Pierce 2, Stun Setting, )',2,'Added index \"F-CRB:174\".'),(4309,'2016-03-03 19:38:55',1,32,'184','Truncheon (Melee; Damage 2; Critical 5; Range (Engaged); Disorient 2, )',2,'Added index \"F-CRB:174\".'),(4310,'2016-03-03 19:39:29',1,32,'185','Vibro-ax (Melee; Damage 3; Critical 2; Range (Engaged); Pierce 2, Sunder, Vicious 3, )',2,'Added index \"F-CRB:175\".'),(4311,'2016-03-03 19:39:41',1,32,'186','Vibroknife (Melee; Damage 1; Critical 2; Range (Engaged); Pierce 2, Vicious 1, )',2,'Added index \"F-CRB:175\".'),(4312,'2016-03-03 19:39:51',1,32,'187','Vibrosword (Melee; Damage 2; Critical 2; Range (Engaged); Pierce 2, Vicious 1, Defensive 1, )',2,'Added index \"F-CRB:175\".'),(4313,'2016-03-03 19:41:16',1,42,'83','Lightsaber',1,''),(4314,'2016-03-03 19:41:24',1,32,'2520','Basic Lightsabe (Lightsaber; Damage 6; Critical 2; Range (Engaged); Breach 1, Sunder, )',1,''),(4315,'2016-03-03 19:42:29',1,32,'2521','Bouble-Bladed Lightsaber (Lightsaber; Damage 6; Critical 2; Range (Engaged); Breach 1, Linked 1, Sunder, Unwieldy 3, )',1,''),(4316,'2016-03-03 19:43:35',1,32,'2522','Lightsaber Pike (Lightsaber; Damage 6; Critical 2; Range (Engaged); Breach 1, Cumbersome 3, Defensive 1, Sunder, )',1,''),(4317,'2016-03-03 19:44:14',1,32,'2523','Shoto (Lightsaber; Damage 5; Critical 2; Range (Engaged); Accurate 1, Breach 1, Sunder, )',1,''),(4318,'2016-03-03 19:44:14',1,32,'2524','Shoto (Lightsaber; Damage 5; Critical 2; Range (Engaged); Accurate 1, Breach 1, Sunder, )',1,''),(4319,'2016-03-03 19:45:14',1,32,'2525','Training Lightsaber (Lightsaber; Damage 6; Critical -; Range (Engaged); Stun Damage, )',1,''),(4320,'2016-03-03 19:45:37',1,32,'2525','Training Lightsaber (Lightsaber; Damage 6; Critical -; Range (Engaged); Stun Damage, )',2,'Changed page for index \"F-CRB:178\".'),(4321,'2016-03-03 19:47:27',1,42,'84','Lightsaber Hilts',1,''),(4322,'2016-03-03 19:47:34',1,32,'2526','Basic Lightsaber Hilt (Lightsaber; Damage 0; Critical -; Range (Engaged))',1,''),(4323,'2016-03-03 19:48:26',1,32,'2527','Bouble-Bladed Lightsaber Hilt (Lightsaber; Damage 0; Critical -; Range (Engaged); Linked 1, Unwieldy 3, )',1,''),(4324,'2016-03-03 19:49:02',1,32,'2528','Lightsaber Pike Hilt (Lightsaber; Damage 0; Critical -; Range (Engaged); Cumbersome 3, Defensive 1, )',1,''),(4325,'2016-03-03 19:49:29',1,32,'2529','Shoto Hilt (Lightsaber; Damage 0; Critical -; Range (Engaged); Accurate 1, )',1,''),(4326,'2016-03-03 19:50:11',1,33,'308','Adverse Environment Gear (+1 soak)',2,'Added index \"F-CRB:178\".'),(4327,'2016-03-03 19:50:23',1,33,'309','Armored Clothing (+1 soak; +1 defense)',2,'Added index \"F-CRB:178\".'),(4328,'2016-03-03 19:51:01',1,33,'2530','Armored Robes (+2 soak; +1 defense)',1,''),(4329,'2016-03-03 19:51:36',1,33,'2531','Concealing Robes (+1 soak)',1,''),(4330,'2016-03-03 19:51:56',1,33,'310','Heavy Clothing (+1 soak)',2,'Added index \"F-CRB:180\".'),(4331,'2016-03-03 19:52:13',1,33,'312','Padded Armor (+2 soak)',2,'Added index \"F-CRB:180\".'),(4332,'2016-03-03 19:52:40',1,31,'1','Comlink (handheld)',2,'Added index \"F-CRB:180\".'),(4333,'2016-03-03 19:52:48',1,31,'2','Comlink (long range)',2,'Added index \"F-CRB:180\".'),(4334,'2016-03-03 19:53:01',1,31,'3','Holo-Messenger',2,'Added index \"F-CRB:181\".'),(4335,'2016-03-03 19:54:59',1,31,'4','Synthetic Anesthetic',2,'Changed name. Added index \"F-CRB:181\". Changed aka for index \"A-CRB:188\". Changed aka for index \"E-CRB:172*\".'),(4336,'2016-03-03 19:55:37',1,31,'5','Synthetic Neuroparalytic',2,'Changed name. Added index \"F-CRB:181\". Changed aka for index \"A-CRB:188\". Changed aka for index \"E-CRB:172*\".'),(4337,'2016-03-03 19:56:06',1,31,'6','Synthetic Neurotoxin',2,'Changed name. Added index \"F-CRB:181\". Changed aka for index \"A-CRB:188\". Changed aka for index \"E-CRB:172*\".'),(4338,'2016-03-03 19:57:02',1,31,'7','Cybernetic Arms (Mod V and Mod VI)',2,'Added index \"F-CRB:182\".'),(4339,'2016-03-03 19:57:14',1,31,'9','Cybernetic Brain Implant',2,'Added index \"F-CRB:183\".'),(4340,'2016-03-03 19:57:25',1,31,'10','Cybernetic Eyes',2,'Added index \"F-CRB:183\".'),(4341,'2016-03-03 19:57:35',1,31,'8','Cybernetic Legs (Mod II and Mod III)',2,'Added index \"F-CRB:183\".'),(4342,'2016-03-03 19:57:54',1,31,'12','Cyberscanner Limb',2,'Added index \"F-CRB:184\".'),(4343,'2016-03-03 19:59:01',1,31,'15','Prosthetic Replacement (Limb)',2,'Changed name. Added index \"F-CRB:184\". Changed aka for index \"A-CRB:190\". Changed aka for index \"E-CRB:175*\".'),(4344,'2016-03-03 19:59:22',1,31,'16','Prosthetic Replacement (Organ)',2,'Changed name. Added index \"F-CRB:184\". Changed aka for index \"A-CRB:190\". Changed aka for index \"E-CRB:175*\".'),(4345,'2016-03-03 19:59:44',1,31,'17','Electrobinoculars',2,'Added index \"F-CRB:184\".'),(4346,'2016-03-03 19:59:55',1,31,'19','Macrobinoculars',2,'Added index \"F-CRB:184\".'),(4347,'2016-03-03 20:00:09',1,31,'18','General Purpose Scanner',2,'Added index \"F-CRB:185\".'),(4348,'2016-03-03 20:00:19',1,31,'21','Hand Scanner',2,'Added index \"F-CRB:185\".'),(4349,'2016-03-03 20:00:28',1,31,'20','Scanner Goggles',2,'Added index \"F-CRB:185\".'),(4350,'2016-03-03 20:00:55',1,31,'23','Bacta (liter)',2,'Added index \"F-CRB:185\".'),(4351,'2016-03-03 20:01:05',1,31,'24','Bacta (tank)',2,'Added index \"F-CRB:185\".'),(4352,'2016-03-03 20:01:21',1,31,'25','Emergency Medpac',2,'Added index \"F-CRB:185\".'),(4353,'2016-03-03 20:02:21',1,31,'26','Medpac',2,'Added index \"F-CRB:186*\".'),(4354,'2016-03-03 20:02:40',1,31,'27','Stimpack',2,'Added index \"F-CRB:186\".'),(4355,'2016-03-03 20:03:23',1,31,'28','Synthskin',2,'Added index \"F-CRB:186\".'),(4356,'2016-03-03 20:03:33',1,31,'29','Synthflesh',2,'Added index \"F-CRB:186\".'),(4357,'2016-03-03 20:04:19',1,31,'30','Binders',2,'Added index \"F-CRB:187\".'),(4358,'2016-03-03 20:04:35',1,31,'32','Disguise Kit',2,'Added index \"F-CRB:187\".'),(4359,'2016-03-03 20:04:49',1,31,'33','Electronic Lock Breaker',2,'Added index \"F-CRB:187\".'),(4360,'2016-03-03 20:05:02',1,31,'34','Restraining Bolt',2,'Added index \"F-CRB:187\".'),(4361,'2016-03-03 20:05:36',1,31,'36','Breath Masks and Respirators',2,'Added index \"F-CRB:188\".'),(4362,'2016-03-03 20:05:51',1,31,'1228','Field Ration Pack',2,'Added index \"F-CRB:188\".'),(4363,'2016-03-03 20:06:08',1,31,'38','Space Suit',2,'Added index \"F-CRB:188\".'),(4364,'2016-03-03 20:07:31',1,31,'2532','Wilderness Survival Kit',1,''),(4365,'2016-03-03 20:07:46',1,31,'40','Tent',2,'Added index \"F-CRB:188\".'),(4366,'2016-03-03 20:07:58',1,31,'41','Thermal Cloak',2,'Added index \"F-CRB:188\".'),(4367,'2016-03-04 11:28:32',1,41,'1917','Autopilot Droid Brain',2,'Changed hard_points.'),(4368,'2016-03-04 15:43:48',1,31,'42','Backpack',2,'Added index \"F-CRB:188\".'),(4369,'2016-03-04 15:44:03',1,31,'43','Climbing Gear',2,'Added index \"F-CRB:188\".'),(4370,'2016-03-04 15:44:17',1,31,'44','Datapad',2,'Added index \"F-CRB:189\".'),(4371,'2016-03-04 15:44:50',1,31,'45','Extra Reload',2,'Changed name. Added index \"F-CRB:189\". Changed aka for index \"A-CRB:197\". Changed aka for index \"E-CRB:181*\".'),(4372,'2016-03-04 15:45:08',1,31,'46','Fusion Lantern',2,'Added index \"F-CRB:189\".'),(4373,'2016-03-04 15:45:22',1,31,'47','Glow Rod',2,'Added index \"F-CRB:189\".'),(4374,'2016-03-04 15:45:35',1,31,'49','Tool Kit',2,'Added index \"F-CRB:189\".'),(4375,'2016-03-04 15:45:49',1,31,'51','Utility Belt',2,'Added index \"F-CRB:189\".'),(4376,'2016-03-04 15:47:56',1,42,'85','Ancient Talismans',1,''),(4377,'2016-03-04 15:48:03',1,31,'2533','Meditation Focus',1,''),(4378,'2016-03-04 15:48:30',1,31,'2534','Demon Mask',1,''),(4379,'2016-03-04 15:48:59',1,31,'2535','Talisman of Iron Fists',1,''),(4380,'2016-03-04 15:49:15',1,31,'2536','Holocron',1,''),(4381,'2016-03-04 15:53:54',1,42,'86','Lightsaber',1,''),(4382,'2016-03-04 15:54:18',1,34,'331','Bipod Mount',2,'Added index \"F-CRB:192\".'),(4383,'2016-03-04 15:55:19',1,34,'2537','Blaster Energy Dampner',1,''),(4384,'2016-03-04 15:55:32',1,34,'338','Mono-Molecular Edge',2,'Added index \"F-CRB:194\".'),(4385,'2016-03-04 15:56:03',1,34,'2538','Night Vision Scope',1,''),(4386,'2016-03-04 15:56:19',1,34,'340','Serrated Edge',2,'Added index \"F-CRB:194\".'),(4387,'2016-03-04 15:56:50',1,34,'2539','Shadowsheath',1,''),(4388,'2016-03-04 15:57:03',1,34,'343','Superior Weapon Customization',2,'Added index \"F-CRB:194\".'),(4389,'2016-03-04 15:57:15',1,34,'345','Telescopic Optical Sight',2,'Added index \"F-CRB:195\".'),(4390,'2016-03-04 15:57:28',1,34,'347','Tripod Mount',2,'Added index \"F-CRB:195\".'),(4391,'2016-03-04 15:57:39',1,34,'349','Weapon Sling',2,'Added index \"F-CRB:195\".'),(4392,'2016-03-04 15:57:52',1,34,'350','Weighted Head',2,'Added index \"F-CRB:195\".'),(4393,'2016-03-04 15:59:10',1,34,'2540','Barab Ingot',1,''),(4394,'2016-03-04 15:59:37',1,34,'2541','Curved Hilt',1,''),(4395,'2016-03-04 16:00:05',1,34,'2542','Dantari Crystal',1,''),(4396,'2016-03-04 16:00:36',1,34,'2543','Dragite Gem',1,''),(4397,'2016-03-04 16:01:08',1,34,'2544','Dual-Phase Modification',1,''),(4398,'2016-03-04 16:01:35',1,34,'2545','Extended Hilt',1,''),(4399,'2016-03-04 16:02:03',1,34,'2546','Ilum Crystal',1,''),(4400,'2016-03-04 16:02:46',1,34,'2547','Krayt Dragon Pearl',1,''),(4401,'2016-03-04 16:03:24',1,34,'2548','Lorrdian Gemstone',1,''),(4402,'2016-03-04 16:04:03',1,34,'2549','Mephite Crystal',1,''),(4403,'2016-03-04 16:04:27',1,34,'2550','Sapith Gem',1,''),(4404,'2016-03-04 16:05:52',1,34,'2551','Superior Hilt Personalization',1,''),(4405,'2016-03-04 16:06:25',1,34,'2552','Training Lightsaber Emitter',1,''),(4406,'2016-03-04 16:07:02',1,34,'2553','Biofeedback System',1,''),(4407,'2016-03-04 16:07:30',1,34,'2554','Energy Dispersion System',1,''),(4408,'2016-03-04 16:07:46',1,34,'353','Heating System',2,'Added index \"F-CRB:201\".'),(4409,'2016-03-04 16:08:20',1,34,'2555','In-Helmet Scanner',1,''),(4410,'2016-03-04 16:09:17',1,34,'357','Superior Armor Customization',2,'Added index \"F-CRB:201\".'),(4411,'2016-03-04 16:09:28',1,34,'355','Thermal Shielding System',2,'Added index \"F-CRB:201\".'),(4412,'2016-03-08 19:11:26',1,35,'394','Airspeeder',2,'Added index \"F-CRB:254*\".'),(4413,'2016-03-08 19:13:25',1,35,'2556','Ubrikkian Industries Talon I Combat Cloud Car',1,''),(4414,'2016-03-08 19:14:55',1,35,'2557','Passenger Landspeeder',1,''),(4415,'2016-03-08 19:17:37',1,35,'2558','A-A3 Dray Light Speeder Truck',1,''),(4416,'2016-03-08 19:19:25',1,35,'2559','85-XS Odyssey Heavy Speeder Bike',1,''),(4417,'2016-03-08 19:21:30',1,42,'87','Wheel Bike',1,''),(4418,'2016-03-08 19:21:47',1,35,'2560','Gallis-Tech 48 Roller',1,''),(4419,'2016-03-08 19:21:53',1,35,'2560','Gallis-Tech 48 Roller',2,'Changed category for equipment \"Equipment object\".'),(4420,'2016-03-08 19:23:09',1,35,'2561','Groundcar',1,''),(4421,'2016-03-08 19:24:52',1,35,'2562','AT-HCT',1,''),(4422,'2016-03-08 19:25:49',1,38,'432','BTL-A4 Y-Wing Attack Starfighter',2,'Added index \"F-CRB:257\".'),(4423,'2016-03-08 19:26:00',1,38,'433','BTL-S3 Y-Wing Attack Starfighter',2,'Added index \"F-CRB:257\".'),(4424,'2016-03-09 13:03:20',1,38,'1833','Delta-6 System Defense Starfighter',2,'Changed notes. Added index \"F-CRB:258\".'),(4425,'2016-03-09 13:05:17',1,38,'2563','Delta-7 Aethersprite Interceptor',1,''),(4426,'2016-03-09 13:06:43',1,38,'2564','Delta-12 Skysprite',1,''),(4427,'2016-03-09 13:07:26',1,38,'430','Lambda-Class T-4A Long Range Shuttle',2,'Added index \"F-CRB:260\".'),(4428,'2016-03-09 13:09:36',1,38,'2565','Pathfinder Scout Ship',1,''),(4429,'2016-03-09 13:09:53',1,38,'496','T-65B \"X-Wing\" Multi-Role Starfighter',2,'Added index \"F-CRB:261\".'),(4430,'2016-03-09 13:10:47',1,38,'431','TIE/LN Starfighter',2,'Added index \"F-CRB:261\".'),(4431,'2016-03-09 13:13:18',1,38,'2566','G9 Rigger Light Freighter',1,''),(4432,'2016-03-09 13:13:46',1,38,'1481','HWK-290 Light Freighter',2,'Added index \"F-CRB:263\".'),(4433,'2016-03-09 13:14:36',1,38,'1480','HT-2200 Medium Freighter',2,'Added index \"F-CRB:264\".'),(4434,'2016-03-09 13:16:13',1,38,'2567','Simiyiar Light Freighter',1,''),(4435,'2016-03-09 13:19:22',1,38,'2568','ZH-25 Questor Light Freighter',1,''),(4436,'2016-03-09 13:23:40',1,42,'88','Destroyer',1,''),(4437,'2016-03-09 13:23:56',1,38,'2569','ADZ-Class Destroyer',1,''),(4438,'2016-03-09 13:24:03',1,38,'2569','ADZ-Class Destroyer',2,'Changed category for equipment \"Equipment object\".'),(4439,'2016-03-09 13:24:24',1,38,'446','CR90 Corvette',2,'Added index \"F-CRB:266\".'),(4440,'2016-03-09 13:27:17',1,38,'2570','IR-3F-Class Light Frigate',1,''),(4441,'2016-03-09 13:27:48',1,38,'1249','Victory-Class Star Destroyer',2,'Added index \"F-CRB:267\".'),(4442,'2016-03-09 13:28:35',1,41,'359','Advanced Targeting Array',2,'Added index \"F-CRB:269\".'),(4443,'2016-03-09 13:28:51',1,41,'360','Electronic Countermeasures Suite',2,'Added index \"F-CRB:269\".'),(4444,'2016-03-09 13:29:11',1,41,'361','Enhanced Carbon-Durasteel Armor',2,'Added index \"F-CRB:269\".'),(4445,'2016-03-09 13:29:22',1,41,'365','High-Output Ion Turbine',2,'Added index \"F-CRB:269\".'),(4446,'2016-03-09 13:29:37',1,41,'362','Hydraulic Control Circuits',2,'Added index \"F-CRB:270\".'),(4447,'2016-03-09 13:29:50',1,41,'366','Hyperdrive Generator',2,'Added index \"F-CRB:270\".'),(4448,'2016-03-09 13:30:04',1,41,'363','Reinforced Shield Generator',2,'Added index \"F-CRB:270\".'),(4449,'2016-03-09 13:30:18',1,41,'367','Retrofitted Hanger Bay',2,'Added index \"F-CRB:270\".'),(4450,'2016-03-09 13:30:31',1,41,'364','Smuggling Compartments',2,'Added index \"F-CRB:270\".'),(4451,'2016-03-09 13:30:44',1,41,'1251','Upgraded Comms Array',2,'Added index \"F-CRB:271\".'),(4452,'2016-03-09 13:34:38',1,54,'2571','Force Power Battle Meditation',1,''),(4453,'2016-03-09 13:35:31',1,54,'2572','Force Power Bind',1,''),(4454,'2016-03-09 13:35:49',1,54,'1325','Force Power Enhance',2,'Added index \"F-CRB:288\".'),(4455,'2016-03-09 13:36:03',1,54,'1326','Force Power Forsee',2,'Added index \"F-CRB:290\".'),(4456,'2016-03-09 13:36:47',1,54,'2573','Force Power Heal/Harm',1,''),(4457,'2016-03-09 13:37:01',1,54,'931','Force Power Influence',2,'Added index \"F-CRB:294\".'),(4458,'2016-03-09 13:37:38',1,54,'2574','Force Power Misdirect',1,''),(4459,'2016-03-09 13:37:51',1,54,'930','Force Power Move',2,'Added index \"F-CRB:298\".'),(4460,'2016-03-09 13:38:24',1,54,'2575','Force Power Protect/Unleash',1,''),(4461,'2016-03-09 13:39:03',1,54,'2576','Force Power Seek',1,''),(4462,'2016-03-09 13:39:34',1,54,'2577','Force Power Sense',1,''),(4463,'2016-03-09 13:47:57',1,32,'2578','Scoped long-range blaster rifle (Ranged [Heavy]; Damage 9; Critical 3; Range (Extreme); Reduce difficulty of combat checks at long and extreme range by one.)',1,''),(4464,'2016-03-09 13:48:38',1,32,'2579','Oversized Combat Knife (Melee; Damage 2; Critical 3; Range (Engaged))',1,''),(4465,'2016-03-09 13:50:07',1,45,'2580','Big Game Hunter',1,''),(4466,'2016-03-09 13:50:38',1,45,'2580','Big Game Hunter',2,'Changed equipment.'),(4467,'2016-03-09 13:52:06',1,45,'2581','Bith Musician',1,''),(4468,'2016-03-09 19:05:48',1,31,'2582','Scout Ship',1,''),(4469,'2016-03-09 19:06:35',1,45,'2583','Scout',1,''),(4470,'2016-03-09 19:07:55',1,45,'772','Planetary Defense Force Trooper',2,'Added index \"F-CRB:402*\".'),(4471,'2016-03-09 19:09:20',1,31,'2584','Podracer',1,''),(4472,'2016-03-09 19:10:20',1,45,'2585','Podracer Pilot',1,''),(4473,'2016-03-09 19:12:35',1,33,'2586','Police Armor (+1 soak)',1,''),(4474,'2016-03-09 19:13:08',1,45,'2587','Provincial Law Enforcement Officer',1,''),(4475,'2016-03-09 19:13:18',1,45,'2587','Provincial Law Enforcement Officer',2,'No fields changed.'),(4476,'2016-03-09 19:13:40',1,45,'2587','Provincial Law Enforcement Officer',2,'Changed equipment.'),(4477,'2016-03-09 19:15:17',1,54,'2588','Ammonia Breather',1,''),(4478,'2016-03-09 19:17:46',1,45,'2589','Gand Findsman',1,''),(4479,'2016-03-09 19:27:32',1,45,'1985','Toydarian Merchant',2,'Changed notes. Added index \"F-CRB:403\".'),(4480,'2016-03-09 19:28:08',1,45,'881','Ugnaught Laborer',2,'No fields changed.'),(4481,'2016-03-09 19:30:44',1,32,'2590','Giant Hydrospanner (Melee; Damage 1; Critical 4; Range (Engaged); Knockdown, )',1,''),(4482,'2016-03-09 19:31:41',1,45,'2591','Ugnaught Mechanic',1,''),(4483,'2016-03-09 19:31:59',1,45,'2591','Ugnaught Mechanic',2,'Changed equipment.'),(4484,'2016-03-09 19:35:24',1,45,'2592','Con Artist',1,''),(4485,'2016-03-09 19:36:35',1,45,'1311','Guilded Bounty Hunter',2,'Added index \"F-CRB:404\".'),(4486,'2016-03-09 19:39:57',1,45,'2593','Hutt Slave Dealer',1,''),(4487,'2016-03-09 19:42:32',1,45,'2594','Spice Pusher',1,''),(4488,'2016-03-09 19:57:39',1,45,'1985','Toydarian Merchant',2,'Changed notes.'),(4489,'2016-03-10 18:47:32',1,45,'746','Street Tough',2,'Added index \"F-CRB:405\".'),(4490,'2016-03-10 18:49:22',1,31,'2595','Datapad of Imperial regulations',1,''),(4491,'2016-03-10 18:50:00',1,45,'2596','Government Bureaucrat',1,''),(4492,'2016-03-10 18:52:42',1,32,'2597','Combat Vibroblade (Melee; Damage 2; Critical 2; Range (Engaged); Pierce 2, Vicious 2, )',1,''),(4493,'2016-03-10 18:53:47',1,54,'2598','Neurotoxin Doses',1,''),(4494,'2016-03-10 18:55:13',1,45,'2599','Imperial Assassin',1,''),(4495,'2016-03-10 18:55:42',1,45,'2599','Imperial Assassin',2,'Changed equipment.'),(4496,'2016-03-10 18:58:34',1,45,'2600','Imperial Dungeoneer',1,''),(4497,'2016-03-10 19:00:36',1,32,'2601','Cortosis-plated force pike (Melee; Damage 3; Critical 2; Range (Engaged); Cortosis, Pierce 2, Stun Setting, )',1,''),(4498,'2016-03-10 19:02:09',1,45,'2602','Imperial Royal Guard',1,''),(4499,'2016-03-10 19:02:31',1,45,'2602','Imperial Royal Guard',2,'Changed equipment.'),(4500,'2016-03-10 19:02:54',1,45,'769','Imperial Stormtrooper',2,'Added index \"F-CRB:407\".'),(4501,'2016-03-10 19:03:16',1,45,'716','Imperial Stormtrooper Sergeant',2,'Added index \"F-CRB:408\".'),(4502,'2016-03-10 19:03:39',1,45,'1307','TIE Pilot',2,'Added index \"F-CRB:408\".'),(4503,'2016-03-10 20:22:27',1,31,'68','Assassin Droid',2,'Added index \"A-CRB:427\".'),(4504,'2016-03-10 20:22:43',1,31,'69','Astromech Droid',2,'Added index \"A-CRB:428\".'),(4505,'2016-03-10 20:23:00',1,31,'70','Maintenance Droid',2,'Added index \"F-CRB:428\".'),(4506,'2016-03-10 20:23:18',1,31,'71','Medical Droid',2,'Added index \"A-CRB:428\".'),(4507,'2016-03-10 20:23:34',1,31,'70','Maintenance Droid',2,'Changed book for index \"A-CRB:428\".'),(4508,'2016-03-10 20:23:51',1,31,'72','Protocol Droid',2,'Added index \"A-CRB:429\".'),(4509,'2016-03-11 12:30:40',1,45,'2603','Analysis Droid',1,''),(4510,'2016-03-11 12:32:20',1,33,'2604','Built-in Armor Plating (+2 soak; +1 defense)',1,''),(4511,'2016-03-11 12:33:25',1,45,'2605','IG-100 Magnaguard',1,''),(4512,'2016-03-11 12:34:11',1,45,'2605','IG-100 Magnaguard',2,'Changed equipment.'),(4513,'2016-03-11 12:36:18',1,31,'2606','Built-in Interrogation Drug Syringe',1,''),(4514,'2016-03-11 12:36:55',1,32,'2607','Built-in Acid Jet (Ranged [Light]; Damage 5; Critical 2; Range (Short); Burn 2, )',1,''),(4515,'2016-03-11 12:37:54',1,32,'2608','Built-in Sonic Torture Device (Ranged [Light]; Damage 5; Critical -; Range (Short); Concussive 3, Slow-Firing 1, Stun Damage, )',1,''),(4516,'2016-03-11 12:38:40',1,45,'2609','Interrogation Droid',1,''),(4517,'2016-03-11 12:39:04',1,45,'2609','Interrogation Droid',2,'Changed equipment.'),(4518,'2016-03-11 12:40:33',1,45,'805','Medical Droid',2,'Changed equipment and notes. Added index \"F-CRB:410\".'),(4519,'2016-03-11 12:41:33',1,45,'807','Protocol Droid',2,'Changed equipment. Added index \"F-CRB:410\".'),(4520,'2016-03-11 12:44:45',1,54,'2610','Self-destruct Mechanism',1,''),(4521,'2016-03-11 12:45:48',1,31,'2611','long-range holonet communicator',1,''),(4522,'2016-03-11 12:46:20',1,31,'2612','Life Form Scanner',1,''),(4523,'2016-03-11 12:46:45',1,31,'2613','Long-range Sensor Array',1,''),(4524,'2016-03-11 12:47:18',1,45,'2614','Viper Probe Droid',1,''),(4525,'2016-03-11 12:47:56',1,31,'2615','Analysis Droid',1,''),(4526,'2016-03-11 12:48:17',1,31,'2616','IG-100 MangnaGuard',1,''),(4527,'2016-03-11 12:48:46',1,31,'2617','Interrogation Droid',1,''),(4528,'2016-03-11 12:49:02',1,31,'71','Medical Droid',2,'Added index \"F-CRB:410\".'),(4529,'2016-03-11 12:49:27',1,31,'2618','Viper Probe Droid',1,''),(4530,'2016-03-11 12:49:40',1,31,'72','Protocol Droid',2,'Added index \"F-CRB:410\".'),(4531,'2016-03-11 13:54:25',1,31,'2619','Emergency Repair Kit',1,''),(4532,'2016-03-11 13:55:37',1,45,'2620','Accomplished Mechanic',1,''),(4533,'2016-03-11 13:57:56',1,45,'2621','Cautious Smuggler',1,''),(4534,'2016-03-11 15:51:09',1,54,'2622','Computer Affinity',1,''),(4535,'2016-03-11 15:52:21',1,45,'2623','CSA Intrusion Specialist',1,''),(4536,'2016-03-11 16:03:54',1,54,'2624','All the Luck in the Galaxy',1,''),(4537,'2016-03-11 16:04:54',1,45,'2625','Dandy Gambler',1,''),(4538,'2016-03-11 18:16:22',1,54,'2626','Dark Side Force User',1,''),(4539,'2016-03-11 18:17:02',1,32,'2520','Basic Lightsaber (Lightsaber; Damage 6; Critical 2; Range (Engaged); Breach 1, Sunder, )',2,'Changed name.'),(4540,'2016-03-11 18:17:25',1,33,'2627','Black Robes (+1 soak)',1,''),(4541,'2016-03-11 18:18:36',1,45,'2628','Fallen Apprentice',1,''),(4542,'2016-03-11 18:18:52',1,45,'2628','Fallen Apprentice',2,'Changed equipment.'),(4543,'2016-03-11 18:20:13',1,32,'2521','Double-Bladed Lightsaber (Lightsaber; Damage 6; Critical 2; Range (Engaged); Breach 1, Linked 1, Sunder, Unwieldy 3, )',2,'Changed name.'),(4544,'2016-03-11 18:20:25',1,32,'2527','Double-Bladed Lightsaber Hilt (Lightsaber; Damage 0; Critical -; Range (Engaged); Linked 1, Unwieldy 3, )',2,'Changed name.'),(4545,'2016-03-11 18:21:28',1,32,'2629','Bouble-bladed mephite lightsaber (Lightsaber; Damage 8; Critical 2; Range (Engaged); Breach 1, Linked 1, Sunder, Unwieldy 3, )',1,''),(4546,'2016-03-11 18:23:33',1,45,'2630','Fallen Master',1,''),(4547,'2016-03-11 18:23:57',1,45,'2630','Fallen Master',2,'Changed equipment.'),(4548,'2016-03-11 18:24:04',1,32,'2629','Double-bladed mephite lightsaber (Lightsaber; Damage 8; Critical 2; Range (Engaged); Breach 1, Linked 1, Sunder, Unwieldy 3, )',2,'Changed name.'),(4549,'2016-03-11 18:26:07',1,32,'2631','Serrated Vibroknife (Melee; Damage 2; Critical 2; Range (Engaged); Pierce 2, Vicious 2, )',1,''),(4550,'2016-03-11 18:27:02',1,45,'2632','Merderous Fugitive',1,''),(4551,'2016-03-11 18:27:19',1,45,'2632','Merderous Fugitive',2,'Changed equipment.'),(4552,'2016-03-11 18:29:00',1,32,'2633','Vibro-trident (Melee; Damage 1; Critical 2; Range (Engaged); Defensive 2, Pierce 4, Vicious 3, )',1,''),(4553,'2016-03-11 18:29:34',1,33,'2634','Gladiatorial Leathers (+2 soak)',1,''),(4554,'2016-03-11 18:30:43',1,45,'2635','Scarred Gladiator',1,''),(4555,'2016-03-11 18:32:54',1,54,'2636','Six-armed',1,''),(4556,'2016-03-11 18:33:07',1,55,'2637','Acklay',1,''),(4557,'2016-03-11 18:33:47',1,57,'2638','Acklay Large Claws',1,''),(4558,'2016-03-11 18:34:41',1,58,'2639','Stalking Acklay',1,''),(4559,'2016-03-11 18:35:46',1,54,'2640','Strong as a Jakobeast',1,''),(4560,'2016-03-11 18:36:58',1,55,'2641','Jakobeast',1,''),(4561,'2016-03-11 18:37:28',1,57,'2642','Jakobeast Tusks',1,''),(4562,'2016-03-11 18:38:45',1,58,'2643','Jakobeast',1,''),(4563,'2016-03-11 18:40:18',1,54,'2644','Soothing Song',1,''),(4564,'2016-03-11 18:40:36',1,55,'2645','Jubba Bird',1,''),(4565,'2016-03-11 18:42:06',1,57,'2646','Jubba Bird Claws',1,''),(4566,'2016-03-11 18:42:55',1,58,'2647','Jubba Bird',1,''),(4567,'2016-03-11 18:44:48',1,54,'2648','Force Mimic',1,''),(4568,'2016-03-11 18:45:04',1,55,'2649','Kaaten',1,''),(4569,'2016-03-11 18:45:37',1,57,'2650','Kaaten Claws',1,''),(4570,'2016-03-11 18:46:27',1,58,'2651','Kaaten',1,''),(4571,'2016-03-11 18:50:31',1,54,'2652','Neurotoxin',1,''),(4572,'2016-03-11 18:50:46',1,55,'2653','Kouhun',1,''),(4573,'2016-03-11 18:51:16',1,57,'2654','Kouhun Spine',1,''),(4574,'2016-03-11 18:51:40',1,57,'2655','Kouhun Mandibles',1,''),(4575,'2016-03-11 18:52:18',1,58,'2656','Kouhun',1,''),(4576,'2016-03-11 18:53:47',1,54,'2657','Cloak',1,''),(4577,'2016-03-11 18:53:57',1,55,'2658','Maalraa',1,''),(4578,'2016-03-11 18:54:26',1,57,'2659','Maalraa Fangs',1,''),(4579,'2016-03-11 18:55:20',1,58,'2660','Maalraa',1,''),(4580,'2016-03-11 18:56:49',1,54,'2661','Detect Force-sensitivity',1,''),(4581,'2016-03-11 18:56:58',1,55,'2662','Vornskr',1,''),(4582,'2016-03-11 18:57:35',1,57,'2663','Vornskr Tail',1,''),(4583,'2016-03-11 18:57:58',1,57,'2664','Vornskr Teeth',1,''),(4584,'2016-03-11 18:58:54',1,58,'2665','Vornskr',1,''),(4585,'2016-03-11 19:00:30',1,54,'2666','Negate Force Powers',1,''),(4586,'2016-03-11 19:00:40',1,55,'2667','Ysalamir',1,''),(4587,'2016-03-11 19:01:03',1,57,'2668','Ysalamir Teeth',1,''),(4588,'2016-03-11 19:01:33',1,58,'2669','Ysalamir',1,''),(4589,'2016-03-11 19:03:20',1,45,'2670','Besalisk Adventurer',1,''),(4590,'2016-03-11 19:05:58',1,45,'2671','Chiss Mercenary',1,''),(4591,'2016-03-11 19:06:03',1,45,'2672','Chiss Mercenary',1,''),(4592,'2016-03-11 19:07:10',1,54,'2673','Heat Resistance',1,''),(4593,'2016-03-11 19:08:00',1,45,'2674','Mustafarian Miner',1,''),(4594,'2016-03-11 19:08:29',1,45,'2672','Chiss Mercenary',3,''),(4595,'2016-03-11 19:10:02',1,45,'2675','Ashur Sungazer',1,''),(4596,'2016-03-11 19:10:46',1,31,'2676','Stylus',1,''),(4597,'2016-03-11 19:11:33',1,45,'2675','Ashur Sungazer',2,'Changed equipment. Added skill entry \"SkillEntry object\". Added skill entry \"SkillEntry object\". Added skill entry \"SkillEntry object\". Added skill entry \"SkillEntry object\". Added skill entry \"SkillEntry object\". Added skill entry \"SkillEntry object\". Added index \"F-CRB:425\".'),(4598,'2016-03-11 19:13:34',1,45,'2677','Campus Security Guard',1,''),(4599,'2016-03-11 19:17:34',1,45,'2678','Eren Garai',1,''),(4600,'2016-03-11 19:21:21',1,45,'2679','Armed Security Guard',1,''),(4601,'2016-03-11 19:24:47',1,32,'2680','Basilisk Claws (Melee; Damage 2; Critical 2; Range (Engaged); Vicious 1, )',1,''),(4602,'2016-03-11 19:25:39',1,45,'2681','Damaged Basilisk',1,''),(4603,'2016-03-11 19:26:20',1,45,'2681','Damaged Basilisk',2,'Changed equipment.'),(4604,'2016-03-11 19:28:15',1,32,'2682','Integral Wrist Blaster (Ranged [Light]; Damage 5; Critical 3; Range (Medium); Stun Setting, )',1,''),(4605,'2016-03-11 19:28:45',1,45,'2683','Tactical Assassin Droid',1,''),(4606,'2016-03-11 19:28:58',1,45,'2683','Tactical Assassin Droid',2,'No fields changed.'),(4607,'2016-03-11 19:29:16',1,45,'2683','Tactical Assassin Droid',2,'Changed equipment.'),(4608,'2016-03-11 19:33:49',1,25,'34','Lead by Example (AoR)',1,''),(4609,'2016-03-11 19:48:27',1,45,'2614','Viper Probe Droid',2,'Added index \"HD:10\".'),(4610,'2016-03-11 19:50:16',1,45,'2684','Imperial Stormtrooper \"Cavetroopers\"',1,''),(4611,'2016-03-11 19:51:10',1,32,'2685','Oversized Vibroknife (Melee; Damage 2; Critical 2; Range (Engaged); Pierce 2, Vicious 1, )',1,''),(4612,'2016-03-11 19:52:35',1,31,'2686','Low-light vision gear',1,''),(4613,'2016-03-11 19:53:07',1,45,'2684','Imperial Stormtrooper \"Cavetroopers\"',2,'Changed equipment. Added skill entry \"SkillEntry object\". Added skill entry \"SkillEntry object\". Added skill entry \"SkillEntry object\". Added skill entry \"SkillEntry object\". Added skill entry \"SkillEntry object\". Added index \"HD:11\".'),(4614,'2016-03-11 19:54:44',1,55,'2687','Phemis Canyon Charger',1,''),(4615,'2016-03-11 19:55:23',1,57,'2688','Phemis Canyon Charger Ridged Skull Crest',1,''),(4616,'2016-03-11 19:56:05',1,58,'2689','Phemis Canyon Charger',1,''),(4617,'2016-03-11 19:58:55',1,55,'2690','Rubat Spinner',1,''),(4618,'2016-03-11 19:59:18',1,57,'2691','Rubat Spinner Limb Spike',1,''),(4619,'2016-03-11 19:59:55',1,58,'2692','Rubat Spinner',1,''),(4620,'2016-03-11 20:02:51',1,32,'2693','Reinforced Vibrosword (Melee; Damage 3; Critical 2; Range (Engaged); Pierce 2, Vicious 1, Cortosis, )',1,''),(4621,'2016-03-11 20:04:26',1,45,'2694','\"Ironarm\" Stormtrooper Commander',1,''),(4622,'2016-03-11 20:05:00',1,45,'2694','\"Ironarm\" Stormtrooper Commander',2,'Changed equipment.'),(4623,'2016-03-11 20:19:54',1,55,'2695','Chagrian',1,''),(4624,'2016-03-11 20:21:24',1,54,'2696','Water Dependence',1,''),(4625,'2016-03-11 20:22:26',1,55,'2697','Ishi Tib',1,''),(4626,'2016-03-11 20:23:27',1,54,'2698','Indomitable',1,''),(4627,'2016-03-11 20:23:54',1,55,'2699','Lannik',1,''),(4628,'2016-03-11 20:24:42',1,49,'2444','Body Guard (Improved)',2,'Added index \"LbE:34\".'),(4629,'2016-03-11 20:25:01',1,49,'2700','Calm Commander',1,''),(4630,'2016-03-11 20:25:19',1,49,'2701','Clever Commander',1,''),(4631,'2016-03-11 20:25:54',1,49,'2702','Commanding Presence (Improved)',1,''),(4632,'2016-03-11 20:26:15',1,49,'2451','Conditioned',2,'Added index \"LbE:34\".'),(4633,'2016-03-11 20:26:41',1,49,'2703','Confidence (Improved)',1,''),(4634,'2016-03-11 20:26:57',1,49,'2056','Encouraging Words',2,'Added index \"LbE:34\".'),(4635,'2016-03-11 20:27:24',1,49,'2704','Master Instructor',1,''),(4636,'2016-03-11 20:27:49',1,49,'2705','Master Strategist',1,''),(4637,'2016-03-11 20:28:11',1,49,'2706','Natural Instructor',1,''),(4638,'2016-03-11 20:28:26',1,49,'2062','Positive Spin',2,'Added index \"LbE:35\".'),(4639,'2016-03-11 20:28:48',1,49,'2707','Ready for Anything',1,''),(4640,'2016-03-11 20:29:14',1,49,'2064','Researcher (Improved)',2,'Added index \"LbE:35\".'),(4641,'2016-03-11 20:30:19',1,49,'2708','That\'s how it\'s Done',1,''),(4642,'2016-03-11 20:30:44',1,49,'2066','Thorough Assesment',2,'Added index \"LbE:35\".'),(4643,'2016-03-11 20:31:02',1,49,'2709','Well Read',1,''),(4644,'2016-03-11 20:32:39',1,42,'89','Uniforms',1,''),(4645,'2016-03-11 20:32:55',1,31,'2710','BPEA-IA Cascader',1,''),(4646,'2016-03-11 20:33:21',1,31,'2711','Dress Uniform',1,''),(4647,'2016-03-11 20:33:39',1,31,'2712','Ribon Rack',1,''),(4648,'2016-03-11 20:34:09',1,31,'2713','Symbol of Command',1,''),(4649,'2016-03-11 20:34:38',1,31,'2714','T-Series Tactical Droid',1,''),(4650,'2016-03-11 20:36:53',1,54,'2715','CDE-T Tactical Computer',1,''),(4651,'2016-03-11 20:37:39',1,45,'2716','T-Series Tactical Droid',1,''),(4652,'2016-03-14 18:15:19',1,42,'90','Field Equipment',1,''),(4653,'2016-03-14 18:16:15',1,31,'2717','1.4 FD P-Tower Light Anti-Vehicle Battery',1,''),(4654,'2016-03-14 18:17:03',1,31,'2718','AlderaanMotors Heat Sink Power Generator',1,''),(4655,'2016-03-14 22:34:36',1,31,'2719','CryonCorp MK. I Cat\'s Eye Multipurpose Sensor Suite',1,''),(4656,'2016-03-14 22:35:22',1,31,'2720','DefenStar Ltd. Nyalsan II Planetary Shield Generator',1,''),(4657,'2016-03-14 22:38:16',1,31,'2721','Delvin Constructs Com C-52 Modular Command Center',1,''),(4658,'2016-03-14 22:38:55',1,31,'2722','Devlin Constructs BKR B-70 Modular Reinforced Bunker',1,''),(4659,'2016-03-14 22:39:32',1,31,'2723','Devlin Constructs Fac L-120 Modular Motor Pool',1,''),(4660,'2016-03-14 22:40:05',1,31,'2724','Devlin Constructs HNG F-104 Modular Hanger',1,''),(4661,'2016-03-14 22:40:37',1,31,'2725','Devlin Constructs MilBar F-122 Modular Barracks',1,''),(4662,'2016-03-14 22:41:12',1,31,'2726','Golan Arms DF.11 Anti-Infantry Battery',1,''),(4663,'2016-03-14 22:41:38',1,31,'2727','TacNet Tatical Data Network',1,''),(4664,'2016-03-14 22:50:45',1,35,'2728','SU-42RS Flashblind Aerial Reconnaissance Airspeeder',1,''),(4665,'2016-03-14 22:52:45',1,36,'47','vehicle commander/gunner',1,''),(4666,'2016-03-14 22:53:09',1,36,'48','driver',1,''),(4667,'2016-03-14 22:53:56',1,36,'49','comms/electronic warfare operators',1,''),(4668,'2016-03-14 22:54:17',1,35,'2729','AA-70 Observation and Command Speeder',1,''),(4669,'2016-03-14 22:59:52',1,36,'50','guard/gunner',1,''),(4670,'2016-03-14 23:00:25',1,36,'51','comms/electronic warfare droids',1,''),(4671,'2016-03-14 23:00:43',1,35,'2730','LAVr QH-7 Chariot Command Speeder',1,''),(4672,'2016-03-14 23:02:21',1,36,'52','driver/gunner',1,''),(4673,'2016-03-14 23:02:44',1,36,'53','reconnaissance systems operator',1,''),(4674,'2016-03-14 23:02:59',1,35,'2731','AT-FRC Force Reconnaissance Walker',1,''),(4675,'2016-03-14 23:07:24',1,38,'2732','Munificent-class Command, Control, and Communications Frigate',1,''),(4676,'2016-03-14 23:10:06',1,38,'2733','Surveyor-class Reconnaissance Frigate',1,''),(4677,'2016-03-14 23:11:02',1,38,'2732','Munificent-class Command, Control, and Communications Frigate',2,'Changed notes.'),(4678,'2016-03-14 23:14:14',1,36,'54','officers, pilots, gunners, and enlisted crew',1,''),(4679,'2016-03-14 23:15:36',1,38,'2734','MC80A Home One type Heavy Star Cruiser',1,''),(4680,'2016-03-14 23:31:24',1,42,'91','Dreadnought',1,''),(4681,'2016-03-14 23:31:35',1,38,'2735','Assertor-class Command Dreadnought',1,''),(4682,'2016-03-14 23:31:52',1,38,'2735','Assertor-class Command Dreadnought',2,'Changed category for equipment \"Equipment object\".'),(4683,'2016-03-14 23:34:56',1,42,'92','Battlecruiser',1,''),(4684,'2016-03-14 23:35:07',1,38,'2736','Maelstrom-class Battle Cruiser',1,''),(4685,'2016-03-14 23:35:15',1,38,'2736','Maelstrom-class Battle Cruiser',2,'Changed category for equipment \"Equipment object\".'),(4686,'2016-03-14 23:36:22',1,41,'2737','Electronic Counter-Countermeasures Suite',1,''),(4687,'2016-03-14 23:36:48',1,41,'2738','Briefing Auditorium',1,''),(4688,'2016-03-14 23:37:31',1,41,'2739','Tatical Command, Control, and Communications Suite',1,''),(4689,'2016-03-14 23:37:56',1,41,'2740','Holo-Tank',1,''),(4690,'2016-03-14 23:38:27',1,41,'2741','Theater Command and Control System',1,''),(4691,'2016-03-14 23:46:01',1,32,'247','Stun Club (Melee; Damage 3; Critical 2; Range (Engaged); Disorient 2, )',2,'Deleted weapon quality entry \"<a href=\"/equipment/weaponqualities/1407/\" class=\"weaponquality_name\">Stun Damage</a>\".'),(4693,'2016-03-17 12:07:19',1,25,'36','Keeping the Peace (FaD)',1,''),(4694,'2016-03-17 12:08:23',1,54,'2742','Precognition',1,''),(4695,'2016-03-17 12:08:45',1,55,'2743','Iktotchi',1,''),(4696,'2016-03-17 12:11:05',1,55,'2744','Lannik',1,''),(4697,'2016-03-17 12:12:33',1,54,'2745','Hardy Survivalist',1,''),(4698,'2016-03-17 12:14:31',1,55,'2746','Whiphid',1,''),(4699,'2016-03-17 12:15:23',1,55,'2743','Iktotchi',2,'Changed notes.'),(4700,'2016-03-17 12:16:13',1,49,'538','Armor Master',2,'Added index \"KtP:30\".'),(4701,'2016-03-17 12:16:23',1,49,'539','Armor Master [Improved]',2,'Added index \"KtP:30\".'),(4702,'2016-03-17 12:18:42',1,49,'2747','Armor Master (Supreme)',1,''),(4703,'2016-03-17 12:19:02',1,49,'1413','Bad Cop',2,'Added index \"KtP:30\".'),(4704,'2016-03-17 12:19:26',1,49,'2748','Baleful Gaze',1,''),(4705,'2016-03-17 12:19:53',1,49,'2749','Blind Spot',1,''),(4706,'2016-03-17 12:20:13',1,49,'1196','Careful Planning',2,'Added index \"KtP:30\".'),(4707,'2016-03-17 12:20:30',1,49,'1197','Clever Solution',2,'Added index \"KtP:30\".'),(4708,'2016-03-17 12:20:48',1,49,'1200','Coordinated Assault',2,'Added index \"KtP:30\".'),(4709,'2016-03-17 12:21:02',1,49,'580','Gearhead',2,'Added index \"KtP:30\".'),(4710,'2016-03-17 12:21:20',1,49,'2750','Grapple',1,''),(4711,'2016-03-17 12:22:54',1,49,'2751','No Escape',1,''),(4712,'2016-03-17 12:23:20',1,49,'2752','Overbalance',1,''),(4713,'2016-03-17 12:23:47',1,49,'2753','Precision Strike',1,''),(4714,'2016-03-17 12:24:15',1,49,'2754','Prime Positions',1,''),(4715,'2016-03-17 12:24:34',1,49,'2753','Precision Strike',2,'Changed activation and ranked.'),(4716,'2016-03-17 12:25:06',1,49,'2755','Prescient Shot',1,''),(4717,'2016-03-17 12:25:27',1,49,'2756','Prophetic Aim',1,''),(4718,'2016-03-17 12:25:51',1,49,'2757','Reinforce Item',1,''),(4719,'2016-03-17 12:26:08',1,49,'641','Scathing Tirade',2,'Added index \"KtP:31\".'),(4720,'2016-03-17 12:26:38',1,49,'2758','Suppressing Fire',1,''),(4721,'2016-03-17 12:26:52',1,49,'672','Tinkerer',2,'Added index \"KtP:31\".'),(4722,'2016-03-17 12:27:51',1,54,'2759','Force Power Suppress',1,''),(4723,'2016-03-17 19:00:48',1,32,'2760','Blastech DLS-12 Heavy Blaster Carbine (Ranged [Heavy]; Damage 10; Critical 3; Range (Medium); Auto-Fire, Cumbersome 2, )',1,''),(4724,'2016-03-17 19:01:47',1,32,'2761','Palandrix KO-2 Heavy Stun Pistol (Ranged [Light]; Damage 8; Critical -; Range (Short); Stun Damage, )',1,''),(4725,'2016-03-17 19:02:22',1,32,'2762','Security S-5 Heavy Blaster Pistol (Ranged [Light]; Damage 7; Critical 3; Range (Medium); Stun Setting, )',1,''),(4726,'2016-03-17 19:03:07',1,32,'2763','Site-145 Replica Blaster Pistol (Ranged [Light]; Damage 6; Critical 3; Range (Medium); Stun Setting, )',1,''),(4727,'2016-03-17 19:04:07',1,32,'2764','Shield Gauntlet (Brawl; Damage 1; Critical 5; Range (Engaged); Deflection 2, Stun Damage, )',1,''),(4728,'2016-03-17 19:05:08',1,32,'2765','Electronet (Melee; Damage 6; Critical 6; Range (Engaged); Ensnare 5, Knockdown, Limited Ammo 1, Stun Damage, )',1,''),(4729,'2016-03-17 19:06:04',1,32,'2766','Energy Buckler (Melee; Damage 0; Critical 5; Range (Engaged); Concussive 1, Defensive 1, Deflection 1, )',1,''),(4730,'2016-03-17 19:06:53',1,32,'2767','Parrying Dagger (Melee; Damage 1; Critical 3; Range (Engaged); Defensive 1, )',1,''),(4731,'2016-03-17 19:07:37',1,32,'2768','Parrying Vibroblade (Melee; Damage 1; Critical 2; Range (Engaged); Defensive 1, Pierce 2, Vicious 1, )',1,''),(4732,'2016-03-17 19:08:21',1,32,'2769','Rodian Cryogen Whip (Melee; Damage 2; Critical 3; Range (Short); Ensnare 1, Vicious 2, Unwieldy 3, )',1,''),(4733,'2016-03-17 19:09:13',1,32,'2770','Sith Shield (Melee; Damage 1; Critical 4; Range (Engaged); Cortosis, Defensive 1, Deflection 2, Vicious 1, )',1,''),(4734,'2016-03-17 19:09:41',1,32,'2771','Snap Baton (Melee; Damage 1; Critical 4; Range (Engaged); Disorient 2, )',1,''),(4735,'2016-03-17 19:10:51',1,32,'2772','Guard Shoto (Lightsaber; Damage 5; Critical 2; Range (Engaged); Breach 1, Defensive 1, Deflection 2, Sunder, Unwieldy 4, )',1,''),(4736,'2016-03-17 19:11:56',1,32,'2773','Temple Guard Lightsaber Pike (Lightsaber; Damage 6; Critical 2; Range (Engaged); Breach 1, Defensive 1, Linked 1, Sunder, Stun 4, Unwieldy 3, )',1,''),(4737,'2016-03-17 19:13:17',1,32,'2774','Guard Shoto Hilt (Lightsaber; Damage 0; Critical -; Range (Engaged); Defensive 1, Deflection 2, Unwieldy 4, )',1,''),(4738,'2016-03-17 19:14:22',1,32,'2775','Temple Guard Lightsaber Pike Hilt (Lightsaber; Damage 0; Critical -; Range (Engaged); Defensive 1, Linked 1, Stun 4, Unwieldy 3, )',1,''),(4739,'2016-03-17 19:17:40',1,33,'2776','Cresh \"Luck\" Armor (+2 soak)',1,''),(4740,'2016-03-17 19:18:32',1,33,'313','Heavy Battle Armor (+2 soak; +1 defense)',2,'Added index \"KtP:47\".'),(4741,'2016-03-17 19:19:02',1,33,'2777','Jedi Battle Armor (+2 soak; +1 defense)',1,''),(4742,'2016-03-17 19:20:21',1,33,'2778','Jedi Temple Guard Armor (+1 soak; +2 defense)',1,''),(4743,'2016-03-17 19:21:17',1,33,'2779','Jedi Training Suit (+2 soak)',1,''),(4744,'2016-03-17 19:22:03',1,33,'2780','Kav-Dann Power Armor (+2 soak; +2 defense)',1,''),(4745,'2016-03-17 19:22:41',1,33,'2781','Koromondain Half-Vest (+1 soak; +1 defense)',1,''),(4746,'2016-03-17 19:23:32',1,33,'761','Riot Armor (+2 soak)',2,'Changed encumbrance and hard_points. Added equipment \"Equipment object\". Added index \"KtP:49\".'),(4747,'2016-03-17 19:28:58',3,33,'1660','A/KT Wing Commander Armored Flight Suit (+1 soak; +1 defense)',2,'Changed notes and image.'),(4748,'2016-03-17 19:30:00',3,33,'2530','Armored Robes (+2 soak; +1 defense)',2,'Changed notes and image.'),(4749,'2016-03-17 19:30:55',3,33,'2531','Concealing Robes (+1 soak)',2,'Changed notes and image.'),(4750,'2016-03-17 19:31:45',3,33,'2776','Cresh \"Luck\" Armor (+2 soak)',2,'Changed notes and image.'),(4751,'2016-03-17 19:32:37',3,33,'2083','Diplomat\'s Robes ()',2,'Changed notes and image.'),(4752,'2016-03-17 19:33:21',3,33,'321','Enviro-Suit (+2 soak)',2,'Changed notes and image.'),(4753,'2016-03-17 19:34:29',3,33,'1782','Hutt Shell Armor (+2 soak; +2 defense)',2,'Changed notes and image.'),(4754,'2016-03-17 19:35:21',3,33,'2778','Jedi Temple Guard Armor (+1 soak; +2 defense)',2,'Changed notes and image.'),(4755,'2016-03-17 19:36:04',3,33,'2780','Kav-Dann Power Armor (+2 soak; +2 defense)',2,'Changed notes and image.'),(4756,'2016-03-17 19:37:08',3,33,'1888','Mimetic Suit (+1 soak; +1 defense)',2,'Changed notes and image.'),(4757,'2016-03-17 19:38:28',3,33,'2088','Noble Regalia ()',2,'Changed notes and image.'),(4758,'2016-03-17 19:39:17',3,33,'326','Nomad Greatcoat (+1 soak)',2,'Changed notes and image.'),(4759,'2016-03-17 19:41:50',3,33,'1441','Reinforced Environment Gear (+1 soak)',2,'Changed notes and image.'),(4760,'2016-03-17 19:42:54',3,33,'1783','Sakiyan Shadowsuit (+1 soak)',2,'Changed notes and image.'),(4761,'2016-03-17 19:43:28',3,33,'1889','Smuggler\'s Trenchcoat (+1 soak; +1 defense)',2,'Changed notes and image.'),(4762,'2016-03-17 23:02:35',1,54,'2782','Loyalty Imprint',1,''),(4763,'2016-03-17 23:05:25',1,54,'2783','Olfactory Sensor Suite',1,''),(4764,'2016-03-17 23:06:29',1,32,'2784','Retractable Blade Incisors (Brawl; Damage 2; Critical 3; Range (Engaged); Ensnare 1, )',1,''),(4765,'2016-03-17 23:06:58',1,32,'2785','Retractable Light Blaster (Ranged [Light]; Damage 5; Critical 4; Range (Medium); Stun Setting, )',1,''),(4766,'2016-03-17 23:07:46',1,45,'2786','GV/3-series Guardian Droid',1,''),(4767,'2016-03-17 23:08:07',1,45,'2786','GV/3-series Guardian Droid',2,'Changed equipment.'),(4768,'2016-03-17 23:10:15',1,32,'2787','Micro Stun Blaster (Ranged [Light]; Damage 1; Critical -; Range (Short); Stun Damage, )',1,''),(4769,'2016-03-17 23:10:36',1,45,'2788','Marksman-H Combat Remote',1,''),(4770,'2016-03-17 23:11:06',1,45,'2788','Marksman-H Combat Remote',2,'Changed equipment.'),(4771,'2016-03-17 23:12:53',1,31,'2789','Recording Holocam',1,''),(4772,'2016-03-17 23:13:12',1,45,'2790','RMD-20 \"Eye in the Sky\"',1,''),(4773,'2016-03-17 23:13:39',1,45,'2788','Marksman-H Combat Remote',2,'Changed abilities.'),(4774,'2016-03-17 23:14:27',1,31,'2791','GV/3-series Guardian Droid',1,''),(4775,'2016-03-17 23:14:55',1,31,'2792','Marksman-H Combat Training Remote',1,''),(4776,'2016-03-17 23:15:19',1,31,'2793','RMD-20 \"Eye in the Sky\"',1,''),(4777,'2016-03-17 23:16:08',1,31,'2794','PX-7 Heat Sensor',1,''),(4778,'2016-03-17 23:16:37',1,31,'2795','Veridicator 200',1,''),(4779,'2016-03-17 23:16:57',1,31,'2796','Blood Scanner',1,''),(4780,'2016-03-17 23:17:59',1,31,'2797','Med-Aid Patch',1,''),(4781,'2016-03-17 23:18:28',1,31,'2798','AL-DR8 Grav-Binders',1,''),(4782,'2016-03-17 23:18:56',1,42,'93','Scanning and Surveillance',1,''),(4783,'2016-03-17 23:18:59',1,31,'2794','PX-7 Heat Sensor',2,'Changed category for equipment \"Equipment object\".'),(4784,'2016-03-17 23:19:09',1,31,'2795','Veridicator 200',2,'Changed category for equipment \"Equipment object\".'),(4785,'2016-03-17 23:19:31',1,31,'2799','Personal Transponder',1,''),(4786,'2016-03-17 23:20:02',1,31,'2800','Stun Cuffs',1,''),(4787,'2016-03-17 23:21:43',1,31,'2801','A99 Aquata Breather',1,''),(4788,'2016-03-17 23:22:05',1,31,'2802','InstaMist Generator',1,''),(4789,'2016-03-17 23:22:43',1,31,'2803','Jedi Utility Belt',1,''),(4790,'2016-03-17 23:31:31',1,31,'2804','Luma Flare',1,''),(4791,'2016-03-17 23:32:47',1,31,'2805','Lightsaber Maintenance Kit',1,''),(4792,'2016-03-17 23:33:19',1,31,'2806','WJ-880 Blinding Helmet',1,''),(4793,'2016-03-18 00:23:47',1,42,'94','Lightsaber Crystal',1,''),(4794,'2016-03-18 00:25:07',1,42,'94','Lightsaber Crystal',3,''),(4795,'2016-03-18 00:26:13',1,34,'2807','Cyclic Crystal Array',1,''),(4796,'2016-03-18 00:26:54',1,34,'2808','Energy Overclock Setting',1,''),(4797,'2016-03-18 00:27:26',1,34,'2809','Force-Attuned Resonator',1,''),(4798,'2016-03-18 00:27:56',1,34,'2810','Integrated Illuminator',1,''),(4799,'2016-03-18 00:28:18',1,34,'2811','Magnetic Weapon Tether',1,''),(4800,'2016-03-18 00:28:43',1,34,'2812','Shield Discharge Pack',1,''),(4801,'2016-03-18 00:29:18',1,34,'2813','Kimber Stone',1,''),(4802,'2016-03-18 00:30:29',1,34,'2814','Sorian Crystal',1,''),(4803,'2016-03-18 00:30:48',1,34,'2815','Armor Spikes',1,''),(4804,'2016-03-18 00:31:15',1,34,'2816','Kiirium Coating',1,''),(4805,'2016-03-18 00:31:48',1,34,'2817','Hardened',1,''),(4806,'2016-03-18 00:32:08',1,34,'2818','Low-Friction Coating',1,''),(4807,'2016-03-18 00:32:27',1,34,'2819','Quick Shed',1,''),(4808,'2016-03-18 00:33:14',1,34,'2820','Reactive Plating',1,''),(4809,'2016-03-18 00:33:41',1,34,'2821','Reflec Shadowskin',1,''),(4810,'2016-03-18 00:34:14',1,34,'2822','Stun Matrix',1,''),(4811,'2016-03-18 00:34:53',1,34,'2823','Vacuum Sealed',1,''),(4812,'2016-03-18 00:35:41',1,34,'2822','Stun Matrix',2,'Changed hard_points.'),(4813,'2016-03-18 00:43:47',1,34,'2822','Stun Matrix',2,'Changed notes.'),(4814,'2016-03-18 00:44:36',1,34,'358','Vacuum Sealed',2,'Added index \"KtP:57\".'),(4815,'2016-03-18 00:44:46',1,34,'2823','Vacuum Sealed',3,''),(4816,'2016-03-18 00:51:13',1,36,'55','operator',1,''),(4817,'2016-03-18 00:51:57',1,42,'95','Heavy Landspeeder',1,''),(4818,'2016-03-18 00:52:02',1,35,'2824','D-4 Mobile Defense Platform',1,''),(4819,'2016-03-18 00:52:10',1,35,'2824','D-4 Mobile Defense Platform',2,'Changed category for equipment \"Equipment object\".'),(4820,'2016-03-18 00:52:40',1,35,'2824','D-4 Mobile Defense Platform',2,'Changed notes.'),(4821,'2016-03-18 00:54:03',1,35,'2825','D-4S Projection Platform',1,''),(4822,'2016-03-18 00:56:02',1,42,'96','Heavy Cargo Loader',1,''),(4823,'2016-03-18 00:56:11',1,35,'2826','Rufescent Cargo Hauler',1,''),(4824,'2016-03-18 00:56:17',1,35,'2826','Rufescent Cargo Hauler',2,'Changed category for equipment \"Equipment object\".'),(4825,'2016-03-18 00:58:38',1,35,'2827','Tsmeu-6 Personal Wheel Bike',1,''),(4826,'2016-03-18 12:43:55',1,36,'56','aft gunner',1,''),(4827,'2016-03-18 12:44:24',1,38,'2828','Blade-32 Superiority Fighter',1,''),(4828,'2016-03-18 12:45:45',1,38,'2829','M12-L Kimogila Heavy Starfighter',1,''),(4829,'2016-03-18 12:47:28',1,38,'2830','Miy\'til Starfighter',1,''),(4830,'2016-03-18 12:49:13',1,38,'2831','Barloz-class Medium Freighter',1,''),(4831,'2016-03-18 12:51:24',1,38,'2832','ND-47 Stalwart Bulk Freighter',1,''),(4832,'2016-03-18 12:58:39',1,36,'57','mechanic',1,''),(4833,'2016-03-18 12:59:43',1,42,'97','Gunship',1,''),(4834,'2016-03-18 12:59:47',1,38,'2833','Barrage Gunship',1,''),(4835,'2016-03-18 12:59:53',1,38,'2833','Barrage Gunship',2,'Changed category for equipment \"Equipment object\".'),(4836,'2016-03-18 13:02:12',1,38,'2834','Penumbra Stealth Freighter',1,''),(4837,'2016-03-18 13:03:52',1,36,'58','turret gunner',1,''),(4838,'2016-03-18 13:04:37',1,38,'2835','VCX-100 Light Freighter',1,''),(4839,'2016-03-18 13:12:25',1,54,'2836','Force Power Warde\'s Foresight',1,''),(4840,'2016-03-18 13:14:20',1,55,'2837','Sathari',1,''),(4841,'2016-03-18 13:16:17',1,54,'2838','Arboreal Predator',1,''),(4842,'2016-03-18 13:18:53',1,54,'2839','Envenomed Bite',1,''),(4843,'2016-03-18 13:19:10',1,55,'2840','Bearsloth',1,''),(4844,'2016-03-18 13:19:42',1,57,'2841','Bearsloth Claws and Fangs',1,''),(4845,'2016-03-18 13:20:30',1,58,'2842','Bearsloth',1,''),(4846,'2016-03-18 13:23:19',1,54,'2843','Arboreal Creature',1,''),(4847,'2016-03-18 13:29:28',1,55,'2844','Tarvix',1,''),(4848,'2016-03-18 13:30:02',1,57,'2845','Tarvix Clasws and Teeth',1,''),(4849,'2016-03-18 13:31:00',1,58,'2846','Tarvix',1,''),(4850,'2016-03-18 13:34:19',1,32,'2847','Diiro (Melee; Damage 1; Critical 3; Range (Engaged); Defensive 1, )',1,''),(4851,'2016-03-18 13:36:07',1,31,'2848','two doses of bearsloth venom',1,''),(4852,'2016-03-18 13:36:36',1,45,'2849','Quolas Guard',1,''),(4853,'2016-03-18 13:39:21',1,54,'2850','Restraint',1,''),(4854,'2016-03-18 13:41:03',1,31,'2851','ten doses of bearsloth venom',1,''),(4855,'2016-03-18 13:41:24',1,31,'2852','two doses of bearsloth antivenom',1,''),(4856,'2016-03-18 13:42:54',1,45,'2853','Quolas Guard Captain',1,''),(4857,'2016-03-18 13:50:11',1,54,'2854','For Quolas!',1,''),(4858,'2016-03-18 13:51:22',1,33,'2855','Thick Furs and Leathers (+1 soak)',1,''),(4859,'2016-03-18 13:52:02',1,45,'2856','Pathran Helshar',1,''),(4860,'2016-03-18 13:52:19',1,45,'2856','Pathran Helshar',2,'Changed equipment.'),(4861,'2016-03-18 13:53:35',1,31,'2857','one dose of bearsloth venom',1,''),(4862,'2016-03-18 13:54:03',1,45,'2858','Quolas Citizen',1,''),(4863,'2016-03-18 13:58:28',1,33,'2859','Ornate Thick Furs and LEathers (+1 soak)',1,''),(4864,'2016-03-18 13:58:50',1,31,'2860','five doses of bearsloth venom',1,''),(4865,'2016-03-18 13:59:28',1,45,'2861','Quolas Elder',1,''),(4866,'2016-03-18 13:59:45',1,45,'2861','Quolas Elder',2,'Changed equipment.'),(4867,'2016-03-18 14:02:47',1,31,'2862','Kyber crystal amulet',1,''),(4868,'2016-03-18 14:03:43',1,45,'2863','Gel Marcolf',1,''),(4869,'2016-03-18 14:26:40',1,45,'2864','Duke Erron Irbian',1,''),(4870,'2016-03-18 14:28:38',1,54,'2865','Praticed Resistance',1,''),(4871,'2016-03-18 14:30:21',1,33,'2866','Cortosis-laced Battle Armor (+2 soak; +1 defense)',1,''),(4872,'2016-03-18 14:33:13',1,32,'2867','Custom Slugthrower Carbine (Ranged [Heavy]; Damage 8; Critical 3; Range (Medium); Auto-Fire, Superior, )',1,''),(4873,'2016-03-18 14:33:51',1,32,'2868','Cortosis Gauntlets (Melee; Damage 2; Critical 4; Range (Engaged); Cortosis, )',1,''),(4874,'2016-03-18 14:36:11',1,45,'2869','Dalan Oberos',1,''),(4875,'2016-03-18 14:46:49',1,54,'2870','Strength in Numbers',1,''),(4876,'2016-03-18 14:47:32',1,45,'2871','Neimoidian Citizen',1,''),(4877,'2016-03-18 14:51:19',1,31,'2872','Mobquet Flare-V swoop bike with garish paint job',1,''),(4878,'2016-03-18 14:51:44',1,45,'2873','Kreehawk Ganger',1,''),(4879,'2016-03-18 14:56:56',1,32,'2874','Custom Heavy Blaster Pistol (Ranged [Light]; Damage 8; Critical 3; Range (Medium); Stun Setting, )',1,''),(4880,'2016-03-18 14:57:27',1,32,'2875','Vibroknucklers (Brawl; Damage 2; Critical 2; Range (Engaged); Pierce 1, Vicious 1, )',1,''),(4881,'2016-03-18 14:58:52',1,54,'2876','Push the Limit',1,''),(4882,'2016-03-18 14:59:23',1,45,'2877','Lor Keln',1,''),(4883,'2016-03-18 14:59:55',1,45,'2877','Lor Keln',2,'Changed equipment.'),(4884,'2016-03-18 15:01:39',1,35,'2878','Mobquet Flare-V Swoop Bike',1,''),(4885,'2016-03-18 15:02:14',1,45,'2877','Lor Keln',2,'Changed aka for index \"CotG:58*\".'),(4886,'2016-03-18 17:07:00',1,45,'2879','Tor Haido',1,''),(4887,'2016-03-18 17:13:14',1,45,'2880','Zel N\'got',1,''),(4888,'2016-03-18 17:17:17',1,54,'2881','Bad Knee',1,''),(4889,'2016-03-18 17:18:49',1,45,'2882','Stormtrooper Captain TH-313',1,''),(4890,'2016-03-18 17:23:52',1,54,'2883','Fearsome Aspect',1,''),(4891,'2016-03-18 17:31:47',1,32,'2884','Modded Blaster Pistol (Ranged [Light]; Damage 8; Critical 3; Range (Medium); Stun Setting, Superior, )',1,''),(4892,'2016-03-18 17:33:00',1,45,'2885','Onrein Hasar',1,''),(4893,'2016-03-18 17:33:37',1,45,'2885','Onrein Hasar',2,'Changed equipment.'),(4894,'2016-03-18 17:35:52',1,45,'2886','BX Commando Droid',1,''),(4895,'2016-03-18 17:38:39',1,54,'2887','Fire Sweep',1,''),(4896,'2016-03-18 17:39:56',1,54,'2888','Shield Projector',1,''),(4897,'2016-03-18 17:41:36',1,32,'2889','Two built-in twin droideka heavy blasters (Gunnery; Damage 12; Critical 3; Range (Long); Auto-Fire, Linked 1, Pierce 1, Vicious 1, )',1,''),(4898,'2016-03-18 17:42:02',1,32,'2890','Stomping Mechanical Leg (Brawl; Damage 0; Critical 5; Range (Engaged); Knockdown, )',1,''),(4899,'2016-03-18 17:42:23',1,45,'2891','Droideka',1,''),(4900,'2016-03-18 17:55:33',1,54,'2892','Living Shadow',1,''),(4901,'2016-03-18 17:57:27',1,45,'2893','Phantasmal Beast of Moraband',1,''),(4902,'2016-03-18 18:00:13',1,54,'2894','Creature of Illusion',1,''),(4903,'2016-03-18 18:05:19',1,54,'2895','Darkest Dreams',1,''),(4904,'2016-03-18 18:06:13',1,32,'2896','Spectral blade, shadowsaber, or ghostly claws (Lightsaber; Damage 6; Critical 4; Range (Engaged); Breach 1, Disorient 2, Stun Damage, )',1,''),(4905,'2016-03-18 18:06:43',1,45,'2897','Moraband Sith Phantasm',1,''),(4906,'2016-03-18 18:07:00',1,45,'2897','Moraband Sith Phantasm',2,'Changed equipment.'),(4907,'2016-03-18 18:12:06',1,32,'2898','Warde\'s Lightsaber (Lightsaber; Damage 9; Critical 1; Range (Engaged); Breach 1, Sunder, Dantari Crystal)',1,''),(4908,'2016-03-18 18:13:11',1,31,'2899','Kyber Crystal',1,''),(4909,'2016-03-18 18:22:02',1,45,'2900','Suljo Warde',1,''),(4910,'2016-03-18 18:23:00',1,45,'2900','Suljo Warde',2,'Changed equipment.'),(4911,'2016-03-18 20:02:10',1,25,'37','Beginner Game - Rulebook (EotE)',1,''),(4912,'2016-03-18 20:02:31',1,25,'38','Beginner Game - Adventure Book (EotE)',1,''),(4913,'2016-03-18 20:03:03',1,48,'501','Astrogation',2,'Added index \"E-BGR:22\".'),(4914,'2016-03-18 20:03:13',1,48,'502','Athletics',2,'Added index \"E-BGR:22\".'),(4915,'2016-03-18 20:03:23',1,48,'503','Brawl',2,'Added index \"E-BGR:22\".'),(4916,'2016-03-18 20:03:33',1,48,'504','Charm',2,'Added index \"E-BGR:22\".'),(4917,'2016-03-18 20:04:17',1,48,'505','Coercion',2,'Added index \"E-BGR:22*\".'),(4918,'2016-03-18 20:04:36',1,48,'506','Computers',2,'Added index \"E-BGR:22\".'),(4919,'2016-03-18 20:04:59',1,48,'507','Cool',2,'Added index \"E-BGR:23\".'),(4920,'2016-03-18 20:05:10',1,48,'508','Coordination',2,'Added index \"E-BGR:23\".'),(4921,'2016-03-18 20:05:31',1,48,'510','Deception',2,'Added index \"E-BGR:23*\".'),(4922,'2016-03-18 20:05:43',1,48,'511','Discipline',2,'Added index \"E-BGR:23\".'),(4923,'2016-03-18 20:06:01',1,48,'513','Gunnery',2,'Added index \"E-BGR:23\".'),(4924,'2016-03-18 20:06:10',1,48,'534','Knowledge',2,'Added index \"E-BGR:23\".'),(4925,'2016-03-18 20:06:21',1,48,'514','Leadership',2,'Added index \"E-BGR:23\".'),(4926,'2016-03-18 20:06:39',1,48,'516','Mechanics',2,'Added index \"E-BGR:24\".'),(4927,'2016-03-18 20:06:48',1,48,'517','Medicine',2,'Added index \"E-BGR:24\".'),(4928,'2016-03-18 20:06:58',1,48,'518','Melee',2,'Added index \"E-BGR:24\".'),(4929,'2016-03-18 20:07:13',1,48,'519','Negotiation',2,'Added index \"E-BGR:24*\".'),(4930,'2016-03-18 20:07:26',1,48,'521','Perception',2,'Added index \"E-BGR:24\".'),(4931,'2016-03-18 20:07:40',1,48,'535','Piloting',2,'Added index \"E-BGR:24*\".'),(4932,'2016-03-18 20:08:01',1,48,'524','Ranged [Heavy]',2,'Added index \"E-BGR:24\".'),(4933,'2016-03-18 20:08:10',1,48,'525','Ranged [Light]',2,'Added index \"E-BGR:24\".'),(4934,'2016-03-18 20:08:21',1,48,'526','Resilience',2,'Added index \"E-BGR:24\".'),(4935,'2016-03-18 20:08:30',1,48,'527','Skullduggery',2,'Added index \"E-BGR:24\".'),(4936,'2016-03-18 20:08:41',1,48,'528','Stealth',2,'Added index \"E-BGR:25\".'),(4937,'2016-03-18 20:08:51',1,48,'529','Streetwise',2,'Added index \"E-BGR:25\".'),(4938,'2016-03-18 20:09:03',1,48,'530','Survival',2,'Added index \"E-BGR:25\".'),(4939,'2016-03-18 20:09:14',1,48,'532','Vigilance',2,'Added index \"E-BGR:25\".'),(4940,'2016-03-18 20:10:30',1,49,'537','Anatomy Lessons',2,'Added index \"E-BGR:27\".'),(4941,'2016-03-18 20:10:41',1,49,'538','Armor Master',2,'Added index \"E-BGR:27\".'),(4942,'2016-03-18 20:11:01',1,49,'543','Barrage',2,'Added index \"E-BGR:27\".'),(4943,'2016-03-18 20:11:16',1,49,'546','Body Guard',2,'Added index \"E-BGR:27\".'),(4944,'2016-03-18 20:11:31',1,49,'2444','Body Guard (Improved)',2,'Added index \"E-BGR:27\".'),(4945,'2016-03-18 20:11:45',1,49,'564','Dodge',2,'Added index \"E-BGR:27\".'),(4946,'2016-03-18 20:11:57',1,49,'566','Enduring',2,'Added index \"E-BGR:27\".'),(4947,'2016-03-18 20:12:08',1,49,'567','Expert Tracker',2,'Added index \"E-BGR:27\".'),(4948,'2016-03-18 20:12:20',1,49,'569','Feral Strength',2,'Added index \"E-BGR:27\".'),(4949,'2016-03-18 20:12:33',1,49,'570','Field Commander',2,'Added index \"E-BGR:27\".'),(4950,'2016-03-18 20:12:50',1,49,'576','Full Throttle',2,'Added index \"E-BGR:27\".'),(4951,'2016-03-18 20:13:11',1,49,'577','Full Throttle [Improved]',2,'Added index \"E-BGR:27\".'),(4952,'2016-03-18 20:13:25',1,49,'581','Grit',2,'Added index \"E-BGR:27\".'),(4953,'2016-03-18 21:39:58',1,49,'586','Hidden Storage',2,'Added index \"E-BGR:28\".'),(4954,'2016-03-18 21:40:14',1,49,'591','Inspiring Rhetoric',2,'Added index \"E-CRB:28\".'),(4955,'2016-03-18 21:40:28',1,49,'598','Jump Up',2,'Added index \"E-BGR:28\".'),(4956,'2016-03-18 21:40:40',1,49,'599','Jury Rigged',2,'Added index \"E-BGR:28\".'),(4957,'2016-03-18 21:40:53',1,49,'600','Kill with Kindness',2,'Added index \"E-BGR:28\".'),(4958,'2016-03-18 21:41:06',1,49,'601','Knockdown',2,'Added index \"E-BGR:28\".'),(4959,'2016-03-18 21:41:23',1,49,'631','Point Blank',2,'Added index \"E-BGR:29\".'),(4960,'2016-03-18 21:41:34',1,49,'632','Precise Aim',2,'Added index \"E-BGR:29\".'),(4961,'2016-03-18 21:41:44',1,49,'634','Quick Draw',2,'Added index \"E-BGR:29\".'),(4962,'2016-03-18 21:41:58',1,49,'635','Quick Strike',2,'Added index \"E-BGR:29\".'),(4963,'2016-03-18 21:42:09',1,49,'636','Rapid Reaction',2,'Added index \"E-BGR:29\".'),(4964,'2016-03-18 21:42:24',1,49,'639','Researcher',2,'Added index \"E-BGR:29\".'),(4965,'2016-03-18 21:42:39',1,49,'640','Resolve',2,'Added index \"E-BGR:29\".'),(4966,'2016-03-18 21:42:51',1,49,'650','Skilled Jockey',2,'Added index \"E-BGR:29\".'),(4967,'2016-03-18 21:43:01',1,49,'654','Soft Spot',2,'Added index \"E-BGR:29\".'),(4968,'2016-03-18 21:43:35',1,49,'660','Stim Application',2,'Added index \"E-BGR:29\".'),(4969,'2016-03-18 21:43:48',1,49,'663','Street Smarts',2,'Added index \"E-BGR:29\".'),(4970,'2016-03-18 21:44:03',1,49,'665','Strong Arm',2,'Added index \"E-BGR:29\".'),(4971,'2016-03-18 21:44:18',1,49,'669','Surgeon',2,'Added index \"E-BGR:29\".'),(4972,'2016-03-18 21:44:29',1,49,'674','Toughened',2,'Added index \"E-BGR:29\".'),(4973,'2016-03-18 21:44:41',1,49,'681','Well Rounded',2,'Added index \"E-BGR:219\".'),(4974,'2016-03-18 21:44:49',1,49,'681','Well Rounded',2,'Changed page for index \"E-BGR:29\".'),(4975,'2016-03-18 21:45:49',1,32,'157','Holdout Blaster (Ranged [Light]; Damage 5; Critical 4; Range (Short); Stun Setting, )',2,'Added index \"E-BGR:31*\".'),(4976,'2016-03-18 21:46:05',1,32,'158','Light Blaster Pistol (Ranged [Light]; Damage 5; Critical 4; Range (Medium); Stun Setting, )',2,'Added index \"E-BGR:31\".'),(4977,'2016-03-18 21:46:49',1,32,'156','Blaster Pistol (Ranged [Light]; Damage 6; Critical 3; Range (Medium); Stun Setting, )',2,'Added index \"E-BGR:31\".'),(4978,'2016-03-18 21:47:02',1,32,'162','Heavy Blaster Pistol (Ranged [Light]; Damage 7; Critical 3; Range (Medium); Stun Setting, )',2,'Added index \"E-BGR:31\".'),(4979,'2016-03-18 21:47:46',1,32,'159','Blaster Carbine (Ranged [Heavy]; Damage 9; Critical 3; Range (Medium); Stun Setting, )',2,'Added index \"E-BGR:31\".'),(4980,'2016-03-18 21:47:59',1,32,'160','Blaster Rifle (Ranged [Heavy]; Damage 9; Critical 3; Range (Long); Stun Setting, )',2,'Added index \"E-BGR:31\".'),(4981,'2016-03-18 21:48:12',1,32,'164','Heavy Repeating Blaster (Gunnery; Damage 15; Critical 2; Range (Long); Auto-Fire, Cumbersome 5, Pierce 2, Vicious 1, )',2,'Added index \"E-BGR:31\".'),(4982,'2016-03-18 21:48:25',1,32,'161','Bowcaster (Ranged [Heavy]; Damage 10; Critical 3; Range (Medium); Cumbersome 3, Knockdown, )',2,'Added index \"E-BGR:31\".'),(4983,'2016-03-18 21:48:37',1,32,'173','Frag Grenade (Ranged [Light]; Damage 8; Critical 4; Range (Short); Blast 6, Limited Ammo 1, )',2,'Added index \"E-BGR:31\".'),(4984,'2016-03-18 21:48:50',1,32,'174','Stun Grenade (Ranged [Light]; Damage 8; Critical -; Range (Short); Disorient 3, Stun Damage, Blast 8, Limited Ammo 1, )',2,'Added index \"E-BGR:31\".'),(4985,'2016-03-18 21:49:11',1,32,'175','Thermal Detonator (Ranged [Light]; Damage 20; Critical 2; Range (Short); Blast 15, Breach 1, Vicious 4, Limited Ammo 1, )',2,'Added index \"E-BGR:31\".'),(4986,'2016-03-18 21:49:23',1,32,'178','Brass Knuckles (Brawl; Damage 1; Critical 4; Range (Engaged); Disorient 3, )',2,'Added index \"E-BGR:31\".'),(4987,'2016-03-18 21:49:36',1,32,'180','Combat Knife (Melee; Damage 1; Critical 3; Range (Engaged))',2,'Added index \"E-BGR:31\".'),(4988,'2016-03-18 21:49:48',1,32,'184','Truncheon (Melee; Damage 2; Critical 5; Range (Engaged); Disorient 2, )',2,'Added index \"E-BGR:31\".'),(4989,'2016-03-18 21:50:01',1,32,'186','Vibroknife (Melee; Damage 1; Critical 2; Range (Engaged); Pierce 2, Vicious 1, )',2,'Added index \"E-BGR:31\".'),(4990,'2016-03-18 21:50:14',1,32,'185','Vibro-ax (Melee; Damage 3; Critical 2; Range (Engaged); Pierce 2, Sunder, Vicious 3, )',2,'Added index \"E-BGR:31\".'),(4991,'2016-03-18 21:50:39',1,60,'1385','Auto-Fire',2,'Added index \"E-BGR:32\".'),(4992,'2016-03-18 21:51:06',1,60,'1386','Breach',2,'Added index \"E-BGR:32\".'),(4993,'2016-03-18 21:51:18',1,60,'1388','Blast',2,'Added index \"E-BGR:32\".'),(4994,'2016-03-18 21:51:28',1,60,'1391','Cumbersome',2,'Added index \"E-BGR:32\".'),(4995,'2016-03-18 21:51:39',1,60,'1394','Disorient',2,'Added index \"E-BGR:32\".'),(4996,'2016-03-18 21:51:49',1,60,'1397','Knockdown',2,'Added index \"E-BGR:32\".'),(4997,'2016-03-18 21:52:00',1,60,'1400','Ion',2,'Added index \"E-BGR:32\".'),(4998,'2016-03-18 21:52:11',1,60,'1401','Limited Ammo',2,'Added index \"E-BGR:32\".'),(4999,'2016-03-18 21:52:22',1,60,'1402','Linked',2,'Added index \"E-BGR:32\".'),(5000,'2016-03-18 21:52:35',1,60,'1403','Pierce',2,'Added index \"E-BGR:32\".'),(5001,'2016-03-18 21:52:44',1,60,'1407','Stun Damage',2,'Added index \"E-BGR:32\".'),(5002,'2016-03-18 21:54:02',1,60,'1385','Auto-Fire',2,'Added index \"A-BGR:32\".'),(5003,'2016-03-18 21:54:14',1,60,'1386','Breach',2,'Added index \"A-BGR:32\".'),(5004,'2016-03-18 21:54:25',1,60,'1388','Blast',2,'Added index \"A-BGR:32\".'),(5005,'2016-03-18 21:54:35',1,60,'1391','Cumbersome',2,'Added index \"A-BGR:32\".'),(5006,'2016-03-18 21:54:46',1,60,'1394','Disorient',2,'Added index \"A-BGR:32\".'),(5007,'2016-03-18 21:54:59',1,60,'1397','Knockdown',2,'Added index \"A-BGR:32\".'),(5008,'2016-03-18 21:55:14',1,60,'1400','Ion',2,'Added index \"A-BGR:32\".'),(5009,'2016-03-18 21:55:23',1,60,'1401','Limited Ammo',2,'Added index \"A-BGR:32\".'),(5010,'2016-03-18 21:55:30',1,60,'1402','Linked',2,'Added index \"A-BGR:32\".'),(5011,'2016-03-18 21:55:40',1,60,'1403','Pierce',2,'Added index \"A-BGR:32\".'),(5012,'2016-03-18 21:55:49',1,60,'1407','Stun Damage',2,'Added index \"A-BGR:32\".'),(5013,'2016-03-18 21:56:43',1,60,'1384','Accurate',2,'Added index \"F-CRB:161\".'),(5014,'2016-03-18 21:56:51',1,60,'1385','Auto-Fire',2,'Added index \"F-CRB:161\".'),(5015,'2016-03-18 21:57:08',1,60,'1388','Blast',2,'Added index \"F-CRB:162\".'),(5016,'2016-03-18 21:57:18',1,60,'1386','Breach',2,'Added index \"F-CRB:162\".'),(5017,'2016-03-18 21:57:27',1,60,'1387','Burn',2,'Added index \"F-CRB:162\".'),(5018,'2016-03-18 21:57:35',1,60,'1389','Concussive',2,'Added index \"F-CRB:162\".'),(5019,'2016-03-18 21:57:43',1,60,'1390','Cortosis',2,'Added index \"F-CRB:162\".'),(5020,'2016-03-18 21:58:23',1,60,'1391','Cumbersome',2,'Added index \"F-CRB:163\".'),(5021,'2016-03-18 21:58:32',1,60,'1392','Defensive',2,'Added index \"F-CRB:163\".'),(5022,'2016-03-18 21:58:41',1,60,'1393','Deflection',2,'Added index \"F-CRB:163\".'),(5023,'2016-03-18 21:58:49',1,60,'1394','Disorient',2,'Added index \"F-CRB:163\".'),(5024,'2016-03-18 21:58:59',1,60,'1395','Ensnare',2,'Added index \"F-CRB:163\".'),(5025,'2016-03-18 21:59:08',1,60,'1396','Guided',2,'Added index \"F-CRB:163\".'),(5026,'2016-03-18 21:59:22',1,60,'1397','Knockdown',2,'Added index \"F-CRB:163\".'),(5027,'2016-03-18 21:59:32',1,60,'1398','Inaccurate',2,'Added index \"F-CRB:163\".'),(5028,'2016-03-18 21:59:41',1,60,'1399','Inferior',2,'Added index \"F-CRB:163\".'),(5029,'2016-03-18 22:00:12',1,60,'1400','Ion',2,'Added index \"F-CRB:163\".'),(5030,'2016-03-18 22:00:23',1,60,'1401','Limited Ammo',2,'Added index \"F-CRB:163\".'),(5031,'2016-03-18 22:00:50',1,60,'1402','Linked',2,'Added index \"F-CRB:164\".'),(5032,'2016-03-18 22:01:00',1,60,'1403','Pierce',2,'Added index \"F-CRB:164\".'),(5033,'2016-03-18 22:01:14',1,60,'1404','Prepare',2,'Added index \"F-CRB:164\".'),(5034,'2016-03-18 22:01:31',1,60,'1405','Slow-Firing',2,'Added index \"F-CRB:164\".'),(5035,'2016-03-18 22:01:43',1,60,'1406','Stun',2,'Added index \"F-CRB:164\".'),(5036,'2016-03-18 22:01:54',1,60,'1407','Stun Damage',2,'Added index \"F-CRB:164\".'),(5037,'2016-03-18 22:02:03',1,60,'1408','Sunder',2,'Added index \"F-CRB:164\".'),(5038,'2016-03-19 02:18:20',1,60,'1409','Superior',2,'Added index \"F-CRB:164\".'),(5039,'2016-03-19 02:18:32',1,60,'1410','Tractor',2,'Added index \"F-CRB:164\".'),(5040,'2016-03-19 02:18:44',1,60,'1411','Vicious',2,'Added index \"F-CRB:164\".'),(5041,'2016-03-19 02:20:25',1,33,'310','Heavy Clothing (+1 soak)',2,'Added index \"E-BGR:34\".'),(5042,'2016-03-19 02:20:41',1,33,'312','Padded Armor (+2 soak)',2,'Added index \"E-BGR:34\".'),(5043,'2016-03-19 02:20:54',1,33,'309','Armored Clothing (+1 soak; +1 defense)',2,'Added index \"E-BGR:34\".'),(5044,'2016-03-19 02:21:05',1,33,'313','Heavy Battle Armor (+2 soak; +1 defense)',2,'Added index \"E-BGR:34\".'),(5045,'2016-03-19 02:21:36',1,31,'1','Comlink (handheld)',2,'Added index \"E-BGR:35*\".'),(5046,'2016-03-19 02:21:53',1,31,'17','Electrobinoculars',2,'Added index \"E-BGR:35\".'),(5047,'2016-03-19 02:22:02',1,31,'19','Macrobinoculars',2,'Added index \"E-BGR:35\".'),(5048,'2016-03-19 02:22:14',1,31,'18','General Purpose Scanner',2,'Added index \"E-BGR:35\".'),(5049,'2016-03-19 02:22:28',1,31,'21','Hand Scanner',2,'Added index \"E-BGR:35\".'),(5050,'2016-03-19 02:22:46',1,31,'25','Emergency Medpac',2,'Added index \"E-BGR:35\".'),(5051,'2016-03-19 02:22:56',1,31,'26','Medpac',2,'Added index \"E-BGR:35\".'),(5052,'2016-03-19 02:23:09',1,31,'27','Stimpack',2,'Added index \"E-BGR:35\".'),(5053,'2016-03-19 02:23:21',1,31,'32','Disguise Kit',2,'Added index \"E-BGR:35\".'),(5054,'2016-03-19 02:23:40',1,31,'33','Electronic Lock Breaker',2,'Added index \"E-BGR:36\".'),(5055,'2016-03-19 02:23:54',1,31,'30','Binders',2,'Added index \"E-BGR:36\".'),(5056,'2016-03-19 02:24:06',1,31,'34','Restraining Bolt',2,'Added index \"E-BGR:36\".'),(5057,'2016-03-19 02:24:20',1,31,'37','Ration Packs',2,'Added index \"E-BGR:36\".'),(5058,'2016-03-19 02:25:13',1,31,'36','Breath Masks and Respirators',2,'Added index \"E-BGR:36\".'),(5059,'2016-03-19 02:25:22',1,31,'38','Space Suit',2,'Added index \"E-BGR:36\".'),(5060,'2016-03-19 02:25:35',1,31,'42','Backpack',2,'Added index \"E-BGR:36\".'),(5061,'2016-03-19 02:25:48',1,31,'44','Datapad',2,'Added index \"E-BGR:36\".'),(5062,'2016-03-19 02:25:59',1,31,'47','Glow Rod',2,'Added index \"E-BGR:36\".'),(5063,'2016-03-19 02:26:26',1,31,'45','Extra Reload',2,'Added index \"E-BGR:36*\".'),(5064,'2016-03-19 02:26:44',1,31,'49','Tool Kit',2,'Added index \"E-BGR:36\".'),(5065,'2016-03-19 02:27:03',1,31,'2619','Emergency Repair Kit',2,'Added index \"E-BGR:36\".'),(5066,'2016-03-19 12:12:31',1,31,'50','Emergency Repair Patch',2,'Added index \"E-BGR:36*\".'),(5067,'2016-03-19 12:12:48',1,31,'50','Emergency Repair Patch',2,'Deleted index \"E-BGR:36*\".'),(5068,'2016-03-19 12:13:34',1,35,'398','Aratech 74-Z Military Speeder Bike',2,'Added index \"E-BGR:42\".'),(5069,'2016-03-19 12:16:16',1,38,'428','Firespray-31 System Patrol Craft',2,'Added index \"E-BGR:43*\".'),(5070,'2016-03-19 12:16:46',1,38,'432','BTL-A4 Y-Wing Attack Starfighter',2,'Added index \"E-BGR:43\".'),(5071,'2016-03-19 12:18:29',1,45,'768','Imperial Naval Officer',2,'Added index \"E-BGR:45\".'),(5072,'2016-03-19 12:20:39',1,45,'716','Imperial Stormtrooper Sergeant',2,'Added index \"E-BGR:45\".'),(5073,'2016-03-19 12:24:55',1,45,'779','Hutt Crime Lord',2,'Added index \"E-BGR:46\".'),(5074,'2016-03-19 12:25:53',1,45,'729','Aqualish Thug',2,'Added index \"E-BGR:46\".'),(5075,'2016-03-19 12:26:27',1,45,'719','Journeyman Bounty Hunter',2,'Added index \"E-BGR:46\".'),(5076,'2016-03-19 12:34:40',1,45,'720','Smuggler',2,'Added index \"E-BGR:46\".'),(5077,'2016-03-19 12:35:13',1,58,'838','Mynock',2,'Added index \"E-BGR:47\".'),(5078,'2016-03-19 12:35:34',1,58,'844','Captive Rancor',2,'Added index \"E-BGR:47\".'),(5079,'2016-03-19 12:37:51',1,48,'501','Astrogation',2,'Added index \"F-BGR:22\".'),(5080,'2016-03-19 12:38:02',1,48,'502','Athletics',2,'Added index \"F-BGR:22\".'),(5081,'2016-03-19 12:38:12',1,48,'503','Brawl',2,'Added index \"F-BGR:22\".'),(5082,'2016-03-19 12:38:20',1,48,'504','Charm',2,'Added index \"F-BGR:22\".'),(5083,'2016-03-19 12:38:30',1,48,'505','Coercion',2,'Added index \"F-BGR:22\".'),(5084,'2016-03-19 12:38:40',1,48,'506','Computers',2,'Added index \"F-BGR:22\".'),(5085,'2016-03-19 12:38:47',1,48,'507','Cool',2,'Added index \"F-BGR:22\".'),(5086,'2016-03-19 12:39:01',1,48,'508','Coordination',2,'Added index \"F-BGR:22\".'),(5087,'2016-03-19 12:39:21',1,48,'510','Deception',2,'Added index \"F-BGR:22\".'),(5088,'2016-03-19 12:39:30',1,48,'511','Discipline',2,'Added index \"F-BGR:22\".'),(5089,'2016-03-19 12:39:38',1,48,'513','Gunnery',2,'Added index \"F-BGR:22\".'),(5090,'2016-03-19 12:39:49',1,48,'534','Knowledge',2,'Added index \"F-BGR:23\".'),(5091,'2016-03-19 12:39:57',1,48,'510','Deception',2,'Changed page for index \"F-BGR:23\".'),(5092,'2016-03-19 12:40:05',1,48,'511','Discipline',2,'Changed page for index \"F-BGR:23\".'),(5093,'2016-03-19 12:40:15',1,48,'513','Gunnery',2,'Changed page for index \"F-BGR:23\".'),(5094,'2016-03-19 12:40:30',1,48,'514','Leadership',2,'Added index \"F-BGR:23\".'),(5095,'2016-03-19 12:40:47',1,48,'786','Lightsaber',2,'Added index \"F-BGR:23\".'),(5096,'2016-03-19 12:41:02',1,48,'516','Mechanics',2,'Added index \"F-BGR:23\".'),(5097,'2016-03-19 12:41:10',1,48,'517','Medicine',2,'Added index \"F-BGR:23\".'),(5098,'2016-03-19 12:41:31',1,48,'518','Melee',2,'Added index \"F-BGR:23\".'),(5099,'2016-03-19 12:41:38',1,48,'518','Melee',2,'Changed page for index \"F-BGR:24\".'),(5100,'2016-03-19 12:41:51',1,48,'519','Negotiation',2,'Added index \"F-BGR:24\".'),(5101,'2016-03-19 12:42:08',1,48,'521','Perception',2,'Added index \"F-BGR:24\".'),(5102,'2016-03-19 12:42:18',1,48,'535','Piloting',2,'Added index \"F-BGR:24\".'),(5103,'2016-03-19 12:42:33',1,48,'524','Ranged [Heavy]',2,'Added index \"F-BGR:25\".'),(5104,'2016-03-19 12:42:42',1,48,'525','Ranged [Light]',2,'Added index \"F-BGR:25\".'),(5105,'2016-03-19 12:42:54',1,48,'526','Resilience',2,'Added index \"F-BGR:25\".'),(5106,'2016-03-19 12:43:06',1,48,'527','Skullduggery',2,'Added index \"F-BGR:25\".'),(5107,'2016-03-19 12:43:20',1,48,'528','Stealth',2,'Added index \"F-BGR:25\".'),(5108,'2016-03-19 12:43:32',1,48,'529','Streetwise',2,'Added index \"F-BGR:25\".'),(5109,'2016-03-19 12:43:43',1,48,'530','Survival',2,'Added index \"F-BGR:25\".'),(5110,'2016-03-19 12:43:53',1,48,'532','Vigilance',2,'Added index \"F-BGR:25\".'),(5111,'2016-03-19 12:44:52',1,49,'536','Adversary',2,'Added index \"F-BGR:27\".'),(5112,'2016-03-19 12:45:11',1,49,'546','Body Guard',2,'Added index \"F-BGR:27\".'),(5113,'2016-03-19 12:45:23',1,49,'2449','Circle of Shelter',2,'Added index \"F-BGR:27\".'),(5114,'2016-03-19 12:45:35',1,49,'550','Codebreaker',2,'Added index \"F-BGR:27\".'),(5115,'2016-03-19 12:45:50',1,49,'562','Defensive Stance',2,'Added index \"F-BGR:27\".'),(5116,'2016-03-19 12:46:02',1,49,'564','Dodge',2,'Added index \"F-BGR:27\".'),(5117,'2016-03-19 12:46:17',1,49,'574','Force Rating',2,'Added index \"F-BGR:27\".'),(5118,'2016-03-19 12:46:42',1,49,'581','Grit',2,'Added index \"F-BGR:27\".'),(5119,'2016-03-19 12:46:57',1,49,'596','Intimidating',2,'Added index \"F-BGR:27\".'),(5120,'2016-03-19 12:47:11',1,49,'618','Natural Hunter',2,'Added index \"F-BGR:27\".'),(5121,'2016-03-19 12:47:23',1,49,'2487','One With the Universe',2,'Added index \"F-BGR:27\".'),(5122,'2016-03-19 12:47:49',1,49,'2488','Parry',2,'Added index \"F-BGR:28\".'),(5123,'2016-03-19 12:47:58',1,49,'2489','Parry (Improved)',2,'Added index \"F-BGR:28\".'),(5124,'2016-03-19 12:48:16',1,49,'630','Plausible Deniability',2,'Added index \"F-BGR:28\".'),(5125,'2016-03-19 12:48:30',1,49,'634','Quick Draw',2,'Added index \"F-BGR:28\".'),(5126,'2016-03-19 12:48:41',1,49,'636','Rapid Reaction',2,'Added index \"F-BGR:28\".'),(5127,'2016-03-19 12:48:50',1,49,'637','Rapid Recovery',2,'Added index \"F-BGR:28\".'),(5128,'2016-03-19 12:49:05',1,49,'2495','Reflect',2,'Added index \"F-BGR:28\".'),(5129,'2016-03-19 12:49:20',1,49,'2496','Reflect (Improved)',2,'Added index \"F-BGR:28\".'),(5130,'2016-03-19 12:49:41',1,49,'644','Second Wind',2,'Added index \"F-BGR:29\".'),(5131,'2016-03-19 12:49:54',1,49,'2502','Sense Advantage',2,'Added index \"F-BGR:29\".'),(5132,'2016-03-19 12:50:03',1,49,'646','Sense Emotions',2,'Added index \"F-BGR:29\".'),(5133,'2016-03-19 12:50:17',1,49,'1218','Sleight of Mind',2,'Added index \"F-BGR:29\".'),(5134,'2016-03-19 12:50:28',1,49,'654','Soft Spot',2,'Added index \"F-BGR:29\".'),(5135,'2016-03-19 12:50:40',1,49,'669','Surgeon',2,'Added index \"F-BGR:29\".'),(5136,'2016-03-19 12:50:50',1,49,'674','Toughened',2,'Added index \"F-BGR:29\".'),(5137,'2016-03-19 12:51:02',1,49,'677','Uncanny Reactions',2,'Added index \"F-BGR:29\".'),(5138,'2016-03-19 12:51:13',1,49,'2068','Valuable Facts',2,'Added index \"F-BGR:29\".'),(5139,'2016-03-19 12:51:24',1,49,'681','Well Rounded',2,'Added index \"F-BGR:29\".'),(5140,'2016-03-19 12:52:06',1,32,'157','Holdout Blaster (Ranged [Light]; Damage 5; Critical 4; Range (Short); Stun Setting, )',2,'Added index \"F-BGR:31*\".'),(5141,'2016-03-19 12:52:20',1,32,'158','Light Blaster Pistol (Ranged [Light]; Damage 5; Critical 4; Range (Medium); Stun Setting, )',2,'Added index \"F-BGR:31\".'),(5142,'2016-03-19 12:52:39',1,32,'156','Blaster Pistol (Ranged [Light]; Damage 6; Critical 3; Range (Medium); Stun Setting, )',2,'Added index \"F-BGR:31\".'),(5143,'2016-03-19 12:52:49',1,32,'160','Blaster Rifle (Ranged [Heavy]; Damage 9; Critical 3; Range (Long); Stun Setting, )',2,'Added index \"F-BGR:31\".'),(5144,'2016-03-19 12:52:57',1,32,'159','Blaster Carbine (Ranged [Heavy]; Damage 9; Critical 3; Range (Medium); Stun Setting, )',2,'Added index \"F-BGR:31\".'),(5145,'2016-03-19 12:53:09',1,32,'162','Heavy Blaster Pistol (Ranged [Light]; Damage 7; Critical 3; Range (Medium); Stun Setting, )',2,'Added index \"F-BGR:31\".'),(5146,'2016-03-19 12:53:24',1,32,'164','Heavy Repeating Blaster (Gunnery; Damage 15; Critical 2; Range (Long); Auto-Fire, Cumbersome 5, Pierce 2, Vicious 1, )',2,'Added index \"F-BGR:31\".'),(5147,'2016-03-19 12:53:47',1,32,'168','Disruptor Rifle (Ranged [Heavy]; Damage 10; Critical 2; Range (Long); Cumbersome 2, Vicious 5, )',2,'Added index \"F-BGR:31\".'),(5148,'2016-03-19 12:54:11',1,32,'178','Brass Knuckles (Brawl; Damage 1; Critical 4; Range (Engaged); Disorient 3, )',2,'Added index \"F-BGR:31\".'),(5149,'2016-03-19 12:55:20',1,32,'173','Frag Grenade (Ranged [Light]; Damage 8; Critical 4; Range (Short); Blast 6, Limited Ammo 1, )',2,'Added index \"F-BGR:31\".'),(5150,'2016-03-19 12:55:29',1,32,'174','Stun Grenade (Ranged [Light]; Damage 8; Critical -; Range (Short); Disorient 3, Stun Damage, Blast 8, Limited Ammo 1, )',2,'Added index \"F-BGR:31\".'),(5151,'2016-03-19 12:55:46',1,32,'2514','Ancient Sword (Lightsaber; Damage 2; Critical 3; Range (Engaged); Defensive 1, )',2,'Added index \"F-BGR:31\".'),(5152,'2016-03-19 12:55:58',1,32,'181','Force Pike (Melee; Damage 3; Critical 2; Range (Engaged); Pierce 2, Stun Setting, )',2,'Added index \"F-BGR:31\".'),(5153,'2016-03-19 12:56:10',1,32,'184','Truncheon (Melee; Damage 2; Critical 5; Range (Engaged); Disorient 2, )',2,'Added index \"F-BGR:31\".'),(5154,'2016-03-19 12:56:22',1,32,'186','Vibroknife (Melee; Damage 1; Critical 2; Range (Engaged); Pierce 2, Vicious 1, )',2,'Added index \"F-BGR:31\".'),(5155,'2016-03-19 12:57:06',1,32,'2520','Basic Lightsaber (Lightsaber; Damage 6; Critical 2; Range (Engaged); Breach 1, Sunder, )',2,'Added index \"F-BGR:31*\".'),(5156,'2016-03-19 12:57:25',1,60,'1385','Auto-Fire',2,'Added index \"F-BGR:32\".'),(5157,'2016-03-19 12:57:36',1,60,'1386','Breach',2,'Added index \"F-BGR:32\".'),(5158,'2016-03-19 12:57:46',1,60,'1388','Blast',2,'Added index \"F-BGR:32\".'),(5159,'2016-03-19 12:57:54',1,60,'1391','Cumbersome',2,'Added index \"F-BGR:32\".'),(5160,'2016-03-19 12:58:02',1,60,'1394','Disorient',2,'Added index \"F-BGR:32\".'),(5161,'2016-03-19 12:58:21',1,60,'1397','Knockdown',2,'Added index \"F-BGR:32\".'),(5162,'2016-03-19 12:58:29',1,60,'1401','Limited Ammo',2,'Added index \"F-BGR:32\".'),(5163,'2016-03-19 12:58:40',1,60,'1403','Pierce',2,'Added index \"F-BGR:32\".'),(5164,'2016-03-19 12:58:50',1,60,'1407','Stun Damage',2,'Added index \"F-BGR:32\".'),(5165,'2016-03-19 12:59:46',1,33,'310','Heavy Clothing (+1 soak)',2,'Added index \"F-BGR:34\".'),(5166,'2016-03-19 13:00:00',1,33,'2531','Concealing Robes (+1 soak)',2,'Added index \"F-BGR:34\".'),(5167,'2016-03-19 13:00:17',1,33,'312','Padded Armor (+2 soak)',2,'Added index \"F-BGR:34\".'),(5168,'2016-03-19 13:00:29',1,33,'309','Armored Clothing (+1 soak; +1 defense)',2,'Added index \"F-BGR:34\".'),(5169,'2016-03-19 13:00:39',1,33,'2530','Armored Robes (+2 soak; +1 defense)',2,'Added index \"F-BGR:34\".'),(5170,'2016-03-19 13:01:23',1,31,'1','Comlink (handheld)',2,'Added index \"F-BGR:35*\". Changed aka for index \"A-BGR:35*\".'),(5171,'2016-03-19 13:01:42',1,31,'17','Electrobinoculars',2,'Added index \"F-BGR:35\".'),(5172,'2016-03-19 13:01:53',1,31,'19','Macrobinoculars',2,'Added index \"F-BGR:35\".'),(5173,'2016-03-19 13:02:07',1,31,'18','General Purpose Scanner',2,'Added index \"F-BGR:35\".'),(5174,'2016-03-19 13:02:15',1,31,'21','Hand Scanner',2,'Added index \"F-BGR:35\".'),(5175,'2016-03-19 13:02:30',1,31,'25','Emergency Medpac',2,'Added index \"F-BGR:35\".'),(5176,'2016-03-19 13:02:52',1,31,'26','Medpac',2,'Added index \"F-BGR:35*\".'),(5177,'2016-03-19 13:03:07',1,31,'27','Stimpack',2,'Added index \"F-BGR:35\".'),(5178,'2016-03-19 13:04:20',1,31,'32','Disguise Kit',2,'Added index \"F-BGR:36\".'),(5179,'2016-03-19 13:04:32',1,31,'33','Electronic Lock Breaker',2,'Added index \"F-BGR:36\".'),(5180,'2016-03-19 13:04:41',1,31,'30','Binders',2,'Added index \"F-BGR:36\".'),(5181,'2016-03-19 13:04:54',1,31,'34','Restraining Bolt',2,'Added index \"F-BGR:36\".'),(5182,'2016-03-19 13:05:05',1,31,'37','Ration Packs',2,'Added index \"F-BGR:36\".'),(5183,'2016-03-19 13:05:20',1,31,'36','Breath Masks and Respirators',2,'Added index \"F-BGR:36\".'),(5184,'2016-03-19 13:05:30',1,31,'38','Space Suit',2,'Added index \"F-BGR:36\".'),(5185,'2016-03-19 13:05:46',1,31,'42','Backpack',2,'Added index \"F-BGR:36\".'),(5186,'2016-03-19 13:05:57',1,31,'44','Datapad',2,'Added index \"F-BGR:36\".'),(5187,'2016-03-19 13:06:09',1,31,'47','Glow Rod',2,'Added index \"F-BGR:36\".'),(5188,'2016-03-19 13:06:25',1,31,'45','Extra Reload',2,'Added index \"F-BGR:36\".'),(5189,'2016-03-19 13:06:36',1,31,'49','Tool Kit',2,'Added index \"F-BGR:36\".'),(5190,'2016-03-19 13:07:01',1,31,'50','Emergency Repair Patch',2,'Added index \"F-BGR:36\".'),(5191,'2016-03-19 13:57:55',1,54,'1325','Force Power Enhance',2,'Added index \"F-BGA:41\".'),(5192,'2016-03-19 13:58:12',1,54,'2573','Force Power Heal/Harm',2,'Added index \"F-BGA:41*\".'),(5193,'2016-03-19 13:58:31',1,54,'930','Force Power Move',2,'Added index \"F-BGA:42\".'),(5194,'2016-03-19 13:58:44',1,54,'2577','Force Power Sense',2,'Added index \"F-BGR:43\".'),(5195,'2016-03-19 13:59:10',1,45,'769','Imperial Stormtrooper',2,'Added index \"F-BGR:45\".'),(5196,'2016-03-19 13:59:33',1,45,'716','Imperial Stormtrooper Sergeant',2,'Added index \"F-BGR:45\".'),(5197,'2016-03-19 13:59:56',1,45,'1311','Guilded Bounty Hunter',2,'Added index \"F-BGR:46\".'),(5198,'2016-03-19 14:01:31',1,54,'2901','Force-Sensitive Negotiation',1,''),(5199,'2016-03-19 14:02:38',1,45,'2902','Grizzled Trader',1,''),(5200,'2016-03-19 14:03:02',1,45,'746','Street Tough',2,'Added index \"F-BGR:46\".'),(5201,'2016-03-19 14:06:18',1,31,'2903','long-range terrain scanner',1,''),(5202,'2016-03-19 14:07:05',1,45,'2904','Probe Droid',1,''),(5203,'2016-03-19 14:07:34',1,58,'2639','Stalking Acklay',2,'Added index \"F-BGR:46\".'),(5204,'2016-03-19 14:07:59',1,45,'2628','Fallen Apprentice',2,'Added index \"F-BGR:47\".'),(5205,'2016-03-19 14:08:15',1,45,'2630','Fallen Master',2,'Added index \"F-BGR:47\".'),(5206,'2016-03-19 14:13:21',1,45,'2905','Vorn Tel-Ovis',1,''),(5207,'2016-03-21 13:01:15',1,45,'2906','Spaceport Security Droids',1,''),(5208,'2016-03-21 13:03:47',1,45,'2907','Overseer Brynn',1,''),(5209,'2016-03-21 13:05:03',1,45,'769','Imperial Stormtrooper',2,'Added index \"E-BGA:22*\".'),(5210,'2016-03-21 13:05:39',1,45,'2906','Spaceport Security Droids',2,'Added index \"E-BGA:24\".'),(5211,'2016-03-21 13:09:16',1,45,'2908','Trex',1,''),(5212,'2016-03-21 13:11:14',1,45,'1307','TIE Pilot',2,'Added index \"E-BGA:26*\".'),(5213,'2016-03-21 13:13:06',1,38,'431','TIE/LN Starfighter',2,'Added index \"E-BGA:26\".'),(5214,'2016-03-21 13:18:14',1,38,'2909','Krayt Fang',1,''),(5215,'2016-03-21 13:20:45',1,45,'2910','The Gatekeeper',1,''),(5216,'2016-03-21 13:22:52',1,33,'2911','Heavy Fur Clothes (+1 soak)',1,''),(5217,'2016-03-21 13:23:10',1,45,'2912','Hunters',1,''),(5218,'2016-03-21 13:23:24',1,45,'2912','Hunters',2,'No fields changed.'),(5219,'2016-03-21 13:23:58',1,45,'2912','Hunters',2,'Changed equipment.'),(5220,'2016-03-21 13:30:02',1,45,'2913','Advozse Mercenaries',1,''),(5221,'2016-03-21 13:49:46',1,33,'2088','Noble Regalia ()',2,'Changed encumbrance and hard_points.'),(5222,'2016-03-21 13:55:54',1,55,'2914','Spintiri Icewolves',1,''),(5223,'2016-03-21 13:56:52',1,57,'2915','Spintiri Icewolves Teeth and Claws',1,''),(5224,'2016-03-21 13:57:51',1,58,'2916','Spintiri Icewolves',1,''),(5225,'2016-03-21 13:58:25',1,45,'2913','Advozse Mercenaries',2,'Added index \"F-BGA:25\".'),(5226,'2016-03-21 14:02:19',1,32,'2917','Acient Sith Sword (Melee; Damage 2; Critical 2; Range (Engaged); Pierce 2, )',1,''),(5227,'2016-03-21 14:02:23',1,45,'2918','Malefax',1,''),(5228,'2016-03-21 14:02:40',1,45,'2918','Malefax',2,'Changed equipment.'),(5229,'2016-03-21 16:27:20',3,33,'922','Armored Guard Uniform (+1 soak; +1 defense)',2,'Changed name.'),(5231,'2016-03-21 16:38:32',1,25,'40','Nexus of Power (FaD)',1,''),(5232,'2016-03-21 16:39:05',1,54,'2919','Asharl Pelt',1,''),(5233,'2016-03-21 16:39:34',1,55,'2920','Asharl Panther',1,''),(5234,'2016-03-21 16:39:42',1,55,'2920','Asharl Panther',2,'Added index \"NoP:13\".'),(5235,'2016-03-21 16:58:13',1,57,'2921','Asharl Panther Teeth and Claws',1,''),(5236,'2016-03-21 16:59:21',1,58,'2922','Asharl Panther',1,''),(5237,'2016-03-21 20:22:42',1,54,'2923','Shriek',1,''),(5238,'2016-03-21 20:23:03',1,55,'2924','Blismal',1,''),(5239,'2016-03-21 20:23:45',1,57,'2925','Blismal Teeth',1,''),(5240,'2016-03-21 20:24:34',1,58,'2926','Blismal',1,''),(5241,'2016-03-21 20:25:16',1,55,'2927','Gorgodon',1,''),(5242,'2016-03-21 20:26:01',1,57,'2928','Gorgodon Teeth and Claws',1,''),(5243,'2016-03-21 20:26:26',1,57,'2929','Gorgodon Tail',1,''),(5244,'2016-03-21 20:27:31',1,58,'2930','Gorgodon',1,''),(5245,'2016-03-21 20:28:37',1,54,'2931','Heightened Sense of Smell',1,''),(5246,'2016-03-21 20:29:39',1,54,'2932','Searing Touch',1,''),(5247,'2016-03-21 20:30:00',1,55,'2933','Razhak',1,''),(5248,'2016-03-21 20:30:49',1,57,'2934','Razhak Mandibles',1,''),(5249,'2016-03-21 20:33:53',1,58,'2935','Razhak',1,''),(5250,'2016-03-21 20:35:16',1,54,'2936','Dense Feathers',1,''),(5251,'2016-03-21 20:38:32',1,54,'2937','Frightening Visage',1,''),(5252,'2016-03-21 20:38:42',1,55,'2938','Snowfeather',1,''),(5253,'2016-03-21 20:39:14',1,57,'2939','Snowfeather Beak',1,''),(5254,'2016-03-21 20:39:15',1,57,'2940','Snowfeather Beak',1,''),(5255,'2016-03-21 20:45:46',1,58,'2941','Snowfeather',1,''),(5256,'2016-03-21 23:33:02',1,54,'2942','Cunning Ambusher 1',1,''),(5257,'2016-03-21 23:33:32',1,55,'2943','Colo Claw Fish',1,''),(5258,'2016-03-21 23:34:21',1,57,'2944','Colo Claw Fish Massive Maw and Mandibles',1,''),(5259,'2016-03-21 23:40:23',1,58,'2945','Colo Claw Fish',1,''),(5260,'2016-03-22 00:40:09',3,57,'2845','Tarvix Claws and Teeth',2,'Changed name.'),(5261,'2016-03-22 00:44:54',3,45,'2040','Ancient Hutt Security Droid',2,'Changed name.'),(5262,'2016-03-22 00:48:39',3,32,'1879','Adostic Arms 8-Gauge Scatter Gun (Ranged [Heavy]; Damage 7; Critical 6; Range (Short); Blast 3, Knockdown, )',2,'Changed name.'),(5263,'2016-03-22 00:49:02',3,32,'2917','Ancient Sith Sword (Melee; Damage 2; Critical 2; Range (Engaged); Pierce 2, )',2,'Changed name.'),(5264,'2016-03-22 01:16:09',3,32,'2946','Longbow (Ranged [Heavy]; Damage 5; Critical 5; Range (Long))',1,''),(5265,'2016-03-22 01:19:23',3,32,'2947','Bardottan Electrolance (Melee; Damage 2; Critical 3; Range (Engaged); Defensive 2, Stun Setting, )',1,''),(5266,'2016-03-22 01:20:39',3,32,'2946','Longbow (Ranged [Heavy]; Damage 5; Critical 5; Range (Long); Cumbersome 3, Limited Ammo 1, Pierce 1, )',2,'Added weapon quality entry \"<a href=\"/equipment/weaponqualities/1391/\" class=\"weaponquality_name\">Cumbersome</a> 3\". Added weapon quality entry \"<a href=\"/equipment/weaponqualities/1401/\" class=\"weaponquality_name\">Limited Ammo</a> 1\". Added weapon quality entry \"<a href=\"/equipment/weaponqualities/1403/\" class=\"weaponquality_name\">Pierce</a> 1\".'),(5267,'2016-03-22 01:22:41',3,32,'2948','Gungan Personal Energy Shield (Melee; Damage -1; Critical 5; Range (Engaged); Defensive 2, Deflection 2, )',1,''),(5268,'2016-03-22 01:46:35',3,32,'2949','Energy Slingshot (Ranged [Light]; Damage 3; Critical -; Range (Short); Disorient 2, Stun Damage, )',1,''),(5269,'2016-03-22 01:49:40',3,32,'2950','Aurateran Boomerang (Ranged [Light]; Damage 4; Critical 5; Range (Medium); Guided 1, Limited Ammo 1, )',1,''),(5270,'2016-03-22 01:57:57',3,32,'2951','Gungan Atlatl (Ranged [Light]; Damage 5; Critical 3; Range (Medium); Accurate 1, Burn 1, Ion, Limited Ammo 1, )',1,''),(5271,'2016-03-22 01:59:26',3,32,'2952','Gungan Plasma Ball (Ranged [Light]; Damage 5; Critical 3; Range (Short); Burn 1, Ion, Limited Ammo 1, )',1,''),(5272,'2016-03-22 01:59:54',3,32,'2952','Gungan Plasma Ball (Ranged [Light]; Damage 5; Critical 3; Range (Short); Burn 1, Ion, Limited Ammo 1, )',2,'Changed notes.'),(5273,'2016-03-22 08:04:01',3,32,'2234','Bola Carbine (Ranged [Heavy]; Damage 8; Critical 3; Range (Medium); Accurate 1, Ensnare 1, )',2,'Changed category for equipment \"Equipment object\".'),(5274,'2016-03-22 08:08:57',3,32,'1655','E-5 Blaster Carbine (Ranged [Heavy]; Damage 9; Critical 3; Range (Medium); Inaccurate 1, Stun Setting, )',2,'Changed name and encumbrance.'),(5275,'2016-03-22 08:12:08',3,32,'1872','Merr-sonn Model 53 \"Quicktrigger\" Blaster Pistol (Ranged [Light]; Damage 6; Critical 3; Range (Medium); Stun Setting, )',2,'Changed name.'),(5276,'2016-03-22 22:39:49',1,55,'1734','Fambaa',2,'Changed abilities. Added index \"NoP:22\".'),(5277,'2016-03-22 22:40:30',1,57,'1735','Fambaa Massive teeth',2,'Changed special. Added index \"NoP:22\".'),(5278,'2016-03-22 22:40:55',1,58,'1736','Fambaa',2,'Added index \"NoP:22\".'),(5279,'2016-03-22 22:41:54',1,55,'2953','Gualaar',1,''),(5280,'2016-03-22 22:42:24',1,57,'2954','Gualaar Horns',1,''),(5281,'2016-03-22 22:43:13',1,57,'2955','Gualaar Trampling Hooves',1,''),(5282,'2016-03-22 22:43:56',1,58,'2956','Gualaar',1,''),(5283,'2016-03-22 22:44:23',1,58,'1739','Kaadu',2,'Added index \"NoP:23\".'),(5284,'2016-03-22 22:44:47',1,55,'1737','Kaadu',2,'Added index \"NoP:23\".'),(5285,'2016-03-22 22:46:02',1,54,'2957','Silhouette 5',1,''),(5286,'2016-03-22 22:47:35',1,54,'2958','Supremely Terrifying',1,''),(5287,'2016-03-22 22:47:58',1,55,'2959','Sando Aqua Monster',1,''),(5288,'2016-03-22 22:48:51',1,57,'2960','Sando Aqua Monster Massive, toothy maw',1,''),(5289,'2016-03-22 22:49:29',1,57,'2961','Sando Aqua Monster Large Claws',1,''),(5290,'2016-03-22 22:51:04',1,58,'2962','Sando Aqua Monster',1,''),(5291,'2016-03-22 22:52:19',1,55,'2963','Creeping Posenaur',1,''),(5292,'2016-03-22 22:53:18',1,57,'2964','Creeping Posenaur Bite',1,''),(5293,'2016-03-22 22:53:50',1,58,'2965','Creeping Posenaur',1,''),(5294,'2016-03-22 22:55:52',1,55,'2966','Flying Leaf-Tail',1,''),(5295,'2016-03-22 22:56:16',1,57,'2967','Flying Leaf-Tail Rodent Teeth',1,''),(5296,'2016-03-22 22:56:49',1,58,'2968','Flying Leaf-Tail',1,''),(5297,'2016-03-22 22:58:13',1,55,'2969','Dragonsnake',1,''),(5298,'2016-03-22 22:58:49',1,57,'2970','Dragonsnake Large claws',1,''),(5299,'2016-03-22 22:59:17',1,57,'2971','Dragonsnake Toothy Maw',1,''),(5300,'2016-03-22 23:00:04',1,58,'2972','Gigantic Dragonsnake',1,''),(5301,'2016-03-22 23:00:58',1,55,'2973','Lesser Bogwing',1,''),(5302,'2016-03-22 23:01:20',1,57,'2974','Lesser Bogwing Claws',1,''),(5303,'2016-03-22 23:02:02',1,58,'2975','Lesser Bogwing',1,''),(5304,'2016-03-22 23:02:56',1,55,'2976','Lurking Scrange',1,''),(5305,'2016-03-22 23:03:30',1,57,'2977','Lurking Scrange Beaked mouth',1,''),(5306,'2016-03-22 23:04:08',1,57,'2978','Lurking Scrange Tail Spikes',1,''),(5307,'2016-03-22 23:05:19',1,58,'2979','Lurking Scrange',1,''),(5308,'2016-03-23 00:15:09',3,32,'1880','Ascian Throwing Dagger (Ranged [Light]; Damage 1; Critical 2; Range (Short); Pierce 2, Limited Ammo 1, )',2,'Changed name.'),(5309,'2016-03-23 02:36:09',3,32,'1655','E-5 Blaster Carbine (Ranged [Heavy]; Damage 9; Critical 3; Range (Medium); Inaccurate 1, Stun Setting, )',2,'Changed encumbrance.'),(5310,'2016-03-23 03:18:17',3,32,'2980','Gungan Electropole (Melee; Damage 2; Critical 4; Range (Engaged); Stun 3, Stun Setting, )',1,''),(5311,'2016-03-23 03:22:42',3,32,'2981','Training Stick (Lightsaber; Damage 1; Critical 5; Range (Engaged); Accurate 1, Disorient 1, Stun Damage, )',1,''),(5312,'2016-03-23 03:24:07',3,32,'2982','Voss Warspear (Melee; Damage 2; Critical 4; Range (Engaged); Defensive 2, )',1,''),(5313,'2016-03-23 03:25:24',3,32,'2983','Weik Greatsword (Melee; Damage 4; Critical 3; Range (Engaged); Cumbersome 4, Defensive 1, )',1,''),(5314,'2016-03-23 03:26:13',3,32,'2981','Training Stick (Lightsaber; Damage 1; Critical 5; Range (Engaged); Accurate 1, Disorient 1, Stun Damage, )',2,'Changed page for index \"NoP:104\".'),(5315,'2016-03-23 03:26:56',3,32,'2981','Training Stick (Lightsaber; Damage 1; Critical 5; Range (Engaged); Accurate 1, Disorient 1, Stun Damage, )',2,'No fields changed.'),(5316,'2016-03-23 04:08:46',3,31,'2984','Frangawl Force Powder',1,''),(5317,'2016-03-23 04:09:43',3,31,'2985','Longsight',1,''),(5318,'2016-03-23 04:10:31',3,31,'2986','Sulfur Inhaler',1,''),(5319,'2016-03-23 04:13:39',3,31,'2987','Adamite Signet Ring',1,''),(5320,'2016-03-23 04:14:24',3,31,'2988','Bardottan Chronoscanner',1,''),(5321,'2016-03-23 04:15:10',3,31,'2989','Sporting Macrobinoculars',1,''),(5322,'2016-03-23 04:16:10',3,31,'2990','Thermal Cutter',1,''),(5323,'2016-03-23 04:16:56',3,31,'2991','Vergence Starchart',1,''),(5324,'2016-03-23 04:17:45',3,31,'2992','Wizard Pouch',1,''),(5325,'2016-03-23 04:19:41',3,31,'2992','Wizard Pouch',2,'No fields changed.'),(5326,'2016-03-23 04:22:15',3,31,'2993','Bardottan Sphere',1,''),(5327,'2016-03-23 04:23:10',3,31,'2994','Crown of Verity',1,''),(5328,'2016-03-23 04:23:53',3,31,'2995','Dram of Orphne',1,''),(5329,'2016-03-23 04:24:39',3,31,'2996','Dolina Ring Seeds',1,''),(5330,'2016-03-23 04:25:19',3,31,'2997','Eyes of Laqasa',1,''),(5331,'2016-03-23 04:25:57',3,31,'2998','Grimoire of Syclos the Lame',1,''),(5332,'2016-03-23 04:26:55',3,31,'2999','Herder\'s Gauntlet',1,''),(5333,'2016-03-23 04:27:39',3,31,'3000','Master Lodaka\'s Lightsaber',1,''),(5334,'2016-03-23 04:28:28',3,31,'3001','Taradon\'s Helm',1,''),(5335,'2016-03-23 04:29:04',3,31,'3002','Tears of the Elders (Naboo)',1,''),(5336,'2016-03-23 04:30:00',3,31,'2998','Grimoire of Syclos the Lame (Weik)',2,'Changed name.'),(5337,'2016-03-23 04:30:30',3,31,'2997','Eyes of Laqasa (Devaron)',2,'Changed name.'),(5338,'2016-03-23 04:30:49',3,31,'2993','Bardottan Sphere (Bardotta)',2,'Changed name.'),(5339,'2016-03-23 04:31:12',3,31,'2994','Crown of Verity (Auratera)',2,'Changed name.'),(5340,'2016-03-23 04:31:33',3,31,'2999','Herder\'s Gauntlet (Iktotch)',2,'Changed name.'),(5341,'2016-03-23 04:31:59',3,31,'2999','Herder\'s Gauntlet',2,'Changed name.'),(5342,'2016-03-23 04:32:12',3,31,'2993','Bardottan Sphere',2,'Changed name.'),(5343,'2016-03-23 04:32:39',3,31,'3002','Tears of the Elders',2,'Changed name.'),(5344,'2016-03-23 04:32:50',3,31,'2998','Grimoire of Syclos the Lame',2,'Changed name.'),(5345,'2016-03-23 04:33:08',3,31,'2994','Crown of Verity',2,'Changed name.'),(5346,'2016-03-23 04:33:24',3,31,'2997','Eyes of Laqasa',2,'Changed name.'),(5347,'2016-03-23 05:39:49',3,31,'2997','Eyes of Laqasa',2,'Changed notes and image.'),(5348,'2016-03-23 05:40:38',3,31,'2998','Grimoire of Syclos the Lame',2,'Changed notes and image.'),(5349,'2016-03-23 05:41:44',3,31,'3000','Master Lodaka\'s Lightsaber',2,'Changed notes and image.'),(5350,'2016-03-23 05:42:39',3,32,'2947','Bardottan Electrolance (Melee; Damage 2; Critical 3; Range (Engaged); Defensive 2, Stun Setting, )',2,'Changed notes and image.'),(5351,'2016-03-23 05:43:21',3,32,'2948','Gungan Personal Energy Shield (Melee; Damage -1; Critical 5; Range (Engaged); Defensive 2, Deflection 2, )',2,'Changed notes and image.'),(5352,'2016-03-23 05:43:53',3,32,'2946','Longbow (Ranged [Heavy]; Damage 5; Critical 5; Range (Long); Cumbersome 3, Limited Ammo 1, Pierce 1, )',2,'Changed notes and image.'),(5353,'2016-03-23 05:44:39',3,31,'2999','Herder\'s Gauntlet',2,'Changed notes and image.'),(5354,'2016-03-23 17:06:45',3,31,'2984','Frangawl Force Powder (1 dose)',2,'Changed name.'),(5355,'2016-03-23 17:07:38',3,31,'2988','Bardottan Chronoscanner',2,'Changed category for equipment \"Equipment object\".'),(5356,'2016-03-23 17:08:41',3,31,'53','Avabush Spice (1 dose)',2,'Changed name.'),(5357,'2016-03-23 17:08:51',3,31,'55','Booster Blue (1 dose)',2,'Changed name.'),(5358,'2016-03-23 17:09:01',3,31,'61','Death Sticks (1 dose)',2,'Changed name.'),(5359,'2016-03-23 17:09:37',3,31,'2860','bearsloth venom (5 doses)',2,'Changed name.'),(5360,'2016-03-23 17:09:48',3,31,'57','Glitterstim (1 dose)',2,'Changed name.'),(5361,'2016-03-23 17:09:59',3,31,'1902','Impact (1 dose)',2,'Changed name.'),(5362,'2016-03-23 17:10:13',3,31,'139','Ji Rikknit (1 dose)',2,'Changed name.'),(5363,'2016-03-23 17:10:23',3,31,'59','Lesai (1 dose)',2,'Changed name.'),(5364,'2016-03-23 17:10:33',3,31,'1904','Muon Gold (1 dose)',2,'Changed name.'),(5365,'2016-03-23 17:10:40',3,31,'140','Nannarium Root (1 dose)',2,'Changed name.'),(5366,'2016-03-23 17:10:53',3,31,'2857','bearsloth venom (1 dose)',2,'Changed name.'),(5367,'2016-03-23 17:11:17',3,31,'2851','bearsloth venom (10 doses)',2,'Changed name.'),(5368,'2016-03-23 17:11:34',3,31,'2852','bearsloth antivenom (2 doses)',2,'Changed name.'),(5369,'2016-03-23 17:11:48',3,31,'2848','bearsloth venom (2 doses)',2,'Changed name.'),(5370,'2016-03-23 17:11:57',3,31,'63','Yarrock (1 dose)',2,'Changed name.'),(5371,'2016-03-23 17:13:33',3,31,'2987','Adamite Signet Ring',2,'Changed category for equipment \"Equipment object\".'),(5372,'2016-03-23 17:14:36',3,31,'2985','Longsight (1 dose)',2,'Changed name.'),(5373,'2016-03-23 17:15:35',3,31,'2986','Sulfur Inhaler (10 doses)',2,'Changed name and notes.'),(5374,'2016-03-23 17:17:30',3,31,'2794','PX-7 Heat Sensor',2,'Changed category for equipment \"Equipment object\".'),(5375,'2016-03-23 17:17:56',3,31,'2795','Veridicator 200',2,'Changed category for equipment \"Equipment object\".'),(5376,'2016-03-23 17:19:25',3,31,'127','Cirenian Communications Pioneer Long-Range Tranceiver',2,'Changed name.'),(5377,'2016-03-23 17:24:09',3,31,'1901','Cargo Scanner',2,'Changed category for equipment \"Equipment object\".'),(5378,'2016-03-23 17:24:29',3,31,'2903','Long-range terrain scanner',2,'Changed name.'),(5379,'2016-03-23 17:25:46',3,31,'42','Backpack',2,'Changed category for equipment \"Equipment object\".'),(5380,'2016-03-23 17:25:57',3,31,'106','Creshaldyne Mk. IV Modular Backpack',2,'Changed category for equipment \"Equipment object\".'),(5381,'2016-03-23 17:26:06',3,31,'94','Cryoncorp Ground-Penetrating Sensor Pack',2,'No fields changed.'),(5382,'2016-03-23 17:26:17',3,31,'91','Imperial Army Military Pack',2,'Changed category for equipment \"Equipment object\".'),(5383,'2016-03-23 17:26:26',3,31,'107','Modular Backpack Extra Pouch',2,'Changed category for equipment \"Equipment object\".'),(5384,'2016-03-23 17:26:46',3,31,'1308','Sensory Augmentation Package',2,'Changed name and notes.'),(5385,'2016-03-23 17:27:01',3,31,'107','Modular Backpack Extra Pouch',2,'No fields changed.'),(5386,'2016-03-23 17:27:07',3,31,'92','Rim Excursions Inc. Military Belt Pouch',2,'Changed category for equipment \"Equipment object\".'),(5387,'2016-03-23 17:27:15',3,31,'2992','Wizard Pouch',2,'Changed category for equipment \"Equipment object\".'),(5388,'2016-03-23 17:27:35',3,31,'111','Spacer\'s Duffel',2,'Changed category for equipment \"Equipment object\".'),(5389,'2016-03-23 17:27:59',3,31,'116','Surveyor\'s Bag',2,'Changed category for equipment \"Equipment object\".'),(5390,'2016-03-23 17:28:12',3,31,'1231','Load-Bearing Gear',2,'No fields changed.'),(5391,'2016-03-23 19:05:37',1,55,'3003','Space-headed Smooka',1,''),(5392,'2016-03-23 19:07:57',1,57,'3004','Space-headed Smooka Rodent Teeth',1,''),(5393,'2016-03-23 19:08:26',1,58,'3005','Space-headed Smooka',1,''),(5394,'2016-03-23 19:11:30',1,32,'3006','Shield (Melee; Damage 0; Critical 5; Range (Engaged); Defensive 2, Deflection 2, )',1,''),(5395,'2016-03-23 19:12:06',1,33,'3007','Steel Breastplate (+1 soak)',1,''),(5396,'2016-03-23 19:12:30',1,45,'3008','Vossport City Guard',1,''),(5397,'2016-03-23 19:13:03',1,45,'3008','Vossport City Guard',2,'Changed equipment.'),(5398,'2016-03-23 19:23:22',1,32,'3009','Sunfire Sword (Lightsaber; Damage 6; Critical 2; Range (Engaged); Breach 1, Inaccurate 1, Sunder, )',1,''),(5399,'2016-03-23 19:24:27',1,33,'3010','Reforged Star Armor (+2 soak; +1 defense)',1,''),(5400,'2016-03-23 19:26:29',1,31,'3011','Quiver of Arrows',1,''),(5401,'2016-03-23 19:26:55',1,31,'3012','Warhorse',1,''),(5402,'2016-03-23 19:30:52',1,45,'3013','Adamite Tower Paladin',1,''),(5403,'2016-03-24 15:39:17',3,58,'3005','Spade-headed Smooka',2,'Changed name.'),(5404,'2016-03-24 20:54:25',1,38,'486','J-Type Star Skiff',2,'Changed notes.'),(5405,'2016-03-24 21:51:26',1,54,'3014','Master Metalshaper',1,''),(5406,'2016-03-24 21:52:56',1,32,'3015','Iron-hard Fists (Brawl; Damage 3; Critical 3; Range (Engaged); Disorient 4, Knockdown, )',1,''),(5407,'2016-03-24 21:53:29',1,45,'3016','Cendiary Priest',1,''),(5408,'2016-03-24 21:56:20',1,55,'3017','Crysifal Trollbane',1,''),(5409,'2016-03-24 21:56:59',1,57,'3018','Crysifal Trollbane Stony Fists',1,''),(5410,'2016-03-24 21:58:07',1,58,'3019','Crysifal Trollbane',1,''),(5411,'2016-03-24 22:00:39',1,32,'3020','Viper-blade Reaper (Melee; Damage 2; Critical 3; Range (Engaged); Linked 1, Pierce 2, Vicious 2, )',1,''),(5412,'2016-03-24 22:01:23',1,32,'3021','Light Thrower (Ranged [Light]; Damage 6; Critical 3; Range (Medium); Inaccurate 1, Stun Setting, )',1,''),(5413,'2016-03-24 22:01:51',1,33,'3022','Scavenged Partial Plate (+2 soak)',1,''),(5414,'2016-03-24 22:03:05',1,45,'3023','Raider Warlord',1,''),(5415,'2016-03-24 22:13:47',1,33,'3024','Boiled Leather Jerkin (+1 soak)',1,''),(5416,'2016-03-24 22:14:21',1,32,'3025','Stabbing Sword (Melee; Damage 2; Critical 3; Range (Engaged); Vicious 1, )',1,''),(5417,'2016-03-24 22:15:03',1,32,'3026','Hand Crossbow (Ranged [Light]; Damage 5; Critical 4; Range (Medium); Limited Ammo 1, Prepare 1, )',1,''),(5418,'2016-03-24 22:15:08',1,45,'3027','Raider',1,''),(5419,'2016-03-24 22:15:46',1,45,'3027','Raider',2,'Changed equipment.'),(5420,'2016-03-24 22:18:12',1,32,'3028','Wizard\'s Staff (Melee; Damage 3; Critical 4; Range (Engaged); Disorient 2, )',1,''),(5421,'2016-03-24 22:18:38',1,33,'3029','Heavy and Smelly Robes (+1 soak)',1,''),(5422,'2016-03-24 22:20:45',1,49,'3030','Ritual Caster',1,''),(5423,'2016-03-24 22:21:30',1,45,'3031','Skyholme Astromancer',1,''),(5424,'2016-03-24 22:22:02',1,45,'3031','Skyholme Astromancer',2,'Changed equipment.'),(5425,'2016-03-25 01:37:07',1,32,'3032','Hidden Razor-dagger (Melee; Damage 1; Critical 2; Range (Engaged); Pierce 3, Vicious 3, )',1,''),(5426,'2016-03-25 01:37:11',1,45,'3033','Skyholme Lucite',1,''),(5427,'2016-03-25 01:37:35',1,45,'3033','Skyholme Lucite',2,'Changed equipment.'),(5428,'2016-03-25 01:40:17',1,54,'3034','Bloodfly Sickness',1,''),(5429,'2016-03-25 01:40:44',1,55,'3035','Bloodfly',1,''),(5430,'2016-03-25 01:41:29',1,57,'3036','Bloodfly Mandibles',1,''),(5431,'2016-03-25 01:42:09',1,58,'3037','Bloodfly',1,''),(5432,'2016-03-25 01:43:32',1,54,'3038','Nightvision',1,''),(5433,'2016-03-25 01:43:53',1,55,'3039','Loth-cat',1,''),(5434,'2016-03-25 01:44:26',1,57,'3040','Loth-cat Teeth and Claws',1,''),(5435,'2016-03-25 01:45:27',1,58,'3041','Loth-cat',1,''),(5436,'2016-03-25 01:46:11',1,55,'3042','Loth-rat',1,''),(5437,'2016-03-25 01:46:44',1,57,'3043','Loth-rat Teeth',1,''),(5438,'2016-03-25 01:47:22',1,58,'3044','Loth-rat',1,''),(5439,'2016-03-25 01:48:39',1,54,'3045','Ornery',1,''),(5440,'2016-03-25 01:48:47',1,55,'3046','Nerf',1,''),(5441,'2016-03-25 01:49:10',1,57,'3047','Nerf Horns',1,''),(5442,'2016-03-25 01:49:43',1,58,'3048','Nerf',1,''),(5443,'2016-03-25 01:50:48',1,45,'3049','Bardottan Palace Guard',1,''),(5444,'2016-03-25 01:52:49',1,32,'3050','Walking Stick (Melee; Damage 2; Critical 5; Range (Engaged); Disorient 1, )',1,''),(5445,'2016-03-25 01:53:53',1,33,'3051','Robes ()',1,''),(5446,'2016-03-25 01:54:47',1,45,'3052','Dagoyan Master',1,''),(5447,'2016-03-25 01:56:31',1,45,'3052','Dagoyan Master',2,'Changed equipment.'),(5448,'2016-03-25 01:59:04',1,32,'3053','Spear (Melee; Damage 3; Critical 3; Range (Engaged))',1,''),(5449,'2016-03-25 01:59:38',1,32,'3054','Thrown Spear (Ranged [Light]; Damage 6; Critical 3; Range (Short))',1,''),(5450,'2016-03-25 02:01:20',1,32,'3055','Bag of Sleeping Powder (Ranged [Light]; Damage 0; Critical -; Range (Short); Limited Ammo 1, If a target is hit by this attack, it must make a Hard Resilience check; the target suffers 10 strain if he',1,''),(5451,'2016-03-25 02:01:51',1,45,'3056','Frangawl Cultist',1,''),(5452,'2016-03-25 02:04:16',1,55,'3057','Aurateran Reenee',1,''),(5453,'2016-03-25 02:05:03',1,54,'3058','Beast of Burden 4',1,''),(5454,'2016-03-25 02:05:09',1,55,'3057','Aurateran Reenee',2,'Changed abilities.'),(5455,'2016-03-25 02:06:00',1,57,'3059','Aurateran Reenee Prehensile Snout',1,''),(5456,'2016-03-25 02:06:27',1,57,'3060','Aurateran Reenee Tail',1,''),(5457,'2016-03-25 02:07:15',1,58,'3061','Aurateran Reenee',1,''),(5458,'2016-03-25 02:09:56',1,55,'3062','Skysnare',1,''),(5459,'2016-03-25 02:10:28',1,57,'3063','Skysnare Hooked Beak',1,''),(5460,'2016-03-25 02:11:37',1,58,'3064','Skysnare',1,''),(5461,'2016-03-25 02:12:45',1,55,'3065','Kindalo Guardian',1,''),(5462,'2016-03-25 02:13:19',1,57,'3066','Kindalo Guardian Massive woody fists',1,''),(5463,'2016-03-25 02:13:59',1,58,'3067','Kindalo Guardian',1,''),(5464,'2016-03-25 02:15:05',1,31,'3068','Traveling Pack',1,''),(5465,'2016-03-25 02:15:43',1,45,'3069','Aleena Wanderer',1,''),(5466,'2016-03-25 02:17:55',1,32,'3070','Ceremonial Blaster Rifle (Ranged [Heavy]; Damage 9; Critical 3; Range (Long); Stun Setting, )',1,''),(5467,'2016-03-25 02:18:30',1,33,'3071','Ceremonial Armor (+2 soak; +1 defense)',1,''),(5468,'2016-03-25 02:19:29',1,45,'3072','Tetan Guard',1,''),(5469,'2016-03-25 02:19:54',1,45,'3072','Tetan Guard',2,'Changed equipment.'),(5470,'2016-03-25 02:20:51',1,31,'3073','Guild Mebership',1,''),(5471,'2016-03-25 02:21:09',1,33,'3074','LEather Vest (+1 soak)',1,''),(5472,'2016-03-25 02:21:43',1,32,'3075','Spiked knuckle-gloves (Brawl; Damage 2; Critical 3; Range (Engaged); Vicious 1, )',1,''),(5473,'2016-03-25 02:22:20',1,45,'3076','Mining Guild Enforcer',1,''),(5474,'2016-03-25 02:22:57',1,45,'3076','Mining Guild Enforcer',2,'Changed equipment.'),(5475,'2016-03-25 02:25:25',1,54,'3077','Projectile Guidance',1,''),(5476,'2016-03-25 02:26:42',1,31,'3078','Travel Rations',1,''),(5477,'2016-03-25 02:27:35',1,32,'3079','Concussion bow (Ranged [Heavy]; Damage 8; Critical 5; Range (Medium); Cumbersome 2, Limited Ammo 1, Prepare 1, )',1,''),(5478,'2016-03-25 02:28:25',1,45,'3080','Ysanna Hunter',1,''),(5479,'2016-03-25 02:28:48',1,45,'3080','Ysanna Hunter',2,'Changed equipment.'),(5480,'2016-03-25 02:29:21',1,55,'3081','Kirruk Riding Beast',1,''),(5481,'2016-03-25 02:29:49',1,57,'3082','Kirruk Riding Beast Teeth',1,''),(5482,'2016-03-25 02:30:11',1,57,'3083','Kirruk Riding Beast Claws',1,''),(5483,'2016-03-25 02:30:55',1,58,'3084','Kirruk Riding Beast',1,''),(5484,'2016-03-25 02:32:29',1,31,'3085','Keys',1,''),(5485,'2016-03-25 02:33:32',1,45,'3086','Jedi Temple Guardians',1,''),(5486,'2016-03-25 04:26:58',3,31,'3073','Guild Membership',2,'Changed name.'),(5487,'2016-03-25 18:37:16',1,54,'3087','Sturdy Frame',1,''),(5488,'2016-03-25 18:37:20',1,55,'3088','Aleena',1,''),(5489,'2016-03-25 18:37:56',1,55,'3088','Aleena',2,'Changed player_race, base_brawn, base_agility, base_intellect, base_cunning, base_willpower, base_presence, wound_threshold_modifier, strain_threshold_modifier, starting_experience and notes. Added index \"NoP:98\".'),(5490,'2016-03-25 18:38:42',1,55,'3089','Bardottan',1,''),(5491,'2016-03-25 18:40:04',1,54,'3090','Resilient Metabolism',1,''),(5492,'2016-03-25 18:40:54',1,55,'3091','Devaronian',1,''),(5493,'2016-03-25 18:41:41',1,55,'3092','Gungan',1,''),(5494,'2016-03-25 18:45:51',1,31,'3093','Minelayer with 24 anti-personnel mines',1,''),(5495,'2016-03-25 18:46:36',1,45,'3094','Chameleon Droid',1,''),(5496,'2016-03-25 18:48:43',1,31,'3095','Integrated SecureTech \"Nightsight\" passive sensor suite',1,''),(5497,'2016-03-25 18:49:47',1,32,'3096','Stoney Fists (Brawl; Damage 3; Critical 4; Range (Engaged); Concussive 1, )',1,''),(5498,'2016-03-25 18:49:50',1,45,'3097','Stone Suardian',1,''),(5499,'2016-03-25 18:50:12',1,45,'3097','Stone Suardian',2,'Changed equipment.'),(5500,'2016-03-28 18:05:01',1,55,'3098','Ursosaur',1,''),(5501,'2016-03-28 18:05:38',1,57,'3099','Ursosaur Beak',1,''),(5502,'2016-03-28 18:07:51',1,58,'3100','Ursosaur',1,''),(5503,'2016-03-28 18:08:12',1,57,'3101','Ursosaur Claws',1,''),(5504,'2016-03-28 18:10:48',1,32,'3102','Blood Blade (Lightsaber; Damage 6; Critical 2; Range (Engaged); Cortosis, Pierce 3, Vicious 3, )',1,''),(5505,'2016-03-28 18:11:26',1,33,'3103','Combat Robes (+2 soak; +1 defense)',1,''),(5506,'2016-03-28 18:13:37',1,45,'3104','Sianna Sekko',1,''),(5507,'2016-03-28 18:14:03',1,45,'3104','Sianna Sekko',2,'Changed equipment.'),(5508,'2016-03-28 18:14:50',1,45,'3072','Tetan Guard',2,'Added index \"NoP:124\".'),(5509,'2016-03-28 18:17:18',1,35,'3105','Tetan Guard Airspeeder',1,''),(5510,'2016-03-28 18:18:40',1,45,'3097','Stone Guardian',2,'Changed name.'),(5511,'2016-03-28 18:21:46',1,32,'3106','Stone Sword (Melee; Damage 4; Critical 4; Range (Engaged); Cortosis, Vicious 2, )',1,''),(5512,'2016-03-28 18:22:20',1,32,'3107','Stone Fists (Brawl; Damage 3; Critical 4; Range (Engaged); Cortosis, Concussive 1, )',1,''),(5513,'2016-03-28 18:23:17',1,33,'3108','Cortosis Chassis (+2 soak)',1,''),(5514,'2016-03-28 18:25:12',1,45,'3109','Ossus Stone Guardian',1,''),(5515,'2016-03-28 18:27:31',1,32,'3110','Training Blaster (Ranged [Light]; Damage 2; Critical -; Range (Short); Stun Damage, )',1,''),(5516,'2016-03-28 18:27:49',1,45,'3111','Blaster Drone',1,''),(5517,'2016-03-28 18:28:17',1,45,'3111','Blaster Drone',2,'Changed equipment.'),(5518,'2016-03-28 18:30:26',1,55,'3112','Dark Hunter',1,''),(5519,'2016-03-28 18:31:00',1,57,'3113','Dark Hunter Teeth and Claws',1,''),(5520,'2016-03-28 18:31:56',1,58,'3114','Dark Hunter',1,''),(5521,'2016-03-28 18:42:16',1,45,'3115','Zerala Dinn',1,''),(5522,'2016-03-28 18:42:29',3,31,'1794','Repulsor Fist',2,'Changed notes and image.'),(5523,'2016-03-28 18:42:35',1,45,'3115','Zerala Dinn',2,'Changed rank for talent entry \"<a href=\"/character/talent/652/\" class=\"talent_name\">Smooth Talker</a> 2\".'),(5524,'2016-03-28 18:45:09',1,54,'3116','Intimidating Presence',1,''),(5525,'2016-03-28 18:47:22',1,32,'3117','Customized Lightsaber (Lightsaber; Damage 8; Critical 3; Range (Engaged); Breach 1, Concussive 1, Disorient 2, Sunder, )',1,''),(5526,'2016-03-28 18:47:58',1,33,'3118','Concealed Armored Robes (+1 soak; +1 defense)',1,''),(5527,'2016-03-28 18:51:05',1,49,'3119','Drive Back',1,''),(5528,'2016-03-28 18:52:07',1,49,'3120','Lightsaber MAstery',1,''),(5529,'2016-03-28 18:53:39',1,45,'3121','Blaise Zirkonn',1,''),(5530,'2016-03-28 18:54:33',1,45,'3121','Blaise Zirkonn',2,'Changed equipment.'),(5531,'2016-03-28 18:55:05',1,49,'3120','Lightsaber Mastery',2,'Changed name.'),(5532,'2016-03-28 18:56:31',3,31,'1794','Repulsor Fist',2,'Changed image.'),(5533,'2016-03-28 18:57:02',1,45,'3122','Zirkonn\'s ISB Strike Team',1,''),(5534,'2016-03-28 18:57:14',3,31,'8','Cybernetic Legs (Mod II and Mod III)',2,'Changed notes and image.'),(5535,'2016-03-28 18:57:41',3,31,'9','Cybernetic Brain Implant',2,'Changed notes and image.'),(5536,'2016-03-28 18:57:58',1,55,'3123','Dust Stalker',1,''),(5537,'2016-03-28 18:58:04',3,31,'7','Cybernetic Arms (Mod V and Mod VI)',2,'Changed notes and image.'),(5538,'2016-03-28 18:58:36',1,57,'3124','Dust Stalker Piercing Claws',1,''),(5539,'2016-03-28 18:59:42',1,57,'3125','Dust Stalker Serrated Teeth',1,''),(5540,'2016-03-28 19:00:43',1,58,'3126','Escaped Dust Stalker',1,''),(5541,'2016-03-28 19:02:44',1,32,'3127','Beast Goad (Melee; Damage 3; Critical 4; Range (Engaged); Disorient 2, Pierce 2, )',1,''),(5542,'2016-03-28 19:03:54',1,32,'3128','Soporific-Tipped Bow and Arrows (Ranged [Heavy]; Damage 5; Critical 4; Range (Medium); Limited Ammo 1, Stun 4, )',1,''),(5543,'2016-03-28 19:04:16',1,33,'3129','Heavy Leather Clothing (+1 soak; +1 defense)',1,''),(5544,'2016-03-28 19:05:12',1,45,'3130','Sala Vindako',1,''),(5545,'2016-03-28 19:05:55',1,45,'3130','Sala Vindako',2,'Changed equipment.'),(5546,'2016-03-28 19:08:50',1,32,'3131','Light Spear (Melee; Damage 3; Critical 3; Range (Engaged); Pierce 1, )',1,''),(5547,'2016-03-28 19:08:56',1,45,'3132','Menagerie Guards',1,''),(5548,'2016-03-28 19:09:34',1,45,'3132','Menagerie Guards',2,'Changed equipment.'),(5549,'2016-03-28 19:15:18',1,45,'3133','Orl Miscord',1,''),(5550,'2016-03-28 20:02:33',1,25,'32','Mask of the Pirate Queen (EotE)',2,'Changed initials.'),(5551,'2016-03-28 23:17:07',1,25,'41','Special Modifications (EotE)',1,''),(5552,'2016-03-30 05:10:36',3,31,'127','Cirenian Communications Pioneer Long-Range Transceiver',2,'Changed name.'),(5553,'2016-03-30 05:19:07',3,31,'3134','Biofeedback Regulator',1,''),(5554,'2016-03-30 05:19:50',3,31,'3135','Escape Circuit',1,''),(5555,'2016-03-30 05:20:50',3,31,'3136','Networked Slicing Uplink',1,''),(5556,'2016-03-30 05:21:25',3,31,'3137','Neural Recorder',1,''),(5557,'2016-03-30 05:21:58',3,31,'3138','Surge Override Switch',1,''),(5558,'2016-03-30 05:25:36',3,33,'3074','Leather Vest (+1 soak)',2,'Changed name.'),(5559,'2016-03-30 05:26:48',3,33,'2859','Ornate Thick Furs and Leathers (+1 soak)',2,'Changed name.'),(5560,'2016-03-30 05:28:31',3,33,'3139','Cloaking Coat (+1 soak)',1,''),(5561,'2016-03-30 05:29:40',3,33,'3140','Mechanic\'s Utility Suit (+2 soak)',1,''),(5562,'2016-03-30 05:30:37',3,33,'3141','Merr-Sonn N-57 Armor (+2 soak)',1,''),(5563,'2016-03-30 05:31:44',3,33,'3142','SoroSuub P-14 Hazardous Industry Suit (+2 soak)',1,''),(5564,'2016-03-30 05:35:38',3,32,'3143','BlasTech DL-19C Blaster Pistol (Ranged [Light]; Damage 5; Critical 4; Range (Medium); Stun Setting, )',1,''),(5565,'2016-03-30 05:36:49',3,32,'3144','DDC-MR6 Modular Rifle (Ranged [Heavy]; Damage 7; Critical 3; Range (Medium); Stun Setting, )',1,''),(5566,'2016-03-30 05:38:18',3,32,'3145','Electromag-Pulse Disruptor (Melee; Damage 5; Critical 4; Range (Engaged); Disorient 1, Ion, )',1,''),(5567,'2016-03-30 05:47:05',3,32,'3146','Ion Thruster Gun (Ranged [Heavy]; Damage 5; Critical 4; Range (Short); Concussive 1, Cumbersome 5, Ion, Prepare 1, )',1,''),(5568,'2016-03-30 05:48:37',3,32,'3147','Multi-Goo Gun (Ranged [Light]; Damage 2; Critical -; Range (Short); Disorient 1, Ensnare 4, Knockdown, )',1,''),(5569,'2016-03-30 05:48:57',3,32,'3146','Ion Thruster Gun (Ranged [Heavy]; Damage 5; Critical 4; Range (Short); Concussive 1, Cumbersome 5, Ion, Prepare 1, )',2,'Changed category for equipment \"Equipment object\".'),(5570,'2016-03-30 05:50:54',3,32,'3148','Repulsor Gun (Ranged [Heavy]; Damage 3; Critical 5; Range (Short); Knockdown, )',1,''),(5571,'2016-03-30 05:52:19',3,32,'3149','Rivet Gun (Ranged [Light]; Damage 4; Critical 3; Range (Engaged); Ensnare 1, Inaccurate 2, Limited Ammo 1, )',1,''),(5572,'2016-03-30 05:54:51',3,32,'3150','Hand Grinder (Melee; Damage 2; Critical 4; Range (Engaged); Cumbersome 3, Prepare 1, Vicious 4, )',1,''),(5573,'2016-03-30 05:56:05',3,32,'3151','Welding Rod (Melee; Damage 3; Critical 2; Range (Engaged); Breach 1, Inaccurate 2, )',1,''),(5574,'2016-03-30 05:56:19',3,32,'3150','Hand Grinder (Melee; Damage 2; Critical 4; Range (Engaged); Cumbersome 3, Prepare 1, Vicious 4, )',2,'Changed category for equipment \"Equipment object\".'),(5575,'2016-03-30 15:07:58',3,32,'3145','Electromag-Pulse Disruptor (Melee; Damage 5; Critical 4; Range (Engaged); Disorient 1, Ion, )',2,'Changed weapon_skill.'),(5576,'2016-03-30 15:08:26',3,32,'3151','Welding Rod (Melee; Damage 3; Critical 2; Range (Engaged); Breach 1, Inaccurate 2, )',2,'Changed weapon_skill.'),(5577,'2016-03-30 18:44:54',1,32,'2524','Shoto (Lightsaber; Damage 5; Critical 2; Range (Engaged); Accurate 1, Breach 1, Sunder, )',3,''),(5578,'2016-03-30 19:04:57',3,32,'203','BlasTech DH-X Heavy Blaster Rifle (Ranged [Heavy]; Damage 10; Critical 3; Range (Long); Cumbersome 3, Pierce 2, )',2,'Changed name.'),(5579,'2016-03-30 19:05:07',3,32,'198','BlasTech DL-7H Heavy Blaster Pistol (Ranged [Light]; Damage 8; Critical 3; Range (Medium))',2,'Changed name.'),(5580,'2016-03-30 19:05:28',3,32,'2760','BlasTech DLS-12 Heavy Blaster Carbine (Ranged [Heavy]; Damage 10; Critical 3; Range (Medium); Auto-Fire, Cumbersome 2, )',2,'Changed name.'),(5581,'2016-03-30 19:05:38',3,32,'229','BlasTech E-11s Sniper Rifle (Ranged [Heavy]; Damage 10; Critical 3; Range (Extreme); Accurate 1, Cumbersome 3, Pierce 2, Slow-Firing 1, )',2,'Changed name.'),(5582,'2016-03-30 19:05:48',3,32,'231','BlasTech LBR-9 Stun Rifle (Ranged [Heavy]; Damage 10; Critical -; Range (Long); Disorient 2, Stun Damage, )',2,'Changed name.'),(5583,'2016-03-30 19:05:58',3,32,'204','BlasTech SE-14r Light Repeating Blaster (Ranged [Light]; Damage 6; Critical 3; Range (Medium); Auto-Fire, Stun Setting, )',2,'Changed name.'),(5584,'2016-03-30 19:09:55',3,32,'286','Coronet Arms Dueling Pistol (Ranged [Light]; Damage 9; Critical 2; Range (Short); Accurate 1, Limited Ammo 1, Pierce 1, )',2,'Changed name.'),(5585,'2016-03-30 19:10:03',3,32,'288','Coronet Arms H-7 \"Equalizer\" Blaster Pistol (Ranged [Light]; Damage 7; Critical 2; Range (Medium); Superior, Stun Setting, )',2,'Changed name.'),(5586,'2016-03-30 19:10:11',3,32,'287','Coronet Arms HL-27 Light Blaster Pistol (Ranged [Light]; Damage 5; Critical 3; Range (Medium); Accurate 1, Stun Setting, )',2,'Changed name.'),(5587,'2016-03-30 19:49:01',1,32,'2981','Training Stick (Lightsaber; Damage 1; Critical 5; Range (Engaged); Accurate 1, Disorient 1, Stun Damage, )',2,'Changed weapon_skill.'),(5588,'2016-03-30 19:51:09',1,32,'3152','Anti-Vehicle Mine (Mechanics; Damage 25; Critical 2; Range (Engaged); Blast 2, Breach 4, Limited Ammo 1, )',1,''),(5589,'2016-03-30 19:51:59',1,32,'3153','Anti-Personnel Mine (Mechanics; Damage 12; Critical 3; Range (Engaged); Blast 4, Vicious 4, Limited Ammo 1, )',1,''),(5590,'2016-03-30 19:52:43',1,32,'1377','Anesthetic Injector (Medicine; Damage 8; Critical 5; Range (Engaged); Stun Damage, )',2,'Changed weapon_skill and notes.'),(5591,'2016-03-31 02:53:13',3,31,'3154','Dataspike',1,''),(5592,'2016-03-31 02:54:16',3,31,'3155','Ealewon A-212 Tracing Console',1,''),(5593,'2016-03-31 02:55:10',3,31,'3156','Signature Modulation Pad',1,''),(5594,'2016-03-31 02:56:13',3,31,'3157','CZ-88 Heavy Loader Arm',1,''),(5595,'2016-03-31 02:56:51',3,31,'3158','Mechanical Dianoga',1,''),(5596,'2016-03-31 02:57:39',3,31,'3159','Merr-Sonn VX-A Intelligent Toolbox',1,''),(5597,'2016-03-31 02:58:27',3,31,'3160','OR-Series Tech Recycling Station',1,''),(5598,'2016-03-31 02:59:13',3,31,'3161','Repulsor Clamp',1,''),(5599,'2016-03-31 03:02:11',3,45,'3162','Generic Remote',1,''),(5600,'2016-03-31 03:03:24',3,45,'3162','Generic Remote',2,'Changed abilities. Added index \"SM:53\".'),(5601,'2016-03-31 03:06:12',3,45,'3163','Butterbug Remote',1,''),(5602,'2016-03-31 03:08:24',3,32,'3164','Micro-tools and drills (Melee; Damage 2; Critical 3; Range (Engaged); Pierce 2, )',1,''),(5603,'2016-03-31 03:09:10',3,45,'3163','Butterbug Remote',2,'Changed equipment.'),(5604,'2016-03-31 03:12:05',3,31,'916','Built-in network uplink',2,'Changed name.'),(5605,'2016-03-31 03:13:36',3,31,'3165','Built-in toolkit',1,''),(5606,'2016-03-31 03:14:19',3,45,'3166','Service Patch Remote',1,''),(5607,'2016-03-31 03:14:38',3,45,'3166','Service Patch Remote',2,'Changed equipment.'),(5608,'2016-03-31 03:15:11',3,45,'3166','Service Patch Remote',2,'Added index \"SM:53\".'),(5609,'2016-03-31 03:17:11',3,45,'3167','Shield Remote',1,''),(5610,'2016-03-31 03:18:43',3,31,'3168','Generic Remote',1,''),(5611,'2016-03-31 03:19:12',3,31,'3169','Butterbug Remote',1,''),(5612,'2016-03-31 03:19:42',3,31,'3170','Service Patch Remote',1,''),(5613,'2016-03-31 03:20:06',3,31,'3171','Shield Remote',1,''),(5614,'2016-03-31 03:20:31',3,31,'3169','Butterbug Remote',2,'Changed category for equipment \"Equipment object\".'),(5615,'2016-03-31 03:20:39',3,31,'3168','Generic Remote',2,'Changed category for equipment \"Equipment object\".'),(5616,'2016-03-31 03:26:08',3,34,'3172','Custom Grip',1,''),(5617,'2016-03-31 03:27:07',3,34,'3173','Enhanced XCiter',1,''),(5618,'2016-03-31 03:27:48',3,34,'3174','Gyrostabilizer',1,''),(5619,'2016-03-31 03:28:32',3,34,'3175','Integrated Scanner',1,''),(5620,'2016-03-31 03:29:18',3,34,'3176','Optimized Energy Cell',1,''),(5621,'2016-03-31 03:30:27',3,34,'3177','Overcharged Actuating Module',1,''),(5622,'2016-03-31 03:31:26',3,34,'3178','Rapid Recharge XCiter',1,''),(5623,'2016-03-31 03:32:25',3,34,'3179','Removed Safety Features',1,''),(5624,'2016-03-31 03:40:21',3,34,'3180','Secondary Ion Blaster',1,''),(5625,'2016-03-31 03:40:52',3,34,'3181','Sonic Scope',1,''),(5626,'2016-03-31 03:41:50',3,34,'3182','Stripped Down',1,''),(5627,'2016-03-31 03:42:32',3,34,'3183','Under-Barrel Grapnel Launcher',1,''),(5628,'2016-03-31 03:43:15',3,34,'3184','Vibro-Bayonet',1,''),(5629,'2016-03-31 03:44:42',3,34,'3178','Rapid-Recharge XCiter',2,'Changed name.'),(5630,'2016-03-31 03:45:34',3,34,'3180','Secondary Ion Blaster',2,'No fields changed.'),(5631,'2016-03-31 03:47:44',3,34,'3185','Amphibious Modification',1,''),(5632,'2016-03-31 03:48:30',3,34,'3186','Custom Fit',1,''),(5633,'2016-03-31 03:49:12',3,34,'3187','Integrated Ascension Gear',1,''),(5634,'2016-03-31 03:50:16',3,34,'3188','Integrated Slicer Gear',1,''),(5635,'2016-03-31 03:50:49',3,34,'3189','Ion Shielding',1,''),(5636,'2016-03-31 03:51:26',3,34,'3190','Radiation Shielding',1,''),(5637,'2016-03-31 03:52:02',3,34,'3191','Reinforced Gauntlets',1,''),(5638,'2016-03-31 03:52:36',3,34,'3192','Self-Repair Systems',1,''),(5639,'2016-03-31 04:14:35',3,31,'76','Arakyd Industries Recon Remote',2,'Changed notes and image.'),(5640,'2016-03-31 04:15:53',3,34,'376','Cryoncorp Omniscan 3 Integrated Scanner',2,'Changed notes and image.'),(5641,'2016-03-31 04:16:36',3,31,'74','Taggeco Shockhold Hardened Comlink',2,'Changed name, notes and image.'),(5642,'2016-03-31 04:19:43',3,32,'1658','SoroSuub \"Persuader\" Animal Shock Prod (Melee; Damage 2; Critical 4; Range (Engaged); Concussive 1, Slow-Firing 1, Stun Setting, )',2,'Changed name.'),(5643,'2016-03-31 04:19:58',3,32,'2240','SoroSuub \"Renegade\" Heavy Blaster Pistol (Ranged [Light]; Damage 8; Critical 3; Range (Medium); Inaccurate 1, Stun Setting, )',2,'Changed name.'),(5644,'2016-03-31 04:20:07',3,32,'207','SoroSuub HOB Heavy Repeating Blaster (Gunnery; Damage 15; Critical 3; Range (Extreme); Auto-Fire, Cumbersome 6, Pierce 2, Vicious 1, )',2,'Changed name.'),(5645,'2016-03-31 04:20:18',3,32,'228','SoroSuub Model 7 Therm-Ax (Melee; Damage 2; Critical 3; Range (Engaged); Burn 2, Sunder, Vicious 1, )',2,'Changed name.'),(5646,'2016-03-31 04:20:28',3,32,'205','SoroSuub OK-98 Blaster Carbine (Ranged [Heavy]; Damage 9; Critical 3; Range (Medium); Stun Setting, )',2,'Changed name.'),(5647,'2016-03-31 04:20:37',3,32,'206','SoroSuub VX \"Sidewinder\" Repeating Blaster (Gunnery; Damage 12; Critical 3; Range (Long); Auto-Fire, Cumbersome 6, Pierce 1, Vicious 1, )',2,'Changed name.'),(5648,'2016-03-31 04:20:49',3,32,'230','SoroSuub X-30 Lancer Precision Blast Pistol (Ranged [Light]; Damage 5; Critical 4; Range (Long); Accurate 1, Pierce 2, )',2,'Changed name.'),(5649,'2016-03-31 04:29:42',3,31,'1457','DZ-70 Fugitive Tracker Droid',2,'Changed name.'),(5650,'2016-03-31 04:38:16',3,45,'2315','501-Z Police Droid',2,'Changed name.'),(5651,'2016-03-31 04:55:36',3,31,'2268','CT-4 Medical Droid',2,'Changed name.'),(5652,'2016-04-01 19:07:04',3,38,'2566','G9 Rigger Light Freighter',2,'Changed notes and image.'),(5653,'2016-04-04 19:04:58',3,38,'2566','G9 Rigger Light Freighter',2,'Changed image.'),(5654,'2016-04-04 21:50:52',3,38,'2566','G9 Rigger Light Freighter',2,'Changed image.'),(5655,'2016-04-05 14:05:20',1,38,'1235','RZ-1 \"A-Wing\" Light Interceptor',2,'Changed image.'),(5656,'2016-04-05 14:09:20',1,38,'1235','RZ-1 \"A-Wing\" Light Interceptor',2,'Changed image.'),(5657,'2016-04-05 20:18:59',1,55,'3193','Besalisk',1,''),(5658,'2016-04-05 20:20:16',1,54,'3194','Born to Ride',1,''),(5659,'2016-04-05 20:20:48',1,55,'3195','Dug',1,''),(5660,'2016-04-05 20:23:18',1,55,'3196','Mustafarian',1,''),(5661,'2016-04-05 20:24:03',1,48,'3197','Cybernetics',1,''),(5662,'2016-04-05 20:24:49',1,49,'3198','Custom Loadout',1,''),(5663,'2016-04-05 20:25:11',1,49,'3199','Cyberneticist',1,''),(5664,'2016-04-05 20:25:28',1,49,'3200','Deft Maker',1,''),(5665,'2016-04-05 20:25:54',1,49,'3201','Engineered Redundancies',1,''),(5666,'2016-04-05 20:26:16',1,49,'3202','Eye for Detail',1,''),(5667,'2016-04-05 20:26:37',1,49,'3203','Energy Transfer',1,''),(5668,'2016-04-05 20:26:50',1,49,'1638','Fancy Paint Job',2,'Added index \"SM:34\".'),(5669,'2016-04-05 20:27:03',1,49,'1642','Larger Project',2,'Added index \"SM:34\".'),(5670,'2016-04-05 20:27:19',1,49,'3204','Machine Mender',1,''),(5671,'2016-04-05 20:27:44',1,49,'3205','More Machine than Man',1,''),(5672,'2016-04-05 20:31:12',1,49,'3206','Overcharge',1,''),(5673,'2016-04-05 20:31:30',1,49,'3207','Overcharge (Improved)',1,''),(5674,'2016-04-05 20:31:46',1,49,'3208','Overcharge (Supreme)',1,''),(5675,'2016-04-05 20:32:12',1,49,'3209','Reroute Processors',1,''),(5676,'2016-04-05 20:32:35',1,49,'3210','Resourceful Refit',1,''),(5677,'2016-04-05 20:32:46',1,49,'1648','Signature Vehicle',2,'Added index \"SM:35\".'),(5678,'2016-04-05 20:33:09',1,49,'3211','Speaks Binary (Improved)',1,''),(5679,'2016-04-05 20:33:29',1,49,'3212','Speaks Binary (Supreme)',1,''),(5680,'2016-04-05 20:37:44',1,36,'59','Crane Operator',1,''),(5681,'2016-04-05 20:38:02',1,35,'3213','Baktoid UH-XH Heavy Work Platform',1,''),(5682,'2016-04-05 20:39:41',1,35,'3214','SoroSuub Portable Store KRI-80',1,''),(5683,'2016-04-05 20:41:28',1,35,'3215','SoroSuub Rapid Service Speeder J-15',1,''),(5684,'2016-04-05 20:42:44',1,36,'60','Tractor Beam Operator',1,''),(5685,'2016-04-05 20:43:05',1,35,'3216','Ubrikkian TRL-03 Skyclaw',1,''),(5686,'2016-04-05 20:45:58',1,38,'3217','Koensayr AD-1S Moduilar Multi-role Starfighter',1,''),(5687,'2016-04-05 20:47:51',1,38,'3218','Cybershop Ship',1,''),(5688,'2016-04-05 20:50:22',1,38,'3219','Corellian Engineering Corporation Deep Space Recovery Vessel L-2783',1,''),(5689,'2016-04-05 20:51:16',1,41,'3220','All-Terrain Legs',1,''),(5690,'2016-04-05 20:52:04',1,41,'3221','Amphibious Modification',1,''),(5691,'2016-04-05 20:52:06',1,41,'3222','Amphibious Modification',1,''),(5692,'2016-04-05 21:06:16',1,41,'3223','Decoy Buoy',1,''),(5693,'2016-04-05 21:06:54',1,41,'3224','Encrypted Computer',1,''),(5694,'2016-04-05 21:07:32',1,41,'3225','Enhanced Repulsorlift',1,''),(5695,'2016-04-05 21:08:00',1,41,'3226','Enhanced Hyperspace Shields',1,''),(5696,'2016-04-05 21:08:29',1,41,'3227','Gunner Droid Brain',1,''),(5697,'2016-04-05 21:09:06',1,41,'3228','Laser Focusing Array',1,''),(5698,'2016-04-05 21:09:40',1,41,'3229','Overcharged Ion Engines',1,''),(5699,'2016-04-05 21:10:18',1,41,'3230','Pseudo-Cloaking Device',1,''),(5700,'2016-04-05 21:10:46',1,41,'3231','Secondary Transponder',1,''),(5701,'2016-04-05 21:11:12',1,41,'3232','Security Measures',1,''),(5702,'2016-04-05 21:11:32',1,41,'3233','Slicing Computer',1,''),(5703,'2016-04-05 21:17:05',1,23,'18','Data Entry and Updates',1,''),(5704,'2016-04-06 17:58:13',1,35,'1234','All Terrain Scout Transport',2,'Changed page for index \"OaA:34\".'),(5705,'2016-04-13 17:51:55',1,41,'365','High-Output Ion Turbine',2,'Changed price and rarity for equipment \"Equipment object\".'),(5706,'2016-04-13 17:52:25',1,41,'362','Hydraulic Control Circuits',2,'Changed price and rarity for equipment \"Equipment object\".'),(5707,'2016-04-13 17:57:05',1,41,'362','Hydraulic Control Circuits',2,'Changed hard_points.'),(5708,'2016-04-13 17:57:45',1,41,'366','Hyperdrive Generator',2,'Changed hard_points. Changed price and rarity for equipment \"Equipment object\".'),(5709,'2016-04-13 17:58:25',1,41,'363','Reinforced Shield Generator',2,'Changed price and rarity for equipment \"Equipment object\".'),(5710,'2016-04-13 17:58:54',1,41,'367','Retrofitted Hanger Bay',2,'Changed by_silhoutte. Changed price and rarity for equipment \"Equipment object\".'),(5711,'2016-04-13 17:59:25',1,41,'364','Smuggling Compartments',2,'Changed price and rarity for equipment \"Equipment object\".'),(5712,'2016-04-13 18:09:54',1,38,'442','Wayfarer-Class Medium Freighter',2,'Changed sensor_range and notes.'),(5713,'2016-04-13 18:12:57',1,45,'1043','Liddy Ravora',2,'Changed notes. Deleted skill entry \"SkillEntry object\".'),(5714,'2016-04-13 18:14:11',1,31,'131','Gravity Belt',2,'Changed notes.'),(5715,'2016-04-13 18:19:07',1,45,'1095','IA Security Agent',2,'Changed notes.'),(5716,'2016-04-13 18:20:17',1,34,'378','Taggeco MB-7 \"Ranger\" Range Finder',2,'Changed notes.'),(5717,'2016-04-15 18:06:23',3,38,'2565','Vangaard Pathfinder Scout Ship',2,'Changed name, notes and image.'),(5718,'2016-06-17 18:27:58',1,55,'1604','Droid',2,'Changed player_race.'),(5719,'2016-07-01 12:20:27',1,54,'3234','Anatomical Knowledge',1,''),(5720,'2016-07-01 12:21:25',1,25,'42','Savage Spirits (FaD)',1,''),(5721,'2016-07-01 12:22:25',1,54,'3235','Mood Indicator',1,''),(5722,'2016-07-01 12:23:04',1,55,'3236','Anx',1,''),(5723,'2016-07-01 12:24:02',1,55,'1614','Ithorian',2,'Added index \"SS:20\".'),(5724,'2016-07-01 12:25:14',1,55,'3237','Quermian',1,''),(5725,'2016-07-01 12:26:07',1,49,'3238','Animal Bond (Improved)',1,''),(5726,'2016-07-01 12:26:57',1,49,'3239','Deathblow',1,''),(5727,'2016-07-01 12:27:19',1,49,'3240','Essential Kill',1,''),(5728,'2016-07-01 12:27:36',1,49,'3241','Force Connection',1,''),(5729,'2016-07-01 12:27:56',1,49,'3242','Harass',1,''),(5730,'2016-07-01 12:28:18',1,49,'3243','Holistic Navigation',1,''),(5731,'2016-07-01 12:28:34',1,49,'688','Hunter\'s Quarry',2,'Added index \"SS:30\".'),(5732,'2016-07-01 12:28:44',1,49,'689','Hunter\'s Quarry [Improved]',2,'Added index \"SS:30\".'),(5733,'2016-07-01 12:29:06',1,49,'3244','Intuitive Navigation',1,''),(5734,'2016-07-01 12:29:22',1,49,'606','Lethal Blows',2,'Added index \"SS:30\".'),(5735,'2016-07-01 12:29:41',1,49,'3245','Marked for Death',1,''),(5736,'2016-07-01 12:30:00',1,49,'612','Master Starhopper',2,'Added index \"SS:31\".'),(5737,'2016-07-01 12:30:22',1,49,'3246','Menace',1,''),(5738,'2016-07-01 12:30:44',1,49,'3247','Mind Over Matter',1,''),(5739,'2016-07-01 12:31:03',1,49,'3248','One with Nature',1,''),(5740,'2016-07-01 12:31:33',1,49,'3249','Planet Mapper',1,''),(5741,'2016-07-01 12:31:44',1,49,'632','Precise Aim',2,'Added index \"SS:31\".'),(5742,'2016-07-01 12:31:55',1,49,'647','Shortcut',2,'Added index \"SS:31\".'),(5743,'2016-07-01 12:32:15',1,49,'3250','Shortcut (Improved)',1,''),(5744,'2016-07-01 12:32:30',1,49,'1649','Soothing Tone',2,'Added index \"SS:31\".'),(5745,'2016-07-01 12:32:47',1,49,'3251','Studious Plotting',1,''),(5746,'2016-07-01 12:33:07',1,49,'3252','Survival of the Fittest',1,''),(5747,'2016-07-01 12:33:26',1,49,'3253','Terrifying Kill',1,''),(5748,'2016-07-01 12:34:25',1,54,'3254','Force Power Farsight',1,''),(5749,'2016-09-02 04:22:00',3,38,'469','Loronar E-9 Explorer-Class Armed Long-Range Scout Vessel',2,'Changed notes and image.'),(5750,'2016-09-07 09:57:31',1,25,'43','Forged in Battle (AoR)',1,''),(5751,'2016-09-21 23:24:31',3,35,'404','All Terrain Personal Transport (AT-PT)',2,'Changed name and hard_points.'),(5752,'2016-09-21 23:24:54',3,35,'1233','All Terrain Armored Transport (AT-AT)',2,'Changed name.'),(5753,'2016-09-21 23:25:08',3,35,'1476','All Terrain Riot Control Transport (AT-RCT)',2,'Changed name.'),(5754,'2016-09-21 23:25:22',3,35,'1234','All Terrain Scout Transport (AT-ST)',2,'Changed name.'),(5755,'2016-09-21 23:25:35',3,35,'1674','All-Terrain Anti-Aircraft (AT-AA)',2,'Changed name.'),(5756,'2016-09-21 23:26:44',3,35,'498','Slightly Rusted AT-ST Walker',2,'Changed name.'),(5757,'2016-09-23 22:08:16',3,36,'61','Weapon Systems Operator',1,''),(5758,'2016-09-23 22:08:32',3,35,'1679','PTB-625 Heavy Bomber',2,'Changed vehicle_model. Changed description for crew entry \"two Weapon Systems Operators\".'),(5759,'2016-09-23 22:32:32',3,35,'394','Civilian Airspeeder',2,'Changed name and notes.'),(5760,'2016-09-23 22:33:23',3,35,'1232','Alliance T-47 Airspeeder (Military)',2,'Changed name.'),(5761,'2016-09-23 22:33:40',3,35,'397','Incom T-47 Airspeeder (Civilian)',2,'Changed name.'),(5762,'2016-09-23 22:34:12',3,35,'397','Incom T-47 Airspeeder (Civilian)',2,'Changed image.'),(5763,'2016-09-23 22:34:34',3,35,'397','Incom T-47 Airspeeder (Civilian)',2,'Changed notes.'),(5764,'2016-10-13 22:31:56',3,45,'2013','Swamptrooper',2,'Changed name.'),(5765,'2016-10-25 00:57:10',3,32,'163','Heavy Blaster Rifle (Ranged [Heavy]; Damage 10; Critical 3; Range (Long); Auto-Fire, Cumbersome 3, )',2,'Changed image.'),(5766,'2016-10-25 00:57:27',3,32,'166','Light Repeating Blaster (Ranged [Heavy]; Damage 11; Critical 3; Range (Long); Auto-Fire, Cumbersome 4, Pierce 1, )',2,'Changed image.'),(5767,'2016-10-31 04:09:55',3,38,'428','Firespray-31 System Patrol Craft',2,'Changed passenger.'),(5768,'2016-11-02 20:43:04',3,38,'483','CSS-1 Corellian Star Shuttle',2,'Changed image.'),(5769,'2016-11-02 20:45:09',3,38,'1823','MandalMotors M3-A Scyk Interceptor',2,'Changed notes and image.'),(5770,'2016-11-02 21:14:05',3,32,'162','Heavy Blaster Pistol (Ranged [Light]; Damage 7; Critical 3; Range (Medium); Stun Setting, )',2,'Changed notes and image.'),(5771,'2016-11-02 21:18:08',3,32,'156','Blaster Pistol (Ranged [Light]; Damage 6; Critical 3; Range (Medium); Stun Setting, )',2,'Changed notes and image.'),(5772,'2016-11-02 21:25:33',3,32,'159','Blaster Carbine (Ranged [Heavy]; Damage 9; Critical 3; Range (Medium); Stun Setting, )',2,'Changed notes and image.'),(5773,'2016-11-02 21:30:02',3,32,'2578','Scoped long-range blaster rifle (Ranged [Heavy]; Damage 9; Critical 3; Range (Extreme); Reduce difficulty of combat checks at long and extreme range by one.)',2,'Changed notes and image.'),(5774,'2016-11-22 03:51:00',3,38,'439','SoroSuub Luxury 3000 Space Yacht',2,'Changed value for consumable \"one month\".'),(5775,'2017-02-07 06:34:07',3,38,'446','CR90 Corvette',2,'Changed image.'),(5776,'2017-02-07 06:34:23',3,38,'446','CR90 Corvette',2,'Changed image.'),(5777,'2017-02-07 06:53:24',3,38,'446','CR90 Corvette',2,'Changed image.'),(5778,'2017-02-07 06:59:02',3,38,'446','CR90 Corvette',2,'Changed image.'),(5779,'2017-03-07 06:42:42',3,38,'448','Marauder-Class Assault Corvette',2,'Changed image.'),(5780,'2017-03-07 06:44:10',3,38,'448','Marauder-Class Assault Corvette',2,'Changed image.'),(5781,'2017-03-07 06:46:09',3,38,'448','Marauder-Class Assault Corvette',2,'Changed image.'),(5782,'2017-03-07 06:52:47',3,38,'448','Marauder-Class Assault Corvette',2,'Changed image.'),(5783,'2017-06-28 17:50:28',1,4,'5','coyote670',1,''),(5784,'2017-06-28 17:50:43',1,4,'5','coyote670',2,'Changed groups.'),(5785,'2017-06-29 16:13:52',1,4,'5','coyote670',2,'Changed is_staff.'),(5786,'2017-06-30 11:56:03',1,25,'44','Endless Vigil (FaD)',1,''),(5787,'2017-06-30 11:56:53',1,25,'45','Friends Like These (AoR)',1,''),(5788,'2017-06-30 11:57:41',1,25,'46','No Disintegrations (EotE)',1,''),(5789,'2017-06-30 11:58:37',1,25,'47','Disciples of Harmony (FaD)',1,''),(5790,'2017-06-30 11:59:28',1,25,'48','Ghosts of Dathomir (FaD)',1,''),(5791,'2017-06-30 12:00:07',1,25,'49','Fully Operational (AoR)',1,''),(5792,'2017-07-01 22:10:25',5,55,'3255','Arkanian',1,''),(5793,'2017-07-01 22:12:16',5,54,'3256','Strong Backed',1,''),(5794,'2017-07-01 22:13:09',5,55,'3257','Cosian',1,''),(5795,'2017-07-01 22:15:49',5,54,'3258','Sensitive Hearing',1,''),(5796,'2017-07-01 22:17:16',5,55,'3259','Pau\'an',1,''),(5797,'2017-07-01 22:19:21',5,49,'3260','Aggressive Negotiations',1,''),(5798,'2017-07-01 22:19:55',5,49,'1416','Congenial',2,'Added index \"DoH:28\".'),(5799,'2017-07-01 22:20:26',5,49,'3261','Crucial Point',1,''),(5800,'2017-07-01 22:20:53',5,49,'3262','Empty Soul',1,''),(5801,'2017-07-01 22:21:11',5,49,'3263','Encouraging Words',1,''),(5802,'2017-07-01 22:21:30',5,49,'3264','Go Without',1,''),(5803,'2017-07-01 22:22:05',5,49,'2056','Encouraging Words',2,'Added index \"DoH:28\".'),(5804,'2017-07-01 22:23:59',5,49,'594','Intense Focus',2,'Added index \"DoH:28\".'),(5805,'2017-07-01 22:24:29',5,49,'3265','Iron Soul',1,''),(5806,'2017-07-01 22:24:45',5,49,'2704','Master Instructor',2,'Added index \"DoH:28\".'),(5807,'2017-07-01 22:25:17',5,49,'3266','Meditative Trance',1,''),(5808,'2017-07-01 22:25:29',5,49,'2704','Master Instructor',2,'Changed page for index \"DoH:29\".'),(5809,'2017-07-01 22:25:52',5,49,'3267','Mind Bleed',1,''),(5810,'2017-07-01 22:26:34',5,49,'3268','Now The Master',1,''),(5811,'2017-07-01 22:27:08',5,49,'3269','Once A Learner',1,''),(5812,'2017-07-01 22:27:28',5,49,'1214','Physical Training',2,'Added index \"DoH:30\".'),(5813,'2017-07-01 22:27:56',5,49,'3270','Savvy Negotiator',1,''),(5814,'2017-07-01 22:28:21',5,49,'3271','Savvy Negotiator (Improved)',1,''),(5815,'2017-07-01 22:28:55',5,49,'3272','Skilled Teacher',1,''),(5816,'2017-07-01 22:29:56',5,49,'3273','Sunder (Improved)',1,''),(5817,'2017-07-01 22:30:12',5,49,'1223','Well Traveled',2,'Added index \"DoH:30\".'),(5818,'2017-07-01 22:30:26',5,49,'1223','Well Traveled',2,'No fields changed.'),(5819,'2017-07-01 22:30:50',5,49,'3274','Wise Warrior',1,''),(5820,'2017-07-01 22:31:15',5,49,'3275','Wise Warrior (Improved)',1,''),(5821,'2017-07-01 22:36:41',5,32,'3276','Merr-Sonn AJ-23 Concussive Rifle (Ranged [Heavy]; Damage 8; Critical 5; Range (Short); Blast 7, Concussive 2, Inaccurate 2, Knockdown, Stun Damage, )',1,''),(5822,'2017-07-01 22:40:06',5,32,'3277','Loronar Cryoban Rifle (Ranged [Light]; Damage 6; Critical -; Range (Medium); Ensnare 1, Pierce 5, Stun Damage, Pierce 0 vs armor that removes [SETBACK] due to cold. Melee attacks against a target stru',1,''),(5823,'2017-07-01 22:42:19',5,32,'3278','Tenloss IDX-9 Ion Stunner (Ranged [Light]; Damage 7; Critical -; Range (Medium); Ion, Stun Damage, )',1,''),(5824,'2017-07-01 22:43:55',5,32,'3279','Speizoc Spore Stun Grenade (Ranged [Light]; Damage 8; Critical -; Range (Short); Blast 7, Limited Ammo 1, Pierce 3, Stun Damage, )',1,''),(5825,'2017-07-01 22:44:55',5,32,'3280','Tenloss Spray Foam Grenade (Ranged [Light]; Damage 0; Critical -; Range (Short); Ensnare 4, Limited Ammo 1, )',1,''),(5826,'2017-07-01 22:47:25',5,32,'3281','Loronar Spray Rifle (Ranged [Heavy]; Damage 7; Critical -; Range (Medium); Burn 3, Limited Ammo 1, Pierce 3, Prepare 1, Stun Damage, )',1,''),(5827,'2017-07-01 22:47:44',5,32,'3277','Loronar Cryoban Rifle (Ranged [Light]; Damage 6; Critical -; Range (Medium); Ensnare 1, Pierce 5, Stun Damage, Pierce 0 vs armor that removes [SETBACK] due to cold. Melee attacks against a target stru',2,'Changed category for equipment \"Equipment object\".'),(5828,'2017-07-01 22:50:42',5,32,'3282','Borstel Neuronic Lash (Melee; Damage 1; Critical 5; Range (Short); Ensnare 1, Stun 3, Stun Damage, )',1,''),(5829,'2017-07-01 22:51:48',5,32,'3283','Fear Stick (Melee; Damage 5; Critical -; Range (Engaged); Limited Ammo 3, Pierce 1, Stun Damage, )',1,''),(5830,'2017-07-01 22:54:09',5,32,'3283','Fear Stick (Melee; Damage 5; Critical -; Range (Engaged); Limited Ammo 3, Pierce 1, Stun Damage, )',2,'Changed weapon_skill.'),(5831,'2017-07-01 22:55:46',5,32,'3284','Z6 Riot Control Baton (Melee; Damage 2; Critical 5; Range (Engaged); Cortosis, Disorient 2, Stun Damage, )',1,''),(5832,'2017-07-01 22:58:51',5,33,'3285','Biogel Suit (+2 soak)',1,''),(5833,'2017-07-01 22:59:32',5,33,'3286','Formal Council Armor (+2 soak)',1,''),(5834,'2017-07-01 23:00:47',5,33,'3287','Individual Field Disruptor (+1 defense)',1,''),(5835,'2017-07-01 23:01:25',5,33,'3288','Reflect Body Glove (+3 soak)',1,''),(5836,'2017-07-01 23:02:14',5,33,'3289','SeaScape Diving Suit (+2 soak)',1,''),(5837,'2017-07-01 23:03:31',5,31,'3290','Czerka BC-7 Environmental Cocoon',1,''),(5838,'2017-07-01 23:04:22',5,31,'3291','Kamperdine Clothing Specialists Body Glove',1,''),(5839,'2017-07-01 23:05:04',5,31,'3292','Pretormin Environmental WPR-60',1,''),(5840,'2017-07-01 23:05:49',5,31,'3293','Applied Imaging B310 Micro-Imager',1,''),(5841,'2017-07-01 23:06:35',5,31,'3294','Dalabar SDS-632 Surveillance Detector',1,''),(5842,'2017-07-01 23:07:15',5,31,'3295','Fabritech 7000 Geoscanner',1,''),(5843,'2017-07-01 23:08:11',5,31,'3296','Paradour Enterprises Signature Scent Synthesizer',1,''),(5844,'2017-07-01 23:08:54',5,31,'3297','SuriTech Foodstuffs Ez1 Analyzer',1,''),(5845,'2017-07-01 23:10:38',5,31,'3298','Consolidated Learning Systems Transliterator',1,''),(5846,'2017-07-01 23:11:22',5,31,'3299','Data Goggles',1,''),(5847,'2017-07-01 23:11:59',5,31,'3300','Hologoggles',1,''),(5848,'2017-07-01 23:12:33',5,31,'3301','Synoptic Teacher',1,''),(5849,'2017-07-01 23:13:04',5,31,'3302','Antishock Blanket',1,''),(5850,'2017-07-01 23:13:33',5,31,'3303','Bioscan',1,''),(5851,'2017-07-01 23:14:11',5,31,'3304','Plasma Protein Replicator',1,''),(5852,'2017-07-01 23:14:40',5,31,'3305','Spray Plasto-Cast',1,''),(5853,'2017-07-01 23:16:08',5,34,'3306','Blade Drain',1,''),(5854,'2017-07-01 23:18:22',5,34,'3307','Hilt-Masking Kit',1,''),(5855,'2017-07-01 23:19:29',5,34,'3308','Pommel Cap',1,''),(5856,'2017-07-01 23:23:05',5,34,'3309','Stun Blaster Attachment',1,''),(5857,'2017-07-01 23:25:00',5,34,'3310','Corrupted Crystal',1,''),(5858,'2017-07-01 23:25:29',5,34,'3311','Cracked Crystal',1,''),(5859,'2017-07-01 23:25:59',5,34,'3312','Seeker Crystal',1,''),(5860,'2017-07-01 23:27:14',5,34,'3313','Solari Crystal',1,''),(5861,'2017-07-01 23:30:33',5,31,'3314','BD10-Series Assay Support Droid',1,''),(5862,'2017-07-01 23:36:22',5,54,'3315','Outland Etiquette and Protocol',1,''),(5863,'2017-07-01 23:37:16',5,45,'3316','BD10-Series Assay Support Droid',1,''),(5864,'2017-07-01 23:37:52',5,45,'3316','BD10-Series Assay Support Droid',2,'Changed abilities.'),(5865,'2017-07-01 23:38:51',5,31,'3317','BL0-Series Non-lethal Combat Droid',1,''),(5866,'2017-07-01 23:46:08',5,32,'3318','Built-in Stun Whip (Melee; Damage 5; Critical -; Range (Short); Stun 3, )',1,''),(5867,'2017-07-01 23:46:36',5,45,'3319','BL0-Series Non-lethal Combat Droid',1,''),(5868,'2017-07-01 23:46:55',5,45,'3319','BL0-Series Non-lethal Combat Droid',2,'No fields changed.'),(5869,'2017-07-01 23:47:32',5,45,'3319','BL0-Series Non-lethal Combat Droid',2,'Changed equipment.'),(5870,'2017-07-01 23:48:44',5,32,'3320','Two Built-in Stun Whips (Melee; Damage 5; Critical -; Range (Short); Stun 3, )',1,''),(5871,'2017-07-01 23:49:35',5,45,'3319','BL0-Series Non-lethal Combat Droid',2,'Changed equipment.'),(5872,'2017-07-01 23:51:09',5,54,'3321','Non-humanoid Etiquette and Protocol',1,''),(5873,'2017-07-01 23:52:08',5,31,'3322','ED-V8-Series Envoy Droid',1,''),(5874,'2017-07-01 23:53:45',5,45,'3323','ED-V8-Series Envoy Droid',1,''),(5875,'2017-07-01 23:54:36',5,31,'3324','P2F Hostile Environment Remote',1,''),(5876,'2017-07-01 23:55:42',5,31,'3325','Built-in Long Range Comlink',1,''),(5877,'2017-07-01 23:56:11',5,31,'3326','Built-in Holoprojector',1,''),(5878,'2017-07-01 23:56:51',5,31,'3327','Scanner Suite',1,''),(5879,'2017-07-01 23:58:25',5,45,'3328','P2F Hostile Environment Remote',1,''),(5880,'2017-07-02 00:01:40',5,31,'3329','SBD Series Assistance and Rescue Droid',1,''),(5881,'2017-07-02 00:04:05',5,45,'3330','SBD Series Assistance and Rescue Droid',1,''),(5882,'2017-07-02 00:04:58',5,31,'3331','2 emergency medpacs',1,''),(5883,'2017-07-02 00:05:29',5,31,'3332','Built-in General Purpose Scanner',1,''),(5884,'2017-07-02 00:05:48',5,31,'3333','Built-in Physician\'s Kit',1,''),(5885,'2017-07-02 00:05:59',5,31,'3334','8 stimpacks',1,''),(5886,'2017-07-02 00:07:52',5,45,'3330','SBD Series Assistance and Rescue Droid',2,'Changed equipment.'),(5887,'2017-07-02 00:08:10',5,45,'3330','SBD Series Assistance and Rescue Droid',2,'Changed equipment.'),(5888,'2017-07-02 00:08:38',5,31,'3335','TRD-2 Sparring Droid',1,''),(5889,'2017-07-02 00:10:23',5,54,'3336','Combat Training',1,''),(5890,'2017-07-02 00:11:46',5,32,'3337','Double-bladed Training Saber (Lightsaber; Damage 6; Critical -; Range (Engaged); Linked 1, Stun Damage, Unwieldy 3, )',1,''),(5891,'2017-07-02 00:12:38',5,32,'3338','Stun Cannon (Ranged [Heavy]; Damage 8; Critical -; Range (Medium); Stun Damage, )',1,''),(5892,'2017-07-02 00:15:16',5,45,'3339','TRD-2 Sparring Droid',1,''),(5893,'2017-07-02 00:15:53',5,31,'3340','TTS20-Series Dialectic Droid',1,''),(5894,'2017-07-02 00:17:02',5,54,'3341','Master of Rhetoric',1,''),(5895,'2017-07-02 00:18:42',5,45,'3342','TTS20-Series Dialectic Droid',1,''),(5896,'2017-07-03 18:09:30',1,49,'3263','Encouraging Words',3,''),(5897,'2017-07-07 03:52:04',5,36,'62','observer',1,''),(5898,'2017-07-07 04:19:37',5,35,'3343','Ascendant Personal Stealth Flyer',1,''),(5899,'2017-07-07 04:21:04',5,35,'3343','Ascendant Personal Stealth Flyer',2,'Added equipment \"Equipment object\".'),(5900,'2017-07-07 04:25:43',5,35,'3343','Ascendant Personal Stealth Flyer',2,'Changed vehicle_model.'),(5901,'2017-07-07 04:26:35',5,35,'3344','Flasherfish Personal Watercraft',1,''),(5902,'2017-07-07 04:35:33',5,35,'3345','IML-2C Aquatic Scout Ship',1,''),(5903,'2017-07-09 01:46:19',5,36,'63','medic and/or medical droid',1,''),(5904,'2017-07-09 01:46:45',5,36,'64','liaison officer',1,''),(5905,'2017-07-09 01:47:09',5,35,'3346','A-A5m Emergency Response Vehicle',1,''),(5906,'2017-07-09 01:48:30',5,35,'3347','Oduran Luxury Landspeeder',1,''),(5907,'2017-07-09 01:51:18',5,35,'3348','Whelik All-Terrain Explorer',1,''),(5908,'2017-07-09 01:55:40',5,38,'3349','T-6 Shuttle',1,''),(5909,'2017-07-09 01:58:11',5,38,'3350','V-19B Dart Personal Flyer',1,''),(5910,'2017-07-09 02:01:13',5,38,'3351','Action IV Bulk Freighter',1,''),(5911,'2017-07-09 02:05:48',5,38,'3349','T-6 Shuttle',2,'Changed notes and image.'),(5912,'2017-07-09 02:15:29',5,38,'3352','TL-18B Medium Transport',1,''),(5913,'2017-07-09 02:27:33',5,38,'3353','Consular-Class Light Cruiser',1,''),(5914,'2017-07-09 02:30:23',5,38,'3354','Consular-Class Cruiser\'s Salon Pod',1,''),(5915,'2017-07-09 02:31:42',5,38,'3354','Consular-Class Cruiser\'s Salon Pod',2,'Changed notes. Added equipment \"Equipment object\".'),(5916,'2017-07-09 02:36:58',5,38,'3355','Jedi Training Cruiser Crucible',1,''),(5917,'2017-07-09 02:48:17',5,38,'3356','Kaminoan Observation Ship',1,''),(5918,'2017-07-09 03:06:10',5,54,'3357','Digging Claws',1,''),(5919,'2017-07-09 03:08:29',5,55,'3255','Arkanian',2,'Changed base_brawn, base_agility, base_intellect, base_cunning, base_willpower, base_presence, wound_threshold_modifier, strain_threshold_modifier and starting_experience.'),(5920,'2017-07-09 03:09:10',5,55,'3257','Cosian',2,'Changed base_brawn, base_agility, base_intellect, base_cunning, base_willpower, base_presence, wound_threshold_modifier, strain_threshold_modifier and starting_experience.'),(5921,'2017-07-09 03:09:34',5,55,'3259','Pau\'an',2,'Changed base_brawn, base_agility, base_intellect, base_cunning, base_willpower, base_presence, wound_threshold_modifier, strain_threshold_modifier and starting_experience.'),(5922,'2017-07-09 03:10:22',5,55,'3358','Elom',1,''),(5923,'2017-07-09 03:11:25',5,55,'3359','Elomin',1,''),(5924,'2017-07-09 03:13:35',5,54,'3360','Dense Musculature',1,''),(5925,'2017-07-09 03:13:56',5,55,'3361','Kyuzo',1,''),(5926,'2017-07-09 03:17:09',5,54,'3362','Hunter\'s Instincts',1,''),(5927,'2017-07-09 03:17:17',5,55,'3363','Shistavanen',1,''),(5928,'2017-07-09 03:17:38',5,55,'3361','Kyuzo',2,'Changed page for index \"FiB:22\".'),(5929,'2017-07-09 03:19:21',5,49,'3364','Ambush',1,''),(5930,'2017-07-09 03:19:47',5,49,'543','Barrage',2,'Added index \"FiB:34\".'),(5931,'2017-07-09 03:20:02',5,49,'2749','Blind Spot',2,'Added index \"FiB:34\".'),(5932,'2017-07-09 03:20:31',5,49,'546','Body Guard',2,'Added index \"FiB:34\".'),(5933,'2017-07-09 03:21:28',5,49,'2444','Body Guard (Improved)',2,'Added index \"FiB:34\".'),(5934,'2017-07-09 03:21:54',5,49,'3365','Body Guard (Supreme)',1,''),(5935,'2017-07-09 03:22:09',5,49,'694','Burly',2,'Added index \"FiB:34\".'),(5936,'2017-07-09 03:22:21',5,49,'2451','Conditioned',2,'Added index \"FiB:34\".'),(5937,'2017-07-09 03:22:44',5,49,'3366','Cunning Snare',1,''),(5938,'2017-07-09 03:22:56',5,49,'696','Heavy Hitter',2,'Added index \"FiB:35\".'),(5939,'2017-07-09 03:23:10',5,49,'697','Heroic Resilience',2,'Added index \"FiB:35\".'),(5940,'2017-07-09 03:24:02',5,49,'3367','Moving Target',1,''),(5941,'2017-07-09 03:24:21',5,49,'3248','One with Nature',2,'Added index \"FiB:35\".'),(5942,'2017-07-09 03:24:33',5,49,'2754','Prime Positions',2,'Added index \"FiB:35\".'),(5943,'2017-07-09 03:24:45',5,49,'2493','Prey on the Weak',2,'Added index \"FiB:35\".'),(5944,'2017-07-09 03:25:06',5,49,'703','Rain of Death',2,'Added index \"FiB:35\".'),(5945,'2017-07-09 03:25:30',5,49,'3368','Seize the Initiative',1,''),(5946,'2017-07-09 03:26:06',5,49,'2758','Suppressing Fire',2,'Added index \"FiB:35\".'),(5947,'2017-07-09 03:28:08',5,32,'3369','SE-14C Blaster Pistol (Ranged [Light]; Damage 5; Critical 4; Range (Short); Auto-Fire, Stun Setting, )',1,''),(5948,'2017-07-09 03:29:35',5,32,'3370','DH-17 Blaster Carbine (Ranged [Heavy]; Damage 8; Critical 3; Range (Medium); Auto-Fire, Inaccurate 1, Stun Setting, )',1,''),(5949,'2017-07-09 03:30:47',5,32,'3371','A280 C Heavy Blaster Rifle (Ranged [Heavy]; Damage 9; Critical 4; Range (Long); Accurate 1, Cumbersome 3, Stun Setting, )',1,''),(5950,'2017-07-09 03:34:21',5,32,'3372','Pulse Cannon (Ranged [Heavy]; Damage 9; Critical 3; Range (Engaged); Cumbersome 3, Pierce 2, Slow-Firing 1, As a maneuver, prime the cannon to expend all ammunition in a single shot. The next shot cou',1,''),(5951,'2017-07-31 03:13:33',5,38,'1239','Sentinel-Class Landing Craft',2,'Changed sensor_range, encumbrance, passenger, hard_points and weapon_count. Changed quantity for crew entry \"zero co-pilot\". Changed quantity for crew entry \"zero navigator\". Changed quantity for crew entry \"three gunners\". Changed quantity for crew entry \"zero comms operator\". Changed quantity for crew entry \"zero engineer\". Changed value for consumable \"one month\". Changed price and rarity for equipment \"Equipment object\".'),(5952,'2017-07-31 03:20:10',5,32,'3373','T-7 Ion Disruptor (Ranged [Heavy]; Damage 12; Critical 2; Range (Long); Blast 6, Breach 2, Cumbersome 3, Slow-Firing 1, Vicious 6, Minimum Critical Injury result: Crippled. Minimum Critical Hit result',1,''),(5953,'2017-07-31 03:22:00',5,32,'3374','Kyuzo Energy Bow (Ranged [Heavy]; Damage 9; Critical 4; Range (Long); Cumbersome 3, Knockdown, Pierce 5, )',1,''),(5954,'2017-07-31 03:24:27',5,32,'3375','Z-6 Rotary Blaster Cannon (Ranged [Heavy]; Damage 12; Critical 4; Range (Long); Auto-Fire, Cumbersome 3, Prepare 1, )',1,''),(5955,'2017-07-31 03:26:15',5,32,'3376','J-10 Dual Blaster Cannon (Gunnery; Damage 13; Critical 2; Range (Long); Cumbersome 5, Inaccurate 1, Linked 1, )',1,''),(5956,'2017-07-31 03:28:26',5,60,'3377','Auto-Fire (Only)',1,''),(5957,'2017-07-31 03:29:45',5,32,'3378','Reciprocating Quad Blaster Cannon (Gunnery; Damage 10; Critical 2; Range (Long); Auto-Fire (Only), Breach 1, Cumbersome 4, Inaccurate 1, Prepare 2, )',1,''),(5958,'2017-07-31 03:30:14',5,32,'3375','Z-6 Rotary Blaster Cannon (Ranged [Heavy]; Damage 12; Critical 4; Range (Long); Auto-Fire (Only), Cumbersome 3, Prepare 1, )',2,'Changed quality for weapon quality entry \"<a href=\"/equipment/weaponqualities/3377/\" class=\"weaponquality_name\">Auto-Fire (Only)</a>\".'),(5959,'2017-07-31 03:30:26',5,32,'3375','Z-6 Rotary Blaster Cannon (Ranged [Heavy]; Damage 12; Critical 4; Range (Long); Auto-Fire (Only), Cumbersome 3, Prepare 1, )',2,'Changed notes.'),(5960,'2017-07-31 03:32:17',5,32,'3379','Atgar SpaceDefense 1.8 FD Autoturret (Gunnery; Damage 17; Critical 2; Range (Extreme); Auto-Fire, Slow-Firing 1, Limited Ammo 8, )',1,''),(5961,'2017-07-31 03:33:20',5,32,'3380','SH-9 Slugthrower Pistol (Ranged [Light]; Damage 4; Critical 5; Range (Short); Limited Ammo 5, Pierce 2, )',1,''),(5962,'2017-07-31 03:35:07',5,32,'3381','Berserker Rifle (Ranged [Heavy]; Damage 7; Critical 4; Range (Medium); Burn 1, Cumbersome 3, Disorient 1, )',1,''),(5963,'2017-07-31 03:37:41',5,32,'3382','Imperial Heavy Repeater (Ranged [Heavy]; Damage 8; Critical 4; Range (Medium); Auto-Fire, Cumbersome 4, As maneuver, prime weapon to expend all ammunition in a single shot. The next shot counts as hav',1,''),(5964,'2017-07-31 03:40:05',5,32,'3383','Shaped Thermal Grenade (Ranged [Light]; Damage 20; Critical 2; Range (Short); Breach 2, Limited Ammo 1, Vicious 5, )',1,''),(5965,'2017-07-31 03:44:22',5,32,'3384','CSPL-12 Projectile Launcher (Frag Grenade) (Ranged [Light]; Damage 8; Critical 4; Range (Medium); Blast 6, Limited Ammo 3, )',1,''),(5966,'2017-07-31 03:46:08',5,32,'3385','LJ-50 Concussion Rifle (Ranged [Heavy]; Damage 10; Critical 2; Range (Medium); Blast 4, Concussive 2, Cumbersome 3, Knockdown, Limited Ammo 4, )',1,''),(5967,'2017-07-31 03:47:52',5,32,'3386','\'aKraB Clip-point Vibrodagger (Melee; Damage 1; Critical 2; Range (Engaged); Pierce 3, Vicious 1, )',1,''),(5968,'2017-07-31 03:50:19',5,32,'3387','Kyuzo War Shield (Melee; Damage 1; Critical 4; Range (Engaged); Cumbersome 3, Defensive 1, Deflection 2, Disorient 1, )',1,''),(5969,'2017-07-31 03:52:13',5,32,'3388','Shistavanen Combat Utility Vibroblade (Melee; Damage 1; Critical 2; Range (Engaged); Pierce 2, Vicious 1, )',1,''),(5970,'2017-07-31 03:54:03',5,33,'3389','Alliance Light Stealth Armor (+2 soak)',1,''),(5971,'2017-07-31 03:56:40',5,33,'3390','Imperial Hazard Trooper Armor (+3 soak)',1,''),(5972,'2017-07-31 03:59:15',5,33,'3391','Imperial Storm Commando Armor (+2 soak)',1,''),(5973,'2017-07-31 04:00:32',5,33,'3392','Karflo Thinsuit (+1 soak)',1,''),(5974,'2017-07-31 04:01:21',5,33,'3393','Rebel Heavy Battle Armor (+2 soak; +1 defense)',1,''),(5975,'2017-07-31 04:04:26',5,34,'3394','Beam Splitter',1,''),(5976,'2017-07-31 04:04:28',5,34,'3395','Beam Splitter',1,''),(5977,'2017-07-31 04:05:41',5,34,'3396','Built-in Blaster Sight',1,''),(5978,'2017-07-31 04:06:47',5,34,'3397','Galven Pattern Resequencing',1,''),(5979,'2017-07-31 04:07:50',5,31,'3398','3-MAL Secure Comlink',1,''),(5980,'2017-07-31 04:08:34',5,31,'3399','DH77 Headcomm',1,''),(5981,'2017-07-31 04:09:19',5,31,'3400','Atgar Artillery Remote',1,''),(5982,'2017-07-31 04:09:58',5,31,'3401','Low-Feedback Scanner',1,''),(5983,'2017-07-31 04:10:58',5,31,'3402','SE-Vigilant Automated Sensor',1,''),(5984,'2017-07-31 04:11:40',5,31,'3403','Nullicaine',1,''),(5985,'2017-07-31 04:12:08',5,31,'3404','Stimstick',1,''),(5986,'2017-07-31 04:12:40',5,31,'3405','Military Traumapac',1,''),(5987,'2017-07-31 04:13:51',5,31,'3406','Condenser Unit',1,''),(5988,'2017-07-31 04:14:20',5,31,'3407','Entrenching Tool',1,''),(5989,'2017-07-31 04:15:32',5,31,'3408','Portable Power Generator',1,''),(5990,'2017-07-31 04:16:31',5,31,'3409','Pretormin Plastent',1,''),(5991,'2017-07-31 04:17:32',5,31,'3410','Military Modular Backpack Frame',1,''),(5992,'2017-07-31 04:18:23',5,31,'3411','Military Modular Backpack: Temperature Control Unit',1,''),(5993,'2017-07-31 04:19:00',5,31,'3412','Military Modular Backpack: Power Unit',1,''),(5994,'2017-07-31 04:19:27',5,31,'3413','Military Modular Backpack: Comms Unit',1,''),(5995,'2017-07-31 04:20:02',5,31,'3414','Military Modular Backpack: Sensor Unit',1,''),(5996,'2017-07-31 04:20:28',5,31,'3415','Military Modular Backpack: Oxygen Unit',1,''),(5997,'2017-07-31 04:21:51',5,31,'3416','Military Modular Backpack: Storage Unit',1,''),(5998,'2017-07-31 04:24:07',5,36,'65','co-pilot/spotter',1,''),(5999,'2017-07-31 04:25:04',5,35,'3417','All Terrain Tactical Enforcer',1,''),(6000,'2017-07-31 04:29:41',5,35,'3418','Baktoid Versatile-Athletic \"Zalaaca\" Walker',1,''),(6001,'2017-07-31 04:31:00',5,35,'3419','Arrow-23 Landspeeder',1,''),(6002,'2017-07-31 04:33:54',5,35,'3420','Imperial Troop Transport',1,''),(6003,'2017-07-31 04:36:42',5,36,'66','sensor operator',1,''),(6004,'2017-07-31 04:37:30',5,35,'3421','HAVr A9 Floating Fortress',1,''),(6005,'2017-07-31 04:44:14',5,35,'3422','SC2-M Repulsor Tank',1,''),(6006,'2017-07-31 04:50:08',5,35,'3423','Low Altitude Assault Transport LAAT/I (Infantry)',1,''),(6007,'2017-07-31 04:51:41',5,35,'3424','Low Altitude Assault Transport LAAT/c (Carrier)',1,''),(6008,'2017-07-31 04:53:27',5,35,'3425','High-Altitude Entry Transport-221',1,''),(6009,'2017-07-31 04:54:44',5,35,'3426','Imperial Dropship Transport',1,''),(6010,'2017-08-05 18:58:42',5,54,'1925','Acidic drool',2,'Changed description.'),(6011,'2017-08-05 18:58:45',5,54,'1925','Acidic drool',2,'No fields changed.'),(6012,'2017-08-05 19:02:07',5,54,'3427','Changeling',1,''),(6013,'2017-08-05 19:03:43',5,55,'3428','Clawdite',1,''),(6014,'2017-08-05 19:04:23',5,55,'3091','Devaronian',2,'Added index \"ND:23\".'),(6015,'2017-08-05 19:06:06',5,54,'3429','Hypersensitive Antennae',1,''),(6016,'2017-08-05 19:08:01',5,55,'1627','Arcona',2,'Changed notes.'),(6017,'2017-08-05 19:08:33',5,55,'3430','Kalleran',1,''),(6018,'2017-08-05 19:09:15',5,49,'685','All-Terrain Driver',2,'Added index \"ND:34\".'),(6019,'2017-08-05 19:10:20',5,49,'1195','Bought Info',2,'Added index \"ND:34\".'),(6020,'2017-08-05 19:10:39',5,49,'1417','Coordination Dodge',2,'Added index \"ND:34\".'),(6021,'2017-08-05 19:10:56',5,49,'1202','Debilitating Shot',2,'Added index \"ND:34\".'),(6022,'2017-08-05 19:11:08',5,49,'936','Good Cop',2,'Added index \"ND:34\".'),(6023,'2017-08-05 19:11:28',5,49,'2750','Grapple',2,'Added index \"ND:34\".'),(6024,'2017-08-05 19:12:02',5,49,'3431','Hard-Boiled',1,''),(6025,'2017-08-05 19:14:11',5,49,'3432','Hindering Shot',1,''),(6026,'2017-08-05 19:14:41',5,49,'2059','Informant',2,'Added index \"ND:34\".'),(6027,'2017-08-05 19:15:07',5,49,'3433','Iron Body',1,''),(6028,'2017-08-05 19:15:39',5,49,'3434','Martial Grace',1,''),(6029,'2017-08-05 19:16:31',5,49,'3247','Mind Over Matter',2,'Added index \"ND:35\".'),(6030,'2017-08-05 19:16:53',5,49,'3435','Offensive Driving',1,''),(6031,'2017-08-05 19:17:04',5,49,'2752','Overbalance',2,'Added index \"ND:35\".'),(6032,'2017-08-05 19:17:16',5,49,'1213','Overwhelm Defenses',2,'Added index \"ND:35\".'),(6033,'2017-08-05 19:17:31',5,49,'2488','Parry',2,'Added index \"ND:35\".'),(6034,'2017-08-05 19:17:57',5,49,'3249','Planet Mapper',2,'Added index \"ND:35\".'),(6035,'2017-08-05 19:18:36',5,49,'2753','Precision Strike',2,'Added index \"ND:35\".'),(6036,'2017-08-05 19:19:04',5,49,'3436','Precision Strike (Improved)',1,''),(6037,'2017-08-05 19:19:27',5,49,'3437','Precision Strike (Supreme)',1,''),(6038,'2017-08-05 19:19:50',5,49,'3438','Reconstruct the Scene',1,''),(6039,'2017-08-05 19:20:18',5,49,'3250','Shortcut (Improved)',2,'Added index \"ND:36\".'),(6040,'2017-08-05 19:20:51',5,49,'3439','Street Smarts (Improved)',1,''),(6041,'2017-08-05 19:21:08',5,49,'3440','Unarmed Parry',1,''),(6042,'2017-08-05 19:23:16',5,32,'3441','\"Precision-X\" Marksman Rifle (Ranged [Heavy]; Damage 9; Critical 3; Range (Long); Pierce 1, Stun Setting, )',1,''),(6043,'2017-08-05 19:24:28',5,32,'3442','\"Subduer-9\" Riot Blaster (Ranged [Heavy]; Damage 10; Critical 6; Range (Short); Blast 6, Cumbersome 3, Stun Damage, )',1,''),(6044,'2017-08-05 19:25:53',5,32,'3443','\"Firecaller\" Light Flame Projector (Ranged [Light]; Damage 5; Critical 2; Range (Short); Blast 2, Burn 2, Pierce 2, Vicious 3, )',1,''),(6045,'2017-08-05 19:27:48',5,32,'3444','Grapnel-Harpoon Launcher (Ranged [Light]; Damage 3; Critical 5; Range (Medium); Ensnare 3, )',1,''),(6046,'2017-08-05 19:29:30',5,32,'3445','Nova Design \"Impact\" Repulsor Cannon (Ranged [Heavy]; Damage 3; Critical 6; Range (Medium); Blast 3, Concussive 1, Knockdown, Prepare 1, Slow-Firing 1, )',1,''),(6047,'2017-08-05 19:31:20',5,42,'98','Micro-Rockets',1,''),(6048,'2017-08-05 19:32:33',5,32,'3446','Anti-Armor (Ranged [Heavy]; Damage 8; Critical 4; Range (Short); Breach 1, Limited Ammo 1, )',1,''),(6049,'2017-08-05 19:33:19',5,32,'3447','Explosive (Ranged [Heavy]; Damage 7; Critical 2; Range (Short); Blast 6, Limited Ammo 1, )',1,''),(6050,'2017-08-05 19:34:31',5,32,'3448','Flechette (Ranged [Heavy]; Damage 6; Critical 2; Range (Short); Blast 5, Vicious 2, Limited Ammo 1, )',1,''),(6051,'2017-08-05 19:35:19',5,32,'3449','Incendiary (Ranged [Heavy]; Damage 6; Critical 3; Range (Short); Blast 6, Burn 2, Limited Ammo 1, )',1,''),(6052,'2017-08-05 19:36:14',5,32,'3450','Ion (Ranged [Heavy]; Damage 10; Critical 3; Range (Short); Ion, Sunder, Limited Ammo 1, )',1,''),(6053,'2017-08-05 19:38:27',5,32,'3451','Micro-Rocket Launcher Pistol (Ranged [Light]; Damage 0; Critical -; Range (Medium))',1,''),(6054,'2017-08-05 19:38:56',5,32,'3450','Ion (Ranged [Heavy]; Damage 10; Critical 3; Range (Short); Ion, Sunder, Limited Ammo 1, )',2,'Changed page for index \"ND:47\".'),(6055,'2017-08-05 19:41:22',5,34,'3452','Rocket Guidance System',1,''),(6056,'2017-08-05 19:41:46',5,34,'3453','Staged Rocket Booster',1,''),(6057,'2017-08-05 19:43:49',5,32,'3454','Czerka \"Peacekeeper\" Stun Baton (Melee; Damage 2; Critical 4; Range (Engaged); Cumbersome 3, Disorient 2, Stun 3, )',1,''),(6058,'2017-08-05 19:47:14',5,32,'3455','Ion Pike (Melee; Damage 10; Critical 3; Range (Engaged); Inaccurate 1, Ion, Pierce 4, )',1,''),(6059,'2017-08-05 19:50:50',5,33,'3456','Armored Drop Suit (+1 soak; +1 defense)',1,''),(6060,'2017-08-05 19:52:36',5,33,'3457','Hunter\'s Trophy Armor (completed) (+2 soak)',1,''),(6061,'2017-08-05 19:53:11',5,33,'3458','Hunter\'s Trophy Armor (custom-made) (+2 soak)',1,''),(6062,'2017-08-05 19:53:23',5,33,'3458','Hunter\'s Trophy Armor (custom-made) (+2 soak)',2,'Changed notes.'),(6063,'2017-08-05 19:54:37',5,33,'3459','Mandalorian Armor (+2 soak; +1 defense)',1,''),(6064,'2017-08-05 19:55:25',5,34,'3460','Marked-Target Firing Lock',1,''),(6065,'2017-08-05 19:56:06',5,34,'3461','Shock Pulse Emitter',1,''),(6066,'2017-08-05 19:57:02',5,34,'3462','Under-Barrel Micro-Rocket Rack',1,''),(6067,'2017-08-05 19:57:46',5,34,'3463','Integrated Holsters',1,''),(6068,'2017-08-05 19:58:20',5,34,'3464','Micro-Rocket Armor Mounting',1,''),(6069,'2017-08-05 19:59:15',5,34,'3465','Repulsor-Assisted Lifting',1,''),(6070,'2017-08-05 19:59:47',5,34,'3466','Tracking System',1,''),(6071,'2017-08-05 20:01:58',5,31,'3467','Bioscan',1,''),(6072,'2017-08-05 20:03:09',5,31,'3468','HoloNet Homing Beacon',1,''),(6073,'2017-08-05 20:03:52',5,31,'3469','Rocket Boots',1,''),(6074,'2017-08-05 20:04:20',5,31,'3470','Tracker\'s Goggles',1,''),(6075,'2017-08-05 20:05:24',5,42,'99','Illegal Equipment',1,''),(6076,'2017-08-05 20:05:33',5,31,'3471','Com-Scan',1,''),(6077,'2017-08-05 20:06:14',5,31,'3472','Holographic Disguise Matrix',1,''),(6078,'2017-08-05 20:06:46',5,31,'3473','Saline Pump',1,''),(6079,'2017-08-05 20:07:36',5,31,'3474','Sleeppack (1 dose)',1,''),(6080,'2017-08-05 20:07:51',5,31,'2986','Sulfur Inhaler (10 doses)',2,'Added index \"ND:55\".'),(6081,'2017-08-05 20:10:13',5,36,'67','security tech',1,''),(6082,'2017-08-05 20:10:42',5,35,'3475','XL-3c Guardsman Patrol Airspeeder',1,''),(6083,'2017-08-05 20:12:06',5,35,'3476','Model 90 Ranger',1,''),(6084,'2017-08-05 20:15:42',5,38,'3477','Agressor Assault Fighter',1,''),(6085,'2017-08-05 20:17:07',5,38,'3478','Mandalorian Protectorate Starfighter',1,''),(6086,'2017-08-05 20:18:42',5,38,'3479','G-1A Heavy Starfighter',1,''),(6087,'2017-08-05 20:20:25',5,38,'3480','Kihraxz Light Starfighter',1,''),(6088,'2017-08-05 20:21:47',5,41,'3481','Vaksai Modification Package',1,''),(6089,'2017-08-05 20:26:45',5,38,'3482','Lancer-class Pursuit Craft',1,''),(6090,'2017-08-05 20:28:29',5,38,'3483','YV-666',1,''),(6091,'2017-08-05 20:30:27',5,36,'68','comms/sensor operator',1,''),(6092,'2017-08-05 20:31:27',5,38,'3484','C-ROC Gozanti-class Light Cruiser',1,''),(6093,'2017-08-05 20:33:56',5,41,'3485','Containment Field',1,''),(6094,'2017-08-05 20:34:29',5,41,'3486','Enhanced Prisoner Lockup',1,''),(6095,'2017-08-05 20:35:07',5,41,'3487','Minelayer',1,''),(6096,'2017-08-05 20:36:47',5,41,'3487','Minelayer',2,'Changed category for equipment \"Equipment object\".'),(6097,'2017-08-11 03:46:36',5,55,'1606','Gand',2,'Added index \"EV:18\".'),(6098,'2017-08-11 03:49:01',5,54,'3488','Deep Pockets',1,''),(6099,'2017-08-11 03:49:25',5,55,'3489','Muun',1,''),(6100,'2017-08-11 03:50:42',5,54,'3490','Tundra Dwellers',1,''),(6101,'2017-08-11 03:51:13',5,55,'3491','Pantoran',1,''),(6102,'2017-08-11 03:52:37',5,49,'3492','Better Luck Next Time',1,''),(6103,'2017-08-11 03:52:54',5,49,'1197','Clever Solution',2,'Added index \"EV:30\".'),(6104,'2017-08-11 03:53:13',5,49,'3493','Constant Vigilance',1,''),(6105,'2017-08-11 03:53:46',5,49,'3494','Fear the Shadows',1,''),(6106,'2017-08-11 03:54:09',5,49,'3495','Freerunning',1,''),(6107,'2017-08-11 03:54:36',5,49,'3496','Freerunning (Improved)',1,''),(6108,'2017-08-11 03:54:55',5,49,'577','Full Throttle [Improved]',2,'Added index \"EV:30\".'),(6109,'2017-08-11 03:55:02',5,49,'578','Full Throttle [Supreme]',2,'Added index \"EV:31\".'),(6110,'2017-08-11 03:55:34',5,49,'3497','Impossible Fall',1,''),(6111,'2017-08-11 03:55:47',5,49,'3438','Reconstruct the Scene',2,'Added index \"EV:31\".'),(6112,'2017-08-11 03:56:17',5,49,'3498','Saber Throw (Improved)',1,''),(6113,'2017-08-11 03:57:05',5,49,'3499','Sense the Scene',1,''),(6114,'2017-08-11 03:57:17',5,49,'647','Shortcut',2,'Added index \"EV:31\".'),(6115,'2017-08-11 03:57:22',5,49,'3250','Shortcut (Improved)',2,'Added index \"EV:31\".'),(6116,'2017-08-11 03:57:36',5,49,'3439','Street Smarts (Improved)',2,'Added index \"EV:31\".'),(6117,'2017-08-11 03:58:00',5,49,'3500','Superhuman Reflexes',1,''),(6118,'2017-08-11 03:58:11',5,49,'706','Talk the Talk',2,'Added index \"EV:31\".'),(6119,'2017-08-11 03:58:28',5,49,'1427','Unrelenting Skeptic',2,'Added index \"EV:31\".'),(6120,'2017-08-11 04:00:11',5,54,'3501','Force Power Manipulate',1,''),(6121,'2017-08-11 04:01:49',5,54,'3502','Force Power Imbue',1,''),(6122,'2017-08-11 04:02:49',5,54,'3503','Force Power Ebb/Flow',1,''),(6123,'2017-08-11 04:04:24',5,32,'3504','BR-219 Heavy Blaster Pistol (Ranged [Light]; Damage 8; Critical 3; Range (Short); Stun Setting, Vicious 2, )',1,''),(6124,'2017-08-11 04:05:33',5,32,'3505','GLX Firelance (Ranged [Heavy]; Damage 7; Critical 3; Range (Long); Auto-Fire, Disorient 2, Stun Setting, )',1,''),(6125,'2017-08-11 04:07:05',5,32,'3506','LD-1 Target Rifle (Ranged [Heavy]; Damage 9; Critical 4; Range (Extreme); Accurate 2, Cumbersome 3, Pierce 3, Slow-Firing 1, )',1,''),(6126,'2017-08-11 04:09:04',5,32,'3507','SSG Mk II Paladin (Ranged [Heavy]; Damage 8; Critical 3; Range (Long); Auto-Fire, Pierce 1, Stun Setting, Superior, )',1,''),(6127,'2017-08-11 04:11:01',5,32,'3508','KWS Mk I Saberdart (Ranged [Light]; Damage 1; Critical -; Range (Long); Limited Ammo 1, )',1,''),(6128,'2017-08-11 04:12:31',5,32,'3509','NX-14 Needler (Ranged [Light]; Damage 5; Critical -; Range (Short); Pierce 3, )',1,''),(6129,'2017-08-15 01:24:03',5,32,'3510','Crossguard Lightsaber (Lightsaber; Damage 6; Critical 2; Range (Engaged); Breach 1, Defensive 1, Sunder, )',1,''),(6130,'2017-08-15 01:25:13',5,32,'3511','Crossguard Lightsaber Hilt (Lightsaber; Damage 0; Critical -; Range (Engaged); Defensive 1, )',1,''),(6131,'2017-08-15 01:26:18',5,32,'3512','Lightwhip (Lightsaber; Damage 4; Critical 4; Range (Short); Ensnare 1, Pierce 5, Unwieldy 4, )',1,''),(6132,'2017-08-15 01:27:51',5,32,'3513','Philaxian Phase-Knife (Lightsaber; Damage 1; Critical 3; Range (Engaged); Pierce 4, Vicious 1, )',1,''),(6133,'2017-08-15 01:30:27',5,33,'3514','Crash Gear (+1 soak)',1,''),(6134,'2017-08-15 01:31:52',5,33,'3515','G-suit (+1 soak)',1,''),(6135,'2017-08-15 01:33:25',5,33,'3516','Pit Crew Coveralls (+1 soak)',1,''),(6136,'2017-08-15 01:33:51',5,33,'3515','G-suit (+1 soak)',2,'Changed notes.'),(6137,'2017-08-15 01:35:03',5,33,'3517','Zephyr Stealth Suit (+1 soak; +1 defense)',1,''),(6138,'2017-08-15 01:36:10',5,31,'3518','DUM-Series Pit Droid',1,''),(6139,'2017-08-15 01:38:11',5,54,'3519','Networking',1,''),(6140,'2017-08-15 01:39:14',5,31,'3520','Built-in comms suite',1,''),(6141,'2017-08-15 01:40:16',5,31,'3520','Built-in comms suite',2,'No fields changed.'),(6142,'2017-08-15 01:40:55',5,45,'3521','DUM-Series Pit Droid',1,''),(6143,'2017-08-15 01:42:26',5,45,'3521','DUM-Series Pit Droid',2,'Changed equipment. Added talent entry \"<a href=\"/character/talent/572/\" class=\"talent_name\">Fine Tuning</a> 2\". Added skill entry \"SkillEntry object\". Added skill entry \"SkillEntry object\". Added skill entry \"SkillEntry object\". Added index \"EV:45\".'),(6144,'2017-08-15 01:43:15',5,31,'3522','Guardian Police Droid',1,''),(6145,'2017-08-15 01:46:47',5,32,'3523','Baton (Melee; Damage 2; Critical 5; Range (Engaged); Disorient 2, )',1,''),(6146,'2017-08-15 01:55:23',5,45,'3524','Guardian Police Droid',1,''),(6147,'2017-08-15 01:57:24',5,32,'3525','SS-410 Blaster Pistol (Ranged [Light]; Damage 6; Critical 3; Range (Medium); Stun Setting, )',1,''),(6148,'2017-08-15 01:57:56',5,45,'3524','Guardian Police Droid',2,'Changed equipment.'),(6149,'2017-08-15 01:59:36',5,31,'3526','MI-Series Security Droid',1,''),(6150,'2017-08-15 02:03:05',5,45,'3527','MI-Series Security Droid',1,''),(6151,'2017-08-15 02:04:46',5,32,'3528','Twin light repeating blasters (Ranged [Heavy]; Damage 11; Critical 3; Range (Long); Auto-Fire, Linked 1, Pierce 1, )',1,''),(6152,'2017-08-15 02:05:54',5,32,'3529','Twin stun blasters (Ranged [Heavy]; Damage 6; Critical -; Range (Short); Linked 1, Stun Damage, )',1,''),(6153,'2017-08-15 02:06:48',5,32,'3530','Oversized Arms (Brawl; Damage 3; Critical 4; Range (Engaged); Knockdown, )',1,''),(6154,'2017-08-15 02:07:57',5,45,'3527','MI-Series Security Droid',2,'Changed equipment.'),(6155,'2017-08-15 02:08:32',5,31,'3531','TC-SC Infiltration Droid',1,''),(6156,'2017-08-15 02:09:04',5,31,'3532','Multispectrum disguise suite',1,''),(6157,'2017-08-15 02:11:42',5,45,'3533','TC-SC Infiltration Droid',1,''),(6158,'2017-08-15 02:12:57',5,31,'3534','Karrak Spice (1 dose)',1,''),(6159,'2017-08-15 02:13:44',5,31,'3535','Karrak Spice (100 dose cargo container)',1,''),(6160,'2017-08-15 02:14:32',5,31,'3536','Questioner-9 Interrogation Serum (1 dose)',1,''),(6161,'2017-08-15 02:15:25',5,31,'3537','Questioner-9 Interrogation Serum (100 dose cargo container)',1,''),(6162,'2017-08-15 02:16:03',5,31,'3538','Yaladai Spice (1 dose)',1,''),(6163,'2017-08-15 02:16:41',5,31,'3539','Yaladai Spice (100 dose cargo container)',1,''),(6164,'2017-08-15 02:18:22',5,31,'3540','Infrabinoculars',1,''),(6165,'2017-08-15 02:18:49',5,31,'3541','Infrabinoculars (with long-range sensors)',1,''),(6166,'2017-08-15 02:19:28',5,31,'3542','Microdroid Listener',1,''),(6167,'2017-08-15 02:20:10',5,31,'3543','TaggecCo Privacy-7 Audio Curtain',1,''),(6168,'2017-08-15 02:20:47',5,31,'3544','Merr-Sonn Model 31 Palm Stunner',1,''),(6169,'2017-08-15 02:21:43',5,31,'3545','Scramble Key',1,''),(6170,'2017-08-15 02:23:28',5,31,'3546','Disaster Relief Kit',1,''),(6171,'2017-08-15 02:24:05',5,31,'50','Emergency Repair Patch',2,'Added index \"EV:50\".'),(6172,'2017-08-15 03:09:49',5,31,'3547','Foot Speeder',1,''),(6173,'2017-08-15 03:10:31',5,31,'3548','Repulsor Assist Unit',1,''),(6174,'2017-08-15 03:10:59',5,31,'3549','Urban Compass',1,''),(6175,'2017-08-15 03:11:59',5,34,'3550','Damping Emitter',1,''),(6176,'2017-08-15 03:12:59',5,34,'3551','Overcharged Power Cell',1,''),(6177,'2017-08-15 03:14:34',5,34,'3552','Pistol Hilt',1,''),(6178,'2017-08-15 03:15:04',5,34,'3553','Reflex Grip',1,''),(6179,'2017-08-15 03:15:34',5,34,'3554','Shien Reverse Grip Customization',1,''),(6180,'2017-08-15 03:16:03',5,34,'3555','Etaan Crystal',1,''),(6181,'2017-08-15 03:16:39',5,34,'3556','Ghostfire Crystal',1,''),(6182,'2017-08-15 03:21:20',5,41,'3557','Collision Avoidance System',1,''),(6183,'2017-08-15 03:22:08',5,41,'3558','Ejection System',1,''),(6184,'2017-08-15 03:27:26',5,41,'3559','Engine Boosting System',1,''),(6185,'2017-08-15 03:28:04',5,41,'3560','Foreign Debris Ejector',1,''),(6186,'2017-08-15 03:28:52',5,41,'3561','Handling Upgrades',1,''),(6187,'2017-08-15 03:29:31',5,41,'3562','High-Output Repulsor Coils',1,''),(6188,'2017-08-15 03:30:09',5,41,'3563','Reinforced Engine Cowlings',1,''),(6189,'2017-08-15 03:30:19',5,41,'3562','High-Output Repulsor Coils',2,'Changed notes.'),(6190,'2017-08-15 03:30:33',5,41,'3561','Handling Upgrades',2,'Changed notes.'),(6191,'2017-08-15 03:30:46',5,41,'3560','Foreign Debris Ejector',2,'Changed notes.'),(6192,'2017-08-15 03:30:54',5,41,'3559','Engine Boosting System',2,'No fields changed.'),(6193,'2017-08-15 03:31:49',5,41,'3564','Shield Generator',1,''),(6194,'2017-08-15 03:32:56',5,41,'3565','Podracer Control Cables',1,''),(6195,'2017-08-15 03:34:01',5,41,'3566','Podracer Engine',1,''),(6196,'2017-08-15 03:38:09',5,38,'3567','Cygnus Spaceworks Eta-Class Shuttle',1,''),(6197,'2017-08-15 03:43:10',5,35,'3568','Undicur Jumpspeeder',1,''),(6198,'2017-08-15 03:49:37',5,38,'3569','KSE Rho-1 Limulus-Class Courier',1,''),(6199,'2017-08-15 03:53:20',5,38,'3570','Sienar Fleet Systems Legate-Class Courier',1,''),(6200,'2017-09-07 17:15:31',1,42,'100','Podracer',1,''),(6201,'2017-09-07 17:15:43',1,42,'101','Courier',1,''),(6202,'2017-09-27 21:53:06',5,32,'3571','Blastech M-300 (Ranged [Heavy]; Damage 8; Critical 3; Range (Extreme); Accurate 1, Cumbersome 2, Pierce 2, Stun Setting, )',1,''),(6203,'2017-09-27 21:53:32',5,32,'3571','Blastech M-300 Hunting Blasater (Ranged [Heavy]; Damage 8; Critical 3; Range (Extreme); Accurate 1, Cumbersome 2, Pierce 2, Stun Setting, )',2,'Changed name.'),(6204,'2017-09-27 21:54:05',5,32,'3571','Blastech M-300 Hunting Blasater (Ranged [Heavy]; Damage 8; Critical 3; Range (Extreme); Accurate 1, Cumbersome 2, Pierce 2, Stun Setting, Reduce difficulty of combat checks made with this weapon by on',2,'Changed special.'),(6205,'2017-09-27 21:57:35',5,32,'3572','Corellian Arms CR-8 Takedown Rifle (Ranged [Heavy]; Damage 9; Critical 3; Range (Extreme); Accurate 2, Prepare 2, Pierce 2, Slow-Firing 1, )',1,''),(6206,'2017-09-27 21:58:03',5,32,'3572','Corellian Arms CR-8 Takedown Rifle (Ranged [Heavy]; Damage 9; Critical 3; Range (Extreme); Accurate 2, Prepare 2, Pierce 2, Slow-Firing 1, )',2,'Changed notes.'),(6207,'2017-09-27 21:59:07',5,32,'3572','Corellian Arms CR-8 Takedown Rifle (Ranged [Heavy]; Damage 9; Critical 3; Range (Extreme); Accurate 2, Prepare 2, Pierce 2, Slow-Firing 1, )',2,'Changed notes.'),(6208,'2017-09-27 21:59:21',5,32,'3571','Blastech M-300 Hunting Blasater (Ranged [Heavy]; Damage 8; Critical 3; Range (Extreme); Accurate 1, Cumbersome 2, Pierce 2, Stun Setting, )',2,'Changed special and notes.'),(6209,'2017-09-27 22:01:07',5,32,'3573','Nightsister Energy Bow (Ranged [Heavy]; Damage 8; Critical 2; Range (Medium); Pierce 4, Unwieldy 3, Vicious 2, )',1,''),(6210,'2017-09-27 22:03:41',5,32,'3574','Czerka Arms Model 57 \"Homesteader\" Hunting Rifle (Ranged [Heavy]; Damage 7; Critical 5; Range (Long); Accurate 1, Cumbersome 2, )',1,''),(6211,'2017-09-27 22:05:27',5,32,'3575','Field Sports FS19 Compound Bow (Ranged [Heavy]; Damage 5; Critical 4; Range (Medium); Cumbersome 3, Limited Ammo 1, Pierce 1, Vicious 2, )',1,''),(6212,'2017-09-27 22:06:00',5,32,'232','Field Sports Model 77 Air Rifle (Ranged [Heavy]; Damage 6; Critical -; Range (Long); Pierce 4, Stun Damage, )',2,'Added index \"SS:41\".'),(6213,'2017-09-27 22:06:56',5,32,'3576','Explosive Tipped Arrow (Ranged [Heavy]; Damage 6; Critical 3; Range (Medium); Blast 4, Limited Ammo 1, )',1,''),(6214,'2017-09-27 22:07:41',5,32,'3577','Incendiary Arrow (Ranged [Heavy]; Damage 6; Critical 5; Range (Medium); Burn 2, Limited Ammo 1, )',1,''),(6215,'2017-09-27 22:08:27',5,32,'3578','Net Arrow (Ranged [Heavy]; Damage 2; Critical -; Range (Medium); Ensnare 2, Limited Ammo 1, )',1,''),(6216,'2017-09-27 22:09:08',5,32,'3579','Stun Arrow (Ranged [Heavy]; Damage 6; Critical -; Range (Medium); Limited Ammo 1, Stun Damage, )',1,''),(6217,'2017-09-27 22:11:56',5,32,'3580','Palandrix AO14 \"Aranea\" Net Gun (Ranged [Heavy]; Damage 3; Critical -; Range (Medium); Ensnare 5, Limited Ammo 1, )',1,''),(6218,'2017-09-27 22:13:13',5,32,'3581','Explorer\'s Knife (Melee; Damage 1; Critical 3; Range (Engaged); Vicious 1, )',1,''),(6219,'2017-09-27 22:14:20',5,32,'3582','Laserhone Trailbreaker Poleaxe (Melee; Damage 3; Critical 3; Range (Engaged); Defensive 1, Pierce 2, Unwieldy 2, )',1,''),(6220,'2017-09-27 22:15:41',5,32,'3583','Merr-Sonn Model 14 \"Stalker\" Vibrospear (Melee; Damage 2; Critical 2; Range (Engaged); Defensive 1, Pierce 2, Vicious 2, )',1,''),(6221,'2017-09-27 22:16:18',5,32,'2255','Mon Calamari Energy Lance (Melee; Damage 3; Critical 2; Range (Engaged); Cumbersome 3, Pierce 3, )',2,'Added index \"SS:43\".'),(6222,'2017-09-27 22:18:53',5,32,'2255','Mon Calamari Energy Lance (Melee; Damage 3; Critical 2; Range (Engaged); Cumbersome 3, Pierce 3, )',2,'Changed page for index \"SS:44\".'),(6223,'2017-09-27 22:19:50',5,32,'3584','MSW-12 NanoDagger (Melee; Damage 1; Critical 2; Range (Engaged); Pierce 5, Vicious 1, )',1,''),(6224,'2017-09-27 22:20:39',5,32,'3585','Vibro-Machete (Melee; Damage 2; Critical 2; Range (Engaged); Pierce 1, Sunder, Vicious 1, )',1,''),(6225,'2017-09-27 22:22:07',5,33,'3586','AniPro Layered Beast Armor (+1 soak; +1 defense)',1,''),(6226,'2017-09-27 22:23:37',5,33,'315','Beast-Hide Warrior\'s Armor (+1 soak)',2,'Added index \"SS:44\".'),(6227,'2017-09-27 22:24:18',5,33,'3587','Chitin Armor (+2 soak)',1,''),(6228,'2017-09-27 22:25:20',5,33,'3588','Creshaldyne Survivalist Armor (+1 soak)',1,''),(6229,'2017-09-27 22:26:17',5,31,'105','Beast Call',2,'Added index \"SS:46\".'),(6230,'2017-09-27 22:27:31',5,31,'3589','Mk. III Modular Backpack',1,''),(6231,'2017-09-27 22:28:11',5,31,'3590','Mk. III Modular Backpack Extra Pouch',1,''),(6232,'2017-09-27 22:30:03',5,31,'3591','Pannier Modular Cargo Handling System',1,''),(6233,'2017-09-27 22:30:41',5,31,'3592','Pannier Modular System Extra Cargo Container',1,''),(6234,'2017-09-27 22:31:34',5,31,'3593','Riding Tack',1,''),(6235,'2017-09-27 22:32:27',5,31,'3594','Saddlebags',1,''),(6236,'2017-09-27 22:33:40',5,31,'3595','Survival Equipment Inc. FlashFire Camp Stove',1,''),(6237,'2017-09-27 22:34:19',5,31,'3596','Survival Equipment Inc. \"Survivalist\" Mess Kit',1,''),(6238,'2017-09-27 22:35:04',5,31,'3597','Water Purifier',1,''),(6239,'2017-09-27 22:36:23',5,31,'3598','Healer\'s Kit',1,''),(6240,'2017-09-27 22:37:13',5,31,'3599','XV-20 Portable Veterinary Kit',1,''),(6241,'2017-09-27 22:37:58',5,31,'3600','Microaxial Starmapper Handheld Navicomputer',1,''),(6242,'2017-09-27 22:38:35',5,31,'3601','Surveyor\'s Tools',1,''),(6243,'2017-09-27 22:39:05',5,31,'3602','Weapon Maintenance Kit',1,''),(6244,'2017-09-27 22:39:29',5,31,'3602','Weapon Maintenance Kit',2,'Changed notes.'),(6245,'2017-09-27 22:40:28',5,34,'3603','Environmental Adaptation Kit',1,''),(6246,'2017-09-27 22:41:15',5,34,'3604','Hunting Barrel',1,''),(6247,'2017-09-27 22:42:35',5,34,'3605','Motion Tracker',1,''),(6248,'2017-09-27 22:43:09',5,34,'339','Multi-Optic Sight',2,'Added index \"SS:51\".'),(6249,'2017-09-27 22:46:07',5,34,'3606','Slugthrower Suppressor',1,''),(6250,'2017-09-27 22:46:35',5,34,'356','Optical Camouflage System',2,'Added index \"SS:51\".'),(6251,'2017-09-27 22:47:22',5,34,'3607','Passive Foliage Suit',1,''),(6252,'2017-09-27 22:47:54',5,34,'3608','Water Reclamation System',1,''),(6253,'2017-09-27 22:48:38',5,34,'3609','Nishalorite Stone',1,''),(6254,'2017-09-27 22:50:11',5,34,'3610','Varpeline Crystal',1,''),(6255,'2017-09-27 22:52:18',5,35,'3611','Br.549 FasTrak High-Altitude Scout Speeder',1,''),(6256,'2017-09-27 22:53:34',5,35,'3612','610-AvA \"Dart\" Speeder Bike',1,''),(6257,'2017-09-27 22:55:51',5,35,'3613','64-Y Swift 3 Repulsorsled',1,''),(6258,'2017-09-27 22:57:14',5,35,'3614','A-A8 BackCountry Speeder Truck',1,''),(6259,'2017-09-27 22:58:23',5,35,'3615','Joben T-85',1,''),(6260,'2017-09-27 22:59:55',5,35,'3616','LM002 Bloodhound Survey Vehicle',1,''),(6261,'2017-09-27 23:01:19',5,36,'69','navigation/comms operator',1,''),(6262,'2017-09-27 23:01:33',5,35,'3617','All Terrain Exploration Transport (AT-ET)',1,''),(6263,'2017-09-27 23:03:15',5,35,'3618','All Terrain Reconnaissance Transport (AT-RT)',1,''),(6264,'2017-09-27 23:05:03',5,36,'70','co-pilot/sensor operator',1,''),(6265,'2017-09-27 23:05:50',5,38,'3619','ARC-40b Scout-Reconnaissance Fighter',1,''),(6266,'2017-09-27 23:08:09',5,38,'3620','Far*Reach Reconnaissance Ship',1,''),(6267,'2017-09-27 23:09:52',5,38,'3621','Slayn & Korpil V-19 Torrent Starfighter',1,''),(6268,'2017-09-27 23:14:51',5,38,'3622','Alidade-class Long-Range Survey Ship',1,''),(6269,'2017-09-27 23:18:17',5,38,'3623','Kazellis-Class Light Freighter',1,''),(6270,'2017-09-27 23:19:58',5,38,'3624','Wander-Class Jump Freighter',1,''),(6271,'2017-09-27 23:42:09',5,38,'3570','Sienar Fleet Systems Legate-Class Courier',2,'Changed category for equipment \"Equipment object\".'),(6272,'2017-09-28 20:28:49',1,42,'102','Repulsorsled',1,''),(6273,'2017-09-28 20:29:43',1,42,'103','Survey Vessel',1,''),(6274,'2018-01-12 14:34:40',5,38,'3569','KSE Rho-1 Limulus-Class Courier',2,'Changed book for index \"EV:62\".'),(6275,'2018-02-13 01:32:20',3,32,'1436','Activv1 Riot Shield (Melee; Damage 0; Critical 6; Range (Engaged); Cumbersome 3, Defensive 2, Deflection 2, Disorient 1, )',2,'Changed notes and image.'),(6276,'2018-02-14 03:28:46',3,32,'2515','Cortosis Shield (Melee; Damage 0; Critical 6; Range (Engaged); Cortosis, Cumbersome 3, Defensive 2, Deflection 2, )',2,'Changed notes and image.'),(6277,'2018-02-14 03:30:09',3,32,'2515','Cortosis Shield (Melee; Damage 0; Critical 6; Range (Engaged); Cortosis, Cumbersome 3, Defensive 2, Deflection 2, )',2,'Changed image.'),(6278,'2018-02-14 03:33:38',3,32,'2770','Sith Shield (Melee; Damage 1; Critical 4; Range (Engaged); Cortosis, Defensive 1, Deflection 2, Vicious 1, )',2,'Changed notes and image.'),(6279,'2018-02-14 03:49:43',3,32,'2764','Shield Gauntlet (Brawl; Damage 1; Critical 5; Range (Engaged); Deflection 2, Stun Damage, )',2,'Changed notes and image.'),(6280,'2018-02-24 04:21:22',3,32,'3387','Kyuzo War Shield (Melee; Damage 1; Critical 4; Range (Engaged); Cumbersome 3, Defensive 1, Deflection 2, Disorient 1, )',2,'Changed notes and image.'),(6281,'2018-03-12 02:02:48',3,32,'1433','Stokhli Spray Stick (Ranged [Heavy]; Damage 0; Critical -; Range (Long); Accurate 2, Ensnare 4, Slow-Firing 1, Stun 8, )',2,'Changed notes and image.'),(6282,'2018-03-12 02:04:16',3,32,'174','Stun Grenade (Ranged [Light]; Damage 8; Critical -; Range (Short); Disorient 3, Stun Damage, Blast 8, Limited Ammo 1, )',2,'Changed notes and image.'),(6283,'2018-03-12 02:07:06',3,32,'1433','Stokhli Spray Stick (Ranged [Heavy]; Damage 0; Critical -; Range (Long); Accurate 2, Ensnare 4, Slow-Firing 1, Stun 8, )',2,'Changed image.'),(6284,'2018-03-12 02:36:34',3,32,'175','Thermal Detonator (Ranged [Light]; Damage 20; Critical 2; Range (Short); Blast 15, Breach 1, Vicious 4, Limited Ammo 1, )',2,'Changed notes and image.'),(6285,'2018-03-12 02:57:48',3,32,'173','Frag Grenade (Ranged [Light]; Damage 8; Critical 4; Range (Short); Blast 6, Limited Ammo 1, )',2,'Changed image.'),(6286,'2018-03-12 02:58:41',3,32,'3153','Anti-Personnel Mine (Mechanics; Damage 12; Critical 3; Range (Engaged); Blast 4, Vicious 4, Limited Ammo 1, )',2,'Changed image.'),(6287,'2018-08-09 07:00:00',3,38,'1826','Ubrikkian Industries Seltiss-2 Caravel',2,'Changed notes and image.'),(6288,'2018-08-09 07:00:30',3,38,'1829','Ubrikkian Industries Modified Minstrel-Class Space Yacht',2,'Changed image.'),(6289,'2018-08-09 07:00:44',3,38,'1829','Ubrikkian Industries Modified Minstrel-Class Space Yacht',2,'Changed image.');
/*!40000 ALTER TABLE `django_admin_log` ENABLE KEYS */;
UNLOCK TABLES;

--
-- Table structure for table `django_content_type`
--

DROP TABLE IF EXISTS `django_content_type`;
/*!40101 SET @saved_cs_client     = @@character_set_client */;
/*!40101 SET character_set_client = utf8 */;
CREATE TABLE `django_content_type` (
  `id` int(11) NOT NULL AUTO_INCREMENT,
  `name` varchar(100) NOT NULL,
  `app_label` varchar(100) NOT NULL,
  `model` varchar(100) NOT NULL,
  PRIMARY KEY (`id`),
  UNIQUE KEY `app_label` (`app_label`,`model`)
) ENGINE=InnoDB AUTO_INCREMENT=62 DEFAULT CHARSET=latin1;
/*!40101 SET character_set_client = @saved_cs_client */;

--
-- Dumping data for table `django_content_type`
--

LOCK TABLES `django_content_type` WRITE;
/*!40000 ALTER TABLE `django_content_type` DISABLE KEYS */;
INSERT INTO `django_content_type` VALUES (1,'log entry','admin','logentry'),(2,'permission','auth','permission'),(3,'group','auth','group'),(4,'user','auth','user'),(5,'content type','contenttypes','contenttype'),(6,'session','sessions','session'),(8,'book','books','book'),(23,'blog','blog','blog'),(24,'system','base','system'),(25,'book','base','book'),(27,'entry','base','entry'),(28,'index','base','index'),(31,'gear','equipment','gear'),(32,'weapon','equipment','weapon'),(33,'armor','equipment','armor'),(34,'attachment','equipment','attachment'),(35,'vehicle','transportation','vehicle'),(36,'crew descriptor','transportation','crewdescriptor'),(37,'crew entry','transportation','crewentry'),(38,'starship','transportation','starship'),(39,'hyperdrive','transportation','hyperdrive'),(40,'consumable','transportation','consumable'),(41,'vehicle attachment','transportation','vehicleattachment'),(42,'category','equipment','category'),(43,'category','transportation','category'),(45,'adversary','adversaries','adversary'),(46,'talent entry','adversaries','talententry'),(47,'skill entry','adversaries','skillentry'),(48,'skill','character','skill'),(49,'talent','character','talent'),(50,'career','character','career'),(51,'talent tree','character','talenttree'),(52,'talent tree entry','character','talenttreeentry'),(53,'specialization','character','specialization'),(54,'ability','character','ability'),(55,'species','character','species'),(56,'characteristic','character','characteristic'),(57,'creature weapon','adversaries','creatureweapon'),(58,'creature','adversaries','creature'),(59,'equipment','equipment','equipment'),(60,'weapon quality','equipment','weaponquality'),(61,'weapon quality entry','equipment','weaponqualityentry');
/*!40000 ALTER TABLE `django_content_type` ENABLE KEYS */;
UNLOCK TABLES;

--
-- Table structure for table `django_session`
--

DROP TABLE IF EXISTS `django_session`;
/*!40101 SET @saved_cs_client     = @@character_set_client */;
/*!40101 SET character_set_client = utf8 */;
CREATE TABLE `django_session` (
  `session_key` varchar(40) NOT NULL,
  `session_data` longtext NOT NULL,
  `expire_date` datetime NOT NULL,
  PRIMARY KEY (`session_key`),
  KEY `django_session_b7b81f0c` (`expire_date`)
) ENGINE=InnoDB DEFAULT CHARSET=latin1;
/*!40101 SET character_set_client = @saved_cs_client */;

--
-- Dumping data for table `django_session`
--

LOCK TABLES `django_session` WRITE;
/*!40000 ALTER TABLE `django_session` DISABLE KEYS */;
INSERT INTO `django_session` VALUES ('05qs8l20o5g4k21lttzva3p23417azn5','MDFiMDM1ZjBhN2U3OTU1NGZjNDg1ZGEzZjkzMGI1MDhlNzYwOWYxMTp7Il9hdXRoX3VzZXJfYmFja2VuZCI6ImRqYW5nby5jb250cmliLmF1dGguYmFja2VuZHMuTW9kZWxCYWNrZW5kIiwiX2F1dGhfdXNlcl9pZCI6M30=','2014-06-29 16:57:15'),('0b1s6qrfeanpgi916ob7mn2fkl2nij2w','ZjA1YTE5NGUzYmM1OTBiNmE3YjQwNzIwY2IzNGZhODhmNDk4YTk2Yzp7Il9hdXRoX3VzZXJfYmFja2VuZCI6ImRqYW5nby5jb250cmliLmF1dGguYmFja2VuZHMuTW9kZWxCYWNrZW5kIiwiX2F1dGhfdXNlcl9pZCI6MX0=','2014-08-07 21:50:44'),('0f0p0c3t4s6c482yibd0pnfpt1db0bq2','YzQwOWU1YjFjMGFkODY5YmE2ZDViNWZmNzkxOWMxYTA2N2NmODY5NDp7fQ==','2015-07-24 05:48:13'),('0k241hnaze8ie5bbm9kjjwixn6ee13vb','NmEzMTQ1M2EzYThiMDgwNWUzNGRmNGZjNTIyZjZjNDUyOGE5ZjY3ZTp7Il9hdXRoX3VzZXJfYmFja2VuZCI6ImRqYW5nby5jb250cmliLmF1dGguYmFja2VuZHMuTW9kZWxCYWNrZW5kIiwiX2F1dGhfdXNlcl9pZCI6NX0=','2017-08-29 01:20:16'),('0kmi4oqcyvqyxrclymo48ijxhqouakxs','MDFiMDM1ZjBhN2U3OTU1NGZjNDg1ZGEzZjkzMGI1MDhlNzYwOWYxMTp7Il9hdXRoX3VzZXJfYmFja2VuZCI6ImRqYW5nby5jb250cmliLmF1dGguYmFja2VuZHMuTW9kZWxCYWNrZW5kIiwiX2F1dGhfdXNlcl9pZCI6M30=','2015-08-12 02:39:29'),('142s70pr83j60lxqkzqbrbiew1cc3ned','YmFmY2ZmMzhhYzkzOTg4Yzg5Njk2ODM3NzFiZjY1YzQxYWUxZDE2Mjp7Il9hdXRoX3VzZXJfYmFja2VuZCI6ImRqYW5nby5jb250cmliLmF1dGguYmFja2VuZHMuTW9kZWxCYWNrZW5kIiwiX2F1dGhfdXNlcl9pZCI6NH0=','2017-07-11 15:04:56'),('1c68jz7pyg6v5fo4go26pa7evvhtawe0','YmFmY2ZmMzhhYzkzOTg4Yzg5Njk2ODM3NzFiZjY1YzQxYWUxZDE2Mjp7Il9hdXRoX3VzZXJfYmFja2VuZCI6ImRqYW5nby5jb250cmliLmF1dGguYmFja2VuZHMuTW9kZWxCYWNrZW5kIiwiX2F1dGhfdXNlcl9pZCI6NH0=','2015-07-12 21:30:12'),('1ka0c5bpldvy3avcf3xgfu8jjzbp3rp6','ZjA1YTE5NGUzYmM1OTBiNmE3YjQwNzIwY2IzNGZhODhmNDk4YTk2Yzp7Il9hdXRoX3VzZXJfYmFja2VuZCI6ImRqYW5nby5jb250cmliLmF1dGguYmFja2VuZHMuTW9kZWxCYWNrZW5kIiwiX2F1dGhfdXNlcl9pZCI6MX0=','2015-03-02 20:52:35'),('1scs164hf7b7nbtqowzgeagsgjohlfgk','ZjA1YTE5NGUzYmM1OTBiNmE3YjQwNzIwY2IzNGZhODhmNDk4YTk2Yzp7Il9hdXRoX3VzZXJfYmFja2VuZCI6ImRqYW5nby5jb250cmliLmF1dGguYmFja2VuZHMuTW9kZWxCYWNrZW5kIiwiX2F1dGhfdXNlcl9pZCI6MX0=','2016-03-23 19:26:39'),('26225g4x41g24sc88sjtp7577ft4nwes','ZjA1YTE5NGUzYmM1OTBiNmE3YjQwNzIwY2IzNGZhODhmNDk4YTk2Yzp7Il9hdXRoX3VzZXJfYmFja2VuZCI6ImRqYW5nby5jb250cmliLmF1dGguYmFja2VuZHMuTW9kZWxCYWNrZW5kIiwiX2F1dGhfdXNlcl9pZCI6MX0=','2014-07-11 17:12:05'),('29udfjcbnhvyajsh2nqyk8i71n0cua0w','ZjA1YTE5NGUzYmM1OTBiNmE3YjQwNzIwY2IzNGZhODhmNDk4YTk2Yzp7Il9hdXRoX3VzZXJfYmFja2VuZCI6ImRqYW5nby5jb250cmliLmF1dGguYmFja2VuZHMuTW9kZWxCYWNrZW5kIiwiX2F1dGhfdXNlcl9pZCI6MX0=','2016-07-15 12:17:29'),('2hvddd9g42zhj4gr5opm1n158k5fsnpl','NmEzMTQ1M2EzYThiMDgwNWUzNGRmNGZjNTIyZjZjNDUyOGE5ZjY3ZTp7Il9hdXRoX3VzZXJfYmFja2VuZCI6ImRqYW5nby5jb250cmliLmF1dGguYmFja2VuZHMuTW9kZWxCYWNrZW5kIiwiX2F1dGhfdXNlcl9pZCI6NX0=','2017-10-11 21:46:07'),('2je3auaw5gme9fzubuhaqblqd75rvfoz','MDFiMDM1ZjBhN2U3OTU1NGZjNDg1ZGEzZjkzMGI1MDhlNzYwOWYxMTp7Il9hdXRoX3VzZXJfYmFja2VuZCI6ImRqYW5nby5jb250cmliLmF1dGguYmFja2VuZHMuTW9kZWxCYWNrZW5kIiwiX2F1dGhfdXNlcl9pZCI6M30=','2016-03-31 19:27:41'),('2tzwm9bb0gmhb7ipsba55u92cyyfomph','MDFiMDM1ZjBhN2U3OTU1NGZjNDg1ZGEzZjkzMGI1MDhlNzYwOWYxMTp7Il9hdXRoX3VzZXJfYmFja2VuZCI6ImRqYW5nby5jb250cmliLmF1dGguYmFja2VuZHMuTW9kZWxCYWNrZW5kIiwiX2F1dGhfdXNlcl9pZCI6M30=','2016-10-05 23:23:32'),('34avgpw7ljtc9j2efpa21019lzklflto','ZjA1YTE5NGUzYmM1OTBiNmE3YjQwNzIwY2IzNGZhODhmNDk4YTk2Yzp7Il9hdXRoX3VzZXJfYmFja2VuZCI6ImRqYW5nby5jb250cmliLmF1dGguYmFja2VuZHMuTW9kZWxCYWNrZW5kIiwiX2F1dGhfdXNlcl9pZCI6MX0=','2014-06-28 02:35:26'),('368twu0oc5w2xjc6nsms5okjl98idd8y','ZjA1YTE5NGUzYmM1OTBiNmE3YjQwNzIwY2IzNGZhODhmNDk4YTk2Yzp7Il9hdXRoX3VzZXJfYmFja2VuZCI6ImRqYW5nby5jb250cmliLmF1dGguYmFja2VuZHMuTW9kZWxCYWNrZW5kIiwiX2F1dGhfdXNlcl9pZCI6MX0=','2014-06-16 01:22:01'),('3c0e4k6fgaz47gbxs71kemtuu5qtqids','YmFmY2ZmMzhhYzkzOTg4Yzg5Njk2ODM3NzFiZjY1YzQxYWUxZDE2Mjp7Il9hdXRoX3VzZXJfYmFja2VuZCI6ImRqYW5nby5jb250cmliLmF1dGguYmFja2VuZHMuTW9kZWxCYWNrZW5kIiwiX2F1dGhfdXNlcl9pZCI6NH0=','2015-07-11 17:16:49'),('40sbau35diryjf2tj56e9tpjtlfbot2j','ZjA1YTE5NGUzYmM1OTBiNmE3YjQwNzIwY2IzNGZhODhmNDk4YTk2Yzp7Il9hdXRoX3VzZXJfYmFja2VuZCI6ImRqYW5nby5jb250cmliLmF1dGguYmFja2VuZHMuTW9kZWxCYWNrZW5kIiwiX2F1dGhfdXNlcl9pZCI6MX0=','2016-02-23 14:21:38'),('4bnjlxbaviw4t6kr44rkredjcrdnyz79','MDFiMDM1ZjBhN2U3OTU1NGZjNDg1ZGEzZjkzMGI1MDhlNzYwOWYxMTp7Il9hdXRoX3VzZXJfYmFja2VuZCI6ImRqYW5nby5jb250cmliLmF1dGguYmFja2VuZHMuTW9kZWxCYWNrZW5kIiwiX2F1dGhfdXNlcl9pZCI6M30=','2016-10-27 22:30:57'),('4siw8wvbjd1hf8uiayb35acqwan7cipk','ZjA1YTE5NGUzYmM1OTBiNmE3YjQwNzIwY2IzNGZhODhmNDk4YTk2Yzp7Il9hdXRoX3VzZXJfYmFja2VuZCI6ImRqYW5nby5jb250cmliLmF1dGguYmFja2VuZHMuTW9kZWxCYWNrZW5kIiwiX2F1dGhfdXNlcl9pZCI6MX0=','2015-01-13 18:02:08'),('4vupbsk8gwkr01fywzmb3sidut376x5j','MDFiMDM1ZjBhN2U3OTU1NGZjNDg1ZGEzZjkzMGI1MDhlNzYwOWYxMTp7Il9hdXRoX3VzZXJfYmFja2VuZCI6ImRqYW5nby5jb250cmliLmF1dGguYmFja2VuZHMuTW9kZWxCYWNrZW5kIiwiX2F1dGhfdXNlcl9pZCI6M30=','2014-06-13 20:35:23'),('52y5s77ige2xlrjqkxpimizgk4olg12y','MDFiMDM1ZjBhN2U3OTU1NGZjNDg1ZGEzZjkzMGI1MDhlNzYwOWYxMTp7Il9hdXRoX3VzZXJfYmFja2VuZCI6ImRqYW5nby5jb250cmliLmF1dGguYmFja2VuZHMuTW9kZWxCYWNrZW5kIiwiX2F1dGhfdXNlcl9pZCI6M30=','2016-03-07 03:05:45'),('5p4ht5yq6wy0z7zj0d27m1fdh3uqbz0h','MDFiMDM1ZjBhN2U3OTU1NGZjNDg1ZGEzZjkzMGI1MDhlNzYwOWYxMTp7Il9hdXRoX3VzZXJfYmFja2VuZCI6ImRqYW5nby5jb250cmliLmF1dGguYmFja2VuZHMuTW9kZWxCYWNrZW5kIiwiX2F1dGhfdXNlcl9pZCI6M30=','2016-04-11 18:41:25'),('5qeue4hkpkzv45m6hi0w0ft5lfg9mcrq','ZjA1YTE5NGUzYmM1OTBiNmE3YjQwNzIwY2IzNGZhODhmNDk4YTk2Yzp7Il9hdXRoX3VzZXJfYmFja2VuZCI6ImRqYW5nby5jb250cmliLmF1dGguYmFja2VuZHMuTW9kZWxCYWNrZW5kIiwiX2F1dGhfdXNlcl9pZCI6MX0=','2017-09-21 17:13:41'),('666ika3pfbsyshoczcjd3jtsydesbi1t','ZjA1YTE5NGUzYmM1OTBiNmE3YjQwNzIwY2IzNGZhODhmNDk4YTk2Yzp7Il9hdXRoX3VzZXJfYmFja2VuZCI6ImRqYW5nby5jb250cmliLmF1dGguYmFja2VuZHMuTW9kZWxCYWNrZW5kIiwiX2F1dGhfdXNlcl9pZCI6MX0=','2016-04-06 19:26:44'),('6sgnxg5f3pch2fyqm6am1linv5xgz6hj','MDFiMDM1ZjBhN2U3OTU1NGZjNDg1ZGEzZjkzMGI1MDhlNzYwOWYxMTp7Il9hdXRoX3VzZXJfYmFja2VuZCI6ImRqYW5nby5jb250cmliLmF1dGguYmFja2VuZHMuTW9kZWxCYWNrZW5kIiwiX2F1dGhfdXNlcl9pZCI6M30=','2015-03-03 01:13:55'),('6suh1wwpqbewca9ite0lz8peimp6qfvk','MDFiMDM1ZjBhN2U3OTU1NGZjNDg1ZGEzZjkzMGI1MDhlNzYwOWYxMTp7Il9hdXRoX3VzZXJfYmFja2VuZCI6ImRqYW5nby5jb250cmliLmF1dGguYmFja2VuZHMuTW9kZWxCYWNrZW5kIiwiX2F1dGhfdXNlcl9pZCI6M30=','2016-11-08 00:56:39'),('6uk0lwffcldswml9wmfrgau27i8mpe7l','MDFiMDM1ZjBhN2U3OTU1NGZjNDg1ZGEzZjkzMGI1MDhlNzYwOWYxMTp7Il9hdXRoX3VzZXJfYmFja2VuZCI6ImRqYW5nby5jb250cmliLmF1dGguYmFja2VuZHMuTW9kZWxCYWNrZW5kIiwiX2F1dGhfdXNlcl9pZCI6M30=','2016-09-06 00:46:26'),('76ee8z6ns3qwz2eutdi8nxb268yz9ofu','YzQwOWU1YjFjMGFkODY5YmE2ZDViNWZmNzkxOWMxYTA2N2NmODY5NDp7fQ==','2015-06-13 22:21:11'),('7tre5n6g6vo86mcqkwm6chy1hivn1x34','ZjA1YTE5NGUzYmM1OTBiNmE3YjQwNzIwY2IzNGZhODhmNDk4YTk2Yzp7Il9hdXRoX3VzZXJfYmFja2VuZCI6ImRqYW5nby5jb250cmliLmF1dGguYmFja2VuZHMuTW9kZWxCYWNrZW5kIiwiX2F1dGhfdXNlcl9pZCI6MX0=','2014-11-14 17:06:27'),('86h8la9a5l6u1pgrcxinwhc4iqfwcsx8','MDFiMDM1ZjBhN2U3OTU1NGZjNDg1ZGEzZjkzMGI1MDhlNzYwOWYxMTp7Il9hdXRoX3VzZXJfYmFja2VuZCI6ImRqYW5nby5jb250cmliLmF1dGguYmFja2VuZHMuTW9kZWxCYWNrZW5kIiwiX2F1dGhfdXNlcl9pZCI6M30=','2018-02-27 01:31:45'),('8iffgasuc9g6e7ttcyx6800fe9lqn1l3','ZjA1YTE5NGUzYmM1OTBiNmE3YjQwNzIwY2IzNGZhODhmNDk4YTk2Yzp7Il9hdXRoX3VzZXJfYmFja2VuZCI6ImRqYW5nby5jb250cmliLmF1dGguYmFja2VuZHMuTW9kZWxCYWNrZW5kIiwiX2F1dGhfdXNlcl9pZCI6MX0=','2014-09-23 11:13:59'),('8n4zsczgqxxlioui8ccledlsjfr2hqk8','ZjA1YTE5NGUzYmM1OTBiNmE3YjQwNzIwY2IzNGZhODhmNDk4YTk2Yzp7Il9hdXRoX3VzZXJfYmFja2VuZCI6ImRqYW5nby5jb250cmliLmF1dGguYmFja2VuZHMuTW9kZWxCYWNrZW5kIiwiX2F1dGhfdXNlcl9pZCI6MX0=','2014-08-28 16:59:24'),('93brnwhntxcwp6p424d076mtwuwkn2ci','ZjA1YTE5NGUzYmM1OTBiNmE3YjQwNzIwY2IzNGZhODhmNDk4YTk2Yzp7Il9hdXRoX3VzZXJfYmFja2VuZCI6ImRqYW5nby5jb250cmliLmF1dGguYmFja2VuZHMuTW9kZWxCYWNrZW5kIiwiX2F1dGhfdXNlcl9pZCI6MX0=','2016-07-01 18:27:28'),('982ohdwf9ekq0jx1j006ep4d4tk5z9a3','MDFiMDM1ZjBhN2U3OTU1NGZjNDg1ZGEzZjkzMGI1MDhlNzYwOWYxMTp7Il9hdXRoX3VzZXJfYmFja2VuZCI6ImRqYW5nby5jb250cmliLmF1dGguYmFja2VuZHMuTW9kZWxCYWNrZW5kIiwiX2F1dGhfdXNlcl9pZCI6M30=','2014-06-14 22:33:00'),('9m1hzlf3uekve050l3yhl34aq70av7im','ZjA1YTE5NGUzYmM1OTBiNmE3YjQwNzIwY2IzNGZhODhmNDk4YTk2Yzp7Il9hdXRoX3VzZXJfYmFja2VuZCI6ImRqYW5nby5jb250cmliLmF1dGguYmFja2VuZHMuTW9kZWxCYWNrZW5kIiwiX2F1dGhfdXNlcl9pZCI6MX0=','2014-10-01 20:41:35'),('9m6m1kgrgu9mlj6mhhs8u19qv8fkrus8','MDFiMDM1ZjBhN2U3OTU1NGZjNDg1ZGEzZjkzMGI1MDhlNzYwOWYxMTp7Il9hdXRoX3VzZXJfYmFja2VuZCI6ImRqYW5nby5jb250cmliLmF1dGguYmFja2VuZHMuTW9kZWxCYWNrZW5kIiwiX2F1dGhfdXNlcl9pZCI6M30=','2016-04-26 05:16:25'),('a6xeq1ru2q7q4jrp4y685ma7e78bbto8','MDFiMDM1ZjBhN2U3OTU1NGZjNDg1ZGEzZjkzMGI1MDhlNzYwOWYxMTp7Il9hdXRoX3VzZXJfYmFja2VuZCI6ImRqYW5nby5jb250cmliLmF1dGguYmFja2VuZHMuTW9kZWxCYWNrZW5kIiwiX2F1dGhfdXNlcl9pZCI6M30=','2015-03-10 03:43:49'),('aklzs9l500equue5497v1vevc5ez0qzd','ZjA1YTE5NGUzYmM1OTBiNmE3YjQwNzIwY2IzNGZhODhmNDk4YTk2Yzp7Il9hdXRoX3VzZXJfYmFja2VuZCI6ImRqYW5nby5jb250cmliLmF1dGguYmFja2VuZHMuTW9kZWxCYWNrZW5kIiwiX2F1dGhfdXNlcl9pZCI6MX0=','2014-06-13 22:00:51'),('aq1aexnvet39mnuhyd1gvh04vofi25ai','MDFiMDM1ZjBhN2U3OTU1NGZjNDg1ZGEzZjkzMGI1MDhlNzYwOWYxMTp7Il9hdXRoX3VzZXJfYmFja2VuZCI6ImRqYW5nby5jb250cmliLmF1dGguYmFja2VuZHMuTW9kZWxCYWNrZW5kIiwiX2F1dGhfdXNlcl9pZCI6M30=','2018-03-10 04:20:25'),('ay8bytyjw4crpglwfzutkh7jnf3geims','ZjA1YTE5NGUzYmM1OTBiNmE3YjQwNzIwY2IzNGZhODhmNDk4YTk2Yzp7Il9hdXRoX3VzZXJfYmFja2VuZCI6ImRqYW5nby5jb250cmliLmF1dGguYmFja2VuZHMuTW9kZWxCYWNrZW5kIiwiX2F1dGhfdXNlcl9pZCI6MX0=','2014-06-26 14:54:01'),('b41qplbil2f0phd1rj1oogl8x62x84vp','ZjA1YTE5NGUzYmM1OTBiNmE3YjQwNzIwY2IzNGZhODhmNDk4YTk2Yzp7Il9hdXRoX3VzZXJfYmFja2VuZCI6ImRqYW5nby5jb250cmliLmF1dGguYmFja2VuZHMuTW9kZWxCYWNrZW5kIiwiX2F1dGhfdXNlcl9pZCI6MX0=','2017-07-12 17:48:41'),('c4i61s5tkcchvxv8xzvyfj4ihqfo2hhg','ZjA1YTE5NGUzYmM1OTBiNmE3YjQwNzIwY2IzNGZhODhmNDk4YTk2Yzp7Il9hdXRoX3VzZXJfYmFja2VuZCI6ImRqYW5nby5jb250cmliLmF1dGguYmFja2VuZHMuTW9kZWxCYWNrZW5kIiwiX2F1dGhfdXNlcl9pZCI6MX0=','2016-01-07 14:25:50'),('chwxx6t5x9cc1igf9oaeue7jifq9ehs7','ZjA1YTE5NGUzYmM1OTBiNmE3YjQwNzIwY2IzNGZhODhmNDk4YTk2Yzp7Il9hdXRoX3VzZXJfYmFja2VuZCI6ImRqYW5nby5jb250cmliLmF1dGguYmFja2VuZHMuTW9kZWxCYWNrZW5kIiwiX2F1dGhfdXNlcl9pZCI6MX0=','2016-02-05 18:42:42'),('cj06yyvgbta3tv2cgctkuhv7e209vew1','ZjA1YTE5NGUzYmM1OTBiNmE3YjQwNzIwY2IzNGZhODhmNDk4YTk2Yzp7Il9hdXRoX3VzZXJfYmFja2VuZCI6ImRqYW5nby5jb250cmliLmF1dGguYmFja2VuZHMuTW9kZWxCYWNrZW5kIiwiX2F1dGhfdXNlcl9pZCI6MX0=','2014-07-04 12:56:58'),('cunqo7hithvxscrka1rmfx8ck1vjh007','MDFiMDM1ZjBhN2U3OTU1NGZjNDg1ZGEzZjkzMGI1MDhlNzYwOWYxMTp7Il9hdXRoX3VzZXJfYmFja2VuZCI6ImRqYW5nby5jb250cmliLmF1dGguYmFja2VuZHMuTW9kZWxCYWNrZW5kIiwiX2F1dGhfdXNlcl9pZCI6M30=','2016-04-04 16:23:47'),('d4otaaq5ffqrsny56hhv3m6fjm2lj775','MDFiMDM1ZjBhN2U3OTU1NGZjNDg1ZGEzZjkzMGI1MDhlNzYwOWYxMTp7Il9hdXRoX3VzZXJfYmFja2VuZCI6ImRqYW5nby5jb250cmliLmF1dGguYmFja2VuZHMuTW9kZWxCYWNrZW5kIiwiX2F1dGhfdXNlcl9pZCI6M30=','2016-03-08 06:57:19'),('dbpo7mgqye8bzd6an0exrknq5cxatw82','YzQwOWU1YjFjMGFkODY5YmE2ZDViNWZmNzkxOWMxYTA2N2NmODY5NDp7fQ==','2015-08-30 01:57:27'),('dijt6miukdkgjuf3lvj8eipt9g5k2ynb','MDFiMDM1ZjBhN2U3OTU1NGZjNDg1ZGEzZjkzMGI1MDhlNzYwOWYxMTp7Il9hdXRoX3VzZXJfYmFja2VuZCI6ImRqYW5nby5jb250cmliLmF1dGguYmFja2VuZHMuTW9kZWxCYWNrZW5kIiwiX2F1dGhfdXNlcl9pZCI6M30=','2014-09-10 04:00:13'),('dot1sqhzutrg7efzwj07rhsbt72xv071','MDFiMDM1ZjBhN2U3OTU1NGZjNDg1ZGEzZjkzMGI1MDhlNzYwOWYxMTp7Il9hdXRoX3VzZXJfYmFja2VuZCI6ImRqYW5nby5jb250cmliLmF1dGguYmFja2VuZHMuTW9kZWxCYWNrZW5kIiwiX2F1dGhfdXNlcl9pZCI6M30=','2016-03-07 14:30:48'),('dp1os1ninwrr91q6ddoa0o61pgkenwg5','ZjA1YTE5NGUzYmM1OTBiNmE3YjQwNzIwY2IzNGZhODhmNDk4YTk2Yzp7Il9hdXRoX3VzZXJfYmFja2VuZCI6ImRqYW5nby5jb250cmliLmF1dGguYmFja2VuZHMuTW9kZWxCYWNrZW5kIiwiX2F1dGhfdXNlcl9pZCI6MX0=','2015-12-16 18:49:38'),('e1o737x6oqk3tcswu2mk1bcvdbc7wat5','MDFiMDM1ZjBhN2U3OTU1NGZjNDg1ZGEzZjkzMGI1MDhlNzYwOWYxMTp7Il9hdXRoX3VzZXJfYmFja2VuZCI6ImRqYW5nby5jb250cmliLmF1dGguYmFja2VuZHMuTW9kZWxCYWNrZW5kIiwiX2F1dGhfdXNlcl9pZCI6M30=','2015-07-24 06:10:38'),('e2xdd7ga0l7h2jq2sqeyn9raxsv46qu4','MDFiMDM1ZjBhN2U3OTU1NGZjNDg1ZGEzZjkzMGI1MDhlNzYwOWYxMTp7Il9hdXRoX3VzZXJfYmFja2VuZCI6ImRqYW5nby5jb250cmliLmF1dGguYmFja2VuZHMuTW9kZWxCYWNrZW5kIiwiX2F1dGhfdXNlcl9pZCI6M30=','2015-03-12 04:31:28'),('e4gly7thaie9tis5m91cudkm9768md96','ZjA1YTE5NGUzYmM1OTBiNmE3YjQwNzIwY2IzNGZhODhmNDk4YTk2Yzp7Il9hdXRoX3VzZXJfYmFja2VuZCI6ImRqYW5nby5jb250cmliLmF1dGguYmFja2VuZHMuTW9kZWxCYWNrZW5kIiwiX2F1dGhfdXNlcl9pZCI6MX0=','2015-03-17 17:49:09'),('ehtu3rs0tx2d3osxscl6j4zu25gzti7n','NmEzMTQ1M2EzYThiMDgwNWUzNGRmNGZjNTIyZjZjNDUyOGE5ZjY3ZTp7Il9hdXRoX3VzZXJfYmFja2VuZCI6ImRqYW5nby5jb250cmliLmF1dGguYmFja2VuZHMuTW9kZWxCYWNrZW5kIiwiX2F1dGhfdXNlcl9pZCI6NX0=','2017-11-07 15:19:21'),('f4npjbvpl7ezl5ri0utmkf4fip8grrha','MDFiMDM1ZjBhN2U3OTU1NGZjNDg1ZGEzZjkzMGI1MDhlNzYwOWYxMTp7Il9hdXRoX3VzZXJfYmFja2VuZCI6ImRqYW5nby5jb250cmliLmF1dGguYmFja2VuZHMuTW9kZWxCYWNrZW5kIiwiX2F1dGhfdXNlcl9pZCI6M30=','2015-03-17 20:09:47'),('fus4fg1isbv2akno91ccxiducu29kl81','NmEzMTQ1M2EzYThiMDgwNWUzNGRmNGZjNTIyZjZjNDUyOGE5ZjY3ZTp7Il9hdXRoX3VzZXJfYmFja2VuZCI6ImRqYW5nby5jb250cmliLmF1dGguYmFja2VuZHMuTW9kZWxCYWNrZW5kIiwiX2F1dGhfdXNlcl9pZCI6NX0=','2017-08-14 03:06:54'),('g2gie1r2ee4r1cws5w3jsm2n0tbkrl8h','ZjA1YTE5NGUzYmM1OTBiNmE3YjQwNzIwY2IzNGZhODhmNDk4YTk2Yzp7Il9hdXRoX3VzZXJfYmFja2VuZCI6ImRqYW5nby5jb250cmliLmF1dGguYmFja2VuZHMuTW9kZWxCYWNrZW5kIiwiX2F1dGhfdXNlcl9pZCI6MX0=','2014-06-21 15:00:59'),('gkb71hcn74763jhqto4q2ls39vz2zs1f','MDFiMDM1ZjBhN2U3OTU1NGZjNDg1ZGEzZjkzMGI1MDhlNzYwOWYxMTp7Il9hdXRoX3VzZXJfYmFja2VuZCI6ImRqYW5nby5jb250cmliLmF1dGguYmFja2VuZHMuTW9kZWxCYWNrZW5kIiwiX2F1dGhfdXNlcl9pZCI6M30=','2016-04-13 05:10:01'),('gm1h0oxz0i2xfdw3stdl9uc2207im0ov','MDFiMDM1ZjBhN2U3OTU1NGZjNDg1ZGEzZjkzMGI1MDhlNzYwOWYxMTp7Il9hdXRoX3VzZXJfYmFja2VuZCI6ImRqYW5nby5jb250cmliLmF1dGguYmFja2VuZHMuTW9kZWxCYWNrZW5kIiwiX2F1dGhfdXNlcl9pZCI6M30=','2018-02-28 03:14:23'),('h7tfyy4p6y59p68ah11ry7ca2vbcjhpc','MDFiMDM1ZjBhN2U3OTU1NGZjNDg1ZGEzZjkzMGI1MDhlNzYwOWYxMTp7Il9hdXRoX3VzZXJfYmFja2VuZCI6ImRqYW5nby5jb250cmliLmF1dGguYmFja2VuZHMuTW9kZWxCYWNrZW5kIiwiX2F1dGhfdXNlcl9pZCI6M30=','2015-03-06 16:13:18'),('hps1040or557fxt6zhp02y6oa14i6hnl','MDFiMDM1ZjBhN2U3OTU1NGZjNDg1ZGEzZjkzMGI1MDhlNzYwOWYxMTp7Il9hdXRoX3VzZXJfYmFja2VuZCI6ImRqYW5nby5jb250cmliLmF1dGguYmFja2VuZHMuTW9kZWxCYWNrZW5kIiwiX2F1dGhfdXNlcl9pZCI6M30=','2015-03-17 03:40:58'),('hpvjepyc75f3p7v30o10gtszz8oahzw5','MDFiMDM1ZjBhN2U3OTU1NGZjNDg1ZGEzZjkzMGI1MDhlNzYwOWYxMTp7Il9hdXRoX3VzZXJfYmFja2VuZCI6ImRqYW5nby5jb250cmliLmF1dGguYmFja2VuZHMuTW9kZWxCYWNrZW5kIiwiX2F1dGhfdXNlcl9pZCI6M30=','2018-03-26 02:02:12'),('hrelhrwire8zfbo3qd9ha90m9vzmcx27','ZjA1YTE5NGUzYmM1OTBiNmE3YjQwNzIwY2IzNGZhODhmNDk4YTk2Yzp7Il9hdXRoX3VzZXJfYmFja2VuZCI6ImRqYW5nby5jb250cmliLmF1dGguYmFja2VuZHMuTW9kZWxCYWNrZW5kIiwiX2F1dGhfdXNlcl9pZCI6MX0=','2016-04-13 11:12:21'),('hz6w8j62gw48t512qv9ii54kj90g2dr3','ZjA1YTE5NGUzYmM1OTBiNmE3YjQwNzIwY2IzNGZhODhmNDk4YTk2Yzp7Il9hdXRoX3VzZXJfYmFja2VuZCI6ImRqYW5nby5jb250cmliLmF1dGguYmFja2VuZHMuTW9kZWxCYWNrZW5kIiwiX2F1dGhfdXNlcl9pZCI6MX0=','2016-04-11 20:02:00'),('j2iit0imf5mufoqgwq8fex7jnqp4lzac','YmFmY2ZmMzhhYzkzOTg4Yzg5Njk2ODM3NzFiZjY1YzQxYWUxZDE2Mjp7Il9hdXRoX3VzZXJfYmFja2VuZCI6ImRqYW5nby5jb250cmliLmF1dGguYmFja2VuZHMuTW9kZWxCYWNrZW5kIiwiX2F1dGhfdXNlcl9pZCI6NH0=','2016-03-17 17:44:32'),('jmkbxjlagb2gq9xreg5lzmp96mf6efwz','ZjA1YTE5NGUzYmM1OTBiNmE3YjQwNzIwY2IzNGZhODhmNDk4YTk2Yzp7Il9hdXRoX3VzZXJfYmFja2VuZCI6ImRqYW5nby5jb250cmliLmF1dGguYmFja2VuZHMuTW9kZWxCYWNrZW5kIiwiX2F1dGhfdXNlcl9pZCI6MX0=','2016-01-22 18:41:42'),('jzkfef4z81cciu401ep3y2zdrmytyswg','ZjA1YTE5NGUzYmM1OTBiNmE3YjQwNzIwY2IzNGZhODhmNDk4YTk2Yzp7Il9hdXRoX3VzZXJfYmFja2VuZCI6ImRqYW5nby5jb250cmliLmF1dGguYmFja2VuZHMuTW9kZWxCYWNrZW5kIiwiX2F1dGhfdXNlcl9pZCI6MX0=','2017-10-12 20:27:56'),('kqvknh037w1t8m27xndnjmutu009770m','MDFiMDM1ZjBhN2U3OTU1NGZjNDg1ZGEzZjkzMGI1MDhlNzYwOWYxMTp7Il9hdXRoX3VzZXJfYmFja2VuZCI6ImRqYW5nby5jb250cmliLmF1dGguYmFja2VuZHMuTW9kZWxCYWNrZW5kIiwiX2F1dGhfdXNlcl9pZCI6M30=','2016-12-06 03:50:22'),('ld8n3gvu0nxw6brdjpzj56xzc1p261fg','MDFiMDM1ZjBhN2U3OTU1NGZjNDg1ZGEzZjkzMGI1MDhlNzYwOWYxMTp7Il9hdXRoX3VzZXJfYmFja2VuZCI6ImRqYW5nby5jb250cmliLmF1dGguYmFja2VuZHMuTW9kZWxCYWNrZW5kIiwiX2F1dGhfdXNlcl9pZCI6M30=','2016-10-07 22:07:29'),('lkuggbygkjy8kedqlif9fhahjfyowxep','ZmUyMGRlNzkwMTQ4YmNlMTMwMmIyMmYxZmM3NzU4MzY3ZjJjNWVmNjp7Il9hdXRoX3VzZXJfYmFja2VuZCI6ImRqYW5nby5jb250cmliLmF1dGguYmFja2VuZHMuTW9kZWxCYWNrZW5kIiwiX2F1dGhfdXNlcl9pZCI6Mn0=','2014-06-16 01:23:13'),('llfho0ampugmwivqrq310d2t4rfuza3m','MDFiMDM1ZjBhN2U3OTU1NGZjNDg1ZGEzZjkzMGI1MDhlNzYwOWYxMTp7Il9hdXRoX3VzZXJfYmFja2VuZCI6ImRqYW5nby5jb250cmliLmF1dGguYmFja2VuZHMuTW9kZWxCYWNrZW5kIiwiX2F1dGhfdXNlcl9pZCI6M30=','2016-09-16 04:21:05'),('lzc8hhq6hu6w7jzdgzh9whr7nuagrvm9','ZjA1YTE5NGUzYmM1OTBiNmE3YjQwNzIwY2IzNGZhODhmNDk4YTk2Yzp7Il9hdXRoX3VzZXJfYmFja2VuZCI6ImRqYW5nby5jb250cmliLmF1dGguYmFja2VuZHMuTW9kZWxCYWNrZW5kIiwiX2F1dGhfdXNlcl9pZCI6MX0=','2016-03-09 19:25:43'),('m5xg74c3z0imvv7q08d5vesxq09ddi0q','ZjA1YTE5NGUzYmM1OTBiNmE3YjQwNzIwY2IzNGZhODhmNDk4YTk2Yzp7Il9hdXRoX3VzZXJfYmFja2VuZCI6ImRqYW5nby5jb250cmliLmF1dGguYmFja2VuZHMuTW9kZWxCYWNrZW5kIiwiX2F1dGhfdXNlcl9pZCI6MX0=','2015-03-18 13:22:46'),('mb9ryw2xmevbzogz55gv7to51by9sjqg','ZjA1YTE5NGUzYmM1OTBiNmE3YjQwNzIwY2IzNGZhODhmNDk4YTk2Yzp7Il9hdXRoX3VzZXJfYmFja2VuZCI6ImRqYW5nby5jb250cmliLmF1dGguYmFja2VuZHMuTW9kZWxCYWNrZW5kIiwiX2F1dGhfdXNlcl9pZCI6MX0=','2015-07-12 21:06:25'),('nun6b55v6flfvdc3q2kidzm83sy9667c','MDFiMDM1ZjBhN2U3OTU1NGZjNDg1ZGEzZjkzMGI1MDhlNzYwOWYxMTp7Il9hdXRoX3VzZXJfYmFja2VuZCI6ImRqYW5nby5jb250cmliLmF1dGguYmFja2VuZHMuTW9kZWxCYWNrZW5kIiwiX2F1dGhfdXNlcl9pZCI6M30=','2018-08-23 06:57:37'),('o34ofjyc3jaiaz2v02drh6940j4e1muw','ZjA1YTE5NGUzYmM1OTBiNmE3YjQwNzIwY2IzNGZhODhmNDk4YTk2Yzp7Il9hdXRoX3VzZXJfYmFja2VuZCI6ImRqYW5nby5jb250cmliLmF1dGguYmFja2VuZHMuTW9kZWxCYWNrZW5kIiwiX2F1dGhfdXNlcl9pZCI6MX0=','2017-07-25 23:05:51'),('ohjj0fkj9kvbpwspja6tmadwqns9a7aq','MDFiMDM1ZjBhN2U3OTU1NGZjNDg1ZGEzZjkzMGI1MDhlNzYwOWYxMTp7Il9hdXRoX3VzZXJfYmFja2VuZCI6ImRqYW5nby5jb250cmliLmF1dGguYmFja2VuZHMuTW9kZWxCYWNrZW5kIiwiX2F1dGhfdXNlcl9pZCI6M30=','2016-02-24 05:12:15'),('orj0kc3eb8pnes6lctwngxuk1l6s6lo6','ZjA1YTE5NGUzYmM1OTBiNmE3YjQwNzIwY2IzNGZhODhmNDk4YTk2Yzp7Il9hdXRoX3VzZXJfYmFja2VuZCI6ImRqYW5nby5jb250cmliLmF1dGguYmFja2VuZHMuTW9kZWxCYWNrZW5kIiwiX2F1dGhfdXNlcl9pZCI6MX0=','2015-12-25 15:10:14'),('ow6o539waapuxghdhdih4twd8ormagh9','ZjA1YTE5NGUzYmM1OTBiNmE3YjQwNzIwY2IzNGZhODhmNDk4YTk2Yzp7Il9hdXRoX3VzZXJfYmFja2VuZCI6ImRqYW5nby5jb250cmliLmF1dGguYmFja2VuZHMuTW9kZWxCYWNrZW5kIiwiX2F1dGhfdXNlcl9pZCI6MX0=','2014-07-12 12:23:04'),('ppf6lh1slrbkifd5rkzerqg2xktddhff','MDFiMDM1ZjBhN2U3OTU1NGZjNDg1ZGEzZjkzMGI1MDhlNzYwOWYxMTp7Il9hdXRoX3VzZXJfYmFja2VuZCI6ImRqYW5nby5jb250cmliLmF1dGguYmFja2VuZHMuTW9kZWxCYWNrZW5kIiwiX2F1dGhfdXNlcl9pZCI6M30=','2016-04-15 14:39:17'),('qzsjy2rhwjo1ht8843k5qnxgistlr1b0','ZjA1YTE5NGUzYmM1OTBiNmE3YjQwNzIwY2IzNGZhODhmNDk4YTk2Yzp7Il9hdXRoX3VzZXJfYmFja2VuZCI6ImRqYW5nby5jb250cmliLmF1dGguYmFja2VuZHMuTW9kZWxCYWNrZW5kIiwiX2F1dGhfdXNlcl9pZCI6MX0=','2014-06-13 20:09:46'),('r0zkuwvbgswjuznaikijuywta0yg1dho','MDFiMDM1ZjBhN2U3OTU1NGZjNDg1ZGEzZjkzMGI1MDhlNzYwOWYxMTp7Il9hdXRoX3VzZXJfYmFja2VuZCI6ImRqYW5nby5jb250cmliLmF1dGguYmFja2VuZHMuTW9kZWxCYWNrZW5kIiwiX2F1dGhfdXNlcl9pZCI6M30=','2016-04-06 00:14:30'),('radg3mkzgf0lmbsop222h3uxzdb66dvs','NmEzMTQ1M2EzYThiMDgwNWUzNGRmNGZjNTIyZjZjNDUyOGE5ZjY3ZTp7Il9hdXRoX3VzZXJfYmFja2VuZCI6ImRqYW5nby5jb250cmliLmF1dGguYmFja2VuZHMuTW9kZWxCYWNrZW5kIiwiX2F1dGhfdXNlcl9pZCI6NX0=','2018-01-26 14:33:55'),('rhaban8v1jaxyin48llrtwdocuqmmwpa','MDFiMDM1ZjBhN2U3OTU1NGZjNDg1ZGEzZjkzMGI1MDhlNzYwOWYxMTp7Il9hdXRoX3VzZXJfYmFja2VuZCI6ImRqYW5nby5jb250cmliLmF1dGguYmFja2VuZHMuTW9kZWxCYWNrZW5kIiwiX2F1dGhfdXNlcl9pZCI6M30=','2016-04-05 08:03:33'),('ri0ag6ov4a4s82prs4ruzm0gtxcfp25e','ZjA1YTE5NGUzYmM1OTBiNmE3YjQwNzIwY2IzNGZhODhmNDk4YTk2Yzp7Il9hdXRoX3VzZXJfYmFja2VuZCI6ImRqYW5nby5jb250cmliLmF1dGguYmFja2VuZHMuTW9kZWxCYWNrZW5kIiwiX2F1dGhfdXNlcl9pZCI6MX0=','2016-04-27 17:49:47'),('tdmjjz9tyb53mmft2zn8nu301b9n26vv','MDFiMDM1ZjBhN2U3OTU1NGZjNDg1ZGEzZjkzMGI1MDhlNzYwOWYxMTp7Il9hdXRoX3VzZXJfYmFja2VuZCI6ImRqYW5nby5jb250cmliLmF1dGguYmFja2VuZHMuTW9kZWxCYWNrZW5kIiwiX2F1dGhfdXNlcl9pZCI6M30=','2016-11-14 04:09:13'),('tljiik7apu4ch9neoqlm10p75a41yt99','MDFiMDM1ZjBhN2U3OTU1NGZjNDg1ZGEzZjkzMGI1MDhlNzYwOWYxMTp7Il9hdXRoX3VzZXJfYmFja2VuZCI6ImRqYW5nby5jb250cmliLmF1dGguYmFja2VuZHMuTW9kZWxCYWNrZW5kIiwiX2F1dGhfdXNlcl9pZCI6M30=','2014-07-26 00:47:30'),('tq768clb49tn217ydsxmmetfilk8bpgc','MDFiMDM1ZjBhN2U3OTU1NGZjNDg1ZGEzZjkzMGI1MDhlNzYwOWYxMTp7Il9hdXRoX3VzZXJfYmFja2VuZCI6ImRqYW5nby5jb250cmliLmF1dGguYmFja2VuZHMuTW9kZWxCYWNrZW5kIiwiX2F1dGhfdXNlcl9pZCI6M30=','2014-09-24 04:13:35'),('tvamu7odf2jd0wryedgtys1f1i1vi8ea','MDFiMDM1ZjBhN2U3OTU1NGZjNDg1ZGEzZjkzMGI1MDhlNzYwOWYxMTp7Il9hdXRoX3VzZXJfYmFja2VuZCI6ImRqYW5nby5jb250cmliLmF1dGguYmFja2VuZHMuTW9kZWxCYWNrZW5kIiwiX2F1dGhfdXNlcl9pZCI6M30=','2017-02-21 06:33:39'),('u5d5o99i4qdspe2fxj87byjyjh6co55g','ZjA1YTE5NGUzYmM1OTBiNmE3YjQwNzIwY2IzNGZhODhmNDk4YTk2Yzp7Il9hdXRoX3VzZXJfYmFja2VuZCI6ImRqYW5nby5jb250cmliLmF1dGguYmFja2VuZHMuTW9kZWxCYWNrZW5kIiwiX2F1dGhfdXNlcl9pZCI6MX0=','2015-06-13 12:08:44'),('uvn8tesccjphdf69h2gds0a3gv0wojck','ZjA1YTE5NGUzYmM1OTBiNmE3YjQwNzIwY2IzNGZhODhmNDk4YTk2Yzp7Il9hdXRoX3VzZXJfYmFja2VuZCI6ImRqYW5nby5jb250cmliLmF1dGguYmFja2VuZHMuTW9kZWxCYWNrZW5kIiwiX2F1dGhfdXNlcl9pZCI6MX0=','2014-10-09 17:45:06'),('vm90apxtqqcwd0gf0a4pkggk4hgu1dv1','NmEzMTQ1M2EzYThiMDgwNWUzNGRmNGZjNTIyZjZjNDUyOGE5ZjY3ZTp7Il9hdXRoX3VzZXJfYmFja2VuZCI6ImRqYW5nby5jb250cmliLmF1dGguYmFja2VuZHMuTW9kZWxCYWNrZW5kIiwiX2F1dGhfdXNlcl9pZCI6NX0=','2017-07-23 02:42:40'),('vthqlcq2dpd6vlv2p1upgfg2r6qpjzqf','NmEzMTQ1M2EzYThiMDgwNWUzNGRmNGZjNTIyZjZjNDUyOGE5ZjY3ZTp7Il9hdXRoX3VzZXJfYmFja2VuZCI6ImRqYW5nby5jb250cmliLmF1dGguYmFja2VuZHMuTW9kZWxCYWNrZW5kIiwiX2F1dGhfdXNlcl9pZCI6NX0=','2017-07-13 16:17:10'),('wgsat49x7dq4uuaubgf1v8jiwgji22z9','MDFiMDM1ZjBhN2U3OTU1NGZjNDg1ZGEzZjkzMGI1MDhlNzYwOWYxMTp7Il9hdXRoX3VzZXJfYmFja2VuZCI6ImRqYW5nby5jb250cmliLmF1dGguYmFja2VuZHMuTW9kZWxCYWNrZW5kIiwiX2F1dGhfdXNlcl9pZCI6M30=','2015-03-18 03:53:33'),('xb4u67remeyw786fsjx5jsow8x1m8147','MDFiMDM1ZjBhN2U3OTU1NGZjNDg1ZGEzZjkzMGI1MDhlNzYwOWYxMTp7Il9hdXRoX3VzZXJfYmFja2VuZCI6ImRqYW5nby5jb250cmliLmF1dGguYmFja2VuZHMuTW9kZWxCYWNrZW5kIiwiX2F1dGhfdXNlcl9pZCI6M30=','2016-11-18 14:40:41'),('xh6z9fv4kuxsvlv2ihv729lywxgzhddl','ZjA1YTE5NGUzYmM1OTBiNmE3YjQwNzIwY2IzNGZhODhmNDk4YTk2Yzp7Il9hdXRoX3VzZXJfYmFja2VuZCI6ImRqYW5nby5jb250cmliLmF1dGguYmFja2VuZHMuTW9kZWxCYWNrZW5kIiwiX2F1dGhfdXNlcl9pZCI6MX0=','2015-03-03 23:17:09'),('xjqfrotp0k8uqmipyofxgc1rbvqtcqt2','ZjA1YTE5NGUzYmM1OTBiNmE3YjQwNzIwY2IzNGZhODhmNDk4YTk2Yzp7Il9hdXRoX3VzZXJfYmFja2VuZCI6ImRqYW5nby5jb250cmliLmF1dGguYmFja2VuZHMuTW9kZWxCYWNrZW5kIiwiX2F1dGhfdXNlcl9pZCI6MX0=','2016-09-21 09:56:24'),('xw1e70hxgfp4f4teb0zuyngqkxuyn5pc','MDFiMDM1ZjBhN2U3OTU1NGZjNDg1ZGEzZjkzMGI1MDhlNzYwOWYxMTp7Il9hdXRoX3VzZXJfYmFja2VuZCI6ImRqYW5nby5jb250cmliLmF1dGguYmFja2VuZHMuTW9kZWxCYWNrZW5kIiwiX2F1dGhfdXNlcl9pZCI6M30=','2017-03-21 06:41:57'),('z3y3hpkgz7vzzwwttrk385jtqteed8z6','MDFiMDM1ZjBhN2U3OTU1NGZjNDg1ZGEzZjkzMGI1MDhlNzYwOWYxMTp7Il9hdXRoX3VzZXJfYmFja2VuZCI6ImRqYW5nby5jb250cmliLmF1dGguYmFja2VuZHMuTW9kZWxCYWNrZW5kIiwiX2F1dGhfdXNlcl9pZCI6M30=','2016-12-09 23:43:14'),('zg4tj427agzbcii7eeqvtdgiuqxyyue5','MDFiMDM1ZjBhN2U3OTU1NGZjNDg1ZGEzZjkzMGI1MDhlNzYwOWYxMTp7Il9hdXRoX3VzZXJfYmFja2VuZCI6ImRqYW5nby5jb250cmliLmF1dGguYmFja2VuZHMuTW9kZWxCYWNrZW5kIiwiX2F1dGhfdXNlcl9pZCI6M30=','2016-03-13 02:35:33'),('zgwesdvgekk20fxcx3nzwyp6iue8qtqx','ZjA1YTE5NGUzYmM1OTBiNmE3YjQwNzIwY2IzNGZhODhmNDk4YTk2Yzp7Il9hdXRoX3VzZXJfYmFja2VuZCI6ImRqYW5nby5jb250cmliLmF1dGguYmFja2VuZHMuTW9kZWxCYWNrZW5kIiwiX2F1dGhfdXNlcl9pZCI6MX0=','2015-08-25 13:41:23'),('zwpkusq8dvtba7qljk1kx7v6ck07tdmr','ZjA1YTE5NGUzYmM1OTBiNmE3YjQwNzIwY2IzNGZhODhmNDk4YTk2Yzp7Il9hdXRoX3VzZXJfYmFja2VuZCI6ImRqYW5nby5jb250cmliLmF1dGguYmFja2VuZHMuTW9kZWxCYWNrZW5kIiwiX2F1dGhfdXNlcl9pZCI6MX0=','2017-07-13 16:12:51');
/*!40000 ALTER TABLE `django_session` ENABLE KEYS */;
UNLOCK TABLES;

--
-- Table structure for table `equipment_armor`
--

DROP TABLE IF EXISTS `equipment_armor`;
/*!40101 SET @saved_cs_client     = @@character_set_client */;
/*!40101 SET character_set_client = utf8 */;
CREATE TABLE `equipment_armor` (
  `gear_ptr_id` int(11) NOT NULL,
  `defense` int(11) NOT NULL,
  `soak` int(11) NOT NULL,
  `hard_points` int(11) NOT NULL,
  PRIMARY KEY (`gear_ptr_id`),
  CONSTRAINT `gear_ptr_id_refs_entry_ptr_id_c67050c1` FOREIGN KEY (`gear_ptr_id`) REFERENCES `equipment_gear` (`entry_ptr_id`)
) ENGINE=InnoDB DEFAULT CHARSET=latin1;
/*!40101 SET character_set_client = @saved_cs_client */;

--
-- Dumping data for table `equipment_armor`
--

LOCK TABLES `equipment_armor` WRITE;
/*!40000 ALTER TABLE `equipment_armor` DISABLE KEYS */;
INSERT INTO `equipment_armor` VALUES (307,0,1,0),(308,0,1,1),(309,1,1,1),(310,0,1,0),(311,0,2,3),(312,0,2,0),(313,1,2,4),(314,2,0,0),(315,0,1,0),(316,0,2,0),(317,0,1,1),(318,1,3,3),(319,0,3,1),(320,1,2,3),(321,0,2,1),(322,1,1,2),(323,0,2,1),(324,0,0,1),(325,0,2,0),(326,0,1,0),(327,1,0,2),(328,1,1,3),(710,0,1,0),(714,0,1,0),(715,0,2,0),(761,0,2,2),(766,0,1,0),(771,0,1,1),(870,0,1,0),(874,0,1,0),(887,0,1,0),(890,1,1,0),(922,1,1,0),(938,1,1,0),(944,1,1,0),(946,0,1,0),(976,0,2,0),(980,1,1,0),(1030,1,2,0),(1037,0,1,0),(1089,1,1,0),(1091,0,1,0),(1093,0,1,0),(1111,0,2,0),(1130,0,1,0),(1180,0,2,0),(1256,0,1,0),(1273,0,2,0),(1297,1,2,0),(1299,0,2,0),(1305,0,2,0),(1327,0,1,0),(1440,1,1,1),(1441,0,1,2),(1442,0,2,0),(1547,0,1,0),(1555,0,2,0),(1562,0,1,0),(1568,0,1,0),(1580,0,1,0),(1595,0,1,0),(1659,0,2,1),(1660,1,1,1),(1661,0,0,0),(1662,0,2,0),(1663,0,4,1),(1664,1,0,2),(1782,2,2,4),(1783,0,1,1),(1888,1,1,2),(1889,1,1,0),(1996,0,1,0),(2012,0,2,0),(2081,0,0,0),(2082,0,0,0),(2083,0,0,0),(2084,0,1,0),(2085,1,1,2),(2086,1,0,0),(2087,0,1,1),(2088,0,0,3),(2089,0,0,0),(2090,1,1,2),(2091,0,1,0),(2092,1,1,0),(2257,0,1,1),(2258,2,2,1),(2259,0,1,2),(2312,1,1,0),(2346,0,2,0),(2395,0,1,0),(2424,0,1,0),(2427,0,2,0),(2428,0,1,0),(2530,1,2,2),(2531,0,1,0),(2586,0,1,0),(2604,1,2,0),(2627,0,1,0),(2634,0,2,0),(2776,0,2,1),(2777,1,2,4),(2778,2,1,3),(2779,0,2,0),(2780,2,2,6),(2781,1,1,0),(2855,0,1,0),(2859,0,1,0),(2866,1,2,0),(2911,0,1,0),(3007,0,1,0),(3010,1,2,0),(3022,0,2,0),(3024,0,1,0),(3029,0,1,0),(3051,0,0,0),(3071,1,2,0),(3074,0,1,0),(3103,1,2,0),(3108,0,2,0),(3118,1,1,0),(3129,1,1,0),(3139,0,1,1),(3140,0,2,1),(3141,0,2,5),(3142,0,2,2),(3285,0,2,0),(3286,0,2,2),(3287,1,0,0),(3288,0,3,0),(3289,0,2,2),(3389,0,2,2),(3390,0,3,3),(3391,0,2,4),(3392,0,1,0),(3393,1,2,5),(3456,1,1,2),(3457,0,2,1),(3458,0,2,1),(3459,1,2,5),(3514,0,1,1),(3515,0,1,1),(3516,0,1,1),(3517,1,1,1),(3586,1,1,0),(3587,0,2,1),(3588,0,1,2);
/*!40000 ALTER TABLE `equipment_armor` ENABLE KEYS */;
UNLOCK TABLES;

--
-- Table structure for table `equipment_attachment`
--

DROP TABLE IF EXISTS `equipment_attachment`;
/*!40101 SET @saved_cs_client     = @@character_set_client */;
/*!40101 SET character_set_client = utf8 */;
CREATE TABLE `equipment_attachment` (
  `gear_ptr_id` int(11) NOT NULL,
  `hard_points` int(11) NOT NULL,
  PRIMARY KEY (`gear_ptr_id`),
  CONSTRAINT `gear_ptr_id_refs_entry_ptr_id_0248c256` FOREIGN KEY (`gear_ptr_id`) REFERENCES `equipment_gear` (`entry_ptr_id`)
) ENGINE=InnoDB DEFAULT CHARSET=latin1;
/*!40101 SET character_set_client = @saved_cs_client */;

--
-- Dumping data for table `equipment_attachment`
--

LOCK TABLES `equipment_attachment` WRITE;
/*!40000 ALTER TABLE `equipment_attachment` DISABLE KEYS */;
INSERT INTO `equipment_attachment` VALUES (329,2),(330,2),(331,1),(332,1),(333,1),(334,1),(335,1),(336,1),(337,2),(338,1),(339,1),(340,1),(341,1),(342,2),(343,1),(344,2),(345,1),(346,2),(347,2),(348,2),(349,1),(350,2),(351,2),(352,1),(353,1),(354,2),(355,1),(356,2),(357,1),(358,1),(359,1),(360,1),(361,2),(362,2),(363,2),(364,1),(365,1),(366,1),(367,2),(368,1),(369,2),(370,1),(371,1),(372,3),(373,2),(374,0),(375,2),(376,1),(377,1),(378,1),(379,1),(380,1),(381,2),(382,1),(383,1),(384,3),(385,1),(386,0),(387,1),(388,1),(389,0),(1251,1),(1694,2),(1695,1),(1696,2),(1697,2),(1698,1),(1699,2),(1700,1),(1784,1),(1785,1),(1786,1),(1906,2),(1907,1),(1908,1),(1909,3),(1916,0),(1917,0),(1918,1),(1919,1),(1920,1),(1921,1),(1922,1),(1923,1),(1924,1),(2141,2),(2142,1),(2143,1),(2144,2),(2260,1),(2261,1),(2537,1),(2538,1),(2539,1),(2540,2),(2541,1),(2542,2),(2543,2),(2544,2),(2545,1),(2546,2),(2547,2),(2548,2),(2549,2),(2550,2),(2551,1),(2552,2),(2553,2),(2554,1),(2555,1),(2737,1),(2738,1),(2739,1),(2740,1),(2741,2),(2807,2),(2808,3),(2809,2),(2810,1),(2811,1),(2812,1),(2813,2),(2814,4),(2815,3),(2816,2),(2817,2),(2818,1),(2819,1),(2820,4),(2821,1),(2822,3),(3172,1),(3173,2),(3174,2),(3175,2),(3176,1),(3177,1),(3178,1),(3179,0),(3180,2),(3181,1),(3182,3),(3183,2),(3184,1),(3185,1),(3186,1),(3187,2),(3188,3),(3189,1),(3190,1),(3191,2),(3192,2),(3220,2),(3221,1),(3223,0),(3224,0),(3225,1),(3226,1),(3227,0),(3228,2),(3229,2),(3230,1),(3231,1),(3232,0),(3233,1),(3306,2),(3307,1),(3308,1),(3309,2),(3310,2),(3311,2),(3312,2),(3313,3),(3394,3),(3395,3),(3396,1),(3397,2),(3452,1),(3453,1),(3460,1),(3461,2),(3462,3),(3463,2),(3464,2),(3465,2),(3466,1),(3481,2),(3485,2),(3486,3),(3487,2),(3550,1),(3551,1),(3552,2),(3553,2),(3554,1),(3555,1),(3556,1),(3557,1),(3558,1),(3559,1),(3560,1),(3561,1),(3562,2),(3563,1),(3564,1),(3565,1),(3566,2),(3603,1),(3604,3),(3605,2),(3606,1),(3607,1),(3608,2),(3609,2),(3610,2);
/*!40000 ALTER TABLE `equipment_attachment` ENABLE KEYS */;
UNLOCK TABLES;

--
-- Table structure for table `equipment_category`
--

DROP TABLE IF EXISTS `equipment_category`;
/*!40101 SET @saved_cs_client     = @@character_set_client */;
/*!40101 SET character_set_client = utf8 */;
CREATE TABLE `equipment_category` (
  `id` int(11) NOT NULL AUTO_INCREMENT,
  `model` int(11) NOT NULL,
  `name` varchar(50) NOT NULL,
  PRIMARY KEY (`id`)
) ENGINE=InnoDB AUTO_INCREMENT=104 DEFAULT CHARSET=latin1;
/*!40101 SET character_set_client = @saved_cs_client */;

--
-- Dumping data for table `equipment_category`
--

LOCK TABLES `equipment_category` WRITE;
/*!40000 ALTER TABLE `equipment_category` DISABLE KEYS */;
INSERT INTO `equipment_category` VALUES (1,2,'Energy'),(2,2,'Slugthrowers'),(3,2,'Melee'),(4,2,'Explosives'),(5,2,'Grenades'),(6,2,'Portable Missiles'),(7,2,'Brawl'),(8,2,'Thrown'),(9,2,'Creature'),(10,2,'Droid'),(11,2,'Other'),(12,1,'Detection Devices'),(13,1,'Medical'),(14,1,'Survival'),(15,1,'Tools'),(16,1,'Communications'),(17,1,'Consumables'),(18,1,'Droids'),(19,1,'Cybernetics'),(20,1,'Recreational'),(21,1,'Security'),(22,1,'Drugs'),(23,3,'Armor'),(24,4,'Weapon'),(25,4,'Armor'),(26,7,'Vehicle Utility'),(27,7,'Vehicle Weapon'),(28,5,'Gravsled'),(29,5,'Speeder Bike'),(30,5,'Skiff'),(31,5,'Airspeeder'),(32,5,'Cloud Car'),(33,5,'Speeder Truck'),(34,5,'Swoop'),(35,5,'Landspeeder'),(36,5,'Mobile Refinery'),(37,5,'Groundcar'),(38,5,'Walker'),(39,5,'Armored Personnel Carrier'),(40,5,'Tunneling Vehicle'),(41,6,'Starfighter'),(42,6,'Patrol Boat'),(43,6,'Shuttle'),(44,6,'Transport'),(45,6,'Freighter'),(46,6,'Yacht'),(47,6,'Corvette'),(48,6,'Frigate'),(49,6,'Scout Ship'),(50,6,'Bulk Freighter'),(51,6,'Light Assault Transport'),(52,6,'Bulk Cruiser'),(53,6,'Cruiser'),(55,6,'Small Transport'),(56,6,'Light Freighter'),(57,6,'Racing Vessel'),(58,5,'Heavy Assault Walker'),(59,1,'Adversary'),(60,1,'Storage'),(61,5,'Reconnaissance Walker'),(62,6,'Light Cruiser'),(63,6,'Armed Transport'),(64,6,'Heavy Cruiser'),(65,6,'Star Destroyer'),(66,6,'Star Battlecruiser'),(67,6,'Heavy Star Cruiser'),(68,6,'Heavy Freighter'),(69,5,'Cargo Skiff'),(70,6,'Escape Pod'),(71,5,'Droid Operated Vehicle'),(72,6,'Droid Operated'),(73,6,'Starliner'),(74,6,'Carrier'),(75,1,'Poison'),(76,5,'Sail Barge'),(77,6,'Assault Starfighter'),(78,6,'Assault Ship'),(79,6,'Space Defense Platform'),(80,5,'Aerial Retreat'),(81,6,'Barge'),(82,5,'Submarine'),(83,2,'Lightsaber'),(84,2,'Lightsaber Hilts'),(85,1,'Ancient Talismans'),(86,4,'Lightsaber'),(87,5,'Wheel Bike'),(88,6,'Destroyer'),(89,1,'Uniforms'),(90,1,'Field Equipment'),(91,6,'Dreadnought'),(92,6,'Battlecruiser'),(93,1,'Scanning and Surveillance'),(95,5,'Heavy Landspeeder'),(96,5,'Heavy Cargo Loader'),(97,6,'Gunship'),(98,2,'Micro-Rockets'),(99,1,'Illegal Equipment'),(100,5,'Podracer'),(101,6,'Courier'),(102,5,'Repulsorsled'),(103,6,'Survey Vessel');
/*!40000 ALTER TABLE `equipment_category` ENABLE KEYS */;
UNLOCK TABLES;

--
-- Table structure for table `equipment_equipment`
--

DROP TABLE IF EXISTS `equipment_equipment`;
/*!40101 SET @saved_cs_client     = @@character_set_client */;
/*!40101 SET character_set_client = utf8 */;
CREATE TABLE `equipment_equipment` (
  `id` int(11) NOT NULL AUTO_INCREMENT,
  `price` int(11) NOT NULL,
  `restricted` tinyint(1) NOT NULL,
  `rarity` int(11) NOT NULL,
  `category_id` int(11) NOT NULL,
  `gear_id` int(11) NOT NULL,
  PRIMARY KEY (`id`),
  KEY `equipment_equipment_6f33f001` (`category_id`),
  KEY `equipment_equipment_1d9dd0a5` (`gear_id`),
  CONSTRAINT `category_id_refs_id_f7d474c3` FOREIGN KEY (`category_id`) REFERENCES `equipment_category` (`id`),
  CONSTRAINT `gear_id_refs_entry_ptr_id_a3d29d51` FOREIGN KEY (`gear_id`) REFERENCES `equipment_gear` (`entry_ptr_id`)
) ENGINE=InnoDB AUTO_INCREMENT=1439 DEFAULT CHARSET=latin1;
/*!40101 SET character_set_client = @saved_cs_client */;

--
-- Dumping data for table `equipment_equipment`
--

LOCK TABLES `equipment_equipment` WRITE;
/*!40000 ALTER TABLE `equipment_equipment` DISABLE KEYS */;
INSERT INTO `equipment_equipment` VALUES (1,25,0,0,16,1),(2,200,0,1,16,2),(3,250,0,4,16,3),(4,35,0,4,17,4),(5,75,1,6,17,5),(6,50,1,6,17,6),(7,10000,0,6,19,7),(8,10000,0,6,19,8),(9,10000,0,6,19,9),(10,7500,0,6,19,10),(11,4000,0,7,19,11),(12,4000,0,7,19,12),(13,5000,0,6,19,13),(14,7500,0,6,19,14),(15,2000,0,4,19,15),(16,1000,0,4,19,16),(17,250,0,1,12,17),(18,500,0,3,12,18),(19,75,0,2,12,19),(20,150,0,3,12,20),(21,100,0,2,12,21),(22,165,1,4,12,22),(23,20,0,1,13,23),(24,4000,0,1,13,24),(25,100,0,1,13,25),(26,400,0,2,13,26),(27,25,0,1,13,27),(28,10,0,1,13,28),(29,10,0,1,13,29),(30,25,0,0,21,30),(31,1000,0,5,21,31),(32,100,0,4,21,32),(33,1000,1,5,21,33),(34,35,0,0,21,34),(35,500,0,4,21,35),(36,25,0,1,14,36),(37,5,0,0,14,37),(38,100,0,1,14,38),(39,300,0,2,14,39),(40,100,0,1,14,40),(41,200,0,1,14,41),(42,50,0,0,60,42),(43,50,0,2,15,43),(44,75,0,1,15,44),(45,25,0,1,15,45),(46,150,0,2,15,46),(47,10,0,0,15,47),(48,4500,0,7,15,48),(49,350,0,2,15,49),(50,25,0,1,15,50),(51,25,0,0,15,51),(52,2000,1,7,22,52),(53,35,1,6,22,53),(54,750,1,6,22,54),(55,10,1,5,22,55),(56,5000,1,8,22,56),(57,100,1,7,22,57),(58,7500,1,10,22,58),(59,500,1,9,22,59),(60,250,1,2,22,60),(61,5,1,1,22,61),(62,20000,1,9,22,62),(63,350,1,8,22,63),(64,1000,1,6,15,64),(65,2500,1,7,15,65),(66,20000,1,9,15,66),(67,6500,0,5,18,67),(68,65000,1,8,18,68),(69,8250,0,3,18,69),(70,7500,0,3,18,70),(71,12000,0,4,18,71),(72,8000,0,4,18,72),(73,9600,0,5,18,73),(74,450,0,4,16,74),(75,2000,0,6,12,75),(76,250,0,3,12,76),(77,300,0,4,12,77),(78,400,0,3,13,78),(79,2200,0,7,13,79),(80,100,0,2,14,80),(81,3,0,1,14,81),(82,40,0,2,14,82),(83,800,0,8,14,83),(84,5,0,0,14,84),(85,7,0,1,14,85),(86,10,0,2,14,86),(87,30,0,2,14,87),(88,20,0,1,14,88),(89,40,0,3,15,89),(90,20,0,1,15,90),(91,60,0,0,60,91),(92,10,0,0,60,92),(93,850,0,6,12,93),(94,950,0,1,12,94),(95,600,0,5,12,95),(96,900,0,5,12,96),(97,450,0,4,13,97),(98,5,0,1,14,98),(99,50,0,5,14,99),(100,200,0,4,14,100),(101,800,0,5,14,101),(102,50,0,1,14,102),(103,500,0,4,14,103),(104,300,0,5,14,104),(105,100,0,3,15,105),(106,75,0,1,60,106),(107,15,0,1,60,107),(108,150,0,5,15,108),(109,125,0,4,15,109),(110,500,0,7,15,110),(111,50,0,0,60,111),(112,150,0,3,15,112),(113,50,0,2,15,113),(114,25,0,2,15,114),(115,10,0,1,15,115),(116,50,0,1,60,116),(117,7500,0,6,18,117),(118,750,0,3,15,118),(119,8900,0,5,18,119),(120,15000,0,7,18,120),(121,10000,0,5,18,121),(122,6000,0,6,18,122),(123,2500,0,6,18,123),(124,1500,0,7,16,124),(125,300,0,4,16,125),(126,1250,0,6,16,126),(127,1000,0,3,16,127),(128,8000,0,6,19,128),(129,10500,0,8,16,129),(130,750,0,5,12,130),(131,500,0,6,15,131),(132,500,0,2,17,132),(133,25,0,2,17,133),(134,1500,0,5,17,134),(135,100,0,4,17,135),(136,8000,0,4,18,136),(137,800,0,3,18,137),(138,3000,0,7,22,138),(139,50,0,6,22,139),(140,200,0,6,22,140),(141,10,0,2,22,141),(142,1500,0,7,15,142),(143,450,0,5,15,143),(144,400,0,4,1,156),(145,200,0,4,1,157),(146,300,0,4,1,158),(147,850,0,5,1,159),(148,900,0,5,1,160),(149,1250,0,7,1,161),(150,700,0,6,1,162),(151,1500,0,6,1,163),(152,6000,1,8,1,164),(153,250,0,3,1,165),(154,2250,1,7,1,166),(155,3000,1,6,1,167),(156,5000,1,6,1,168),(157,100,0,3,2,169),(158,250,0,3,2,170),(159,20,0,2,8,171),(160,20,0,2,8,172),(161,50,0,5,5,173),(162,75,0,4,5,174),(163,2000,1,8,5,175),(164,1000,0,6,11,176),(165,7500,1,8,11,177),(166,25,0,0,7,178),(167,300,0,2,7,179),(168,25,0,1,3,180),(169,500,0,4,3,181),(170,100,0,2,3,182),(171,10000,1,10,3,183),(172,15,0,1,3,184),(173,750,0,5,3,185),(174,250,0,3,3,186),(175,750,0,5,3,187),(176,850,1,6,1,198),(177,750,1,6,1,199),(178,500,0,4,1,200),(179,550,0,5,1,201),(180,890,0,6,1,202),(181,1900,0,6,1,203),(182,1000,1,6,1,204),(183,1100,0,5,1,205),(184,3350,1,7,1,206),(185,6500,1,8,1,207),(186,2000,1,8,11,208),(187,2500,1,6,11,209),(188,2500,1,6,11,210),(189,1250,1,4,11,211),(190,250,0,4,2,212),(191,200,0,4,2,213),(192,65,0,4,5,214),(193,75,1,5,5,215),(194,100,1,5,5,216),(195,75,1,5,5,217),(196,125,0,6,5,218),(197,200,0,8,6,219),(198,75,0,7,6,220),(199,145,1,7,6,221),(200,160,1,8,6,222),(201,350,0,4,7,223),(202,500,1,6,7,224),(203,500,0,4,7,225),(204,400,0,8,3,226),(205,900,0,6,3,227),(206,850,1,5,3,228),(207,3500,1,7,1,229),(208,1000,0,5,1,230),(209,2800,0,4,1,231),(210,1100,0,6,2,232),(211,3000,0,6,2,233),(212,1500,0,5,2,234),(213,100,0,6,5,235),(214,1100,0,4,3,236),(215,750,0,5,11,237),(216,950,0,6,3,238),(217,1500,0,5,3,239),(218,1500,0,7,2,250),(219,150,0,4,1,285),(220,750,0,5,1,286),(221,450,0,4,1,287),(222,1200,0,8,1,288),(223,450,0,5,1,289),(224,600,0,5,1,290),(225,200,0,2,1,291),(226,600,0,4,1,292),(227,150,0,4,2,293),(228,300,0,3,3,294),(229,200,0,5,11,295),(230,200,0,8,11,296),(231,1750,0,7,2,297),(232,375,0,4,3,298),(233,3000,0,5,3,299),(234,1200,0,7,3,300),(235,100,0,6,5,304),(237,500,0,1,23,308),(238,1000,0,6,23,309),(239,50,0,0,23,310),(240,2500,0,5,23,311),(241,500,0,1,23,312),(242,5000,1,7,23,313),(243,10000,0,8,23,314),(244,300,0,2,23,315),(245,2000,0,6,23,316),(246,300,0,2,23,317),(247,9000,1,9,23,318),(248,6500,1,7,23,319),(249,5500,1,7,23,320),(250,750,0,2,23,321),(251,1800,0,6,23,322),(252,3000,0,3,23,323),(253,100,0,2,23,324),(254,300,0,9,23,325),(255,100,0,4,23,326),(256,3000,1,6,23,327),(257,1250,1,6,23,328),(258,1750,0,4,24,329),(259,1500,0,5,24,330),(260,100,0,1,24,331),(261,500,0,4,24,332),(262,250,0,4,24,333),(263,500,0,3,24,334),(264,25,0,0,24,335),(265,250,0,1,24,336),(266,1200,0,4,24,337),(267,1000,0,5,24,338),(268,2000,0,3,24,339),(269,50,0,1,24,340),(270,250,0,4,24,341),(271,1725,0,4,24,342),(272,5000,0,6,24,343),(273,2000,1,5,24,344),(274,250,0,1,24,345),(275,3000,1,5,24,346),(276,250,0,3,24,347),(277,500,0,2,24,348),(278,100,0,0,24,349),(279,250,0,3,24,350),(280,10000,0,8,25,351),(281,1750,0,3,25,352),(282,1000,0,3,25,353),(283,5500,0,4,25,354),(284,1000,0,3,25,355),(285,5500,0,6,25,356),(286,5000,0,6,25,357),(287,1000,0,3,25,358),(288,4000,0,4,26,359),(289,3000,0,6,26,360),(290,2000,0,3,26,361),(291,1000,0,7,26,362),(292,3800,0,5,26,363),(293,1200,0,1,26,364),(294,5300,0,5,26,365),(295,6400,0,1,26,366),(296,5000,0,3,26,367),(297,500,0,7,24,368),(298,275,0,5,24,369),(299,400,0,3,24,370),(300,500,0,5,24,371),(301,3000,0,6,24,372),(302,2500,0,7,25,373),(303,200,0,1,25,374),(304,1000,0,6,25,375),(305,1000,0,4,25,376),(306,3000,0,7,25,377),(307,1500,0,6,25,378),(308,7000,1,5,27,379),(309,10000,1,5,27,380),(310,3000,1,6,27,381),(311,700,1,4,27,382),(312,2750,0,2,26,383),(313,1000,1,4,26,384),(314,6200,0,7,26,385),(315,750,0,0,26,386),(316,500,0,0,26,387),(317,2500,0,0,26,388),(318,1000,0,0,26,389),(319,1225,0,2,28,391),(320,4000,0,2,30,393),(321,10000,0,3,31,394),(322,7500,0,2,31,395),(323,30000,0,5,32,396),(324,18000,0,3,31,397),(325,3000,0,4,29,398),(326,10000,0,2,33,399),(327,6000,0,3,34,400),(328,4500,0,2,35,401),(329,50000,0,7,36,402),(330,3000,0,2,37,403),(331,30000,0,7,38,404),(332,12000,0,5,38,405),(333,20000,0,4,31,406),(334,45000,1,6,31,408),(335,80000,0,6,31,409),(336,60000,0,5,31,410),(337,28000,0,4,32,411),(338,9500,0,6,34,412),(339,2800,0,4,29,413),(340,4800,0,5,34,414),(341,5700,0,4,34,415),(342,30000,0,5,32,416),(343,12000,0,2,31,417),(344,30000,0,4,31,418),(345,45000,0,4,31,419),(346,4500,0,3,29,420),(347,5200,0,4,35,421),(348,5500,0,3,34,422),(349,12500,0,6,39,423),(350,45000,0,7,40,424),(351,30000,0,5,38,425),(352,38000,0,4,41,427),(353,80000,0,4,42,428),(354,55000,0,5,42,429),(355,140000,1,6,43,430),(356,50000,1,4,41,431),(357,80000,0,4,41,432),(358,80000,0,4,41,433),(359,55000,0,4,41,434),(360,150000,0,6,42,435),(361,200000,0,5,44,436),(362,200000,0,6,45,437),(363,180000,0,4,44,438),(364,120000,0,6,46,439),(365,150000,0,4,44,440),(366,210000,0,6,45,441),(367,120000,0,5,45,442),(368,100000,0,4,45,443),(369,130000,0,5,45,444),(370,1500000,1,7,44,445),(371,1200000,0,5,47,446),(372,3200000,0,6,48,447),(373,3000000,1,5,47,448),(374,8500000,1,7,48,449),(375,160000,0,5,45,452),(376,120000,1,5,49,453),(377,700000,0,5,47,454),(378,4000000,1,5,48,455),(379,150000,0,4,50,456),(380,80000,0,6,41,458),(381,84000,0,8,41,459),(382,300000,0,7,51,460),(383,100500,0,9,51,461),(384,380000,0,6,45,462),(385,500000,0,3,44,463),(386,2800000,0,4,52,464),(387,200000000,1,8,53,465),(388,10000000,1,8,48,466),(389,45000,0,6,42,467),(390,135000,0,7,42,468),(391,120000,0,6,42,469),(392,112000,0,8,45,470),(393,200000,0,5,44,471),(394,85000,0,7,45,472),(395,75000,0,5,45,473),(396,120000,0,7,45,474),(397,3750000,0,7,48,475),(398,185000,0,5,46,476),(399,90000,0,7,41,477),(400,5000,0,7,55,478),(401,55000,0,5,41,479),(402,70000,0,5,41,480),(403,60000,0,4,41,481),(404,70000,0,5,42,482),(405,325000,0,6,44,483),(406,150000,0,5,42,484),(407,200000,0,7,45,485),(408,260000,0,7,46,486),(409,160000,0,7,57,487),(410,110000,0,5,45,488),(411,120000,0,5,45,489),(412,2500000,1,6,47,490),(413,125000,0,5,42,491),(414,80000,0,4,42,492),(415,38000,0,4,41,493),(416,400,0,3,21,494),(417,75000,1,5,41,495),(418,120000,0,5,41,496),(419,75000,1,5,38,498),(420,100000,1,5,58,499),(421,110000,1,5,41,500),(512,2500,1,7,21,1225),(513,1000,1,6,21,1226),(514,20000,1,9,21,1227),(515,5,0,0,14,1228),(516,175,0,2,15,1229),(517,25,0,2,15,1230),(518,100,0,3,60,1231),(519,18000,0,3,31,1232),(520,150000,1,5,58,1233),(521,75000,1,5,61,1234),(522,150000,0,6,41,1235),(523,150000,0,6,41,1236),(524,300000,1,8,41,1237),(525,110000,1,5,41,1238),(526,240000,1,7,43,1239),(527,3500000,1,5,47,1240),(528,3400000,0,5,62,1241),(529,200000,0,6,63,1242),(530,4760000,1,7,48,1243),(531,7200000,0,6,64,1244),(532,10400000,1,8,64,1245),(533,15400000,1,8,64,1246),(534,150000000,1,7,65,1247),(535,700000000,1,9,66,1248),(536,50000000,1,6,65,1249),(537,104000000,0,7,67,1250),(538,4800,0,6,26,1251),(539,950000,0,6,68,1340),(540,12000,0,3,69,1347),(541,8500000,1,7,48,1370),(542,5000,0,7,70,1371),(543,15000,0,7,70,1372),(544,80000,1,6,43,1374),(545,15000,1,6,43,1375),(546,25,0,4,1,1429),(547,250,0,4,1,1430),(548,1200,0,6,1,1431),(549,2000,0,5,11,1432),(550,2500,0,8,11,1433),(551,500,0,5,11,1434),(552,2000,0,4,7,1435),(553,300,0,4,3,1436),(554,875,0,6,3,1437),(555,500,0,5,3,1438),(556,200,0,4,3,1439),(557,1850,1,6,23,1440),(558,850,0,4,23,1441),(559,6200,0,7,23,1442),(560,75000,0,7,16,1443),(561,50,0,1,16,1444),(562,450,0,4,21,1445),(563,100,0,4,21,1446),(564,4500000,0,7,14,1447),(565,2000,0,2,14,1448),(566,200000,0,5,14,1449),(567,9000,0,4,14,1450),(568,2500,0,4,15,1451),(569,100,0,2,15,1452),(570,1500,0,4,15,1453),(571,20000,0,10,15,1454),(572,250,0,3,15,1455),(573,9600,1,5,18,1456),(574,9800,1,4,18,1457),(575,900,0,3,18,1458),(576,6500,0,4,18,1459),(577,4000,0,5,18,1460),(578,76000,1,6,31,1471),(579,7500,0,2,35,1472),(580,8000,0,3,69,1473),(581,11000,1,4,35,1474),(582,1700000,0,6,71,1475),(583,35000,1,7,38,1476),(584,28000,0,4,38,1477),(585,200000,0,8,72,1478),(586,110000,0,6,42,1479),(587,140000,0,5,45,1480),(588,70000,0,7,45,1481),(589,90000,0,5,45,1482),(590,80000,0,5,55,1483),(591,210000,0,6,46,1484),(592,780000,0,8,44,1485),(593,25500000,0,7,73,1486),(594,18000,0,5,31,1487),(595,100000,1,7,41,1488),(596,30000,0,5,31,1489),(597,175000000,1,8,65,1490),(598,10000,0,2,35,1491),(599,1900,0,6,1,1654),(600,550,0,3,1,1655),(601,1300,0,7,1,1656),(602,600,0,4,3,1657),(603,1000,0,4,3,1658),(604,3000,0,3,23,1659),(605,1500,0,6,23,1660),(606,250,0,4,23,1661),(607,2500,0,5,23,1662),(608,8500,0,7,23,1663),(609,5500,0,7,23,1664),(610,600,0,3,13,1665),(611,1200,0,5,13,1666),(612,700,0,5,15,1667),(613,1000,0,5,15,1668),(614,100,0,0,15,1669),(615,11000,0,6,18,1670),(616,6500,0,8,18,1671),(617,135000,1,7,38,1674),(618,6500,0,7,35,1675),(619,50000,1,5,35,1676),(620,15000,0,5,31,1677),(621,5500,0,5,34,1678),(622,130000,0,6,31,1679),(623,160000,0,8,41,1680),(624,172000,0,5,41,1681),(625,225000,0,6,41,1682),(626,55000,0,7,41,1683),(627,95000,0,7,41,1684),(628,85000,0,5,41,1685),(629,70000,0,7,41,1686),(630,75000,1,9,41,1687),(631,275000,1,9,41,1688),(632,253000,1,7,41,1689),(633,365000,1,9,41,1690),(634,3500000,1,7,74,1691),(635,1750000,0,6,74,1692),(636,200000000,1,7,74,1693),(637,3000,0,5,26,1694),(638,3500,0,6,27,1695),(639,4500,0,5,26,1696),(640,2500,0,4,26,1697),(641,2200,0,4,26,1698),(642,6500,0,3,27,1699),(643,10000,0,2,26,1700),(644,1000,0,8,1,1767),(645,750,1,6,1,1768),(646,1000,0,6,1,1769),(647,850,0,6,1,1770),(648,1550,0,7,1,1771),(649,350,0,6,2,1772),(650,300,0,5,2,1773),(651,800,0,7,2,1774),(652,1250,0,7,11,1775),(653,50,0,5,5,1776),(654,1000,0,7,3,1777),(655,975,0,6,3,1778),(656,9000,1,10,3,1779),(657,750,0,6,3,1780),(658,1050,0,8,3,1781),(659,25000,1,9,23,1782),(660,2500,0,8,23,1783),(661,400,1,5,24,1784),(662,750,1,5,24,1785),(663,750,0,4,25,1786),(664,2250,0,5,19,1787),(665,2750,0,5,19,1788),(666,2000,0,4,19,1789),(667,250,0,7,19,1790),(668,3750,0,6,19,1791),(669,3500,1,6,19,1792),(670,2500,0,6,19,1793),(671,4750,0,7,19,1794),(672,500,1,6,20,1799),(673,100,1,5,20,1800),(674,300,1,5,21,1801),(675,500,1,6,21,1802),(676,125,1,7,75,1803),(677,100,1,6,75,1804),(678,150,1,7,75,1805),(679,15,0,5,17,1806),(680,20,0,4,22,1807),(681,1750,0,5,22,1808),(682,50,1,4,22,1809),(683,4500,1,5,22,1810),(684,75,1,5,22,1811),(685,8500,1,7,22,1812),(686,100,1,6,22,1813),(687,8500,1,7,22,1814),(688,10000,1,5,15,1815),(689,2500,1,7,15,1816),(691,800,0,6,15,1818),(692,8000,0,4,69,1819),(693,300000,0,6,76,1820),(694,8000,0,3,28,1821),(695,6000,0,3,35,1822),(696,55000,0,4,41,1823),(697,185000,0,6,42,1824),(698,50000,0,4,41,1825),(699,550000,0,6,44,1826),(700,245000,0,6,44,1827),(701,170000,0,6,45,1828),(702,1750000,0,7,46,1829),(703,8300000,0,7,48,1830),(704,120000,0,10,45,1831),(705,120000,0,5,45,1832),(706,30000,0,4,41,1833),(707,135000,1,7,77,1834),(708,140000,1,6,42,1835),(709,160000,0,6,78,1836),(710,98500,0,6,46,1837),(711,69995,0,5,45,1838),(712,130000,0,6,45,1839),(713,85000,0,5,45,1840),(714,250000,0,9,46,1841),(715,275000,0,5,44,1842),(716,80000,0,6,45,1843),(717,95000,0,6,45,1844),(718,26000000,1,9,79,1845),(719,400,0,5,1,1869),(720,350,1,5,1,1870),(721,425,0,4,1,1871),(722,450,0,4,1,1872),(723,4500,0,9,1,1873),(724,1000,0,7,1,1874),(725,900,0,6,1,1875),(726,950,0,6,1,1876),(727,1050,0,5,1,1877),(728,825,1,7,2,1878),(729,550,0,4,2,1879),(730,65,0,7,8,1880),(731,120,0,5,5,1881),(732,850,0,7,11,1882),(733,500,0,4,11,1883),(734,1250,0,5,7,1884),(735,75,0,4,3,1885),(736,1200,0,7,3,1886),(737,250,0,5,3,1887),(738,200,0,3,23,771),(739,8000,1,8,23,1888),(740,1650,0,7,23,1889),(741,700,0,7,19,1890),(742,775,1,3,19,1891),(743,2750,1,5,19,1892),(744,2000,0,5,12,1893),(745,50,1,8,21,1894),(746,2500,0,7,21,1895),(747,1000,0,5,21,1896),(748,2500,1,6,21,1897),(749,1000,1,7,21,1898),(750,800,1,7,15,1899),(751,500,1,6,15,1900),(752,500,0,4,12,1901),(753,125,1,6,22,1902),(754,10000,1,7,22,1903),(755,50,1,6,22,1904),(756,4000,1,6,22,1905),(757,1500,1,6,24,1906),(758,300,0,3,24,1907),(759,450,0,4,24,1908),(760,750,1,5,24,1909),(761,40000,0,6,31,1910),(762,14500,0,3,69,1911),(763,7000,0,5,35,1912),(764,2000,0,3,34,1913),(765,2500,0,3,34,1914),(766,8500,0,5,35,1915),(767,7500,0,6,26,1916),(768,6000,0,5,26,1917),(769,2000,0,5,27,1918),(770,2200,1,4,26,1919),(771,800,0,3,26,1920),(772,3500,1,8,26,1921),(773,750,0,3,26,1922),(774,500,1,3,26,1923),(775,7500,1,7,26,1924),(776,650,0,6,1,2069),(777,500,0,5,1,2070),(778,400,0,5,1,2071),(779,150,0,5,5,2072),(780,100,0,7,5,2073),(781,175,0,8,5,2074),(782,200,0,6,4,2075),(783,750,1,5,3,2076),(784,650,0,7,3,2077),(785,350,0,6,3,2078),(786,350,0,6,3,2079),(787,475,0,6,3,2080),(788,25,0,0,23,2081),(789,30,0,0,23,2082),(790,400,0,6,23,2083),(791,1500,0,8,23,2084),(792,1000,0,6,23,2085),(793,750,0,8,23,2086),(794,525,0,6,23,2087),(795,750,0,7,23,2088),(796,50,0,4,23,2089),(797,3000,1,8,23,2090),(798,500,0,5,23,2091),(799,2000,0,7,23,2092),(800,250,0,5,13,2093),(801,100,0,5,21,2094),(802,175,0,5,21,2095),(803,35,0,3,15,2096),(804,400,0,6,21,2097),(805,150,1,7,21,2098),(806,10000,1,8,15,2099),(807,2000,0,7,15,2100),(808,800,1,7,21,2101),(809,650,1,8,21,2102),(810,25,0,2,15,2103),(811,200,0,4,15,2104),(812,750,1,8,15,2105),(813,275,0,4,15,2106),(814,500,1,7,75,2107),(815,400,0,6,21,2108),(816,750,0,7,15,2109),(817,400,1,6,60,2110),(818,600,0,7,21,2111),(819,150,0,2,15,2112),(820,7750,0,4,18,2113),(821,5500,0,3,18,2114),(822,9000,0,4,18,2115),(823,12000,1,5,18,2116),(824,10000,0,4,18,2117),(825,15000,0,5,18,2118),(826,8500,0,5,18,2119),(827,40000,0,7,35,2132),(828,5500,0,2,35,2133),(829,12500,0,4,31,2134),(830,750000,0,6,80,2135),(831,250000,0,9,46,2136),(832,130000,1,5,43,2137),(833,1000000,0,7,81,2138),(834,140000,0,6,56,2139),(835,110000,1,5,43,2140),(836,75000,0,6,26,2141),(837,2000,0,3,26,2142),(838,6000,1,7,26,2143),(839,25000,1,8,26,2144),(840,150000000,0,7,67,2220),(841,1600,0,6,11,2234),(842,800,0,7,1,2235),(843,400,0,7,1,2236),(844,250,0,6,1,2237),(845,1350,0,5,1,2238),(846,950,0,4,1,2240),(847,1000,1,5,2,2241),(848,15000,0,8,2,2242),(849,30000,0,8,2,2243),(850,45000,0,8,2,2244),(851,2000,0,6,4,2245),(852,100,0,5,4,2246),(853,150,0,6,4,2247),(854,50,0,5,4,2248),(855,150,0,6,4,2249),(856,100,0,5,4,2250),(857,300,0,5,4,2251),(858,400,0,5,4,2252),(859,1500,0,4,3,2253),(860,1000,0,6,3,2254),(861,1500,0,6,3,2255),(862,575,0,3,3,2256),(863,300,0,6,23,2257),(864,15000,0,8,23,2258),(865,3000,0,5,23,2259),(866,1000,0,6,24,2260),(867,500,0,4,24,2261),(868,1400,0,6,16,2262),(869,50,0,6,16,2263),(870,100,0,7,16,2264),(871,250,0,6,16,2265),(872,600,0,4,19,2266),(873,5000,0,6,19,2267),(874,20000,0,8,18,2268),(875,2000,0,5,18,2269),(876,7000,0,3,18,2270),(877,10000,0,4,18,2271),(878,6000,0,5,18,2272),(879,2500,0,6,18,2273),(880,2000,0,6,15,2274),(881,200,0,5,15,2275),(882,250,0,6,15,2276),(883,500,0,6,15,2277),(884,1000,1,5,31,2288),(885,55000,1,5,38,2289),(886,32000,1,6,82,2290),(887,120000,1,9,41,2291),(888,250000,1,9,45,2292),(889,9500000,1,6,48,2293),(890,15500000,1,6,62,2294),(891,40000,0,4,41,2402),(892,200000000,1,8,53,2407),(893,300000,0,7,48,2408),(894,160000,0,7,41,2409),(895,3400000,0,5,62,2411),(896,0,1,5,47,2412),(897,1000,0,7,7,2513),(898,350,0,8,3,2514),(899,900,0,7,3,2515),(900,1350,0,7,3,2516),(901,2500,0,7,3,2517),(902,4500,0,6,3,2519),(903,9300,1,10,83,2520),(904,18600,1,10,83,2521),(905,9600,1,10,83,2522),(906,9300,1,10,83,2523),(908,400,0,6,83,2525),(909,300,0,5,84,2526),(910,600,0,6,84,2527),(911,600,0,7,84,2528),(912,300,0,6,84,2529),(913,4500,1,8,23,2530),(914,150,0,2,23,2531),(915,350,0,2,14,2532),(916,4000,1,10,85,2533),(917,4000,1,10,85,2534),(918,8000,1,10,85,2535),(919,100000,1,10,85,2536),(920,750,1,4,24,2537),(921,500,0,3,24,2538),(922,1500,1,5,24,2539),(923,15000,1,8,86,2540),(924,1000,0,6,86,2541),(925,12000,1,9,86,2542),(926,14000,1,7,86,2543),(927,4500,0,6,86,2544),(928,3800,0,7,86,2545),(929,9000,1,10,86,2546),(930,15000,1,10,86,2547),(931,9600,1,8,86,2548),(932,10000,1,10,86,2549),(933,18000,1,10,86,2550),(934,5000,0,6,86,2551),(935,100,0,6,86,2552),(936,3300,0,5,25,2553),(937,500,0,4,25,2554),(938,750,0,4,25,2555),(939,36000,0,5,32,2556),(940,3500,0,3,35,2557),(941,7000,0,2,33,2558),(942,4500,0,5,29,2559),(943,750,0,5,87,2560),(944,1500,0,2,37,2561),(945,3000,0,3,38,2562),(946,78000,0,6,41,2563),(947,85000,0,8,41,2564),(948,45000,0,6,49,2565),(949,55000,0,5,56,2566),(950,165000,0,6,45,2567),(951,115000,0,6,45,2568),(952,4450000,1,7,88,2569),(953,1000000,0,6,48,2570),(954,7500,0,5,18,2615),(955,90000,1,10,18,2616),(956,9600,1,8,18,2617),(957,13700,1,7,18,2618),(958,1800,0,8,89,2710),(959,100,0,5,89,2711),(960,15,0,4,89,2712),(961,100,0,3,89,2713),(962,8000,1,8,18,2714),(963,4000,0,2,90,2717),(964,550,0,2,90,2718),(965,2750,1,5,90,2719),(966,460000,1,6,90,2720),(967,1750,0,2,90,2721),(968,4900,0,3,90,2722),(969,1200,0,2,90,2723),(970,2200,0,2,90,2724),(971,2000,0,3,90,2725),(972,7500,1,5,90,2726),(973,1000,0,3,90,2727),(974,32000,0,7,31,2728),(975,16000,0,4,35,2729),(976,40000,1,5,35,2730),(977,75000,0,8,38,2731),(978,12300000,0,9,48,2732),(979,9600000,1,8,48,2733),(980,112000000,0,8,67,2734),(981,1100000000,1,10,91,2735),(982,158000000,1,8,92,2736),(983,3500,0,6,26,2737),(984,2500,0,4,26,2738),(985,4200,0,6,26,2739),(986,5000,0,4,26,2740),(987,8500,0,6,26,2741),(988,1350,0,7,1,2760),(989,650,0,5,1,2761),(990,1250,0,7,1,2762),(991,1750,1,8,1,2763),(992,1500,0,8,7,2764),(993,350,0,6,3,2765),(994,1000,0,7,3,2766),(995,150,0,5,3,2767),(996,400,0,6,3,2768),(997,1550,0,7,3,2769),(998,10000,1,10,3,2770),(999,50,0,4,3,2771),(1000,9700,1,10,83,2772),(1001,20000,1,10,83,2773),(1002,700,0,7,84,2774),(1003,2000,0,9,84,2775),(1004,1000,0,5,23,2776),(1005,7500,1,9,23,2777),(1006,12000,1,10,23,2778),(1007,400,1,9,23,2779),(1008,13500,1,7,23,2780),(1009,500,0,5,23,2781),(1010,950,0,4,23,761),(1011,8000,0,7,18,2791),(1012,350,0,5,18,2792),(1013,500,0,4,18,2793),(1014,250,0,7,12,2794),(1015,4000,0,8,12,2795),(1016,400,0,5,13,2796),(1017,20,0,4,13,2797),(1018,300,0,7,21,2798),(1019,100,0,4,21,2799),(1020,100,0,5,21,2800),(1021,100,0,7,14,2801),(1022,150,0,4,14,2802),(1023,1000,1,8,14,2803),(1024,50,0,4,14,2804),(1025,700,1,9,15,2805),(1026,10,1,8,15,2806),(1027,1500,1,8,86,2807),(1028,500,0,5,24,2808),(1029,1000,1,8,24,2809),(1030,200,0,4,24,2810),(1031,250,0,2,24,2811),(1032,800,0,5,24,2812),(1033,6500,1,8,86,2813),(1034,16000,1,4,86,2814),(1035,500,0,2,25,2815),(1036,2500,0,7,25,2816),(1037,900,0,4,25,2817),(1038,750,0,5,25,2818),(1039,650,0,6,25,2819),(1040,2000,0,6,25,2820),(1041,1200,1,6,25,2821),(1042,1750,0,3,25,2822),(1044,20000,0,6,95,2824),(1045,10000,0,6,95,2825),(1046,4000,0,3,96,2826),(1047,15000,0,7,87,2827),(1048,60000,0,7,41,2828),(1049,150000,0,5,41,2829),(1050,210000,0,8,41,2830),(1051,70000,0,5,45,2831),(1052,70000,0,6,50,2832),(1053,145000,0,8,97,2833),(1054,100000,0,9,45,2834),(1055,155000,0,8,56,2835),(1056,250,0,2,3,2847),(1057,5000,0,4,34,2878),(1058,120,0,4,11,2946),(1059,300,0,5,3,2947),(1060,1000,0,7,3,2948),(1061,40,0,4,1,2949),(1062,65,0,6,11,2950),(1063,100,0,7,11,2951),(1064,20,0,7,11,2952),(1065,450,0,5,3,2980),(1066,35,0,3,3,2981),(1067,215,0,8,3,2982),(1068,315,0,8,3,2983),(1069,2000,1,10,22,2984),(1070,650,1,8,22,2985),(1071,120,0,3,22,2986),(1072,500,0,8,89,2987),(1073,1200,0,2,12,2988),(1074,250,0,2,15,2989),(1075,125,0,3,15,2990),(1076,1000,0,10,15,2991),(1077,50,0,4,60,2992),(1078,50000,0,10,85,2993),(1079,6000,0,9,85,2994),(1080,9000,0,8,85,2995),(1081,18000,0,10,85,2996),(1082,2000,0,10,85,2997),(1083,4000,0,10,85,2998),(1084,8000,0,9,85,2999),(1085,20000,1,10,85,3000),(1086,11000,0,10,85,3001),(1087,7500,0,9,85,3002),(1088,25000,1,5,31,3105),(1089,3000,0,8,19,3134),(1090,1000,1,6,19,3135),(1091,1250,1,7,19,3136),(1092,250,0,8,19,3137),(1093,1000,0,6,19,3138),(1094,550,1,8,23,3139),(1095,1175,0,3,23,3140),(1096,3000,0,6,23,3141),(1097,1000,0,4,23,3142),(1098,450,0,4,1,3143),(1099,1000,0,6,1,3144),(1100,180,0,5,3,3145),(1101,300,0,2,11,3146),(1102,250,0,1,11,3147),(1103,200,0,3,11,3148),(1104,900,0,1,11,3149),(1105,500,0,3,11,3150),(1106,1750,0,5,11,3151),(1107,1400,1,6,4,3152),(1108,850,1,6,4,3153),(1109,100,1,3,15,3154),(1110,3000,0,6,15,3155),(1111,250,1,7,15,3156),(1112,1500,0,3,15,3157),(1113,225,0,4,15,3158),(1114,2500,0,8,15,3159),(1115,1500,0,5,15,3160),(1116,250,0,1,15,3161),(1117,0,0,0,11,3164),(1118,0,0,0,15,3165),(1119,400,0,2,18,3168),(1120,700,0,4,18,3169),(1121,900,0,3,18,3170),(1122,1100,0,5,18,3171),(1123,500,0,6,24,3172),(1124,1500,1,6,24,3173),(1125,1000,0,6,24,3174),(1126,675,0,5,24,3175),(1127,100,0,5,24,3176),(1128,650,0,7,24,3177),(1129,750,0,7,24,3178),(1130,250,1,2,24,3179),(1131,400,0,6,24,3180),(1132,1500,0,8,24,3181),(1133,250,0,4,24,3182),(1134,500,0,3,24,3183),(1135,300,0,3,24,3184),(1136,500,0,4,25,3185),(1137,400,0,3,25,3186),(1138,350,0,3,25,3187),(1139,750,0,6,25,3188),(1140,2000,0,7,25,3189),(1141,500,0,3,25,3190),(1142,250,0,2,25,3191),(1143,3000,0,6,25,3192),(1144,30000,0,5,35,3213),(1145,60000,0,6,35,3214),(1146,25000,0,5,31,3215),(1147,60000,0,6,31,3216),(1148,25000,0,7,41,3217),(1149,1300000,0,7,47,3218),(1150,6500000,0,6,52,3219),(1151,3000,0,5,26,3220),(1152,1000,0,5,26,3221),(1154,5000,1,5,26,3223),(1155,1000,0,6,26,3224),(1156,1000,0,3,26,3225),(1157,4000,0,5,26,3226),(1158,7000,0,6,26,3227),(1159,5000,0,6,26,3228),(1160,9500,0,4,26,3229),(1161,12000,1,8,26,3230),(1162,20000,1,7,26,3231),(1163,500,0,4,26,3232),(1164,5000,0,6,26,3233),(1165,8000,0,4,1,3276),(1166,450,0,6,11,3277),(1167,300,0,4,1,3278),(1168,100,0,7,5,3279),(1169,150,0,5,5,3280),(1170,2700,0,6,11,3281),(1171,800,0,7,3,3282),(1172,1500,0,8,3,3283),(1173,1000,0,4,3,3284),(1174,350,0,1,23,3285),(1175,8000,1,10,23,3286),(1176,9500,1,7,23,3287),(1177,2500,0,5,23,3288),(1178,400,0,2,23,3289),(1179,2000,0,4,14,3290),(1180,700,0,4,14,3291),(1181,100,0,1,14,3292),(1182,5250,0,2,93,3293),(1183,450,0,3,93,3294),(1184,4800,0,3,93,3295),(1185,1500,0,4,93,3296),(1186,300,0,3,93,3297),(1187,1200,0,3,15,3298),(1188,250,0,1,15,3299),(1189,6000,0,6,15,3300),(1190,8500,0,4,15,3301),(1191,250,0,2,13,3302),(1192,5000,0,2,13,3303),(1193,5500,0,4,13,3304),(1194,35,0,1,13,3305),(1195,4000,1,9,86,3306),(1196,0,0,0,86,3307),(1197,3000,0,2,86,3308),(1198,750,0,5,86,3309),(1199,0,1,9,86,3310),(1200,0,0,10,86,3311),(1201,16000,1,9,86,3312),(1202,16000,1,9,86,3313),(1203,8500,0,5,18,3314),(1204,5000,0,6,18,3317),(1205,8000,0,7,18,3322),(1206,3500,0,4,18,3324),(1207,7500,0,3,18,3329),(1208,7750,0,6,18,3335),(1209,5400,0,7,18,3340),(1210,35000,0,9,31,3343),(1211,5000,0,5,31,3344),(1212,10000,0,5,82,3345),(1213,10000,0,5,33,3346),(1214,25000,0,4,35,3347),(1215,50000,0,6,38,3348),(1216,100000,0,7,43,3349),(1217,60000,0,7,41,3350),(1218,150000,0,4,50,3351),(1219,157000,0,7,44,3352),(1220,3000000,0,5,62,3353),(1221,0,0,0,70,3354),(1222,2000000,1,10,53,3355),(1223,750000,0,7,49,3356),(1224,650,0,6,1,3369),(1225,900,0,6,1,3370),(1226,1800,0,7,1,3371),(1227,2750,1,6,1,3372),(1228,8000,1,9,1,3373),(1229,2400,0,8,1,3374),(1230,3000,1,7,1,3375),(1231,6750,1,7,1,3376),(1232,9950,1,8,1,3378),(1233,12000,1,6,1,3379),(1234,250,0,4,2,3380),(1235,600,1,5,2,3381),(1236,1500,1,7,2,3382),(1237,3500,1,8,5,3383),(1238,1200,1,6,11,3384),(1239,2000,1,7,11,3385),(1240,550,0,5,3,3386),(1241,750,0,8,3,3387),(1242,600,0,7,3,3388),(1243,2200,1,7,23,3389),(1244,18000,1,8,23,3390),(1245,5000,1,9,23,3391),(1246,1200,0,6,23,3392),(1247,6000,1,8,23,3393),(1248,1250,1,4,24,3394),(1249,1250,1,4,24,3395),(1250,150,0,4,24,3396),(1251,1000,0,5,24,3397),(1252,250,0,4,16,3398),(1253,400,1,3,16,3399),(1254,400,0,7,16,3400),(1255,700,0,5,93,3401),(1256,3000,0,2,93,3402),(1257,25,0,2,13,3403),(1258,5,0,2,13,3404),(1259,50,0,3,13,3405),(1260,300,0,2,14,3406),(1261,20,0,1,14,3407),(1262,500,0,2,14,3408),(1263,300,0,2,14,3409),(1264,10,0,2,60,3410),(1265,500,0,3,60,3411),(1266,250,0,3,60,3412),(1267,500,0,4,60,3413),(1268,3000,0,3,60,3414),(1269,300,0,3,60,3415),(1270,25,0,2,60,3416),(1271,100000,1,4,58,3417),(1272,14500,0,8,61,3418),(1273,10800,0,3,35,3419),(1274,70000,1,4,39,3420),(1275,130000,1,5,39,3421),(1276,65000,1,5,95,3422),(1277,85000,1,4,31,3423),(1278,75000,1,4,31,3424),(1279,50000,0,4,31,3425),(1280,42500,1,5,31,3426),(1281,1500,0,8,1,3441),(1282,1250,0,5,1,3442),(1283,1200,1,7,11,3443),(1284,450,0,5,11,3444),(1285,1000,0,7,11,3445),(1286,300,0,5,98,3446),(1287,150,0,4,98,3447),(1288,175,0,5,98,3448),(1289,175,0,5,98,3449),(1290,100,0,6,98,3450),(1291,500,0,7,98,3451),(1292,50,0,4,24,3452),(1293,25,0,2,24,3453),(1294,500,0,3,3,3454),(1295,750,0,6,3,3455),(1296,7500,0,7,23,3456),(1297,2000,1,9,23,3457),(1298,1000,1,6,23,3458),(1299,6000,1,8,23,3459),(1300,900,0,4,24,3460),(1301,1500,0,5,24,3461),(1302,1200,1,6,24,3462),(1303,300,0,4,25,3463),(1304,800,1,6,25,3464),(1305,1000,0,3,25,3465),(1306,1000,0,7,25,3466),(1307,2000,0,1,15,3467),(1308,500,0,3,15,3468),(1309,2500,0,8,15,3469),(1310,600,0,5,15,3470),(1311,5000,1,6,99,3471),(1312,10000,1,9,99,3472),(1313,2500,0,7,99,3473),(1314,250,0,3,22,3474),(1315,39000,0,7,31,3475),(1316,19500,0,4,35,3476),(1317,160000,0,6,42,3477),(1318,120000,0,9,41,3478),(1319,130000,0,7,42,3479),(1320,65000,0,6,41,3480),(1321,45000,0,7,26,3481),(1322,120000,0,8,56,3482),(1323,132000,0,6,56,3483),(1324,190000,0,8,62,3484),(1325,7500,1,9,26,3485),(1326,3500,0,7,26,3486),(1327,4000,1,6,27,3487),(1328,625,1,7,1,3504),(1329,1600,0,6,1,3505),(1330,1275,0,7,1,3506),(1331,3250,0,8,1,3507),(1332,1600,0,9,11,3508),(1333,650,1,7,11,3509),(1334,9700,1,10,83,3510),(1335,900,0,7,84,3511),(1336,11400,1,10,83,3512),(1337,1500,0,8,83,3513),(1338,550,0,3,23,3514),(1339,2000,0,3,23,3515),(1340,150,0,2,23,3516),(1341,5500,1,8,23,3517),(1342,450,0,1,18,3518),(1343,0,0,0,59,3520),(1344,8100,0,6,18,3522),(1345,0,0,0,3,3523),(1346,41225,1,7,18,3526),(1347,15600,1,8,18,3531),(1348,80,1,7,22,3534),(1349,6400,1,8,22,3535),(1350,300,1,6,22,3536),(1351,24000,1,7,22,3537),(1352,1000,1,7,22,3538),(1353,80000,1,8,22,3539),(1354,350,0,5,93,3540),(1355,500,0,6,93,3541),(1356,1500,1,6,93,3542),(1357,500,0,6,93,3543),(1358,500,1,5,21,3544),(1359,750,1,4,21,3545),(1360,250,0,2,15,3546),(1361,2000,0,4,15,3547),(1362,620,0,3,15,3548),(1363,125,0,1,15,3549),(1364,2000,0,7,86,3550),(1365,500,0,6,86,3551),(1366,750,0,5,86,3552),(1367,4000,0,8,86,3553),(1368,100,0,6,86,3554),(1369,12000,1,9,86,3555),(1370,14000,1,9,86,3556),(1371,2200,0,6,26,3557),(1372,400,0,4,26,3558),(1373,1100,0,5,26,3559),(1374,900,0,3,26,3560),(1375,4000,0,6,26,3561),(1376,4500,0,3,26,3562),(1377,2500,0,3,26,3563),(1378,4200,0,4,26,3564),(1379,1000,0,2,26,3565),(1380,4000,0,5,26,3566),(1381,100000,0,6,43,3567),(1382,3000,0,6,29,3568),(1383,55000,0,8,55,3569),(1384,65000,0,6,101,3570),(1385,1600,0,6,1,3571),(1386,3250,1,7,1,3572),(1387,2800,1,8,1,3573),(1388,500,0,6,2,3574),(1389,500,0,7,11,3575),(1390,50,0,5,11,3576),(1391,60,0,5,11,3577),(1392,30,0,5,11,3578),(1393,60,0,6,11,3579),(1394,775,0,5,11,3580),(1395,100,0,3,3,3581),(1396,610,0,4,3,3582),(1397,490,0,6,3,3583),(1398,700,0,6,3,3584),(1399,550,0,4,3,3585),(1400,2500,0,5,23,3586),(1401,600,0,6,23,3587),(1402,350,0,6,23,3588),(1403,75,0,1,14,3589),(1404,15,0,1,14,3590),(1405,500,0,5,14,3591),(1406,350,0,4,14,3592),(1407,100,0,4,14,3593),(1408,25,0,4,14,3594),(1409,60,0,4,14,3595),(1410,10,0,2,14,3596),(1411,50,0,2,14,3597),(1412,0,0,0,13,3598),(1413,500,0,3,13,3599),(1414,3500,0,8,15,3600),(1415,500,0,6,15,3601),(1416,450,0,3,15,3602),(1417,100,0,2,24,3603),(1418,1200,1,4,24,3604),(1419,1000,0,6,24,3605),(1420,100,1,4,24,3606),(1421,75,0,2,25,3607),(1422,500,0,4,25,3608),(1423,12500,1,8,86,3609),(1424,14000,1,9,86,3610),(1425,25000,0,6,31,3611),(1426,2400,0,6,29,3612),(1427,8000,0,7,28,3613),(1428,8500,0,4,33,3614),(1429,1500,0,4,29,3615),(1430,13500,0,7,35,3616),(1431,5000,0,4,38,3617),(1432,8000,1,8,38,3618),(1433,85000,0,7,41,3619),(1434,60000,0,7,42,3620),(1435,75000,0,4,41,3621),(1436,150000,0,6,49,3622),(1437,70000,0,8,56,3623),(1438,65000,0,6,56,3624);
/*!40000 ALTER TABLE `equipment_equipment` ENABLE KEYS */;
UNLOCK TABLES;

--
-- Table structure for table `equipment_gear`
--

DROP TABLE IF EXISTS `equipment_gear`;
/*!40101 SET @saved_cs_client     = @@character_set_client */;
/*!40101 SET character_set_client = utf8 */;
CREATE TABLE `equipment_gear` (
  `entry_ptr_id` int(11) NOT NULL,
  `encumbrance` int(11) NOT NULL,
  PRIMARY KEY (`entry_ptr_id`),
  CONSTRAINT `entry_ptr_id_refs_id_a0283418` FOREIGN KEY (`entry_ptr_id`) REFERENCES `base_entry` (`id`)
) ENGINE=InnoDB DEFAULT CHARSET=latin1;
/*!40101 SET character_set_client = @saved_cs_client */;

--
-- Dumping data for table `equipment_gear`
--

LOCK TABLES `equipment_gear` WRITE;
/*!40000 ALTER TABLE `equipment_gear` DISABLE KEYS */;
INSERT INTO `equipment_gear` VALUES (1,0),(2,2),(3,0),(4,0),(5,0),(6,0),(7,0),(8,0),(9,0),(10,0),(11,0),(12,0),(13,0),(14,0),(15,0),(16,0),(17,1),(18,2),(19,1),(20,0),(21,0),(22,0),(23,1),(24,12),(25,1),(26,2),(27,0),(28,0),(29,0),(30,0),(31,0),(32,2),(33,1),(34,0),(35,2),(36,1),(37,0),(38,4),(39,5),(40,4),(41,2),(42,0),(43,1),(44,1),(45,1),(46,2),(47,1),(48,2),(49,4),(50,0),(51,0),(52,3),(53,0),(54,3),(55,0),(56,5),(57,0),(58,2),(59,0),(60,3),(61,0),(62,3),(63,0),(64,1),(65,2),(66,1),(67,0),(68,0),(69,0),(70,0),(71,0),(72,0),(73,0),(74,3),(75,1),(76,1),(77,1),(78,2),(79,3),(80,4),(81,0),(82,0),(83,1),(84,0),(85,1),(86,0),(87,3),(88,3),(89,0),(90,1),(91,0),(92,0),(93,6),(94,5),(95,0),(96,4),(97,2),(98,1),(99,1),(100,2),(101,6),(102,0),(103,5),(104,3),(105,1),(106,0),(107,0),(108,1),(109,1),(110,5),(111,0),(112,5),(113,3),(114,1),(115,0),(116,0),(117,0),(118,1),(119,0),(120,0),(121,0),(122,0),(123,0),(124,0),(125,0),(126,3),(127,5),(128,0),(129,5),(130,1),(131,0),(132,20),(133,1),(134,10),(135,1),(136,10),(137,0),(138,5),(139,0),(140,0),(141,0),(142,12),(143,1),(144,0),(151,0),(154,0),(155,0),(156,1),(157,1),(158,1),(159,3),(160,4),(161,5),(162,2),(163,6),(164,9),(165,3),(166,7),(167,2),(168,5),(169,1),(170,5),(171,1),(172,3),(173,1),(174,1),(175,1),(176,6),(177,7),(178,1),(179,0),(180,1),(181,3),(182,3),(183,1),(184,2),(185,4),(186,1),(187,3),(188,0),(189,0),(190,0),(191,0),(192,0),(193,0),(198,2),(199,2),(200,1),(201,2),(202,3),(203,7),(204,2),(205,4),(206,8),(207,10),(208,8),(209,6),(210,6),(211,5),(212,4),(213,2),(214,1),(215,1),(216,1),(217,1),(218,1),(219,0),(220,0),(221,0),(222,0),(223,1),(224,2),(225,2),(226,3),(227,4),(228,4),(229,6),(230,1),(231,6),(232,3),(233,5),(234,5),(235,1),(236,5),(237,4),(238,4),(239,6),(240,0),(241,0),(242,0),(243,0),(244,0),(245,0),(246,0),(247,0),(250,4),(278,0),(284,0),(285,1),(286,2),(287,1),(288,2),(289,1),(290,2),(291,1),(292,3),(293,1),(294,2),(295,3),(296,8),(297,5),(298,2),(299,6),(300,5),(301,0),(302,0),(303,0),(304,1),(307,0),(308,2),(309,3),(310,1),(311,4),(312,2),(313,6),(314,3),(315,3),(316,3),(317,3),(318,3),(319,8),(320,4),(321,2),(322,3),(323,2),(324,0),(325,1),(326,1),(327,4),(328,3),(329,0),(330,0),(331,0),(332,0),(333,0),(334,0),(335,0),(336,0),(337,0),(338,0),(339,0),(340,0),(341,0),(342,0),(343,0),(344,0),(345,0),(346,0),(347,0),(348,0),(349,0),(350,0),(351,0),(352,0),(353,0),(354,0),(355,0),(356,0),(357,0),(358,0),(359,0),(360,0),(361,0),(362,0),(363,0),(364,0),(365,0),(366,0),(367,0),(368,0),(369,0),(370,0),(371,0),(372,3),(373,1),(374,0),(375,0),(376,0),(377,0),(378,0),(379,0),(380,0),(381,0),(382,0),(383,0),(384,0),(385,0),(386,0),(387,0),(388,0),(389,0),(391,55),(393,60),(394,10),(395,12),(396,8),(397,6),(398,5),(399,220),(400,4),(401,15),(402,400),(403,100),(404,15),(405,50),(406,10),(407,0),(408,5),(409,4),(410,8),(411,3),(412,4),(413,10),(414,3),(415,4),(416,8),(417,20),(418,12),(419,25),(420,3),(421,18),(422,0),(423,40),(424,12),(425,100),(426,2),(427,12),(428,40),(429,30),(430,200),(431,4),(432,10),(433,10),(434,8),(435,20),(436,10000),(437,95),(438,1000),(439,100),(440,800),(441,85),(442,850),(443,165),(444,140),(445,10000),(446,2500),(447,300),(448,175),(449,4000),(450,0),(451,8),(452,95),(453,50),(454,750),(455,20),(456,1000),(458,4),(459,8),(460,80),(461,80),(462,80),(463,850),(464,5000),(465,8000),(466,4000),(467,20),(468,40),(469,60),(470,200),(471,2000),(472,120),(473,150),(474,80),(475,2000),(476,50),(477,8),(478,2),(479,4),(480,6),(481,6),(482,12),(483,1000),(484,150),(485,125),(486,90),(487,20),(488,75),(489,100),(490,1000),(491,180),(492,40),(493,12),(494,4),(495,4),(496,10),(497,5),(498,18),(499,100),(500,10),(710,0),(714,0),(715,0),(761,3),(766,0),(771,3),(781,0),(790,0),(810,0),(811,0),(814,0),(817,0),(822,0),(826,0),(830,0),(834,0),(837,0),(840,0),(843,0),(846,0),(852,0),(856,0),(859,0),(861,0),(866,0),(867,0),(868,0),(870,0),(872,0),(874,0),(875,0),(880,0),(883,0),(884,0),(887,0),(890,0),(891,0),(907,0),(913,0),(914,0),(916,0),(919,0),(920,0),(922,0),(924,0),(927,0),(929,0),(938,0),(941,0),(943,0),(944,0),(946,0),(948,0),(954,0),(959,0),(960,0),(965,0),(970,0),(974,0),(976,0),(978,0),(980,0),(984,0),(985,0),(988,0),(989,0),(991,0),(995,0),(996,0),(999,0),(1003,0),(1007,0),(1008,0),(1012,0),(1017,0),(1018,0),(1022,0),(1023,0),(1028,0),(1030,0),(1032,0),(1033,0),(1035,0),(1037,0),(1039,0),(1046,0),(1047,0),(1048,0),(1054,0),(1058,0),(1062,0),(1067,0),(1068,0),(1075,0),(1081,0),(1083,0),(1087,0),(1089,0),(1091,0),(1093,0),(1096,0),(1099,0),(1100,0),(1105,0),(1106,0),(1111,0),(1117,0),(1119,0),(1120,0),(1121,0),(1126,0),(1129,0),(1130,0),(1133,0),(1145,0),(1148,0),(1149,0),(1155,0),(1156,0),(1160,0),(1161,0),(1162,0),(1167,0),(1168,0),(1177,0),(1178,0),(1180,0),(1184,0),(1189,0),(1225,2),(1226,1),(1227,1),(1228,0),(1229,2),(1230,1),(1231,0),(1232,6),(1233,100),(1234,18),(1235,4),(1236,15),(1237,5),(1238,10),(1239,500),(1240,1800),(1241,3200),(1242,1000),(1243,200),(1244,7500),(1245,7500),(1246,6500),(1247,15000),(1248,78000),(1249,6500),(1250,70000),(1251,0),(1253,0),(1254,0),(1256,0),(1260,0),(1261,0),(1263,0),(1265,0),(1269,0),(1272,0),(1273,0),(1277,0),(1279,0),(1281,0),(1282,0),(1283,0),(1291,0),(1295,0),(1297,0),(1298,0),(1299,0),(1301,0),(1302,0),(1304,0),(1305,0),(1308,0),(1313,0),(1317,0),(1320,0),(1323,0),(1327,0),(1329,0),(1331,0),(1332,0),(1333,0),(1335,0),(1337,0),(1338,0),(1340,30000),(1341,0),(1343,0),(1344,0),(1347,250),(1349,0),(1351,0),(1352,0),(1355,0),(1359,0),(1360,0),(1361,0),(1365,0),(1370,3500),(1371,10),(1372,50),(1374,150),(1375,8),(1376,0),(1377,0),(1379,0),(1380,0),(1429,1),(1430,1),(1431,4),(1432,4),(1433,4),(1434,2),(1435,0),(1436,5),(1437,2),(1438,1),(1439,2),(1440,3),(1441,2),(1442,1),(1443,15),(1444,0),(1445,4),(1446,1),(1447,10000),(1448,12),(1449,300),(1450,45),(1451,10),(1452,5),(1453,5),(1454,5),(1455,1),(1456,0),(1457,0),(1458,0),(1459,0),(1460,0),(1461,0),(1466,0),(1467,0),(1471,12),(1472,20),(1473,80),(1474,20),(1475,200),(1476,10),(1477,12),(1478,0),(1479,18),(1480,800),(1481,75),(1482,150),(1483,70),(1484,80),(1485,10000),(1486,3200),(1487,6),(1488,4),(1489,8),(1490,12500),(1491,30),(1496,0),(1502,0),(1504,0),(1507,0),(1516,0),(1519,0),(1522,0),(1532,0),(1533,0),(1534,0),(1535,0),(1536,0),(1537,0),(1538,0),(1539,0),(1540,0),(1547,0),(1549,0),(1554,0),(1555,0),(1557,0),(1562,0),(1566,0),(1567,0),(1568,0),(1569,0),(1571,0),(1573,0),(1577,0),(1579,0),(1580,0),(1582,0),(1583,0),(1585,0),(1586,0),(1587,0),(1588,0),(1590,0),(1591,0),(1593,0),(1595,0),(1599,0),(1601,0),(1602,0),(1654,1),(1655,3),(1656,3),(1657,3),(1658,4),(1659,2),(1660,3),(1661,2),(1662,4),(1663,7),(1664,5),(1665,3),(1666,2),(1667,5),(1668,1),(1669,1),(1670,0),(1671,0),(1674,25),(1675,10),(1676,12),(1677,6),(1678,3),(1679,100),(1680,8),(1681,12),(1682,15),(1683,6),(1684,5),(1685,6),(1686,5),(1687,7),(1688,6),(1689,10),(1690,8),(1691,9000),(1692,5000),(1693,28000),(1694,0),(1695,0),(1696,0),(1697,0),(1698,0),(1699,0),(1700,0),(1706,0),(1712,0),(1713,0),(1716,0),(1720,0),(1725,0),(1729,0),(1735,0),(1738,0),(1741,0),(1745,0),(1749,0),(1753,0),(1756,0),(1761,0),(1765,0),(1767,1),(1768,2),(1769,3),(1770,5),(1771,3),(1772,2),(1773,0),(1774,4),(1775,4),(1776,1),(1777,5),(1778,3),(1779,3),(1780,1),(1781,3),(1782,6),(1783,1),(1784,0),(1785,0),(1786,0),(1787,0),(1788,0),(1789,0),(1790,0),(1791,0),(1792,0),(1793,0),(1794,0),(1799,1),(1800,1),(1801,1),(1802,2),(1803,0),(1804,0),(1805,0),(1806,1),(1807,1),(1808,25),(1809,1),(1810,25),(1811,1),(1812,25),(1813,1),(1814,25),(1815,1),(1816,12),(1818,1),(1819,250),(1820,1000),(1821,20),(1822,15),(1823,4),(1824,20),(1825,6),(1826,200),(1827,120),(1828,600),(1829,800),(1830,3500),(1831,100),(1832,170),(1833,8),(1834,8),(1835,140),(1836,60),(1837,65),(1838,85),(1839,100),(1840,200),(1841,60),(1842,5000),(1843,160),(1844,160),(1845,20000),(1869,1),(1870,1),(1871,1),(1872,1),(1873,2),(1874,3),(1875,5),(1876,4),(1877,1),(1878,1),(1879,3),(1880,1),(1881,1),(1882,2),(1883,3),(1884,2),(1885,1),(1886,2),(1887,1),(1888,2),(1889,3),(1890,0),(1891,0),(1892,0),(1893,10),(1894,1),(1895,5),(1896,12),(1897,2),(1898,0),(1899,0),(1900,0),(1901,1),(1902,0),(1903,5),(1904,0),(1905,3),(1906,0),(1907,0),(1908,0),(1909,0),(1910,12),(1911,75),(1912,25),(1913,5),(1914,15),(1915,12),(1916,0),(1917,0),(1918,0),(1919,0),(1920,0),(1921,0),(1922,0),(1923,0),(1924,0),(1927,0),(1938,0),(1940,0),(1945,0),(1951,0),(1957,0),(1963,0),(1964,0),(1967,0),(1968,0),(1972,0),(1976,0),(1977,0),(1982,0),(1984,0),(1986,0),(1988,0),(1989,0),(1990,0),(1993,0),(1996,0),(2002,600),(2003,0),(2004,0),(2005,0),(2008,0),(2009,0),(2011,0),(2012,0),(2016,0),(2023,0),(2024,0),(2030,0),(2034,0),(2035,0),(2043,0),(2044,0),(2069,1),(2070,1),(2071,1),(2072,1),(2073,1),(2074,1),(2075,1),(2076,1),(2077,2),(2078,3),(2079,1),(2080,2),(2081,0),(2082,1),(2083,2),(2084,3),(2085,3),(2086,2),(2087,2),(2088,1),(2089,0),(2090,4),(2091,2),(2092,2),(2093,1),(2094,1),(2095,0),(2096,0),(2097,6),(2098,0),(2099,0),(2100,0),(2101,0),(2102,2),(2103,0),(2104,4),(2105,0),(2106,1),(2107,0),(2108,1),(2109,0),(2110,2),(2111,2),(2112,2),(2113,0),(2114,0),(2115,0),(2116,0),(2117,0),(2118,0),(2119,0),(2122,0),(2132,30),(2133,20),(2134,15),(2135,250),(2136,60),(2137,300),(2138,180),(2139,150),(2140,250),(2141,0),(2142,0),(2143,0),(2144,0),(2146,0),(2150,0),(2153,0),(2157,0),(2158,0),(2160,0),(2162,0),(2164,0),(2169,0),(2170,0),(2174,0),(2177,0),(2178,0),(2179,0),(2182,0),(2185,0),(2188,0),(2193,0),(2204,0),(2207,0),(2211,0),(2215,0),(2218,0),(2220,20000),(2222,0),(2234,3),(2235,2),(2236,1),(2237,1),(2238,5),(2239,0),(2240,2),(2241,3),(2242,1),(2243,3),(2244,4),(2245,4),(2246,1),(2247,1),(2248,1),(2249,1),(2250,1),(2251,1),(2252,1),(2253,2),(2254,3),(2255,4),(2256,1),(2257,1),(2258,8),(2259,3),(2260,0),(2261,0),(2262,4),(2263,1),(2264,2),(2265,1),(2266,0),(2267,0),(2268,0),(2269,0),(2270,0),(2271,0),(2272,0),(2273,0),(2274,2),(2275,1),(2276,1),(2277,1),(2278,0),(2279,0),(2281,0),(2283,0),(2288,2),(2289,10),(2290,4),(2291,6),(2292,120),(2293,3500),(2294,5000),(2296,0),(2297,0),(2299,0),(2300,0),(2307,0),(2309,0),(2312,0),(2317,0),(2319,0),(2323,0),(2326,0),(2327,0),(2331,0),(2333,0),(2336,0),(2337,0),(2339,0),(2346,0),(2355,0),(2360,0),(2361,0),(2364,0),(2368,0),(2372,0),(2374,0),(2375,0),(2377,0),(2379,0),(2380,0),(2385,0),(2391,0),(2393,0),(2395,0),(2398,0),(2402,12),(2403,0),(2405,0),(2407,8000),(2408,10000),(2409,12),(2411,3200),(2412,175),(2413,0),(2416,0),(2418,0),(2420,0),(2424,0),(2426,0),(2427,0),(2428,0),(2513,3),(2514,3),(2515,4),(2516,3),(2517,4),(2519,4),(2520,1),(2521,2),(2522,3),(2523,1),(2525,1),(2526,1),(2527,2),(2528,3),(2529,1),(2530,5),(2531,1),(2532,5),(2533,1),(2534,1),(2535,1),(2536,1),(2537,0),(2538,0),(2539,0),(2540,0),(2541,0),(2542,0),(2543,0),(2544,0),(2545,0),(2546,0),(2547,0),(2548,0),(2549,0),(2550,0),(2551,0),(2552,0),(2553,0),(2554,0),(2555,0),(2556,10),(2557,10),(2558,135),(2559,15),(2560,5),(2561,20),(2562,200),(2563,4),(2564,8),(2565,45),(2566,80),(2567,90),(2568,100),(2569,250),(2570,1800),(2578,0),(2579,0),(2582,0),(2584,0),(2586,0),(2590,0),(2595,0),(2597,0),(2601,0),(2604,0),(2606,0),(2607,0),(2608,0),(2611,0),(2612,0),(2613,0),(2615,0),(2616,0),(2617,0),(2618,0),(2619,0),(2627,0),(2629,0),(2631,0),(2633,0),(2634,0),(2638,0),(2642,0),(2646,0),(2650,0),(2654,0),(2655,0),(2659,0),(2663,0),(2664,0),(2668,0),(2676,0),(2680,0),(2682,0),(2685,0),(2686,0),(2688,0),(2691,0),(2693,0),(2710,0),(2711,1),(2712,0),(2713,1),(2714,0),(2717,0),(2718,0),(2719,0),(2720,0),(2721,0),(2722,0),(2723,0),(2724,0),(2725,0),(2726,0),(2727,0),(2728,5),(2729,40),(2730,20),(2731,5),(2732,10000),(2733,3700),(2734,85000),(2735,145000),(2736,12500),(2737,0),(2738,0),(2739,0),(2740,0),(2741,0),(2760,4),(2761,2),(2762,3),(2763,1),(2764,1),(2765,2),(2766,1),(2767,1),(2768,1),(2769,1),(2770,3),(2771,1),(2772,1),(2773,2),(2774,1),(2775,2),(2776,4),(2777,6),(2778,4),(2779,6),(2780,4),(2781,3),(2784,0),(2785,0),(2787,0),(2789,0),(2791,10),(2792,1),(2793,1),(2794,3),(2795,1),(2796,1),(2797,1),(2798,1),(2799,0),(2800,0),(2801,0),(2802,5),(2803,0),(2804,1),(2805,2),(2806,3),(2807,0),(2808,0),(2809,0),(2810,1),(2811,0),(2812,1),(2813,0),(2814,0),(2815,2),(2816,1),(2817,2),(2818,0),(2819,0),(2820,4),(2821,0),(2822,1),(2824,20),(2825,20),(2826,50),(2827,5),(2828,10),(2829,20),(2830,5),(2831,170),(2832,200),(2833,90),(2834,90),(2835,200),(2841,0),(2845,0),(2847,2),(2848,0),(2851,0),(2852,0),(2855,0),(2857,0),(2859,0),(2860,0),(2862,0),(2866,0),(2867,0),(2868,0),(2872,0),(2874,0),(2875,0),(2878,3),(2884,0),(2889,0),(2890,0),(2896,0),(2898,0),(2899,0),(2903,0),(2909,165),(2911,0),(2915,0),(2917,0),(2921,0),(2925,0),(2928,0),(2929,0),(2934,0),(2939,0),(2944,0),(2946,5),(2947,3),(2948,4),(2949,1),(2950,1),(2951,2),(2952,0),(2954,0),(2955,0),(2960,0),(2961,0),(2964,0),(2967,0),(2970,0),(2971,0),(2974,0),(2977,0),(2978,0),(2980,3),(2981,2),(2982,4),(2983,4),(2984,0),(2985,0),(2986,0),(2987,0),(2988,0),(2989,1),(2990,2),(2991,0),(2992,0),(2993,0),(2994,0),(2995,0),(2996,0),(2997,0),(2998,0),(2999,0),(3000,0),(3001,0),(3002,0),(3004,0),(3006,0),(3007,0),(3009,0),(3010,0),(3011,0),(3012,0),(3015,0),(3018,0),(3020,0),(3021,0),(3022,0),(3024,0),(3025,0),(3026,0),(3028,0),(3029,0),(3032,0),(3036,0),(3040,0),(3043,0),(3047,0),(3050,0),(3051,0),(3053,0),(3054,0),(3055,0),(3059,0),(3060,0),(3063,0),(3066,0),(3068,0),(3070,0),(3071,0),(3073,0),(3074,0),(3075,0),(3078,0),(3079,0),(3082,0),(3083,0),(3085,0),(3093,0),(3095,0),(3096,0),(3099,0),(3101,0),(3102,0),(3103,0),(3105,15),(3106,0),(3107,0),(3108,0),(3110,0),(3113,0),(3117,0),(3118,0),(3124,0),(3125,0),(3127,0),(3128,0),(3129,0),(3131,0),(3134,0),(3135,0),(3136,0),(3137,0),(3138,0),(3139,4),(3140,5),(3141,5),(3142,7),(3143,1),(3144,3),(3145,1),(3146,8),(3147,2),(3148,5),(3149,4),(3150,5),(3151,4),(3152,4),(3153,3),(3154,1),(3155,12),(3156,2),(3157,30),(3158,4),(3159,3),(3160,10),(3161,3),(3164,0),(3165,0),(3168,0),(3169,0),(3170,0),(3171,0),(3172,0),(3173,0),(3174,0),(3175,0),(3176,0),(3177,0),(3178,0),(3179,0),(3180,2),(3181,0),(3182,-1),(3183,2),(3184,1),(3185,0),(3186,0),(3187,0),(3188,0),(3189,0),(3190,0),(3191,0),(3192,0),(3213,350),(3214,400),(3215,230),(3216,1000),(3217,10),(3218,1000),(3219,5000),(3220,0),(3221,0),(3223,0),(3224,0),(3225,0),(3226,0),(3227,0),(3228,0),(3229,0),(3230,0),(3231,0),(3232,0),(3233,0),(3276,4),(3277,2),(3278,1),(3279,1),(3280,1),(3281,4),(3282,1),(3283,1),(3284,2),(3285,6),(3286,5),(3287,0),(3288,2),(3289,3),(3290,3),(3291,2),(3292,4),(3293,2),(3294,1),(3295,2),(3296,1),(3297,1),(3298,1),(3299,1),(3300,1),(3301,1),(3302,2),(3303,1),(3304,3),(3305,1),(3306,0),(3307,0),(3308,0),(3309,0),(3310,0),(3311,0),(3312,0),(3313,0),(3314,0),(3317,0),(3318,0),(3320,0),(3322,0),(3324,0),(3325,0),(3326,0),(3327,0),(3329,0),(3331,0),(3332,0),(3333,0),(3334,0),(3335,0),(3337,0),(3338,0),(3340,0),(3343,20),(3344,5),(3345,20),(3346,100),(3347,25),(3348,100),(3349,80),(3350,30),(3351,8500),(3352,400),(3353,4000),(3354,5),(3355,300),(3356,2500),(3369,1),(3370,2),(3371,5),(3372,5),(3373,6),(3374,6),(3375,6),(3376,8),(3378,8),(3379,25),(3380,1),(3381,4),(3382,3),(3383,1),(3384,2),(3385,6),(3386,1),(3387,3),(3388,2),(3389,3),(3390,4),(3391,4),(3392,0),(3393,5),(3394,0),(3395,0),(3396,0),(3397,0),(3398,0),(3399,0),(3400,1),(3401,4),(3402,2),(3403,0),(3404,0),(3405,1),(3406,2),(3407,1),(3408,10),(3409,3),(3410,0),(3411,2),(3412,3),(3413,2),(3414,2),(3415,3),(3416,0),(3417,40),(3418,9),(3419,20),(3420,55),(3421,40),(3422,25),(3423,30),(3424,15),(3425,20),(3426,16),(3441,5),(3442,6),(3443,4),(3444,2),(3445,5),(3446,1),(3447,1),(3448,1),(3449,1),(3450,1),(3451,3),(3452,0),(3453,0),(3454,3),(3455,2),(3456,6),(3457,4),(3458,4),(3459,6),(3460,0),(3461,0),(3462,3),(3463,4),(3464,3),(3465,0),(3466,0),(3467,1),(3468,0),(3469,2),(3470,0),(3471,10),(3472,1),(3473,1),(3474,0),(3475,30),(3476,20),(3477,20),(3478,2),(3479,25),(3480,7),(3481,0),(3482,60),(3483,200),(3484,1800),(3485,0),(3486,0),(3487,0),(3504,2),(3505,3),(3506,6),(3507,4),(3508,3),(3509,1),(3510,1),(3511,1),(3512,1),(3513,1),(3514,1),(3515,2),(3516,1),(3517,2),(3518,0),(3520,0),(3522,0),(3523,0),(3525,0),(3526,0),(3528,0),(3529,0),(3530,0),(3531,0),(3532,0),(3534,0),(3535,5),(3536,0),(3537,5),(3538,0),(3539,5),(3540,1),(3541,1),(3542,0),(3543,4),(3544,1),(3545,1),(3546,2),(3547,4),(3548,1),(3549,1),(3550,0),(3551,0),(3552,0),(3553,0),(3554,0),(3555,0),(3556,0),(3557,0),(3558,0),(3559,0),(3560,0),(3561,0),(3562,0),(3563,0),(3564,0),(3565,3),(3566,10),(3567,100),(3568,2),(3569,6),(3570,15),(3571,4),(3572,4),(3573,4),(3574,5),(3575,4),(3576,0),(3577,0),(3578,0),(3579,0),(3580,4),(3581,2),(3582,5),(3583,4),(3584,1),(3585,2),(3586,4),(3587,4),(3588,3),(3589,0),(3590,0),(3591,0),(3592,0),(3593,3),(3594,0),(3595,2),(3596,0),(3597,1),(3598,2),(3599,2),(3600,1),(3601,6),(3602,2),(3603,0),(3604,1),(3605,0),(3606,0),(3607,0),(3608,0),(3609,0),(3610,0),(3611,15),(3612,9),(3613,20),(3614,40),(3615,5),(3616,35),(3617,25),(3618,7),(3619,10),(3620,65),(3621,6),(3622,250),(3623,100),(3624,50);
/*!40000 ALTER TABLE `equipment_gear` ENABLE KEYS */;
UNLOCK TABLES;

--
-- Table structure for table `equipment_rangeband`
--

DROP TABLE IF EXISTS `equipment_rangeband`;
/*!40101 SET @saved_cs_client     = @@character_set_client */;
/*!40101 SET character_set_client = utf8 */;
CREATE TABLE `equipment_rangeband` (
  `id` int(11) NOT NULL AUTO_INCREMENT,
  `range_band` int(11) NOT NULL,
  `name` varchar(50) NOT NULL,
  PRIMARY KEY (`id`)
) ENGINE=InnoDB AUTO_INCREMENT=12 DEFAULT CHARSET=latin1;
/*!40101 SET character_set_client = @saved_cs_client */;

--
-- Dumping data for table `equipment_rangeband`
--

LOCK TABLES `equipment_rangeband` WRITE;
/*!40000 ALTER TABLE `equipment_rangeband` DISABLE KEYS */;
INSERT INTO `equipment_rangeband` VALUES (1,1,'Engaged'),(2,1,'Short'),(3,1,'Medium'),(4,1,'Long'),(5,1,'Extreme'),(6,2,'Close'),(7,2,'Short'),(8,2,'Medium'),(9,2,'Long'),(10,2,'Extreme'),(11,2,'None');
/*!40000 ALTER TABLE `equipment_rangeband` ENABLE KEYS */;
UNLOCK TABLES;

--
-- Table structure for table `equipment_skill`
--

DROP TABLE IF EXISTS `equipment_skill`;
/*!40101 SET @saved_cs_client     = @@character_set_client */;
/*!40101 SET character_set_client = utf8 */;
CREATE TABLE `equipment_skill` (
  `id` int(11) NOT NULL AUTO_INCREMENT,
  `skill` int(11) NOT NULL,
  `name` varchar(50) NOT NULL,
  PRIMARY KEY (`id`)
) ENGINE=InnoDB AUTO_INCREMENT=7 DEFAULT CHARSET=latin1;
/*!40101 SET character_set_client = @saved_cs_client */;

--
-- Dumping data for table `equipment_skill`
--

LOCK TABLES `equipment_skill` WRITE;
/*!40000 ALTER TABLE `equipment_skill` DISABLE KEYS */;
INSERT INTO `equipment_skill` VALUES (1,1,'Brawl'),(2,1,'Melee'),(3,1,'Ranged [Light]'),(4,1,'Ranged [Heavy]'),(5,1,'Gunnery'),(6,1,'Lightsaber');
/*!40000 ALTER TABLE `equipment_skill` ENABLE KEYS */;
UNLOCK TABLES;

--
-- Table structure for table `equipment_weapon`
--

DROP TABLE IF EXISTS `equipment_weapon`;
/*!40101 SET @saved_cs_client     = @@character_set_client */;
/*!40101 SET character_set_client = utf8 */;
CREATE TABLE `equipment_weapon` (
  `gear_ptr_id` int(11) NOT NULL,
  `weapon_skill` int(11) NOT NULL,
  `damage` int(11) NOT NULL,
  `critical` int(11) NOT NULL,
  `weapon_range` int(11) NOT NULL,
  `hard_points` int(11) NOT NULL,
  `special` varchar(200) DEFAULT NULL,
  PRIMARY KEY (`gear_ptr_id`),
  KEY `equipment_weapon_85a9a3f0` (`weapon_skill`),
  KEY `equipment_weapon_2a595e10` (`weapon_range`),
  CONSTRAINT `gear_ptr_id_refs_entry_ptr_id_b2a90fae` FOREIGN KEY (`gear_ptr_id`) REFERENCES `equipment_gear` (`entry_ptr_id`)
) ENGINE=InnoDB DEFAULT CHARSET=latin1;
/*!40101 SET character_set_client = @saved_cs_client */;

--
-- Dumping data for table `equipment_weapon`
--

LOCK TABLES `equipment_weapon` WRITE;
/*!40000 ALTER TABLE `equipment_weapon` DISABLE KEYS */;
INSERT INTO `equipment_weapon` VALUES (144,3,6,3,3,0,''),(151,1,2,4,1,0,''),(154,3,4,6,3,0,'Worn out'),(155,4,7,3,4,0,'Worn out'),(156,3,6,3,3,3,''),(157,3,5,4,2,1,''),(158,3,5,4,3,2,''),(159,4,9,3,3,4,''),(160,4,9,3,4,4,''),(161,4,10,3,3,2,''),(162,3,7,3,3,3,''),(163,4,10,3,4,4,''),(164,5,15,2,4,4,''),(165,3,10,5,2,3,''),(166,4,11,3,4,4,''),(167,3,10,2,2,2,''),(168,4,10,2,4,4,''),(169,3,4,5,2,0,''),(170,4,7,5,3,1,''),(171,3,2,0,2,2,''),(172,3,2,0,2,2,''),(173,3,8,4,2,0,''),(174,3,8,0,2,0,''),(175,3,20,2,2,0,''),(176,4,8,2,2,2,''),(177,5,20,2,5,4,''),(178,1,1,4,1,0,''),(179,1,0,5,1,1,''),(180,2,1,3,1,0,''),(181,2,3,2,1,3,''),(182,2,2,3,1,0,''),(183,6,10,1,1,0,''),(184,2,2,5,1,0,''),(185,2,3,2,1,3,''),(186,2,1,2,1,2,''),(187,2,2,2,1,3,''),(188,3,7,0,2,0,''),(189,3,6,0,2,0,''),(190,3,1,0,2,0,''),(191,4,7,3,3,0,''),(192,3,8,3,3,0,'Hutt only'),(193,3,5,4,2,0,''),(198,3,8,3,3,2,''),(199,3,5,3,3,2,''),(200,3,6,3,3,4,''),(201,3,6,2,3,3,''),(202,4,6,3,2,3,''),(203,4,10,3,4,4,''),(204,3,6,3,3,3,''),(205,4,9,3,3,3,''),(206,5,12,3,4,4,''),(207,5,15,3,5,4,''),(208,5,9,2,2,3,''),(209,5,8,3,3,4,''),(210,5,10,2,3,4,''),(211,5,8,4,3,3,''),(212,4,6,5,2,1,''),(213,3,5,4,2,1,''),(214,3,10,5,2,0,''),(215,3,8,3,2,0,''),(216,3,10,5,2,0,''),(217,3,9,4,2,0,''),(218,3,12,3,2,0,''),(219,5,14,4,5,0,''),(220,5,12,4,5,0,''),(221,5,10,3,5,0,''),(222,5,16,3,3,0,''),(223,1,1,2,1,0,''),(224,1,4,4,1,0,''),(225,1,1,3,1,1,''),(226,2,2,2,1,3,''),(227,2,3,2,1,3,''),(228,2,2,3,1,3,''),(229,4,10,3,5,3,''),(230,3,5,4,4,3,''),(231,4,10,0,4,4,''),(232,4,6,0,4,3,''),(233,4,8,3,5,4,''),(234,4,8,4,2,4,''),(235,3,0,0,2,0,'Blast -'),(236,8,5,4,1,2,''),(237,4,3,0,2,2,''),(238,2,3,3,1,2,''),(239,2,4,2,1,3,''),(240,1,3,5,1,0,''),(241,4,9,3,3,0,''),(242,3,5,4,2,0,''),(243,1,2,5,1,0,''),(244,3,8,0,2,0,''),(245,2,3,4,1,0,''),(246,3,6,3,3,0,''),(247,2,3,2,1,0,''),(250,4,5,3,3,2,''),(278,2,3,4,1,0,'Automatic [T] to all checks with weapon'),(284,2,2,4,1,0,''),(285,3,5,4,3,1,''),(286,3,9,2,2,2,''),(287,3,5,3,3,2,''),(288,3,7,2,3,3,''),(289,3,5,3,3,3,''),(290,3,7,4,3,2,''),(291,3,5,3,2,1,''),(292,4,8,4,4,4,''),(293,3,4,5,2,0,''),(294,2,2,3,1,1,''),(295,4,5,5,3,1,''),(296,4,8,3,2,2,''),(297,4,7,5,4,2,''),(298,2,2,0,1,2,''),(299,8,9,2,1,0,''),(300,2,3,3,1,3,''),(301,4,8,3,2,0,''),(302,2,3,5,1,0,''),(303,2,4,5,1,0,''),(304,3,16,3,2,0,''),(781,2,0,2,1,0,''),(837,1,3,5,1,0,'-'),(840,1,1,4,1,0,'Ensnare 4, Knockdown'),(843,1,9,3,2,0,'Knockdown, Sunder'),(846,1,3,4,1,0,'Knockdown, Disorient 1'),(852,3,6,3,3,0,'may be drawn as an Incidental'),(856,2,3,0,1,0,''),(859,2,4,4,1,0,''),(861,1,1,4,1,0,''),(880,2,0,4,1,0,''),(891,3,6,3,3,0,''),(919,3,3,0,2,0,'Pierce 1, Stun Damage'),(920,1,1,0,1,0,'Pierce 1'),(927,3,0,0,2,0,''),(929,6,10,1,1,0,''),(943,2,2,2,1,0,''),(954,1,2,3,1,0,'Pierce 2'),(959,1,1,4,1,0,'Sunder, Vicious 1'),(960,1,4,4,1,0,'-'),(965,1,3,5,1,0,'Knockdown, Pierce 3'),(970,1,0,6,1,0,'-'),(974,1,6,4,1,0,'Vicious 2, Sunder'),(984,1,1,5,1,0,'Pierce 1'),(985,1,0,5,1,0,'Burn 2, Disorient 3, Slow-Firing 1'),(988,1,5,4,1,0,'Pierce 3, Sunder'),(989,1,7,3,1,0,'Concussive 2, Knockdown, Prepare 1, Vicious 2'),(991,4,8,3,3,0,'Use One-Handed'),(995,1,0,4,1,0,'Burn 4, Sunder, Visious 2'),(996,1,4,4,1,0,'Concussive 3, Knockdown, Prepare 1'),(999,1,1,4,1,0,'Disorient 2, Pierce 3, Stun 3'),(1003,1,3,3,1,0,'Pierce 4, Vicious 4'),(1007,1,2,4,1,0,'-'),(1008,1,0,3,1,0,'Disorient 3, Prepare 1, Pierce 3'),(1012,1,1,3,1,0,'Pierce 3, Prepare 1, Vicious 1'),(1017,1,0,4,1,0,'Pierce 1'),(1018,1,1,5,1,0,'Disorient 2, Knockdown, Prepare 1'),(1022,1,3,4,1,0,'Vicious 3'),(1023,1,-2,3,1,0,'Pierce 3, Stun 4'),(1028,1,0,5,1,0,'Ensnare 2, Stun 3'),(1035,1,4,5,1,0,'use Agility as the characteristic with this weapon'),(1046,1,1,4,1,0,'Knockdown'),(1047,1,2,3,1,0,'Ensnare 4, Pierce 1'),(1048,3,5,4,2,0,'Burn 3, Slow-firing 4'),(1054,1,7,4,1,0,'Knockdown'),(1058,1,2,3,1,0,'Vicious 2'),(1062,1,3,4,1,0,'-'),(1067,1,2,4,1,0,'Ensnare 2, Knockdown'),(1068,1,3,3,1,0,'This attack may only target victims affected by the korrak\'s Ensnare quality.'),(1075,3,6,3,3,0,''),(1083,1,1,4,1,0,''),(1087,2,2,5,1,0,''),(1096,3,5,4,3,0,''),(1105,1,2,6,1,0,'Burn 4'),(1106,1,3,5,1,0,'-'),(1117,2,2,2,1,0,''),(1120,8,5,3,1,0,''),(1126,1,5,4,1,0,''),(1129,2,2,5,1,0,'[Increase combat check difficulty by 1], add automatic [THREAT] to combat checks.'),(1133,2,2,3,1,0,''),(1145,2,0,5,1,0,'The GM may spend [ADVANTAGE][ADVANTAGE] to deal 3 strain'),(1148,1,0,4,1,0,'Ensnare 1'),(1149,1,2,3,1,0,'Ensnare 2, Linked 3'),(1155,1,2,5,1,0,'-'),(1156,1,3,4,1,0,'Knockdown'),(1160,1,2,4,1,0,'-'),(1161,1,4,3,1,0,'Ensnare 1, Pierce 1'),(1162,1,1,4,1,0,'-'),(1167,4,5,4,3,0,'Knockdown, Slow-firing'),(1168,1,3,3,1,0,'Pierce 1'),(1189,1,1,3,1,0,''),(1263,2,5,4,1,0,''),(1269,3,7,3,2,0,''),(1298,5,10,2,4,0,''),(1302,4,10,3,5,0,'reduce dificulty of combat checks at long or extreme range by 1'),(1304,4,9,3,4,0,'Remove up to [SETBACK][SETBACK] on any checks to use this weapon due to smoke, darkness, or other environmental conditions that obstruct vision'),(1329,2,1,4,1,0,''),(1337,2,2,5,1,0,''),(1341,2,2,3,1,0,''),(1349,2,1,5,1,0,''),(1360,1,0,4,1,0,''),(1361,2,1,3,1,0,''),(1365,2,1,4,1,0,''),(1376,2,1,4,1,0,''),(1377,11,8,5,1,0,''),(1379,1,1,5,1,0,''),(1380,2,2,5,1,0,''),(1429,3,5,5,2,0,''),(1430,3,5,3,2,0,''),(1431,4,8,6,4,3,''),(1432,4,8,0,3,2,''),(1433,4,0,0,4,0,''),(1434,4,1,4,2,1,''),(1435,1,1,3,1,2,''),(1436,2,0,6,1,1,''),(1437,8,5,3,1,2,''),(1438,2,0,2,1,1,''),(1439,2,2,6,1,2,''),(1504,5,10,2,4,0,''),(1507,1,4,4,1,0,'Knockdown, Pierce 1'),(1516,1,3,3,1,0,'Defensive 1, Linked 1, spend [ADVANTAGE][ADVANTAGE] to inflict standard strength neuroparalytic'),(1519,1,5,3,1,0,'Defensive 1, Linked 1, Pierce 2, apend [ADVANTAGE][ADVANTAGE] to inflict standard strength neuroparalytic'),(1522,1,2,4,1,0,'spend [ADVANTAGE] to inflict standard strength neuroparalytic'),(1532,1,5,4,1,0,''),(1533,1,5,3,1,0,'Pierce 3'),(1534,3,3,0,2,0,'Pierce 2, Slow-firing 2, Typhloctic Poison: spend [ADVANTAGE][ADVANTAGE] to inflict; target must succeed ata  Hard Resilience check or he suffers the Blinded Critical Injury until the Critical Injury '),(1535,1,4,3,1,0,'Pierce 1'),(1536,2,5,4,1,0,'Pierce 2, Stun damage, Dream venom: spend [ADVANTAGE][ADVANTAGE] to inflict; the topic suffers the Knocked Senseless Critical Injury.  Until the effects of the Critical Injury end, the target experien'),(1537,1,1,5,1,0,'Pierce 1'),(1538,1,6,3,3,0,'Prepare 2'),(1539,1,0,4,2,0,'Blast 4, Knockdown'),(1540,1,3,3,1,0,'Disorient'),(1549,3,3,3,2,0,''),(1557,3,6,3,3,0,''),(1571,2,2,4,1,0,''),(1577,3,5,4,2,0,''),(1654,3,8,3,3,3,''),(1655,4,9,3,3,4,''),(1656,3,7,3,2,2,''),(1657,2,1,5,2,1,''),(1658,2,2,4,1,2,''),(1706,1,5,5,1,0,'Disorient 2'),(1712,1,2,2,1,0,''),(1713,1,4,5,1,0,'Disorient 2'),(1716,1,3,4,1,0,'Knockdown'),(1720,1,2,2,1,0,'Ensnare 2'),(1725,1,2,6,1,0,'Knockdown'),(1729,1,4,4,1,0,'Knockdown'),(1735,1,5,4,1,0,'Breach 2, Slow-Firing 1'),(1738,1,4,4,1,0,''),(1741,1,3,5,1,0,'Disorient 1'),(1745,1,2,6,1,0,''),(1749,1,5,2,1,0,'Linked 1, Vicious 3'),(1753,1,4,3,1,0,''),(1756,1,3,5,1,0,'Disorient 1'),(1761,1,1,5,1,0,''),(1765,1,7,3,1,0,'Vicious 3'),(1767,3,6,3,2,1,''),(1768,3,5,3,2,2,''),(1769,4,7,3,3,1,''),(1770,4,8,3,5,2,''),(1771,5,8,4,3,3,''),(1772,3,4,5,2,0,''),(1773,3,1,5,2,0,''),(1774,4,7,4,4,2,''),(1775,4,6,2,2,1,''),(1776,3,0,0,2,0,''),(1777,2,5,3,1,3,''),(1778,2,2,2,1,3,''),(1779,8,8,1,1,0,''),(1780,2,1,4,2,1,''),(1781,2,4,3,1,1,''),(1869,3,5,3,1,0,''),(1870,3,4,4,3,1,''),(1871,3,6,3,3,1,''),(1872,3,6,3,3,4,''),(1873,3,7,3,3,2,''),(1874,3,8,3,3,3,''),(1875,4,10,3,3,2,''),(1876,4,8,3,3,3,''),(1877,3,12,3,2,1,''),(1878,3,6,3,2,2,''),(1879,4,7,6,2,2,''),(1880,3,1,2,2,0,''),(1881,3,12,0,2,0,''),(1882,3,2,4,2,1,''),(1883,4,6,2,2,0,''),(1884,1,0,5,1,0,''),(1885,2,1,3,1,1,''),(1886,2,2,2,1,2,''),(1887,2,0,4,1,1,''),(1927,1,2,3,1,0,'Pierce 3'),(1938,1,4,3,1,0,'Knockdown, Sunder'),(1940,3,5,5,3,0,''),(1945,1,3,3,1,0,'Vicious 2'),(1951,2,3,3,1,0,''),(1957,2,2,3,1,0,''),(1963,1,1,3,1,0,'Vicious 2'),(1964,7,4,5,2,0,'Knockdown, Sunder'),(1967,1,3,5,2,0,'Ensnare, Pierce 4'),(1968,1,7,2,1,0,'Vicious 3'),(1972,1,0,5,1,0,'Disorient 1, Knockdown'),(1976,1,2,3,1,0,'Disorient 1, Pierce 1'),(1977,1,3,4,1,0,'Pierce 1, Stun Damage'),(1982,2,1,6,1,0,''),(1986,2,1,3,1,0,''),(1990,2,3,3,1,0,''),(2008,1,1,4,1,0,'Pierce 2, Vicious 2'),(2009,1,2,4,1,0,'Ensnare 3, Knockdown'),(2016,1,2,5,1,0,'Ensnare 3'),(2030,2,2,2,1,0,''),(2034,1,2,3,1,0,'Knockdown'),(2035,1,0,2,1,0,'Vicious 3'),(2043,1,1,3,2,0,'Ensnare, Slow-Firing 1'),(2044,1,2,4,1,0,'Linked 1, Pierce 2'),(2069,3,5,3,3,1,''),(2070,3,6,3,2,0,''),(2071,3,6,4,2,0,''),(2072,3,4,6,2,0,''),(2073,3,0,0,2,0,''),(2074,3,5,0,2,0,''),(2075,3,6,0,2,0,''),(2076,1,0,5,1,0,''),(2077,2,2,3,1,3,''),(2078,2,2,4,1,2,''),(2079,2,1,2,1,1,''),(2080,2,2,3,1,1,''),(2146,1,5,2,1,0,'Knockdown'),(2150,1,3,4,1,0,'Knockdown'),(2153,1,3,2,3,0,'Ensnare 3'),(2157,1,3,4,1,0,'Knockdown'),(2162,4,9,4,4,0,''),(2164,3,6,4,3,0,''),(2169,1,2,3,1,0,'Pierce 2'),(2170,1,2,4,1,0,'Knockdown'),(2174,1,1,4,3,0,'Pierce 2'),(2182,1,6,0,1,0,'Stun Damage'),(2185,1,3,3,1,0,'Pierce 3, Vicious 3'),(2188,1,9,5,1,0,'Concussive 1, Slow-Firing 1'),(2193,1,1,5,2,0,'Knockdown'),(2204,1,1,0,1,0,''),(2207,1,2,2,1,0,'Ensnare, Pierce 2, Vicious 2'),(2215,1,1,5,1,0,'Vicious 1'),(2218,1,2,4,1,0,'Knockdown, Vicious 2'),(2222,1,3,3,1,0,'Pierce 3, Vicious 2'),(2234,4,8,3,3,3,''),(2235,3,6,3,2,1,'Droids Only'),(2236,3,1,4,2,0,'Damage setting 1 to 7'),(2237,3,5,4,3,1,''),(2238,4,8,3,4,3,''),(2239,2,2,3,1,0,''),(2240,3,8,3,3,3,''),(2241,4,9,3,2,3,''),(2242,3,8,3,3,2,''),(2243,4,12,3,5,3,''),(2244,5,15,2,5,4,''),(2245,4,8,2,4,4,''),(2246,4,8,2,4,0,''),(2247,4,12,3,3,0,''),(2248,4,0,0,4,0,'Blast 0'),(2249,4,10,2,4,0,''),(2250,4,0,0,3,0,'Blast 0'),(2251,4,8,2,4,0,''),(2252,3,6,3,2,0,''),(2253,7,7,3,1,0,''),(2254,2,3,2,1,3,''),(2255,2,3,2,1,2,''),(2256,8,6,3,1,0,''),(2278,3,6,3,1,0,''),(2323,1,0,4,1,0,''),(2326,1,0,3,2,0,'Ensnare 3, Sunder'),(2327,1,2,2,1,0,'Breach 2, Vicious 3'),(2331,1,0,4,1,0,''),(2339,1,1,4,1,0,''),(2360,1,0,3,1,0,'Sunder, Vicious 2'),(2361,1,1,4,1,0,''),(2364,1,1,3,1,0,''),(2368,2,3,3,1,0,''),(2377,1,1,2,1,0,''),(2391,1,1,4,1,0,''),(2398,2,4,2,1,0,''),(2420,2,4,2,1,0,''),(2513,1,1,4,1,2,''),(2514,6,2,3,1,1,''),(2515,2,0,6,1,0,''),(2516,2,2,3,1,2,''),(2517,2,3,5,1,2,''),(2519,2,4,3,1,3,''),(2520,6,6,2,1,5,''),(2521,6,6,2,1,4,''),(2522,6,6,2,1,3,''),(2523,6,5,2,1,3,''),(2525,6,6,0,1,5,''),(2526,6,0,0,1,5,''),(2527,6,0,0,1,4,''),(2528,6,0,0,1,3,''),(2529,6,0,0,1,3,''),(2578,4,9,3,5,0,'Reduce difficulty of combat checks at long and extreme range by one.'),(2579,2,2,3,1,0,''),(2590,2,1,4,1,0,''),(2597,2,2,2,1,0,''),(2601,2,3,2,1,0,''),(2607,3,5,2,2,0,''),(2608,3,5,0,2,0,''),(2629,6,8,2,1,0,''),(2631,2,2,2,1,0,''),(2633,2,1,2,1,0,''),(2638,1,5,2,1,0,'Knockdown, Pierce 3'),(2642,1,2,4,1,0,''),(2646,1,1,5,1,0,''),(2650,1,5,4,1,0,'Pierce 2'),(2654,1,1,4,1,0,'Pierce 5'),(2655,1,1,3,1,0,'Pierce 2'),(2659,1,3,3,1,0,'Ensnare 2'),(2663,1,1,5,1,0,'Stun 4'),(2664,1,3,3,1,0,'Vicious 2'),(2668,1,0,5,1,0,''),(2680,2,2,2,1,0,''),(2682,3,5,3,3,0,''),(2685,2,2,2,1,0,''),(2688,1,4,4,1,0,'Disorient 4, Knockdown'),(2691,1,2,3,1,0,'Pierce 1'),(2693,2,3,2,1,0,''),(2760,4,10,3,3,3,''),(2761,3,8,0,2,3,''),(2762,3,7,3,3,1,''),(2763,3,6,3,3,0,''),(2764,1,1,5,1,0,''),(2765,2,6,6,1,0,''),(2766,2,0,5,1,0,''),(2767,2,1,3,1,0,''),(2768,2,1,2,1,2,''),(2769,2,2,3,2,1,''),(2770,2,1,4,1,2,''),(2771,2,1,4,1,1,''),(2772,6,5,2,1,3,''),(2773,6,6,2,1,4,''),(2774,6,0,0,1,3,''),(2775,6,0,0,1,4,''),(2784,1,2,3,1,0,''),(2785,3,5,4,3,0,''),(2787,3,1,0,2,0,''),(2841,1,2,3,1,0,'Linked 1'),(2845,1,1,4,1,0,''),(2847,2,1,3,1,0,''),(2867,4,8,3,3,0,''),(2868,2,2,4,1,0,''),(2874,3,8,3,3,0,''),(2875,1,2,2,1,0,''),(2884,3,8,3,3,0,''),(2889,5,12,3,4,0,''),(2890,1,0,5,1,0,''),(2896,6,6,4,1,0,''),(2898,6,9,1,1,0,'Dantari Crystal'),(2915,1,2,3,1,0,'Pierce 1'),(2917,2,2,2,1,0,''),(2921,1,2,3,1,0,'Pierce 2'),(2925,1,2,4,1,0,'Pierce 3'),(2928,1,3,3,1,0,'Ensnare 3, Pierce 2, Vicious 1'),(2929,1,1,4,1,0,'Concussive 1, Knockdown'),(2934,1,4,3,1,0,'Knockdown, Pierce 4, Sunder'),(2939,1,2,5,1,0,'Pierce 1'),(2944,1,7,3,1,0,'Ensnare 3, Pierce 4, Vicious 2'),(2946,4,5,5,4,1,''),(2947,2,2,3,1,2,''),(2948,2,-1,5,1,0,''),(2949,3,3,0,2,0,''),(2950,3,4,5,3,0,''),(2951,3,5,3,3,0,''),(2952,3,5,3,2,0,''),(2954,1,4,5,1,0,'Knockdown'),(2955,1,3,4,1,0,'Knockdown'),(2960,1,9,2,1,0,'Breach 4, Vicious 4'),(2961,1,14,4,2,0,'Concussive 2, Ensnare 2'),(2964,1,2,3,1,0,''),(2967,1,3,6,1,0,'Pierce 1'),(2970,1,5,2,1,0,'Knockdown, Pierce 3'),(2971,1,1,4,1,0,''),(2974,1,2,6,1,0,''),(2977,1,6,3,1,0,'Ensnare 2'),(2978,1,8,3,1,0,'Vicious 3'),(2980,2,2,4,1,2,''),(2981,9,1,5,1,0,''),(2982,2,2,4,1,2,''),(2983,2,4,3,1,2,''),(3004,1,4,5,1,0,'Pierce 3'),(3006,2,0,5,1,0,''),(3009,6,6,2,1,0,''),(3015,1,3,3,1,0,''),(3018,1,5,4,1,0,'Concussive 1, Knockdown'),(3020,2,2,3,1,0,''),(3021,3,6,3,3,0,''),(3025,2,2,3,1,0,''),(3026,3,5,4,3,0,''),(3028,2,3,4,1,0,''),(3032,2,1,2,1,0,''),(3036,1,1,4,1,0,'Pierce 4, Vicious 1'),(3040,1,2,2,1,0,'Pierce 2, Knockdown'),(3043,1,1,4,1,0,'Pierce 2, Vicious 1'),(3047,1,1,5,1,0,'Disorient 1'),(3050,2,2,5,1,0,''),(3053,2,3,3,1,0,''),(3054,3,6,3,2,0,''),(3055,3,0,0,2,0,'If a target is hit by this attack, it must make a Hard Resilience check; the target suffers 10 strain if he fails, plus 1 strain per [THREAT]'),(3059,1,-1,5,1,0,'Ensnare 1, Knockdown'),(3060,1,3,4,1,0,'Disorient 2, Knockdown'),(3063,1,2,3,1,0,'Ensnare 3'),(3066,1,5,4,1,0,'Concussive 1, Knockdown'),(3070,4,9,3,4,0,''),(3075,1,2,3,1,0,''),(3079,4,8,5,3,0,''),(3082,1,4,2,1,0,'Pierce 3'),(3083,1,2,3,1,0,'Disorient 1'),(3096,1,3,4,1,0,''),(3099,1,0,1,1,0,'Inaccurate 2, Vicious 4'),(3101,1,2,3,1,0,'Pierce 2'),(3102,6,6,2,1,0,''),(3106,2,4,4,1,0,''),(3107,1,3,4,1,0,''),(3110,3,2,0,2,0,''),(3113,1,5,2,1,0,'Burn 2 [chemical]'),(3117,6,8,3,1,0,''),(3124,1,3,3,1,0,'Pierce 2'),(3125,1,3,2,1,0,'Sunder, Vicious 3'),(3127,2,3,4,1,0,''),(3128,4,5,4,3,0,''),(3131,2,3,3,1,0,''),(3143,3,5,4,3,4,''),(3144,4,7,3,3,6,''),(3145,8,5,4,1,0,''),(3146,4,5,4,2,0,''),(3147,3,2,0,2,1,''),(3148,4,3,5,2,0,''),(3149,3,4,3,1,1,''),(3150,2,2,4,1,4,''),(3151,8,3,2,1,0,''),(3152,10,25,2,1,0,''),(3153,10,12,3,1,0,''),(3164,8,2,3,1,0,''),(3276,4,8,5,2,2,''),(3277,3,6,0,3,1,'Pierce 0 vs armor that removes [SETBACK] due to cold. Melee attacks against a target struck by the Loronar Cryoban in the same round add [BOOST][BOOST].'),(3278,3,7,0,3,2,''),(3279,3,8,0,2,0,''),(3280,3,0,0,2,0,''),(3281,4,7,0,3,1,''),(3282,2,1,5,2,1,''),(3283,8,5,0,1,0,''),(3284,2,2,5,1,1,''),(3318,2,5,0,2,0,''),(3320,2,5,0,2,0,''),(3337,6,6,0,1,0,''),(3338,4,8,0,3,0,''),(3369,3,5,4,2,2,''),(3370,4,8,3,3,3,''),(3371,4,9,4,4,2,''),(3372,4,9,3,1,1,'As a maneuver, prime the cannon to expend all ammunition in a single shot. The next shot counts as having the Breach 1 and Vicious 3 qualities, and the weapon runs out of ammunition.'),(3373,4,12,2,4,2,'Minimum Critical Injury result: Crippled. Minimum Critical Hit result: Component Hit'),(3374,4,9,4,4,1,''),(3375,4,12,4,4,3,''),(3376,5,13,2,4,3,''),(3378,5,10,2,4,4,''),(3379,5,17,2,5,0,''),(3380,3,4,5,2,0,''),(3381,4,7,4,3,0,''),(3382,4,8,4,3,2,'As maneuver, prime weapon to expend all ammunition in a single shot. The next shot counts as having the Blast 7 and Concussive 1 qualities, doesn\'t have Auto-fire, and runs out of ammunition.'),(3383,3,20,2,2,0,''),(3384,3,8,4,3,2,''),(3385,4,10,2,3,2,''),(3386,2,1,2,1,1,''),(3387,2,1,4,1,0,''),(3388,2,1,2,1,0,''),(3441,4,9,3,4,1,''),(3442,4,10,6,2,3,''),(3443,3,5,2,2,1,''),(3444,3,3,5,3,0,''),(3445,4,3,6,3,1,''),(3446,4,8,4,2,1,''),(3447,4,7,2,2,1,''),(3448,4,6,2,2,1,''),(3449,4,6,3,2,1,''),(3450,4,10,3,2,1,''),(3451,3,0,0,3,0,''),(3454,2,2,4,1,2,''),(3455,8,10,3,1,1,''),(3504,3,8,3,2,2,''),(3505,4,7,3,4,3,''),(3506,4,9,4,5,3,''),(3507,4,8,3,4,2,''),(3508,3,1,0,4,2,''),(3509,3,5,0,2,1,''),(3510,6,6,2,1,4,''),(3511,6,0,0,1,4,''),(3512,6,4,4,2,1,''),(3513,9,1,3,1,1,''),(3523,2,2,5,1,0,''),(3525,3,6,3,3,0,''),(3528,4,11,3,4,0,''),(3529,4,6,0,2,0,''),(3530,1,3,4,1,0,''),(3571,4,8,3,5,1,''),(3572,4,9,3,5,1,''),(3573,4,8,2,3,2,''),(3574,4,7,5,4,4,''),(3575,4,5,4,3,2,''),(3576,4,6,3,3,0,''),(3577,4,6,5,3,0,''),(3578,4,2,0,3,0,''),(3579,4,6,0,3,0,''),(3580,4,3,0,3,2,''),(3581,2,1,3,1,0,''),(3582,2,3,3,1,1,''),(3583,2,2,2,1,2,''),(3584,2,1,2,1,0,''),(3585,2,2,2,1,1,'');
/*!40000 ALTER TABLE `equipment_weapon` ENABLE KEYS */;
UNLOCK TABLES;

--
-- Table structure for table `equipment_weaponquality`
--

DROP TABLE IF EXISTS `equipment_weaponquality`;
/*!40101 SET @saved_cs_client     = @@character_set_client */;
/*!40101 SET character_set_client = utf8 */;
CREATE TABLE `equipment_weaponquality` (
  `entry_ptr_id` int(11) NOT NULL,
  `active` tinyint(1) NOT NULL,
  `ranked` tinyint(1) NOT NULL,
  `activation_cost` int(11) NOT NULL,
  `effect` longtext NOT NULL,
  `activation_cost_mod` int(11) NOT NULL,
  `activation_cost_by_sil` int(11) NOT NULL,
  PRIMARY KEY (`entry_ptr_id`),
  CONSTRAINT `entry_ptr_id_refs_id_69617d84` FOREIGN KEY (`entry_ptr_id`) REFERENCES `base_entry` (`id`)
) ENGINE=InnoDB DEFAULT CHARSET=latin1;
/*!40101 SET character_set_client = @saved_cs_client */;

--
-- Dumping data for table `equipment_weaponquality`
--

LOCK TABLES `equipment_weaponquality` WRITE;
/*!40000 ALTER TABLE `equipment_weaponquality` DISABLE KEYS */;
INSERT INTO `equipment_weaponquality` VALUES (1384,0,1,2,'For each rank of this trait, the attacker adds [BOOST] to his attack dice pools while using this weapon.',0,0),(1385,1,0,2,'Increase the difficulty of the attack by [DIFFICULTY].  If the attack hits the attacker can trigger Auto-fire. Auto-fire can be triggered multiple times.Each time the attacker triggers Auto-fire it deals an additional hit to the target.',0,0),(1386,0,1,2,'Ignore one point of Armor for every rank of Breach\r\n',0,0),(1387,1,1,2,'If the attack is successful, the target continues to take the weapon\'s base damage for a number of rounds equal to the weapon\'s Burn rating.',0,0),(1388,1,1,2,'If the attack is successful and Blast activates, each character (friend or foe) Engaged with the original target sufferes wounds equal to  the weapon\'s Blast rating.',0,0),(1389,1,1,2,'The target is staggered for a number of rounds equal to the weapon\'s Concussive rating.',0,0),(1390,0,0,2,'Weapons with the Cortosis quality are immune to the Sunder quality.',0,0),(1391,0,1,2,'The character needs a Brawn characteristic equal to or greater than the weapon\'s Cumbersome rating.',0,0),(1392,0,1,2,'A character wielding a weapon with the Defensive quality increases his melee defense by the weapons\'s Defensive rating.',0,0),(1393,0,1,2,'An item with the Deflection quality increases the wearer\'s ranged defense equal to its Deflection rating.',0,0),(1394,1,1,2,'The target is disoriented for a number of rounds equal to the weapon\'s Disorient rating.',0,0),(1395,1,1,2,'The target is immobilized for a number of rounds equal to the weapon\'s Ensnare rating.',0,0),(1396,1,1,2,'Weapon can make an attack check at the end of the round, the check\'s Ability dice are equal to the weapon\'s Guided rating.',0,0),(1397,1,0,1,'The target is knocked prone.',0,1),(1398,0,1,2,'Add [SETBACK] to the attacker\'s dice pool equal to their Inaccurate rating.',0,0),(1399,0,0,2,'Generates automatic [THREAT] on all checks.',0,0),(1400,0,0,2,'Damage is dealt as System Strain (Vehicles) or Strain Threshold (Droids)',0,0),(1401,0,1,2,'May be used to make a number of attacks equal to it\'s Limited Ammo rating before it must be reloaded.',0,0),(1402,1,1,2,'On a successful attack the wielder may activate to gain an additional hit and may do so a number of times equal to the weapon\'s Linked rating.',0,0),(1403,0,1,2,'Ignores one point of Soak for each rank of Pierce',0,0),(1404,0,1,2,'The user must perform a number of Prepare maneuvers equal to the weapon\'s Prepare rating before making attacks.',0,0),(1405,0,1,2,'Weapon must waith a number of rounds equal to its Slow-Firing rating before firing again.',0,0),(1406,1,1,2,'Weapon causes Strain to the target',0,0),(1407,0,0,2,'Weapon deals damage as strain instead of wounds.',0,0),(1408,1,0,1,'Damages opposing weapon one step.',0,0),(1409,0,0,2,'Generates automatic [ADVANTAGE] on all checks',0,0),(1410,0,0,2,'Target may not move unless it makes a successful Piloting check with a difficulty based on the tractor beam\'s rating.',0,0),(1411,0,1,2,'Add 10 times the Vicious rating to the critical roll.',0,0),(1412,0,0,2,'Can switch weapon to Stun Damage',0,0),(2518,0,1,2,'To wield correctly, character needs Agility characteristic equal or greater than rating.\r\n',0,0),(3377,0,0,2,'Must use Auto-fire; increase the difficulty of the attack by [DIFFICULTY]. If the attack hits the attacker can trigger Auto-fire. Auto-fire can be triggered multiple times.Each time the attacker triggers Auto-fire it deals an additional hit to the target.',0,0);
/*!40000 ALTER TABLE `equipment_weaponquality` ENABLE KEYS */;
UNLOCK TABLES;

--
-- Table structure for table `equipment_weaponqualityentry`
--

DROP TABLE IF EXISTS `equipment_weaponqualityentry`;
/*!40101 SET @saved_cs_client     = @@character_set_client */;
/*!40101 SET character_set_client = utf8 */;
CREATE TABLE `equipment_weaponqualityentry` (
  `id` int(11) NOT NULL AUTO_INCREMENT,
  `weapon_id` int(11) NOT NULL,
  `quality_id` int(11) NOT NULL,
  `rank` int(11) DEFAULT NULL,
  PRIMARY KEY (`id`),
  KEY `equipment_weaponqualityentry_bf514015` (`weapon_id`),
  KEY `equipment_weaponqualityentry_8abde022` (`quality_id`),
  CONSTRAINT `quality_id_refs_entry_ptr_id_097017a1` FOREIGN KEY (`quality_id`) REFERENCES `equipment_weaponquality` (`entry_ptr_id`),
  CONSTRAINT `weapon_id_refs_gear_ptr_id_ff68351d` FOREIGN KEY (`weapon_id`) REFERENCES `equipment_weapon` (`gear_ptr_id`)
) ENGINE=InnoDB AUTO_INCREMENT=932 DEFAULT CHARSET=latin1;
/*!40101 SET character_set_client = @saved_cs_client */;

--
-- Dumping data for table `equipment_weaponqualityentry`
--

LOCK TABLES `equipment_weaponqualityentry` WRITE;
/*!40000 ALTER TABLE `equipment_weaponqualityentry` DISABLE KEYS */;
INSERT INTO `equipment_weaponqualityentry` VALUES (1,1377,1407,NULL),(2,202,1388,5),(3,202,1407,NULL),(4,856,1407,NULL),(5,188,1407,NULL),(6,167,1411,4),(7,1120,1411,1),(8,200,1412,NULL),(9,154,1412,NULL),(10,155,1412,NULL),(11,991,1412,NULL),(12,288,1409,NULL),(13,288,1412,NULL),(14,1304,1412,NULL),(15,852,1412,NULL),(16,192,1412,NULL),(17,159,1412,NULL),(18,156,1412,NULL),(19,160,1412,NULL),(20,891,1412,NULL),(21,290,1412,NULL),(22,1096,1412,NULL),(23,291,1412,NULL),(24,1075,1412,NULL),(25,241,1412,NULL),(26,162,1412,NULL),(27,157,1412,NULL),(28,158,1412,NULL),(29,242,1412,NULL),(30,201,1412,NULL),(31,292,1412,NULL),(32,205,1412,NULL),(33,144,1412,NULL),(34,190,1407,NULL),(35,189,1407,NULL),(36,179,1406,3),(37,284,1406,3),(38,1087,1406,3),(39,232,1403,4),(40,232,1407,NULL),(41,245,1403,2),(42,245,1411,3),(43,238,1403,2),(44,238,1411,2),(45,187,1403,2),(46,187,1411,1),(47,187,1392,1),(48,186,1403,2),(49,186,1411,1),(50,1376,1403,2),(51,1376,1411,1),(52,185,1403,2),(53,185,1408,NULL),(54,185,1411,3),(55,181,1403,2),(56,181,1412,NULL),(57,246,1403,2),(58,246,1412,NULL),(59,1341,1403,2),(60,223,1403,1),(61,223,1411,1),(62,1117,1403,1),(63,1360,1403,1),(64,240,1403,1),(65,880,1397,NULL),(66,285,1399,NULL),(67,285,1412,NULL),(68,302,1398,1),(69,302,1397,NULL),(70,1263,1398,1),(71,224,1398,1),(72,927,1395,5),(73,927,1401,1),(74,237,1395,5),(75,171,1395,3),(76,171,1397,NULL),(77,171,1401,1),(78,172,1395,3),(79,172,1397,NULL),(80,172,1401,1),(81,243,1395,3),(82,165,1394,5),(83,165,1400,NULL),(84,174,1394,3),(85,174,1407,NULL),(86,174,1388,8),(87,174,1401,1),(88,298,1394,3),(89,298,1407,NULL),(90,244,1394,3),(91,244,1407,NULL),(92,178,1394,3),(93,1083,1394,3),(94,247,1394,2),(96,231,1394,2),(97,231,1407,NULL),(98,1035,1394,2),(99,1035,1397,NULL),(100,1126,1394,2),(101,1126,1397,NULL),(102,859,1394,2),(103,1337,1394,2),(104,1329,1394,2),(105,184,1394,2),(106,1379,1394,2),(107,289,1394,1),(108,289,1412,NULL),(109,861,1394,1),(110,294,1392,1),(111,294,1411,1),(112,300,1392,1),(113,300,1403,3),(114,227,1392,1),(115,227,1403,2),(116,227,1411,2),(117,182,1392,1),(118,182,1394,3),(119,943,1392,1),(120,943,1394,2),(121,943,1403,2),(122,225,1392,1),(123,239,1391,5),(124,239,1403,2),(125,239,1408,NULL),(126,239,1411,2),(127,296,1391,4),(128,296,1401,1),(129,296,1403,3),(130,296,1411,1),(131,1129,1391,4),(132,1380,1391,4),(133,203,1391,3),(134,203,1403,2),(135,295,1391,3),(136,295,1397,NULL),(137,295,1401,1),(138,295,1403,1),(139,161,1391,3),(140,161,1397,NULL),(141,226,1391,3),(142,226,1392,1),(143,226,1409,NULL),(144,168,1391,2),(145,168,1411,5),(146,170,1391,2),(147,208,1387,4),(148,208,1388,9),(149,208,1391,3),(150,208,1411,2),(151,176,1387,3),(152,176,1388,8),(153,228,1387,2),(154,228,1408,NULL),(155,228,1411,1),(156,210,1386,2),(157,210,1391,3),(158,210,1401,4),(159,210,1404,1),(160,210,1411,3),(161,183,1386,1),(162,183,1408,NULL),(163,183,1411,2),(164,929,1386,1),(165,929,1392,1),(166,929,1393,2),(167,929,1408,NULL),(168,929,1411,2),(169,299,1386,1),(170,299,1391,4),(171,299,1398,2),(172,299,1408,NULL),(173,236,1386,1),(174,236,1391,3),(175,236,1398,2),(176,173,1388,6),(177,173,1401,1),(178,209,1388,8),(179,209,1391,3),(180,209,1401,4),(181,209,1403,6),(182,209,1404,1),(183,209,1411,1),(184,216,1388,8),(185,216,1389,2),(186,216,1394,5),(187,216,1401,1),(188,217,1388,7),(189,217,1401,1),(190,217,1391,2),(191,214,1388,7),(192,214,1394,5),(193,214,1400,NULL),(194,214,1401,1),(195,1269,1388,7),(196,1269,1387,2),(197,1269,1398,1),(198,1269,1401,1),(199,234,1388,6),(200,234,1397,NULL),(201,211,1388,6),(202,211,1391,3),(203,211,1401,6),(204,215,1388,5),(205,215,1387,2),(206,215,1401,1),(207,304,1388,4),(208,304,1401,1),(209,304,1403,3),(210,301,1388,4),(211,175,1388,15),(212,175,1386,1),(213,175,1411,4),(214,175,1401,1),(215,222,1388,14),(216,222,1391,3),(217,222,1398,1),(218,222,1403,2),(219,220,1388,12),(220,220,1396,3),(221,218,1388,10),(222,218,1401,1),(223,177,1388,10),(224,177,1391,3),(225,177,1396,3),(226,177,1386,1),(227,177,1404,1),(228,177,1401,6),(229,219,1388,10),(230,219,1389,3),(231,219,1394,5),(232,219,1396,2),(233,221,1388,10),(234,221,1387,3),(235,221,1396,2),(237,235,1395,3),(238,191,1385,NULL),(239,191,1412,NULL),(240,204,1385,NULL),(241,204,1412,NULL),(242,250,1385,NULL),(243,250,1403,1),(244,212,1385,NULL),(245,212,1398,1),(246,199,1385,NULL),(247,199,1398,1),(248,207,1385,NULL),(249,207,1391,6),(250,207,1403,2),(251,207,1411,1),(252,206,1385,NULL),(253,206,1391,6),(254,206,1403,1),(255,206,1411,1),(256,164,1385,NULL),(257,164,1391,5),(258,164,1403,2),(259,164,1411,1),(260,166,1385,NULL),(261,166,1391,4),(262,166,1403,1),(263,163,1385,NULL),(264,163,1391,3),(265,1298,1385,NULL),(266,1298,1386,1),(267,1298,1389,1),(268,1298,1391,4),(269,1298,1398,1),(270,293,1385,NULL),(271,193,1384,2),(272,193,1412,NULL),(273,233,1384,2),(274,233,1403,3),(275,287,1384,1),(276,287,1412,NULL),(277,230,1384,1),(278,230,1403,2),(279,213,1384,1),(280,213,1401,5),(281,286,1384,1),(282,286,1401,1),(283,286,1403,1),(284,1302,1384,1),(285,1302,1391,3),(286,1302,1403,2),(287,1302,1405,1),(288,229,1384,1),(289,229,1391,3),(290,229,1403,2),(291,229,1405,1),(292,297,1384,1),(293,297,1391,2),(294,1429,1399,NULL),(295,1429,1401,2),(296,1430,1412,NULL),(297,1431,1389,1),(298,1431,1405,1),(299,1431,1407,NULL),(300,1432,1388,5),(301,1432,1394,3),(302,1432,1407,NULL),(303,1433,1384,2),(304,1433,1395,4),(305,1433,1405,1),(306,1433,1406,8),(307,1434,1395,3),(308,1435,1389,1),(309,1435,1407,NULL),(310,1435,1405,1),(311,1436,1391,3),(312,1436,1392,2),(313,1436,1393,2),(314,1436,1394,1),(315,1437,1389,1),(316,1437,1407,NULL),(317,1438,1403,5),(318,1438,1411,1),(319,1439,1394,2),(320,1439,1407,NULL),(321,1504,1386,1),(322,1549,1401,1),(323,1557,1385,NULL),(324,1571,1399,NULL),(325,1577,1385,NULL),(326,1654,1384,1),(327,1654,1412,NULL),(328,1655,1398,1),(329,1655,1412,NULL),(330,1656,1402,1),(331,1656,1412,NULL),(332,1656,1411,1),(333,1657,1395,2),(334,1657,1407,NULL),(335,1658,1389,1),(336,1658,1405,1),(337,1658,1412,NULL),(338,1769,1385,NULL),(339,1769,1412,NULL),(340,1777,1391,5),(341,1777,1398,1),(342,1777,1403,1),(343,1777,1408,NULL),(344,1778,1392,2),(345,1778,1403,3),(346,1767,1412,NULL),(347,1768,1411,3),(348,1772,1403,2),(349,1772,1411,1),(350,1779,1386,1),(351,1779,1390,NULL),(352,1779,1392,1),(353,1780,1394,4),(354,1780,1395,1),(355,1780,1407,NULL),(356,1776,1388,2),(357,1776,1401,1),(358,1773,1401,3),(359,1771,1394,3),(360,1771,1397,NULL),(361,1771,1407,NULL),(362,1775,1388,6),(363,1775,1387,3),(364,1775,1411,1),(365,1781,1392,1),(366,1781,1397,NULL),(367,1774,1391,2),(368,1770,1384,1),(369,1770,1391,2),(370,1869,1412,NULL),(371,1869,1411,1),(372,1870,1412,NULL),(373,1871,1412,NULL),(374,1872,1412,NULL),(375,1873,1384,2),(376,1873,1403,2),(377,1873,1412,NULL),(378,1874,1412,NULL),(379,1875,1391,2),(380,1875,1412,NULL),(381,1876,1388,6),(382,1876,1412,NULL),(383,1877,1389,1),(384,1877,1400,NULL),(385,1877,1401,3),(386,1878,1396,3),(387,1878,1401,3),(388,1879,1388,3),(389,1879,1397,NULL),(390,1880,1403,2),(391,1880,1401,1),(392,1881,1388,10),(393,1881,1407,NULL),(394,1881,1401,1),(395,1882,1394,1),(396,1882,1406,8),(397,1883,1388,6),(398,1883,1391,3),(399,1883,1411,2),(400,1884,1394,3),(401,1884,1406,3),(402,1885,1403,1),(403,1886,1392,1),(404,1886,1403,5),(405,1887,1392,2),(406,1887,1403,1),(407,1887,1408,NULL),(408,1940,1399,NULL),(409,1940,1411,1),(410,1951,1394,1),(411,1951,1399,NULL),(412,1951,1397,NULL),(413,1957,1403,1),(414,1957,1411,1),(417,1982,1394,1),(418,1990,1390,NULL),(419,1990,1408,NULL),(420,1990,1411,1),(421,2030,1392,1),(422,2030,1403,2),(423,2069,1412,NULL),(424,2069,1384,1),(425,2070,1412,NULL),(426,2071,1412,NULL),(427,2072,1388,4),(428,2072,1407,NULL),(429,2072,1389,1),(430,2072,1401,1),(431,2073,1401,1),(432,2074,1388,5),(433,2074,1407,NULL),(434,2074,1401,1),(435,2075,1407,NULL),(436,2075,1401,1),(437,2077,1392,1),(438,2078,1392,1),(439,2078,1394,2),(440,2079,1403,1),(441,2079,1411,1),(442,2080,1392,1),(443,2162,1407,NULL),(444,2164,1407,NULL),(445,2234,1384,1),(446,2234,1395,1),(447,2235,1411,3),(448,2236,1401,12),(449,2237,1412,NULL),(450,2238,1412,NULL),(451,2239,1403,1),(452,2240,1398,1),(453,2240,1412,NULL),(454,2241,1388,4),(455,2241,1401,5),(456,2241,1402,1),(457,2241,1411,2),(458,2242,1397,NULL),(459,2242,1403,2),(460,2243,1397,NULL),(461,2243,1403,4),(462,2244,1384,2),(463,2244,1397,NULL),(464,2244,1403,6),(465,2245,1388,6),(466,2245,1391,2),(467,2245,1401,2),(468,2246,1388,6),(469,2246,1401,1),(470,2247,1388,2),(471,2247,1401,1),(472,2247,1403,4),(474,2248,1394,4),(475,2248,1401,1),(476,2249,1388,8),(477,2249,1400,NULL),(478,2249,1401,1),(479,2250,1395,6),(480,2250,1401,1),(481,2251,1388,4),(482,2251,1389,2),(483,2251,1401,1),(484,2251,1407,NULL),(485,2252,1388,6),(486,2252,1389,2),(487,2252,1401,1),(488,2252,1407,NULL),(489,2253,1401,3),(490,2253,1407,NULL),(491,2254,1392,1),(492,2254,1403,2),(493,2255,1391,3),(494,2255,1403,3),(495,2256,1394,2),(496,2256,1407,NULL),(497,2278,1403,4),(498,2339,1394,3),(499,2368,1394,3),(500,2377,1403,1),(501,2377,1411,1),(502,2398,1394,3),(503,2398,1403,2),(504,2420,1391,4),(505,2420,1403,2),(506,2420,1408,NULL),(507,2420,1411,3),(508,2513,1390,NULL),(509,2514,1392,1),(510,2515,1390,NULL),(511,2515,1391,3),(512,2515,1392,2),(513,2515,1393,2),(514,2516,1390,NULL),(515,2516,1392,1),(516,2517,1390,NULL),(517,2519,1390,NULL),(518,2519,1391,3),(519,2519,1402,1),(520,2519,1412,NULL),(521,2519,2518,3),(522,2520,1386,1),(523,2520,1408,NULL),(524,2521,1386,1),(525,2521,1402,1),(526,2521,1408,NULL),(527,2521,2518,3),(528,2522,1386,1),(529,2522,1391,3),(530,2522,1392,1),(531,2522,1408,NULL),(532,2523,1384,1),(533,2523,1386,1),(534,2523,1408,NULL),(538,2525,1407,NULL),(539,2527,1402,1),(540,2527,2518,3),(541,2528,1391,3),(542,2528,1392,1),(543,2529,1384,1),(544,2590,1397,NULL),(545,2597,1403,2),(546,2597,1411,2),(547,2601,1390,NULL),(548,2601,1403,2),(549,2601,1412,NULL),(550,2607,1387,2),(551,2608,1389,3),(552,2608,1405,1),(553,2608,1407,NULL),(554,2629,1386,1),(555,2629,1402,1),(556,2629,1408,NULL),(557,2629,2518,3),(558,2631,1403,2),(559,2631,1411,2),(560,2633,1392,2),(561,2633,1403,4),(562,2633,1411,3),(563,2680,1411,1),(564,2682,1412,NULL),(565,2685,1403,2),(566,2685,1411,1),(567,2693,1403,2),(568,2693,1411,1),(569,2693,1390,NULL),(570,2760,1385,NULL),(571,2760,1391,2),(572,2761,1407,NULL),(573,2762,1412,NULL),(574,2763,1412,NULL),(575,2764,1393,2),(576,2764,1407,NULL),(577,2765,1395,5),(578,2765,1397,NULL),(579,2765,1401,1),(580,2765,1407,NULL),(581,2766,1389,1),(582,2766,1392,1),(583,2766,1393,1),(584,2767,1392,1),(585,2768,1392,1),(586,2768,1403,2),(587,2768,1411,1),(588,2769,1395,1),(589,2769,1411,2),(590,2769,2518,3),(591,2770,1390,NULL),(592,2770,1392,1),(593,2770,1393,2),(594,2770,1411,1),(595,2771,1394,2),(596,2772,1386,1),(597,2772,1392,1),(598,2772,1393,2),(599,2772,1408,NULL),(600,2772,2518,4),(601,2773,1386,1),(602,2773,1392,1),(603,2773,1402,1),(604,2773,1408,NULL),(605,2773,1406,4),(606,2773,2518,3),(607,2774,1392,1),(608,2774,1393,2),(609,2774,2518,4),(610,2775,1392,1),(611,2775,1402,1),(612,2775,1406,4),(613,2775,2518,3),(614,2784,1395,1),(615,2785,1412,NULL),(616,2787,1407,NULL),(617,2847,1392,1),(618,2867,1385,NULL),(619,2867,1409,NULL),(620,2868,1390,NULL),(621,2874,1412,NULL),(622,2875,1403,1),(623,2875,1411,1),(624,2884,1412,NULL),(625,2884,1409,NULL),(626,2889,1385,NULL),(627,2889,1402,1),(628,2889,1403,1),(629,2889,1411,1),(630,2890,1397,NULL),(631,2896,1386,1),(632,2896,1394,2),(633,2896,1407,NULL),(634,2898,1386,1),(635,2898,1408,NULL),(636,2917,1403,2),(637,2947,1392,2),(638,2947,1412,NULL),(639,2946,1391,3),(640,2946,1401,1),(641,2946,1403,1),(642,2948,1392,2),(643,2948,1393,2),(644,2949,1394,2),(645,2949,1407,NULL),(646,2950,1396,1),(647,2950,1401,1),(648,2951,1384,1),(649,2951,1387,1),(650,2951,1400,NULL),(651,2951,1401,1),(652,2952,1387,1),(653,2952,1400,NULL),(654,2952,1401,1),(655,2980,1406,3),(656,2980,1412,NULL),(657,2981,1384,1),(658,2981,1394,1),(659,2981,1407,NULL),(660,2982,1392,2),(661,2983,1391,4),(662,2983,1392,1),(663,3006,1392,2),(664,3006,1393,2),(665,3009,1386,1),(666,3009,1398,1),(667,3009,1408,NULL),(668,3015,1394,4),(669,3015,1397,NULL),(670,3020,1402,1),(671,3020,1403,2),(672,3020,1411,2),(673,3021,1398,1),(674,3021,1412,NULL),(675,3025,1411,1),(676,3026,1401,1),(677,3026,1404,1),(678,3028,1394,2),(679,3032,1403,3),(680,3032,1411,3),(681,3050,1394,1),(682,3055,1401,1),(683,3070,1412,NULL),(684,3075,1411,1),(685,3079,1391,2),(686,3079,1401,1),(687,3079,1404,1),(688,3096,1389,1),(689,3102,1390,NULL),(690,3102,1403,3),(691,3102,1411,3),(692,3106,1390,NULL),(693,3106,1411,2),(694,3107,1390,NULL),(695,3107,1389,1),(696,3110,1407,NULL),(697,3117,1386,1),(698,3117,1389,1),(699,3117,1394,2),(700,3117,1408,NULL),(701,3127,1394,2),(702,3127,1403,2),(703,3128,1401,1),(704,3128,1406,4),(705,3131,1403,1),(706,3143,1412,NULL),(707,3144,1412,NULL),(708,3145,1394,1),(709,3145,1400,NULL),(710,3146,1389,1),(711,3146,1391,5),(712,3146,1400,NULL),(713,3146,1404,1),(714,3147,1394,1),(715,3147,1395,4),(716,3147,1397,NULL),(717,3148,1397,NULL),(718,3149,1395,1),(719,3149,1398,2),(720,3149,1401,1),(721,3150,1391,3),(722,3150,1404,1),(723,3150,1411,4),(724,3151,1386,1),(725,3151,1398,2),(726,3152,1388,2),(727,3152,1386,4),(728,3152,1401,1),(729,3153,1388,4),(730,3153,1411,4),(731,3153,1401,1),(732,3164,1403,2),(733,3276,1388,7),(734,3276,1389,2),(735,3276,1398,2),(736,3276,1397,NULL),(737,3276,1407,NULL),(738,3277,1395,1),(739,3277,1403,5),(740,3277,1407,NULL),(741,3278,1400,NULL),(742,3278,1407,NULL),(743,3279,1388,7),(744,3279,1401,1),(745,3279,1403,3),(746,3279,1407,NULL),(747,3280,1395,4),(748,3280,1401,1),(749,3281,1387,3),(750,3281,1401,1),(751,3281,1403,3),(752,3281,1404,1),(753,3281,1407,NULL),(754,3282,1395,1),(755,3282,1406,3),(756,3282,1407,NULL),(757,3283,1401,3),(758,3283,1403,1),(759,3283,1407,NULL),(760,3284,1390,NULL),(761,3284,1394,2),(762,3284,1407,NULL),(763,3318,1406,3),(764,3320,1406,3),(765,3337,1402,1),(766,3337,1407,NULL),(767,3337,2518,3),(768,3338,1407,NULL),(769,3369,1385,NULL),(770,3369,1412,NULL),(771,3370,1385,NULL),(772,3370,1398,1),(773,3370,1412,NULL),(774,3371,1384,1),(775,3371,1391,3),(776,3371,1412,NULL),(777,3372,1391,3),(778,3372,1403,2),(779,3372,1405,1),(780,3373,1388,6),(781,3373,1386,2),(782,3373,1391,3),(783,3373,1405,1),(784,3373,1411,6),(785,3374,1391,3),(786,3374,1397,NULL),(787,3374,1403,5),(788,3375,3377,NULL),(789,3375,1391,3),(790,3375,1404,1),(791,3376,1391,5),(792,3376,1398,1),(793,3376,1402,1),(794,3378,3377,NULL),(795,3378,1386,1),(796,3378,1391,4),(797,3378,1398,1),(798,3378,1404,2),(799,3379,1385,NULL),(800,3379,1405,1),(801,3379,1401,8),(802,3380,1401,5),(803,3380,1403,2),(804,3381,1387,1),(805,3381,1391,3),(806,3381,1394,1),(807,3382,1385,NULL),(808,3382,1391,4),(809,3383,1386,2),(810,3383,1401,1),(811,3383,1411,5),(812,3384,1388,6),(813,3384,1401,3),(814,3385,1388,4),(815,3385,1389,2),(816,3385,1391,3),(817,3385,1397,NULL),(818,3385,1401,4),(819,3386,1403,3),(820,3386,1411,1),(821,3387,1391,3),(822,3387,1392,1),(823,3387,1393,2),(824,3387,1394,1),(825,3388,1403,2),(826,3388,1411,1),(827,3441,1403,1),(828,3441,1412,NULL),(829,3442,1388,6),(830,3442,1391,3),(831,3442,1407,NULL),(832,3443,1388,2),(833,3443,1387,2),(834,3443,1403,2),(835,3443,1411,3),(836,3444,1395,3),(837,3445,1388,3),(838,3445,1389,1),(839,3445,1397,NULL),(840,3445,1404,1),(841,3445,1405,1),(842,3446,1386,1),(843,3446,1401,1),(844,3447,1388,6),(845,3447,1401,1),(846,3448,1388,5),(847,3448,1411,2),(848,3448,1401,1),(849,3449,1388,6),(850,3449,1387,2),(851,3449,1401,1),(852,3450,1400,NULL),(853,3450,1408,NULL),(854,3450,1401,1),(855,3454,1391,3),(856,3454,1394,2),(857,3454,1406,3),(858,3455,1398,1),(859,3455,1400,NULL),(860,3455,1403,4),(861,3504,1412,NULL),(862,3504,1411,2),(863,3505,1385,NULL),(864,3505,1394,2),(865,3505,1412,NULL),(866,3506,1384,2),(867,3506,1391,3),(868,3506,1403,3),(869,3506,1405,1),(870,3507,1385,NULL),(871,3507,1403,1),(872,3507,1412,NULL),(873,3507,1409,NULL),(874,3508,1401,1),(875,3509,1403,3),(876,3510,1386,1),(877,3510,1392,1),(878,3510,1408,NULL),(879,3511,1392,1),(880,3512,1395,1),(881,3512,1403,5),(882,3512,2518,4),(883,3513,1403,4),(884,3513,1411,1),(885,3523,1394,2),(886,3525,1412,NULL),(887,3528,1385,NULL),(888,3528,1402,1),(889,3528,1403,1),(890,3529,1402,1),(891,3529,1407,NULL),(892,3530,1397,NULL),(893,3571,1384,1),(894,3571,1391,2),(895,3571,1403,2),(896,3571,1412,NULL),(897,3572,1384,2),(898,3572,1404,2),(899,3572,1403,2),(900,3572,1405,1),(901,3573,1403,4),(902,3573,2518,3),(903,3573,1411,2),(904,3574,1384,1),(905,3574,1391,2),(906,3575,1391,3),(907,3575,1401,1),(908,3575,1403,1),(909,3575,1411,2),(910,3576,1388,4),(911,3576,1401,1),(912,3577,1387,2),(913,3577,1401,1),(914,3578,1395,2),(915,3578,1401,1),(916,3579,1401,1),(917,3579,1407,NULL),(918,3580,1395,5),(919,3580,1401,1),(920,3581,1411,1),(921,3582,1392,1),(922,3582,1403,2),(923,3582,2518,2),(924,3583,1392,1),(925,3583,1403,2),(926,3583,1411,2),(927,3584,1403,5),(928,3584,1411,1),(929,3585,1403,1),(930,3585,1408,NULL),(931,3585,1411,1);
/*!40000 ALTER TABLE `equipment_weaponqualityentry` ENABLE KEYS */;
UNLOCK TABLES;

--
-- Table structure for table `oldbooks_armor`
--

DROP TABLE IF EXISTS `oldbooks_armor`;
/*!40101 SET @saved_cs_client     = @@character_set_client */;
/*!40101 SET character_set_client = utf8 */;
CREATE TABLE `oldbooks_armor` (
  `item_ptr_id` int(11) NOT NULL,
  `defense` int(11) NOT NULL,
  `soak` int(11) NOT NULL,
  `hard_points` int(11) NOT NULL,
  PRIMARY KEY (`item_ptr_id`)
) ENGINE=InnoDB DEFAULT CHARSET=latin1;
/*!40101 SET character_set_client = @saved_cs_client */;

--
-- Dumping data for table `oldbooks_armor`
--

LOCK TABLES `oldbooks_armor` WRITE;
/*!40000 ALTER TABLE `oldbooks_armor` DISABLE KEYS */;
INSERT INTO `oldbooks_armor` VALUES (307,0,1,0),(308,0,1,1),(309,1,1,1),(310,0,1,0),(311,0,2,3),(312,0,2,0),(313,1,2,4),(314,2,0,0),(315,0,1,0),(316,0,2,0),(317,0,1,1),(318,1,3,3),(319,0,3,1),(320,1,2,3),(321,0,2,1),(322,1,1,2),(323,0,2,1),(324,0,0,1),(325,0,2,0),(326,0,1,0),(327,1,0,2),(328,1,1,3);
/*!40000 ALTER TABLE `oldbooks_armor` ENABLE KEYS */;
UNLOCK TABLES;

--
-- Table structure for table `oldbooks_attachment`
--

DROP TABLE IF EXISTS `oldbooks_attachment`;
/*!40101 SET @saved_cs_client     = @@character_set_client */;
/*!40101 SET character_set_client = utf8 */;
CREATE TABLE `oldbooks_attachment` (
  `item_ptr_id` int(11) NOT NULL,
  `by_silhoutte` tinyint(1) NOT NULL,
  `hard_points` int(11) NOT NULL,
  PRIMARY KEY (`item_ptr_id`)
) ENGINE=InnoDB DEFAULT CHARSET=latin1;
/*!40101 SET character_set_client = @saved_cs_client */;

--
-- Dumping data for table `oldbooks_attachment`
--

LOCK TABLES `oldbooks_attachment` WRITE;
/*!40000 ALTER TABLE `oldbooks_attachment` DISABLE KEYS */;
INSERT INTO `oldbooks_attachment` VALUES (329,0,2),(330,0,2),(331,0,1),(332,0,1),(333,0,1),(334,0,1),(335,0,1),(336,0,1),(337,0,2),(338,0,1),(339,0,1),(340,0,1),(341,0,1),(342,0,2),(343,0,1),(344,0,2),(345,0,1),(346,0,2),(347,0,2),(348,0,2),(349,0,1),(350,0,2),(351,0,2),(352,0,1),(353,0,1),(354,0,2),(355,0,1),(356,0,2),(357,0,1),(358,0,1),(359,0,1),(360,0,1),(361,1,2),(362,0,1),(363,0,2),(364,0,1),(365,0,1),(366,1,2),(367,0,2),(368,0,1),(369,0,2),(370,0,1),(371,0,1),(372,0,3),(373,0,2),(374,0,0),(375,0,2),(376,0,1),(377,0,1),(378,0,1),(379,0,1),(380,0,1),(381,1,2),(382,0,1),(383,0,1),(384,1,3),(385,0,1),(386,0,0),(387,1,1),(388,0,1),(389,0,0);
/*!40000 ALTER TABLE `oldbooks_attachment` ENABLE KEYS */;
UNLOCK TABLES;

--
-- Table structure for table `oldbooks_book`
--

DROP TABLE IF EXISTS `oldbooks_book`;
/*!40101 SET @saved_cs_client     = @@character_set_client */;
/*!40101 SET character_set_client = utf8 */;
CREATE TABLE `oldbooks_book` (
  `id` int(11) NOT NULL AUTO_INCREMENT,
  `name` varchar(100) NOT NULL,
  `initials` varchar(10) NOT NULL,
  `num_pages` int(11) NOT NULL,
  `system_id` int(11) NOT NULL,
  `product_key` varchar(10) NOT NULL,
  PRIMARY KEY (`id`),
  KEY `oldbooks_book_f81e80d8` (`system_id`)
) ENGINE=InnoDB AUTO_INCREMENT=11 DEFAULT CHARSET=latin1;
/*!40101 SET character_set_client = @saved_cs_client */;

--
-- Dumping data for table `oldbooks_book`
--

LOCK TABLES `oldbooks_book` WRITE;
/*!40000 ALTER TABLE `oldbooks_book` DISABLE KEYS */;
INSERT INTO `oldbooks_book` VALUES (1,'Core Rulebook','CRB',448,1,'SWE02'),(2,'Game Master\'s Kit','GMK',32,1,'SWE03'),(3,'Beyond the Rim','BtR',96,1,'SWE05'),(4,'Enter the Unknown','EtU',96,1,'SWE06'),(5,'Suns of Fortune','SoF',144,1,'SWE07'),(6,'Jewel of Yavin','JoY',96,1,'SWE09'),(8,'Dangerous Covenants','DC',96,1,'SWE08'),(9,'Beginner Game - Adventure Book','BGA',32,2,'SWA01'),(10,'Beginner Game - Rulebook','BGR',48,2,'SWA01');
/*!40000 ALTER TABLE `oldbooks_book` ENABLE KEYS */;
UNLOCK TABLES;

--
-- Table structure for table `oldbooks_category`
--

DROP TABLE IF EXISTS `oldbooks_category`;
/*!40101 SET @saved_cs_client     = @@character_set_client */;
/*!40101 SET character_set_client = utf8 */;
CREATE TABLE `oldbooks_category` (
  `id` int(11) NOT NULL AUTO_INCREMENT,
  `model` int(11) NOT NULL,
  `name` varchar(50) NOT NULL,
  PRIMARY KEY (`id`)
) ENGINE=InnoDB AUTO_INCREMENT=58 DEFAULT CHARSET=latin1;
/*!40101 SET character_set_client = @saved_cs_client */;

--
-- Dumping data for table `oldbooks_category`
--

LOCK TABLES `oldbooks_category` WRITE;
/*!40000 ALTER TABLE `oldbooks_category` DISABLE KEYS */;
INSERT INTO `oldbooks_category` VALUES (1,2,'Energy'),(2,2,'Slugthrowers'),(3,2,'Melee'),(4,2,'Explosives'),(5,2,'Grenades'),(6,2,'Portable Missiles'),(7,2,'Brawl'),(8,2,'Thrown'),(9,2,'Creature'),(10,2,'Droid'),(11,2,'Other'),(12,1,'Detection Devices'),(13,1,'Medical'),(14,1,'Survival'),(15,1,'Tools'),(16,1,'Communications'),(17,1,'Consumables'),(18,1,'Droids'),(19,1,'Cybernetics'),(20,1,'Recreational'),(21,1,'Security'),(22,1,'Drugs'),(23,3,'Armor'),(24,4,'Weapon'),(25,4,'Armor'),(26,4,'Vehicle Utility'),(27,4,'Vehicle Weapon'),(28,5,'Gravsled'),(29,5,'Speeder Bike'),(30,5,'Skiff'),(31,5,'Airspeeder'),(32,5,'Cloud Car'),(33,5,'Speeder Truck'),(34,5,'Swoop'),(35,5,'Landspeeder'),(36,5,'Mobile Refinery'),(37,5,'Groundcar'),(38,5,'Walker'),(39,5,'Armored Personnel Carrier'),(40,5,'Tunneling Vehicle'),(41,6,'Starfighter'),(42,6,'Patrol Boat'),(43,6,'Shuttle'),(44,6,'Transport'),(45,6,'Freighter'),(46,6,'Yacht'),(47,6,'Corvette'),(48,6,'Frigate'),(49,6,'Scout Ship'),(50,6,'Bulk Freighter'),(51,6,'Light Assault Transport'),(52,6,'Bulk Cruiser'),(53,6,'Cruiser'),(55,6,'Small Transport'),(56,6,'Light Freighter'),(57,6,'Racing Vessel');
/*!40000 ALTER TABLE `oldbooks_category` ENABLE KEYS */;
UNLOCK TABLES;

--
-- Table structure for table `oldbooks_consumable`
--

DROP TABLE IF EXISTS `oldbooks_consumable`;
/*!40101 SET @saved_cs_client     = @@character_set_client */;
/*!40101 SET character_set_client = utf8 */;
CREATE TABLE `oldbooks_consumable` (
  `id` int(11) NOT NULL AUTO_INCREMENT,
  `value` int(11) NOT NULL,
  `period` int(11) NOT NULL,
  `starship_id` int(11) NOT NULL,
  PRIMARY KEY (`id`),
  UNIQUE KEY `starship_id` (`starship_id`)
) ENGINE=InnoDB AUTO_INCREMENT=68 DEFAULT CHARSET=latin1;
/*!40101 SET character_set_client = @saved_cs_client */;

--
-- Dumping data for table `oldbooks_consumable`
--

LOCK TABLES `oldbooks_consumable` WRITE;
/*!40000 ALTER TABLE `oldbooks_consumable` DISABLE KEYS */;
INSERT INTO `oldbooks_consumable` VALUES (1,1,2,427),(2,1,4,428),(3,2,4,429),(4,2,4,430),(5,2,2,431),(6,1,3,432),(7,1,3,433),(8,1,2,434),(9,1,4,435),(10,3,4,436),(11,6,4,437),(12,6,4,438),(13,6,4,439),(14,3,4,440),(15,4,4,441),(16,3,4,442),(17,2,4,443),(18,2,4,444),(19,6,4,445),(20,1,5,446),(21,8,4,447),(22,3,4,448),(23,2,5,449),(24,0,2,450),(25,1,2,451),(26,2,4,452),(27,1,5,453),(28,1,4,454),(29,1,4,455),(30,3,4,456),(32,1,2,458),(33,4,2,459),(34,1,4,460),(35,1,4,461),(36,6,4,462),(37,6,4,463),(38,1,5,464),(39,2,5,465),(40,2,5,466),(41,3,4,467),(42,9,4,468),(43,6,4,469),(44,2,4,470),(45,6,4,471),(46,1,5,472),(47,2,4,473),(48,8,4,474),(49,2,5,475),(50,1,4,476),(51,48,1,477),(52,1,3,478),(53,1,2,479),(54,2,2,480),(55,2,2,481),(56,2,3,482),(57,3,5,483),(58,3,4,484),(59,2,4,485),(60,6,4,486),(61,1,3,487),(62,2,4,488),(63,2,4,489),(64,1,5,490),(65,3,4,491),(66,1,4,492),(67,1,2,493);
/*!40000 ALTER TABLE `oldbooks_consumable` ENABLE KEYS */;
UNLOCK TABLES;

--
-- Table structure for table `oldbooks_crewdescriptor`
--

DROP TABLE IF EXISTS `oldbooks_crewdescriptor`;
/*!40101 SET @saved_cs_client     = @@character_set_client */;
/*!40101 SET character_set_client = utf8 */;
CREATE TABLE `oldbooks_crewdescriptor` (
  `id` int(11) NOT NULL AUTO_INCREMENT,
  `description` varchar(100) NOT NULL,
  PRIMARY KEY (`id`)
) ENGINE=InnoDB AUTO_INCREMENT=31 DEFAULT CHARSET=latin1;
/*!40101 SET character_set_client = @saved_cs_client */;

--
-- Dumping data for table `oldbooks_crewdescriptor`
--

LOCK TABLES `oldbooks_crewdescriptor` WRITE;
/*!40000 ALTER TABLE `oldbooks_crewdescriptor` DISABLE KEYS */;
INSERT INTO `oldbooks_crewdescriptor` VALUES (1,'pilot'),(2,'gunner'),(3,'co-pilot/cargo handler'),(4,'co-pilot'),(5,'miners and engineers'),(6,'sensor/comms operator'),(7,'communication tech'),(8,'sensor tech'),(9,'tactical officer'),(10,'commander'),(11,'co-pilot/navigator'),(12,'steward'),(13,'co-pilot/engineer'),(14,'co-pilot/mining operator'),(15,'guard'),(16,'navigator'),(17,'comms operator'),(18,'engineer'),(19,'crew'),(20,'cargo master'),(21,'mates/crew'),(22,'captain'),(23,'officers and enlisted crew'),(24,'officers, pilots, and enlisted crew'),(25,'loadmaster'),(26,'technician'),(27,'sensor officer/gunner'),(28,'communications officer'),(29,'system engineer'),(30,'co-pilot/gunner');
/*!40000 ALTER TABLE `oldbooks_crewdescriptor` ENABLE KEYS */;
UNLOCK TABLES;

--
-- Table structure for table `oldbooks_crewentry`
--

DROP TABLE IF EXISTS `oldbooks_crewentry`;
/*!40101 SET @saved_cs_client     = @@character_set_client */;
/*!40101 SET character_set_client = utf8 */;
CREATE TABLE `oldbooks_crewentry` (
  `id` int(11) NOT NULL AUTO_INCREMENT,
  `quantity` int(11) NOT NULL,
  `description_id` int(11) NOT NULL,
  `vehicle_id` int(11) NOT NULL,
  PRIMARY KEY (`id`),
  KEY `oldbooks_crewentry_41d54852` (`description_id`),
  KEY `oldbooks_crewentry_8daad208` (`vehicle_id`)
) ENGINE=InnoDB AUTO_INCREMENT=202 DEFAULT CHARSET=latin1;
/*!40101 SET character_set_client = @saved_cs_client */;

--
-- Dumping data for table `oldbooks_crewentry`
--

LOCK TABLES `oldbooks_crewentry` WRITE;
/*!40000 ALTER TABLE `oldbooks_crewentry` DISABLE KEYS */;
INSERT INTO `oldbooks_crewentry` VALUES (1,1,1,391),(3,1,1,393),(4,1,1,394),(5,1,1,396),(6,1,2,396),(7,1,1,395),(8,1,1,397),(9,1,3,397),(10,1,1,398),(11,1,1,399),(12,2,4,399),(13,1,1,400),(14,1,1,401),(15,50,5,402),(16,1,1,403),(17,1,4,403),(18,1,1,404),(19,1,1,405),(20,1,4,405),(21,1,6,405),(22,1,1,406),(23,1,1,407),(24,1,1,408),(25,1,2,408),(26,1,1,409),(27,1,2,409),(28,2,7,409),(29,2,8,409),(30,1,9,409),(31,1,10,409),(32,1,1,410),(33,2,2,410),(34,1,1,411),(35,1,1,412),(36,1,1,413),(37,1,1,414),(38,1,1,415),(39,1,1,416),(40,1,2,416),(41,1,1,417),(42,1,1,418),(43,1,1,419),(44,1,11,419),(45,1,12,419),(46,1,1,420),(47,1,1,421),(48,1,1,422),(49,1,1,423),(50,1,13,423),(51,2,2,423),(52,1,1,424),(53,1,13,424),(54,1,1,425),(55,1,14,425),(56,1,1,426),(57,1,1,427),(58,1,1,428),(59,2,15,428),(60,1,1,429),(61,1,1,430),(62,1,4,430),(63,1,16,430),(64,1,2,430),(65,1,17,430),(66,1,18,430),(67,1,1,431),(68,1,1,432),(69,1,1,433),(70,1,2,433),(71,1,1,434),(72,1,1,435),(73,1,4,435),(74,1,6,435),(75,2,2,435),(76,20,19,436),(77,1,1,437),(78,1,4,437),(79,1,18,437),(80,1,1,438),(81,1,4,438),(82,1,18,438),(83,1,20,438),(84,3,21,438),(85,1,1,439),(86,1,13,439),(87,1,22,440),(88,1,1,440),(89,1,4,440),(90,2,18,440),(91,1,20,440),(92,3,21,440),(93,1,1,441),(94,1,4,441),(95,1,18,441),(96,2,2,441),(97,1,1,442),(98,1,4,442),(99,1,18,442),(100,1,20,442),(101,6,19,442),(102,1,1,443),(103,1,13,443),(104,1,1,444),(105,1,13,444),(106,150,23,445),(107,165,19,446),(108,91,23,447),(109,177,24,448),(110,920,24,449),(111,1,1,451),(112,1,1,452),(113,12,19,453),(114,40,19,454),(115,12,19,455),(116,15,19,456),(118,1,1,458),(119,1,1,459),(120,1,2,459),(121,1,1,460),(122,1,4,460),(123,2,2,460),(124,1,18,460),(125,1,1,461),(126,1,2,461),(127,1,18,461),(128,1,1,462),(129,1,4,462),(130,2,2,462),(131,1,22,463),(132,1,1,463),(133,1,4,463),(134,2,18,463),(135,1,20,463),(136,2,2,463),(137,2200,19,464),(138,6000,19,465),(139,800,19,466),(140,1,1,467),(141,1,1,468),(142,1,4,468),(143,1,8,468),(144,1,2,468),(145,1,1,469),(146,1,4,469),(147,1,18,469),(148,1,25,469),(149,1,1,470),(150,1,4,470),(151,1,1,471),(152,1,4,471),(153,1,25,471),(154,1,18,471),(155,6,26,471),(156,1,1,472),(157,1,4,472),(158,1,1,473),(159,1,13,473),(160,1,1,474),(161,1,13,474),(162,150,24,475),(163,1,1,476),(164,1,4,476),(165,1,18,476),(166,5,2,476),(167,11,19,476),(168,1,1,477),(169,1,1,478),(170,1,4,478),(171,1,1,479),(172,1,1,480),(173,1,1,481),(174,1,1,482),(175,1,27,482),(176,1,1,483),(177,1,4,483),(178,1,16,483),(179,2,28,483),(180,3,18,483),(181,1,1,484),(182,1,11,484),(183,2,2,484),(184,1,1,485),(185,1,29,485),(186,1,1,486),(187,1,11,486),(188,1,2,486),(189,1,1,487),(190,1,16,487),(191,1,1,488),(192,1,30,488),(193,1,1,489),(194,1,2,489),(195,150,19,490),(196,1,1,491),(197,1,11,491),(198,2,2,491),(199,1,1,492),(200,2,15,492),(201,1,1,493);
/*!40000 ALTER TABLE `oldbooks_crewentry` ENABLE KEYS */;
UNLOCK TABLES;

--
-- Table structure for table `oldbooks_hyperdrive`
--

DROP TABLE IF EXISTS `oldbooks_hyperdrive`;
/*!40101 SET @saved_cs_client     = @@character_set_client */;
/*!40101 SET character_set_client = utf8 */;
CREATE TABLE `oldbooks_hyperdrive` (
  `id` int(11) NOT NULL AUTO_INCREMENT,
  `rank` int(11) NOT NULL,
  `class_value` int(11) NOT NULL,
  `starship_id` int(11) NOT NULL,
  PRIMARY KEY (`id`),
  KEY `oldbooks_hyperdrive_fa1680a5` (`starship_id`)
) ENGINE=InnoDB AUTO_INCREMENT=102 DEFAULT CHARSET=latin1;
/*!40101 SET character_set_client = @saved_cs_client */;

--
-- Dumping data for table `oldbooks_hyperdrive`
--

LOCK TABLES `oldbooks_hyperdrive` WRITE;
/*!40000 ALTER TABLE `oldbooks_hyperdrive` DISABLE KEYS */;
INSERT INTO `oldbooks_hyperdrive` VALUES (1,1,3,428),(2,2,15,428),(3,1,3,429),(4,2,15,429),(5,1,1,430),(6,2,10,430),(7,1,1,432),(8,1,1,433),(9,1,2,435),(10,2,15,435),(11,1,3,436),(12,2,20,436),(13,1,2,437),(14,2,15,437),(15,1,4,438),(16,2,15,438),(17,1,2,439),(18,2,14,439),(19,1,4,440),(20,2,15,440),(21,1,1,441),(22,2,15,441),(23,1,2,442),(24,2,14,442),(25,1,2,443),(26,2,12,443),(27,1,2,444),(28,2,12,444),(29,1,2,445),(30,2,15,445),(31,1,2,446),(32,1,2,447),(33,2,16,447),(34,1,2,448),(35,1,2,449),(36,2,12,449),(37,1,2,452),(38,2,12,452),(39,1,1,453),(40,2,10,453),(41,1,2,454),(42,1,3,456),(43,2,12,456),(44,1,3,459),(45,1,2,460),(46,2,15,460),(47,1,1,461),(48,2,10,461),(49,1,2,462),(50,2,12,462),(51,1,1,463),(52,2,12,463),(53,1,3,464),(54,2,20,464),(55,1,2,465),(56,2,10,465),(57,1,2,466),(58,2,10,466),(59,1,1,467),(60,2,9,467),(61,1,2,468),(62,2,12,468),(63,1,1,469),(64,2,12,469),(65,1,2,470),(66,2,15,470),(67,1,3,471),(68,2,16,471),(69,1,3,472),(70,2,13,472),(71,1,3,473),(72,2,16,473),(73,1,2,474),(74,2,15,474),(75,1,3,475),(76,2,9,475),(77,3,18,475),(78,1,2,476),(79,2,14,476),(80,1,1,479),(81,1,2,480),(82,1,2,483),(83,2,12,483),(84,1,3,484),(85,2,12,484),(86,1,3,485),(87,2,25,485),(88,1,1,486),(89,2,12,486),(90,1,8,487),(91,2,18,487),(92,1,2,488),(93,2,16,488),(94,1,2,489),(95,2,16,489),(96,1,2,490),(97,2,16,490),(98,1,1,491),(99,2,12,491),(100,1,3,492),(101,2,15,492);
/*!40000 ALTER TABLE `oldbooks_hyperdrive` ENABLE KEYS */;
UNLOCK TABLES;

--
-- Table structure for table `oldbooks_index`
--

DROP TABLE IF EXISTS `oldbooks_index`;
/*!40101 SET @saved_cs_client     = @@character_set_client */;
/*!40101 SET character_set_client = utf8 */;
CREATE TABLE `oldbooks_index` (
  `id` int(11) NOT NULL AUTO_INCREMENT,
  `book_id` int(11) NOT NULL,
  `page` int(11) NOT NULL,
  `item_id` int(11) NOT NULL,
  `aka` varchar(100) NOT NULL,
  PRIMARY KEY (`id`),
  KEY `oldbooks_index_36c249d7` (`book_id`),
  KEY `oldbooks_index_0a47aae8` (`item_id`)
) ENGINE=InnoDB AUTO_INCREMENT=540 DEFAULT CHARSET=latin1;
/*!40101 SET character_set_client = @saved_cs_client */;

--
-- Dumping data for table `oldbooks_index`
--

LOCK TABLES `oldbooks_index` WRITE;
/*!40000 ALTER TABLE `oldbooks_index` DISABLE KEYS */;
INSERT INTO `oldbooks_index` VALUES (1,1,171,1,''),(2,1,171,2,''),(3,1,171,3,''),(4,1,172,4,''),(5,1,172,5,''),(6,1,172,6,''),(7,1,173,7,''),(8,1,173,8,''),(9,1,174,9,''),(10,1,174,10,''),(11,1,174,11,''),(12,1,174,12,''),(13,1,174,13,''),(14,1,174,14,''),(15,1,175,15,''),(16,1,175,16,''),(17,1,175,17,''),(18,1,175,18,''),(19,1,175,19,''),(20,1,175,20,''),(21,1,175,21,''),(22,1,176,22,''),(23,1,176,23,''),(24,1,176,24,''),(25,1,176,25,''),(26,1,177,26,''),(27,1,177,27,''),(28,1,177,28,''),(29,1,177,29,''),(30,1,178,30,''),(31,1,178,31,''),(32,1,178,32,''),(33,1,178,33,''),(34,1,178,34,''),(35,1,179,35,''),(36,1,179,36,''),(37,1,179,37,''),(38,1,179,38,''),(39,1,180,39,''),(40,1,180,40,''),(41,1,180,41,''),(42,1,180,42,''),(43,1,180,43,''),(44,1,181,44,''),(45,1,181,45,''),(46,1,181,46,''),(47,1,181,47,''),(48,1,181,48,''),(49,1,181,49,''),(50,1,182,50,''),(51,1,182,51,''),(52,1,183,52,''),(53,1,183,53,''),(54,1,184,54,''),(55,1,184,55,''),(56,1,184,56,''),(57,1,184,57,''),(58,1,184,58,''),(59,1,184,59,''),(60,1,185,60,''),(61,1,185,61,''),(62,1,185,62,''),(63,1,185,63,''),(64,1,186,64,''),(65,1,186,65,''),(66,1,186,66,''),(67,1,410,67,''),(68,1,410,68,''),(69,1,410,69,''),(70,1,411,70,''),(71,1,411,71,''),(72,1,412,72,''),(73,1,412,73,''),(74,8,56,74,''),(75,8,56,75,''),(76,8,57,76,''),(77,8,57,77,''),(78,8,57,78,''),(79,8,57,79,''),(80,8,57,80,''),(81,8,58,81,''),(82,8,58,82,''),(83,8,58,83,''),(84,8,58,84,''),(85,8,58,85,''),(86,8,58,86,''),(87,8,58,87,''),(88,8,58,88,''),(89,8,59,89,''),(90,8,59,90,''),(91,8,59,91,''),(92,8,59,92,''),(93,4,46,93,''),(94,4,47,94,''),(95,4,47,95,''),(96,4,47,96,''),(97,4,48,97,''),(98,4,49,98,''),(99,4,49,99,''),(100,4,49,100,''),(101,4,49,101,''),(102,4,50,102,''),(103,4,50,103,''),(104,4,51,104,''),(105,4,51,105,''),(106,4,51,106,''),(107,4,51,107,''),(108,4,52,108,''),(109,4,52,109,''),(110,4,52,110,''),(111,4,53,111,''),(112,4,53,112,''),(113,4,53,113,''),(114,4,53,114,''),(115,4,53,115,''),(116,4,53,116,''),(117,4,54,117,''),(118,4,54,118,''),(119,4,55,119,''),(120,4,56,120,''),(121,4,56,121,''),(122,4,57,122,''),(123,4,57,123,''),(124,5,100,124,''),(125,5,100,125,''),(126,5,100,126,''),(127,5,100,127,''),(128,5,101,128,''),(129,5,101,129,''),(130,5,101,130,''),(131,5,101,131,''),(132,5,102,132,''),(133,5,102,133,''),(134,5,102,134,''),(135,5,102,135,''),(136,5,102,136,''),(137,5,102,137,''),(138,5,103,138,''),(139,5,103,139,''),(140,5,103,140,''),(141,5,103,141,''),(142,5,103,142,''),(143,5,103,143,''),(144,3,26,144,''),(145,3,44,145,''),(146,3,46,146,''),(147,3,46,147,''),(148,3,46,148,''),(149,3,46,149,''),(150,3,47,150,''),(151,3,47,151,''),(152,3,47,152,''),(153,3,58,153,''),(154,3,64,154,''),(155,3,65,155,''),(156,1,161,156,''),(157,1,161,157,''),(158,1,161,158,''),(159,1,162,159,''),(160,1,162,160,''),(161,1,162,161,''),(162,1,162,162,''),(163,1,162,163,''),(164,1,162,164,''),(165,1,162,165,''),(166,1,162,166,''),(167,1,163,167,''),(168,1,163,168,''),(169,1,164,169,''),(170,1,164,170,''),(171,1,164,171,''),(172,1,164,172,''),(173,1,165,173,''),(174,1,165,174,''),(175,1,165,175,''),(176,1,165,176,''),(177,1,165,177,''),(178,1,166,178,''),(179,1,166,179,''),(180,1,166,180,''),(181,1,166,181,''),(182,1,166,182,''),(183,1,167,183,''),(184,1,167,184,''),(185,1,167,185,''),(186,1,167,186,''),(187,1,167,187,''),(188,1,394,188,''),(189,1,395,189,''),(190,1,399,190,''),(191,1,401,191,''),(192,1,407,192,''),(193,1,408,193,''),(194,1,414,194,''),(195,1,415,195,''),(196,1,415,196,''),(197,1,415,197,''),(198,8,41,198,''),(199,8,41,199,''),(200,8,41,200,''),(201,8,41,201,''),(202,8,42,202,''),(203,8,43,203,''),(204,8,43,204,''),(205,8,43,205,''),(206,8,43,206,''),(207,8,44,207,''),(208,8,45,208,''),(209,8,45,209,''),(210,8,45,210,''),(211,8,45,211,''),(212,8,45,212,''),(213,8,45,213,''),(214,8,46,214,''),(215,8,46,215,''),(216,8,46,216,''),(217,8,47,217,''),(218,8,47,218,''),(219,8,47,219,''),(220,8,47,220,''),(221,8,47,221,''),(222,8,47,222,''),(223,8,48,223,''),(224,8,48,224,''),(225,8,48,225,''),(226,8,48,226,''),(227,8,49,227,''),(228,8,49,228,''),(229,4,38,229,''),(230,4,38,230,''),(231,4,39,231,''),(232,4,39,232,''),(233,4,40,233,''),(234,4,41,234,''),(235,4,42,235,''),(236,4,42,236,''),(237,4,42,237,''),(238,4,43,238,''),(239,4,43,239,''),(240,4,54,240,''),(241,4,55,241,''),(242,4,56,242,''),(243,4,57,243,''),(244,4,57,244,''),(245,2,6,245,''),(246,6,12,246,''),(247,6,13,247,''),(248,6,75,248,''),(249,6,75,249,''),(250,5,9,250,''),(251,5,19,251,''),(252,5,19,252,''),(253,5,19,253,''),(254,5,20,254,''),(255,5,20,255,''),(256,5,20,256,''),(257,5,28,257,''),(258,5,28,258,''),(259,5,29,259,''),(260,5,29,260,''),(261,5,35,261,''),(262,5,35,262,''),(263,5,35,263,''),(264,5,35,264,''),(265,5,42,265,''),(266,5,42,266,''),(267,5,42,267,''),(268,5,42,268,''),(269,5,43,269,''),(270,5,43,270,''),(271,5,43,271,''),(272,5,43,272,''),(273,5,43,273,''),(274,5,48,274,''),(275,5,61,275,''),(276,5,61,276,''),(277,5,61,277,''),(278,5,61,278,''),(279,5,65,279,''),(280,5,69,280,''),(281,5,73,281,''),(282,5,73,282,''),(283,5,73,283,''),(284,5,73,284,''),(285,5,94,285,''),(286,5,94,286,''),(287,5,94,287,''),(288,5,95,288,''),(289,5,95,289,''),(290,5,96,290,''),(291,5,96,291,''),(292,5,96,292,''),(293,5,96,293,''),(294,5,97,294,''),(295,5,97,295,''),(296,5,97,296,''),(297,5,97,297,''),(298,5,98,298,''),(299,5,98,299,''),(300,5,98,300,''),(301,5,124,301,''),(302,5,130,302,''),(303,9,14,303,''),(304,10,31,157,''),(305,10,31,158,''),(306,10,31,156,''),(307,10,31,162,''),(308,10,31,159,''),(309,10,31,160,''),(310,10,31,164,''),(311,10,31,168,''),(312,10,31,173,''),(313,10,31,174,''),(314,10,31,304,''),(315,10,31,178,''),(316,10,31,180,''),(317,10,31,305,''),(318,10,31,184,''),(319,10,31,186,''),(320,10,35,1,''),(321,10,35,17,''),(322,10,35,19,''),(323,10,35,18,''),(324,10,35,21,''),(325,10,35,25,''),(326,10,35,26,''),(327,10,35,27,''),(328,10,35,32,''),(329,10,36,33,''),(330,10,36,30,''),(331,10,36,34,''),(332,10,36,37,''),(333,10,36,36,''),(334,10,36,38,''),(335,10,36,42,''),(336,10,36,44,''),(337,10,36,47,''),(338,10,36,45,''),(339,10,36,50,''),(340,10,36,49,''),(341,10,47,194,''),(343,10,47,306,''),(344,3,26,307,''),(345,1,169,308,''),(346,1,169,309,''),(347,1,169,310,''),(348,1,169,311,''),(349,1,169,312,''),(350,1,170,313,''),(351,1,170,314,''),(352,8,49,315,''),(353,8,50,316,''),(354,8,50,317,''),(355,8,51,318,''),(356,8,51,319,''),(357,8,51,320,''),(358,4,44,321,''),(359,4,45,322,''),(360,4,45,323,''),(361,4,45,324,''),(362,5,99,325,''),(363,5,99,326,''),(364,5,99,327,''),(365,5,99,328,''),(366,10,34,310,''),(367,10,34,312,''),(368,10,34,309,''),(369,10,34,313,''),(370,1,188,329,''),(371,1,188,330,''),(372,1,188,331,''),(373,1,188,332,''),(374,1,189,333,''),(375,1,189,334,''),(376,1,190,335,''),(377,1,190,336,''),(378,1,190,337,''),(379,1,190,338,''),(380,1,191,339,''),(381,1,191,340,''),(382,1,191,341,''),(383,1,191,342,''),(384,1,191,343,''),(385,1,191,344,''),(386,1,192,345,''),(387,1,192,346,''),(388,1,193,347,''),(389,1,193,348,''),(390,1,193,349,''),(391,1,193,350,''),(392,1,194,351,''),(393,1,194,352,''),(394,1,194,353,''),(395,1,194,354,''),(396,1,194,355,''),(397,1,195,356,''),(398,1,195,357,''),(399,1,195,358,''),(400,1,269,359,''),(401,1,269,360,''),(402,1,269,361,''),(403,1,270,362,''),(404,1,270,363,''),(405,1,270,364,''),(406,1,271,365,''),(407,1,271,366,''),(408,1,271,367,''),(409,8,51,368,''),(410,8,52,369,''),(411,8,52,370,''),(412,8,52,371,''),(413,8,52,372,''),(414,8,53,373,''),(415,8,53,374,''),(416,8,53,375,''),(417,8,54,376,''),(418,8,54,377,''),(419,8,54,378,''),(420,8,60,379,''),(421,8,60,380,''),(422,8,60,381,''),(423,8,60,382,''),(424,8,61,383,''),(425,8,62,384,''),(426,8,62,385,''),(427,6,47,386,''),(428,6,47,387,''),(429,6,47,388,''),(430,6,48,389,''),(431,3,33,391,''),(433,3,87,393,''),(434,1,248,394,''),(435,1,248,395,''),(436,1,248,396,''),(437,1,249,397,''),(438,1,250,398,''),(439,1,250,399,''),(440,1,250,400,''),(441,1,251,401,''),(442,1,251,402,''),(443,1,252,403,''),(444,1,252,404,''),(445,1,253,405,''),(446,3,70,398,'Scout Trooper Speeder Bikes'),(447,8,62,406,''),(448,8,63,407,''),(449,8,63,408,''),(450,8,64,409,''),(451,8,64,410,''),(452,8,64,411,''),(453,8,65,412,''),(454,4,58,413,''),(455,4,58,414,''),(456,8,59,415,''),(457,6,44,416,''),(458,6,87,417,''),(459,5,104,418,''),(460,5,104,419,''),(461,5,104,420,''),(462,5,105,421,''),(463,5,105,422,''),(464,5,106,423,''),(465,5,106,424,''),(466,5,107,425,''),(467,5,130,426,''),(468,5,131,420,''),(469,1,254,427,''),(470,1,255,428,''),(471,1,256,429,''),(472,1,256,430,''),(473,1,257,431,''),(474,1,257,432,''),(475,1,257,433,''),(476,1,258,434,''),(477,1,259,435,''),(478,1,260,436,'Action VI Bulk Freighter'),(479,1,260,437,''),(480,1,261,438,''),(481,1,262,439,''),(482,1,262,440,''),(483,1,263,441,''),(484,1,263,442,''),(485,1,264,443,''),(486,1,265,444,''),(487,1,265,445,''),(488,1,266,446,''),(489,1,267,447,''),(490,1,267,448,''),(491,1,268,449,''),(492,1,431,450,''),(493,1,431,451,''),(494,3,30,452,''),(495,3,35,434,'Wheel Security Starfighters'),(496,3,70,453,''),(497,3,78,431,''),(498,3,93,454,''),(499,3,93,455,''),(500,3,96,456,''),(502,8,65,458,''),(503,8,66,459,''),(504,8,67,460,''),(505,8,67,461,''),(506,8,68,462,''),(507,8,68,463,''),(508,8,69,464,''),(509,8,69,465,''),(510,8,70,466,''),(511,4,59,467,''),(512,4,60,468,''),(513,4,61,469,''),(514,4,62,470,''),(515,4,63,471,''),(516,4,64,472,''),(517,4,64,473,''),(518,4,66,474,''),(519,4,67,475,''),(520,6,91,476,''),(521,6,95,416,''),(522,5,107,477,''),(523,5,107,478,''),(524,5,108,479,''),(525,5,108,480,''),(526,5,108,481,''),(527,5,109,482,''),(528,5,110,483,''),(529,5,110,484,''),(530,5,110,485,''),(531,5,111,486,''),(532,5,111,487,''),(533,5,112,488,''),(534,5,112,489,''),(535,5,113,490,''),(537,5,127,491,''),(538,5,143,492,'Modified Firespray System Patrol Craft'),(539,5,144,493,'');
/*!40000 ALTER TABLE `oldbooks_index` ENABLE KEYS */;
UNLOCK TABLES;

--
-- Table structure for table `oldbooks_item`
--

DROP TABLE IF EXISTS `oldbooks_item`;
/*!40101 SET @saved_cs_client     = @@character_set_client */;
/*!40101 SET character_set_client = utf8 */;
CREATE TABLE `oldbooks_item` (
  `id` int(11) NOT NULL AUTO_INCREMENT,
  `name` varchar(100) NOT NULL,
  `price` int(11) NOT NULL,
  `restricted` tinyint(1) NOT NULL,
  `encumbrance` int(11) NOT NULL,
  `rarity` int(11) NOT NULL,
  `category_id` int(11) NOT NULL,
  `image` varchar(100) DEFAULT NULL,
  `notes` varchar(500) NOT NULL,
  PRIMARY KEY (`id`),
  KEY `oldbooks_item_6f33f001` (`category_id`)
) ENGINE=InnoDB AUTO_INCREMENT=494 DEFAULT CHARSET=latin1;
/*!40101 SET character_set_client = @saved_cs_client */;

--
-- Dumping data for table `oldbooks_item`
--

LOCK TABLES `oldbooks_item` WRITE;
/*!40000 ALTER TABLE `oldbooks_item` DISABLE KEYS */;
INSERT INTO `oldbooks_item` VALUES (1,'Comlink (handheld)',25,0,0,0,16,'',''),(2,'Comlink (long range)',200,0,2,1,16,'',''),(3,'Holo-Messenger',250,0,0,4,16,'',''),(4,'Synthetic Standard Strength Anesthetic',35,0,0,4,17,'',''),(5,'Synthetic Standard Strength Neuroparalytic',75,1,0,6,17,'',''),(6,'Synthetic Standard Strength Neurotoxin',50,1,0,6,17,'',''),(7,'Cybernetic Arms (Mod V and Mod VI)',10000,0,0,6,19,'',''),(8,'Cybernetic Legs (Mod II and Mod III)',10000,0,0,6,19,'',''),(9,'Cybernetic Brain Implant',10000,0,0,6,19,'',''),(10,'Cybernetic Eyes',7500,0,0,6,19,'',''),(11,'Cybernetic Weapon',4000,0,0,7,19,'',''),(12,'Cyberscanner Limb',4000,0,0,7,19,'',''),(13,'Immune Implant',5000,0,0,6,19,'',''),(14,'Implant Armor',7500,0,0,6,19,'',''),(15,'Repli-Limb Prosthetic (limb)',2000,0,0,4,19,'',''),(16,'Repli-Limb Prosthetic (organ)',1000,0,0,4,19,'',''),(17,'Electrobinoculars',250,0,1,1,12,'',''),(18,'General Purpose Scanner',500,0,2,3,12,'',''),(19,'Macrobinoculars',75,0,1,2,12,'',''),(20,'Scanner Goggles',150,0,0,3,12,'',''),(21,'Hand Scanner',100,0,0,2,12,'',''),(22,'Surveillance Tagger',165,1,0,4,12,'',''),(23,'Bacta (liter)',20,0,1,1,13,'',''),(24,'Bacta (tank)',4000,0,12,1,13,'',''),(25,'Emergency Medpac',100,0,1,1,13,'',''),(26,'Medpac',400,0,2,2,13,'',''),(27,'Stimpac',25,0,0,1,13,'',''),(28,'Synthskin',10,0,0,1,13,'',''),(29,'Synthflesh',10,0,0,1,13,'',''),(30,'Binders',25,0,0,0,21,'',''),(31,'Comm Scrambler',1000,0,0,5,21,'',''),(32,'Disguise Kit',100,0,2,4,21,'',''),(33,'Electronic Lock Breaker',1000,1,1,5,21,'',''),(34,'Restraining Bolt',35,0,0,0,21,'',''),(35,'Slicer Gear',500,0,2,4,21,'',''),(36,'Breath Masks and Respirators',25,0,1,1,14,'',''),(37,'Ration Packs',5,0,0,0,14,'',''),(38,'Space Suit',100,0,4,1,14,'',''),(39,'Crash Survival Kit',300,0,5,2,14,'',''),(40,'Tent',100,0,4,1,14,'',''),(41,'Thermal Cloak',200,0,2,1,14,'',''),(42,'Backpack',50,0,0,0,15,'',''),(43,'Climbing Gear',50,0,1,2,15,'',''),(44,'Datapad',75,0,1,1,15,'',''),(45,'Extra Reloads / Power Pack',25,0,1,1,15,'',''),(46,'Fusion Lantern',150,0,2,2,15,'',''),(47,'Glow Rod',10,0,1,0,15,'',''),(48,'Jet Pack',4500,0,2,7,15,'',''),(49,'Tool Kit',350,0,4,2,15,'',''),(50,'Emergency Repair Patch',25,0,0,1,15,'',''),(51,'Utility Belt',25,0,0,0,15,'',''),(52,'Avabush Spice (100 dose cargo container)',2000,1,3,7,22,'',''),(53,'Avabush Spice (dose)',35,1,0,6,22,'',''),(54,'Booster Blue (100 dose cargo container)',750,1,3,6,22,'',''),(55,'Booster Blue (dose)',10,1,0,5,22,'',''),(56,'Glitterstim (100 dose cargo container)',5000,1,5,8,22,'',''),(57,'Glitterstim (dose)',100,1,0,7,22,'',''),(58,'Lesai (20 dose enviro-sealed cargo pod)',7500,1,2,10,22,'',''),(59,'Lesai (dose)',500,1,0,9,22,'',''),(60,'Death Sticks (100 dose cargo container)',250,1,3,2,22,'',''),(61,'Death Sticks (dose)',5,1,0,1,22,'',''),(62,'Yarrock (100 dose cargo container)',20000,1,3,9,22,'',''),(63,'Yarrock (dose)',350,1,0,8,22,'',''),(64,'Outlaw Tech Data Breaker',1000,1,1,6,15,'',''),(65,'Outlaw Tech Flesh Camouflage Set',2500,1,2,7,15,'',''),(66,'Outlaw Tech Personal Stealth Field',20000,1,1,9,15,'',''),(67,'Antiquated Battle Droid',6500,0,0,5,18,'',''),(68,'Assassin Droid',65000,1,0,8,18,'',''),(69,'Astromech Droid',8250,0,0,3,18,'',''),(70,'Maintenance Droid',7500,0,0,3,18,'',''),(71,'Medical Droid',12000,0,0,4,18,'',''),(72,'Protocol Droid',8000,0,0,4,18,'',''),(73,'Security Droid',9600,0,0,5,18,'',''),(74,'Taggeco Shockhold Hardened Com',450,0,3,4,16,'',''),(75,'Chedak Mark 6 Combat Scanner',2000,0,1,6,12,'',''),(76,'Arakyd Industries Recon Remote',250,0,1,3,12,'',''),(77,'Chedak Mark 10 Demolitions Scanner',300,0,1,4,12,'',''),(78,'Athakam Medtech Military Medpac (Untrained/Emergency)',400,0,2,3,13,'',''),(79,'Chiewab Iraps Cerebral Stabilizer',2200,0,3,7,13,'',''),(80,'Fabritech CN-15 Camouflage Netting',100,0,4,2,14,'',''),(81,'Corchemco Fire Paste',3,0,0,1,14,'',''),(82,'Fabritech CN-21 Camouflage Paint',40,0,0,2,14,'',''),(83,'Fabritech CX-2000 Holographic Ghillie Suit',800,0,1,8,14,'',''),(84,'Gandorthral Atmospherics Scout 5 Field Goggles',5,0,0,0,14,'',''),(85,'Imperial Army Canteen',7,0,1,1,14,'',''),(86,'Imperial Army Field Rations',10,0,0,2,14,'',''),(87,'Rim Excursions Inc. TaunTaun Pup Tent',30,0,3,2,14,'',''),(88,'Taggeco Food Preperation System',20,0,3,1,14,'',''),(89,'Blastech Model 58 Concealment Holster',40,0,0,3,15,'',''),(90,'Imperial Army Entrenching Tool',20,0,1,1,15,'',''),(91,'Imperial Army Military Pack',60,0,0,0,15,'',''),(92,'Rim Excursions Inc. Military Belt Pouch',10,0,0,0,15,'',''),(93,'Cryoncorp Enhancescan Long-Range Terrain Scanner',850,0,6,6,12,'',''),(94,'Cryoncorp Ground-Penetrating Sensor Pack',950,0,5,1,12,'',''),(95,'Hunting Goggles',600,0,0,5,12,'',''),(96,'Idellian Arrays ILF-6500 Life Form Scanner',900,0,4,5,12,'',''),(97,'CAPC ECM-598 Medical Backpack',450,0,2,4,13,'',''),(98,'Degan Explorations Syntherope',5,0,1,1,14,'',''),(99,'Electro-Snare',50,0,1,5,14,'',''),(100,'Gandorthral Portable Survival Shelter',200,0,2,4,14,'',''),(101,'Portable Electric Perimeter Fence',800,0,6,5,14,'',''),(102,'Saladar Systems PED-21 Distress Beacon',50,0,0,1,14,'',''),(103,'Survival Equipment Inc. Field Kitchen',500,0,5,4,14,'',''),(104,'Survival Equipment Inc. Viscera Field Dressing Kit',300,0,3,5,14,'',''),(105,'Beast Call',100,0,1,3,15,'',''),(106,'Creshaldyne Mk. IV Modular Backpack',75,0,0,1,15,'',''),(107,'Modular Backpack Extra Pouch',15,0,0,1,15,'',''),(108,'Corchemco \"Quickflash\" Burning Gel',150,0,1,5,15,'',''),(109,'Corchemco Beastmaster Chem Lure',125,0,1,4,15,'',''),(110,'Loronar Corporation Excavator Precision Tool Kit',500,0,5,7,15,'',''),(111,'Spacer\'s Duffel',50,0,0,0,15,'',''),(112,'Specimen Containers (large)',150,0,5,3,15,'',''),(113,'Specimen Containers (medium)',50,0,3,2,15,'',''),(114,'Specimen Containers (small)',25,0,1,2,15,'',''),(115,'Specimen Containers (tiny)',10,0,0,1,15,'',''),(116,'Surveyor\'s Bag',50,0,0,1,15,'',''),(117,'Cybot Galactica K-9 Series Hunting Droid',7500,0,0,6,18,'',''),(118,'Tranlang Holo V Audio/Visual Translator',750,0,1,3,15,'',''),(119,'Cybot Galactica/KDY All-Terrain Exploration Droid',8900,0,0,5,18,'',''),(120,'Industrial Automation JC Series Pilot Droid',15000,0,0,7,18,'',''),(121,'Merendata KLC Series Exchequer Droid',10000,0,0,5,18,'',''),(122,'SoroSuub Corporation 87-RM Scout Collector',6000,0,0,6,18,'',''),(123,'SoroSuub Corporation Wanderer Scout Surveyor',2500,0,0,6,18,'',''),(124,'Bespin Motors Remote DVI Activator (long range)',1500,0,0,7,16,'',''),(125,'Bespin Motors Remote DVI Activator (short range)',300,0,0,4,16,'',''),(126,'Carbanti United Electronics Whistler',1250,0,3,6,16,'',''),(127,'Cirenian Communications Pioneer Long-Range Tranciever',1000,0,5,3,16,'',''),(128,'Taggeco CAAF-2 System Cybernetic Avionics Interface',8000,0,0,6,16,'',''),(129,'Bothawui Communications Conglomerate HSI-280 Hyperwave Signal Interceptor',10500,0,5,8,19,'',''),(130,'Cyroncorp Armascan Weapon Detection Goggles',750,0,1,5,12,'',''),(131,'Gravity Belt',500,0,0,6,15,'',''),(132,'Corellian Whiskey (25 bottle case)',500,0,20,2,17,'',''),(133,'Corellian Whiskey (bottle)',25,0,1,2,17,'',''),(134,'Whyren\'s Reserve (20 bottle case)',1500,0,10,5,17,'',''),(135,'Whyren\'s Reserve (bottle)',100,0,1,4,17,'',''),(136,'Industrial Automation FD-Series Extinguisher Droid',8000,0,10,4,18,'',''),(137,'Industrial Automation Hologlide J57 Cam Droid',800,0,0,3,18,'',''),(138,'Ji Rikknit (100 dose cargo container)',3000,0,5,7,22,'',''),(139,'Ji Rikknit (Dose)',50,0,0,6,22,'',''),(140,'Nannarium Root (dose)',200,0,0,6,22,'',''),(141,'Ryshcate (cake)',10,0,0,2,22,'',''),(142,'Corellia Mining Corporation EVA Powersuit',1500,0,12,7,15,'',''),(143,'Corellian Technogolies Savior Anti-Grav Chute',450,0,1,5,15,'',''),(144,'TT24 Holdout Blaster',0,0,0,0,1,'',''),(145,'Stinger',0,0,0,0,9,'',''),(146,'Four climbing tenacles',0,0,0,0,9,'',''),(147,'Tail',0,0,0,0,9,'',''),(148,'Teeth and claws',0,0,0,0,9,'',''),(149,'Three hunting tentacles',0,0,0,0,9,'',''),(150,'Bite',0,0,0,0,9,'',''),(151,'Claws',0,0,0,0,9,'',''),(152,'Tail whip',0,0,0,0,9,'',''),(153,'Water Blast',0,0,0,0,9,'','Creature: Reevos'),(154,'Worn-out blaster pistol',0,0,0,0,1,'',''),(155,'Worn-out blaster rifle',0,0,0,0,1,'',''),(156,'Blaster Pistol',400,0,1,4,1,'',''),(157,'Holdout Blaster',200,0,1,4,1,'',''),(158,'Light Blaster Pistol',300,0,1,4,1,'',''),(159,'Blaster Carbine',850,0,3,5,1,'',''),(160,'Blaster Rifle',900,0,4,5,1,'',''),(161,'Bowcaster',1250,0,5,7,1,'',''),(162,'Heavy Blaster Pistol',700,0,2,6,1,'',''),(163,'Heavy Blaster Rifle',1500,0,6,6,1,'',''),(164,'Heavy Repeating Blaster',6000,1,9,8,1,'',''),(165,'Ionization blaster',250,0,3,3,1,'',''),(166,'Light Repeating Blaster',2250,1,7,7,1,'',''),(167,'Disruptor Pistol',3000,1,2,6,1,'',''),(168,'Disruptor Rifle',5000,1,5,6,1,'',''),(169,'Slugthrower Pistol',100,0,1,3,2,'',''),(170,'Slugthrower Rifle',250,0,5,3,2,'',''),(171,'Bola',20,0,1,2,8,'',''),(172,'Net',20,0,3,2,8,'',''),(173,'Frag Grenade',50,0,1,5,5,'',''),(174,'Stun Grenade',75,0,1,4,5,'',''),(175,'Thermal Detonator',2000,1,1,8,5,'',''),(176,'Flame Projector',1000,0,6,6,11,'',''),(177,'Missile Tube',7500,1,7,8,11,'',''),(178,'Brass Knuckles',25,0,1,0,7,'',''),(179,'Shock Gloves',300,0,0,2,7,'',''),(180,'Combat Knife',25,0,1,1,3,'',''),(181,'Force Pike',500,0,3,4,3,'',''),(182,'Gaffi Stick',100,0,3,2,3,'',''),(183,'Lightsaber',10000,1,1,10,3,'',''),(184,'Truncheon',15,0,2,1,3,'',''),(185,'Vibro-ax',750,0,4,5,3,'weapon/185/638px-1vibroax_1.jpg','Image shows BD-1 \"Cutter\" Vibro-ax from http://starwars.wikia.com/wiki/BD-1_Cutter_vibro-ax'),(186,'Vibroknife',250,0,1,3,3,'',''),(187,'Vibrosword',750,0,3,5,3,'',''),(188,'Battered stun pistol',0,0,0,0,1,'',''),(189,'Stun blaster',0,0,0,0,1,'',''),(190,'Small rocks',0,0,0,0,8,'',''),(191,'Riot Gun',0,0,0,0,1,'',''),(192,'Large-bore blaster pistol',0,0,0,0,1,'',''),(193,'Duelist Blaster Pistol',0,0,0,0,1,'',''),(194,'Sucker-mouths and claws',0,0,0,0,9,'',''),(195,'Massive rending claws',0,0,0,0,9,'',''),(196,'Meaty fists',0,0,0,0,9,'',''),(197,'Tentacles',0,0,0,0,9,'',''),(198,'Blastech DL-7H Heavy Blaster Pistol',850,1,2,6,1,'',''),(199,'Merr-Sonn IR-5 \"Intimidator\" Blaster Pistol',750,1,2,6,1,'',''),(200,'Merr-Sonn Model 44 Blaster Pistol',500,0,1,4,1,'',''),(201,'Merr-Sonn Model 80 Blaster Pistol',550,0,2,5,1,'',''),(202,'Arakyd Accelerated Charged Particle Array Gun',890,0,3,6,1,'',''),(203,'Blastech DH-X Heavy Blaster Rifle',1900,0,7,6,1,'',''),(204,'Blastech SE-14r Light Repeating Blaster',1000,1,2,6,1,'',''),(205,'Sorosuub OK-98 Blaster Carbine',1100,0,4,5,1,'',''),(206,'Sorosuub VX \"Sidewinder\" Repeating Blaster',3350,1,8,7,1,'',''),(207,'Sorosuub HOB Heavy Repeating Blaster',6500,1,10,8,1,'',''),(208,'Czerka CZ-28 Flamestrike',2000,1,8,8,11,'',''),(209,'Golan Arms FC1 Flechette Launcher (Anti-Infantry)',2500,1,6,6,11,'',''),(210,'Golan Arms FC1 Flechette Launcher (Anti-Vehicle)',2500,1,6,6,11,'',''),(211,'Malaxan Z50 Grenade Launcher',1250,1,5,4,11,'',''),(212,'Glunok FYR Assault Carbine',250,0,4,4,2,'',''),(213,'XET Industries Model C \"Fiver\" Self-Defense Pistol',200,0,2,4,2,'',''),(214,'Kirgo Blastworks Lightning 22 Ion Grenade',65,0,1,4,5,'',''),(215,'Merr-Sonn D-24 Inferno Grenade',75,1,1,5,5,'',''),(216,'Merr-Sonn G2 Concussion Grenade',100,1,1,5,5,'',''),(217,'Golan Arms MK.4 Heavy Fragmentation Grenade',75,1,1,5,5,'',''),(218,'Kirgo Blastworks Nova40 Plasma Grenade',125,0,1,6,5,'',''),(219,'Golan Arms MK.10 Concussion Missle',200,0,0,8,6,'',''),(220,'Merr-Sonn C-88 Fragmentation Missile',75,0,0,7,6,'',''),(221,'Merr-Sonn C908 Incendiary Missile',145,1,0,7,6,'',''),(222,'Merr-Sonn SK-44 Plasma Missile',160,1,0,8,6,'',''),(223,'Czerka Vibroknuckles',350,0,1,4,7,'',''),(224,'Outlawtech Blast Knuckles',500,1,2,6,7,'',''),(225,'Prax Arms S-1 Vamblade',500,0,2,4,7,'',''),(226,'Ryyk Blade',400,0,3,8,3,'',''),(227,'Czerka \"Czerhander\" VX Vibro-Greatsword',900,0,4,6,3,'',''),(228,'Sorosuub Model 7 Therm-Ax',850,1,4,5,3,'',''),(229,'Blastech E-11s Sniper Rifle',3500,1,6,7,1,'',''),(230,'Sorosuub X-30 Lancer Precision Blast Pistol',1000,0,1,5,1,'',''),(231,'Blastech LBR-9 Stun Rifle',2800,0,6,4,1,'',''),(232,'Field Sports Model 77 Air Rifle',1100,0,3,6,2,'',''),(233,'Czerka Arms Model 38 Sharpshooter\'s Rifle',3000,0,5,6,2,'',''),(234,'Czerka Arms KS23 Hammer',1500,0,5,5,2,'',''),(235,'Merr-Sonn Munitions G-20 Glop Grenade',100,0,1,6,5,'',''),(236,'Karflo Corporation G9-GP Pulse Drill',1100,0,5,4,3,'',''),(237,'Palandrix AO14 \"Aranea\" Net Gun',750,0,4,5,11,'',''),(238,'Laserhone Huntsman Vibrospear',950,0,4,6,3,'',''),(239,'Greel Wood Logging Corporation Mk VIII Vibrosaw',1500,0,6,5,3,'','If a user generates [D} with an attack using the Mk. VIII, he hits himself and not his target.'),(240,'Teeth and claws',0,0,0,0,10,'','Droid: Cybot Galactica K-9 '),(241,'Forward-mounted blaster',0,0,0,0,10,'','Droid: Cybot Galactica/KDY All-Terrain Exploration Droid'),(242,'Light pop-up blaster',0,0,0,0,10,'','Droid: Industrial Automation JC Series Pilot Droid'),(243,'Grapple arms',0,0,0,0,10,'','Droid: SoroSuub Corporation 87-RM Scout Collector '),(244,'Stun blaster',0,0,0,0,10,'','Droid: SoroSuub Corporation Wander Scout Surveyor'),(245,'Crude Gamorrean vibro-ax',0,0,0,0,3,'',''),(246,'Relby-K23 blaster pistol',0,0,0,0,1,'',''),(247,'Stun Club',0,0,0,0,3,'',''),(248,'Bite',0,0,0,0,9,'',''),(249,'Stunning screech',0,0,0,0,9,'',''),(250,'Selonian Shard Shooter',1500,0,4,7,2,'',''),(251,'Beak',0,0,0,0,9,'',''),(252,'Powerful legs',0,0,0,0,9,'',''),(253,'Teeth and claws',0,0,0,0,9,'',''),(254,'Horns and Hooves',0,0,0,0,9,'',''),(255,'Teeth and claws',0,0,0,0,9,'',''),(256,'Teeth and claws',0,0,0,0,9,'',''),(257,'Scalding bile',0,0,0,0,9,'',''),(258,'Sharp beak and slashing talons',0,0,0,0,9,'',''),(259,'Sharp beak and slashing talons',0,0,0,0,9,'',''),(260,'Stoop',0,0,0,0,9,'',''),(261,'Beak',0,0,0,0,9,'',''),(262,'Crushing tail',0,0,0,0,9,'',''),(263,'Serrated maw',0,0,0,0,9,'',''),(264,'Teeth',0,0,0,0,9,'',''),(265,'Goring horn',0,0,0,0,9,'',''),(266,'Poisonous stinger',0,0,0,0,9,'',''),(267,'Talons, pincers, and mandibles',0,0,0,0,9,'',''),(268,'Trample',0,0,0,0,9,'',''),(269,'Chitinous limbs',0,0,0,0,9,'',''),(270,'Chitinous limbs',0,0,0,0,9,'',''),(271,'Pounce',0,0,0,0,9,'',''),(272,'Teeth and claws',0,0,0,0,9,'',''),(273,'Tooth-filled maw',0,0,0,0,9,'',''),(274,'Tail',0,0,0,0,9,'',''),(275,'Acid Spit',0,0,0,0,9,'',''),(276,'Legs',0,0,0,0,9,'',''),(277,'Mandables',0,0,0,0,9,'',''),(278,'Oversized Hydrospanner',0,0,0,0,3,'',''),(279,'Legs',0,0,0,0,9,'',''),(280,'Beak and talons',0,0,0,0,9,'',''),(281,'Bite',0,0,0,0,9,'',''),(282,'Sinuous body',0,0,0,0,9,'',''),(283,'Vicious claws and teeth',0,0,0,0,9,'',''),(284,'Shock Truncheon',0,0,0,0,3,'',''),(285,'CDEF Blaster Pistol',150,0,1,4,1,'',''),(286,'Cornet Arms Dueling Pistol',750,0,2,5,1,'',''),(287,'Cornet Arms HL-27 Light Blaster Pistol',450,0,1,4,1,'',''),(288,'Cornet Arms H-7 \"Equalizer\" Blaster Pistol',1200,0,2,8,1,'',''),(289,'Talus Ironworks XL-2 \"Flashfire\" Light Blaster Pistol',450,0,1,5,1,'',''),(290,'Corellian Arms CR-2 Heavy Blaster Pistol',600,0,2,5,1,'',''),(291,'Fed-Dub Protective Services Spukami Pocket Blaster Pistol',200,0,1,2,1,'',''),(292,'SKZ Sporting Blaster',600,0,3,4,1,'',''),(293,'ASP-9 \"Vrelt\" Autopistol',150,0,1,4,2,'',''),(294,'Corellian Cutlass',300,0,2,3,3,'',''),(295,'Corellian Compound Bow',200,0,3,5,11,'',''),(296,'Styanax Lance',200,0,8,8,11,'',''),(297,'Coronet Arms Mark V \"Sand Panther\" Hunting Rifle',1750,0,5,7,2,'',''),(298,'Drall Flashstick',375,0,2,4,3,'',''),(299,'Corellia Mining Corporation J-7B Beamdrill',3000,0,6,5,3,'',''),(300,'Selonian Glaive',1200,0,5,7,3,'',''),(301,'Scattergun Blaster',0,0,0,0,1,'',''),(302,'Chain',0,0,0,0,3,'',''),(303,'Mop',0,0,0,0,3,'',''),(304,'Armor Piercing Grenade',100,0,0,0,5,'',''),(305,'Force Pike',500,0,0,0,3,'',''),(306,'Tentacles',0,0,0,0,9,'',''),(307,'Heavy Trench Coat',0,0,0,0,23,'',''),(308,'Adverse Environment Gear',500,0,2,1,23,'',''),(309,'Armored Clothing',1000,0,3,6,23,'',''),(310,'Heavy Clothing',50,0,1,0,23,'',''),(311,'Laminate',2500,0,4,5,23,'',''),(312,'Padded Armor',500,0,2,1,23,'',''),(313,'Heavy Battle Armor',5000,1,6,7,23,'',''),(314,'Personal Deflector Shield',10000,0,3,8,23,'',''),(315,'Beast-Hide Warrior\'s Armor',300,0,3,2,23,'',''),(316,'Corellian Arms \"Storm\" Charge Suit',2000,0,3,6,23,'',''),(317,'Pacnorval Defense Systems MK. III Flak Vest',300,0,3,2,23,'',''),(318,'Arakyd Industries PX-11 \"Battlement\" Powered Armor',9000,1,3,9,23,'',''),(319,'Loronar Corporation Mk.II \"Steelskin\" Anti-Concussive Armor',6500,1,8,7,23,'',''),(320,'Taggeco Protector 1 Combat Armor',5500,1,4,7,23,'',''),(321,'Enviro-Suit',750,0,2,2,23,'',''),(322,'A/KT Mountaineer Armor',1800,0,3,6,23,'',''),(323,'A/KT Shockrider Crash Suit',3000,0,2,3,23,'',''),(324,'A/KT Tracker Utility Vest',100,0,0,2,23,'',''),(325,'Catch Vest',300,0,1,9,23,'',''),(326,'Nomad Greatcoat',100,0,1,4,23,'',''),(327,'TX-3 Combat Flight Suit',3000,1,4,6,23,'',''),(328,'Type III \"Berethron\" Personal Modular Armor',1250,1,3,6,23,'',''),(329,'Augmented Spin Barrel',1750,0,0,4,24,'',''),(330,'Balanced Hilt',1500,0,0,5,24,'',''),(331,'Bipod Mount',100,0,0,1,24,'',''),(332,'Blaster Actuating Module',500,0,0,4,24,'',''),(333,'Bowcaster Accelerator Enhancement',250,0,0,4,24,'',''),(334,'Bowcaster Automatic Re-Cocker',500,0,0,3,24,'',''),(335,'Filed Front Sight',25,0,0,0,24,'',''),(336,'Forearm Grip',250,0,0,1,24,'',''),(337,'Marksman Barrel',1200,0,0,4,24,'',''),(338,'Mono-Molecular Edge',1000,0,0,5,24,'',''),(339,'Multi-Optic Sight',2000,0,0,3,24,'',''),(340,'Serrated Edge',50,0,0,1,24,'',''),(341,'Shortened Barrel',250,0,0,4,24,'',''),(342,'Spread Barrel',1725,0,0,4,24,'',''),(343,'Superior Weapon Customization',5000,0,0,6,24,'',''),(344,'Under-Barrel Grenade Launcher',2000,1,0,5,24,'',''),(345,'Telescopic Optical Sight',250,0,0,1,24,'',''),(346,'Under-Barrel Flame Projector',3000,1,0,5,24,'',''),(347,'Tripod Mount',250,0,0,3,24,'',''),(348,'Weapon Harness',500,0,0,2,24,'',''),(349,'Weapon Sling',100,0,0,0,24,'',''),(350,'Weighted Head',250,0,0,3,24,'',''),(351,'Cortosis Weave',10000,0,0,8,25,'',''),(352,'Enhanced Optics Suite',1750,0,0,3,25,'',''),(353,'Heating System',1000,0,0,3,25,'',''),(354,'Strength Enhancing System',5500,0,0,4,25,'',''),(355,'Thermal Shielding System',1000,0,0,3,25,'',''),(356,'Optical Camouflage System',5500,0,0,6,25,'',''),(357,'Superior Armor Customization',5000,0,0,6,25,'',''),(358,'Vacuum Sealed',1000,0,0,3,25,'',''),(359,'Advanced Targeting Array',4000,0,0,4,26,'',''),(360,'Electronic Countermeasures Suite',3000,0,0,6,26,'',''),(361,'Enhanced Carbon-Durasteel Armor',2000,0,0,3,26,'',''),(362,'Hydraulic Control Circuits',5300,0,0,5,26,'',''),(363,'Reinforced Shield Generator',1000,0,0,7,26,'',''),(364,'Smuggling Compartments',6400,0,0,4,26,'',''),(365,'High-Output Ion Turbine',1200,1,0,1,26,'',''),(366,'Hyperdrive Generator',5000,0,0,3,26,'',''),(367,'Retrofitted Hanger Bay',3800,0,0,5,26,'',''),(368,'Arakyd 900 Gene-Lock',500,0,0,7,24,'',''),(369,'Corellian Arms Model 2 Wrist Mount',275,0,0,5,24,'',''),(370,'Czerka H9 Pistol Grip',400,0,0,3,24,'',''),(371,'Sorosuub \"Bantha\'s Eye\" Laser Sight',500,0,0,5,24,'','Gain automatic [a] on successful combat checks with this weapon.'),(372,'Sorosuub \"Final Word\" Secondary Missile System',3000,0,3,6,24,'',''),(373,'Athakam Medtech Smartmed 2000 Integrated Med-Systems',2500,0,1,7,25,'',''),(374,'Chedak Communications Multi-Band Comlink',200,0,0,1,25,'',''),(375,'Merr-Sonn VX Hands-Free Weapon System',1000,0,0,6,25,'',''),(376,'Cryoncorp Omniscan 3 Integrated Scanner',1000,0,0,4,25,'','Base Modifiers: While wearing the helmet, the user benefits from a general purpose scanner (See CRB:175) and adds [b] to Perception checks made to detect movement or hidden enemies.\r\n\r\nModification Options: 1 Skill (Perception) Mod.'),(377,'Industrial Automaton \"Accu-Strike\" Integrated Targeting Computer',3000,0,0,7,25,'','Base Modifiers: The user adds [b] to all Ranged attacks at Long or Extreme Ranges.\r\n\r\nModification Options: 1 Innate Talent (Natural Marksman) Mod.'),(378,'Taggeco MB-7 \"Ranger\" Range Finder',1500,0,0,6,25,'','Base Modifiers: Innate Talent (Sniper Shot)\r\n\r\nModification Options: 1 Innate Talent (Sniper Shot) Mod'),(379,'Arakyd Mini-Missile Pack',7000,1,0,5,27,'',''),(380,'Arakyd Missile Pack',10000,1,0,5,27,'',''),(381,'Oversized External Weapons Mount',3000,1,0,6,27,'',''),(382,'Sienar MM-XT Mini-Missile Tube',700,1,0,4,27,'',''),(383,'Fabritech Fogger Smoke Generator',2750,0,0,2,26,'',''),(384,'Sienar T9 Stinger Assault Boarding Tube',1000,1,0,4,26,'',''),(385,'Sienar Grappler 213 Tactical Tractor Beam',6200,0,0,7,26,'',''),(386,'Augmented Buffer',750,0,0,0,26,'',''),(387,'Maneuvering Thrusters',500,0,0,0,26,'',''),(388,'Repulsorlift Enhancement',2500,0,0,0,26,'',''),(389,'Upgraded Firepower',1000,0,0,0,26,'',''),(391,'V5 Medium Cargo Floater',1225,0,55,2,28,'',''),(393,'Jawa Salvage Skiff',4000,0,60,2,30,'',''),(394,'Airspeeder',10000,0,10,3,31,'',''),(395,'Incom T-16 Skyhopper',7500,0,12,2,31,'',''),(396,'Storm IV Cloud Car',30000,0,8,5,32,'',''),(397,'Incom T-47 Airspeeder',18000,0,6,3,31,'',''),(398,'Aratech 74-Z Military Speeder Bike',3000,0,5,4,29,'',''),(399,'Trast A-A5 Heavy Speeder Truck',10000,0,220,2,33,'',''),(400,'Mobquet Flare-S Swoop',6000,0,4,3,34,'',''),(401,'X-34 Landspeeder',4500,0,15,2,35,'',''),(402,'Corellian Mining Corporation Digger Crawler',50000,0,400,7,36,'',''),(403,'Personnel Carrier',3000,0,100,2,37,'',''),(404,'All Terrain Personal Transport',30000,0,15,7,38,'',''),(405,'AT-EST Exploration and Survey Walker',12000,0,50,5,38,'',''),(406,'Guardian 5E Personal Defense Speeder',20000,0,10,4,31,'',''),(407,'Guardian E2 Escape Speeder Bike',0,0,0,0,29,'',''),(408,'Invader AA-9 Assault Airspeeder',45000,1,5,6,31,'',''),(409,'Overwatch MC-2 Mobile Command Speeder',80000,0,4,6,31,'',''),(410,'Rush Troop Transport Speeder',60000,0,8,5,31,'',''),(411,'Needle NE-4 Cloud Car Interceptor',28000,0,3,4,32,'',''),(412,'The Superflare -- Modified Mobquet Flare-S Swoop',9500,0,4,6,34,'',''),(413,'Aratech 57-D Speeder Bike',2800,0,10,4,29,'',''),(414,'KV Swoop',4800,0,3,5,34,'',''),(415,'Zephyr-G Swoop',5700,0,4,4,34,'',''),(416,'Storm IV Cloud Car (Wing Guard variant)',30000,0,8,5,32,'',''),(417,'Arrow-7 Airspeeder, Customized',12000,0,20,2,31,'',''),(418,'CAV-11 \"Condor\" Airspeeder',30000,0,12,4,31,'',''),(419,'G35 \"Silver Cloud\" Airspeeder',45000,0,25,4,31,'',''),(420,'CEC D-22 \"Screamer\" Speeder Bike',4500,0,3,3,29,'',''),(421,'SoroSuub Seraph \"Flash Speeder\"',5200,0,18,4,35,'',''),(422,'Mobquet S-5 \"Flashfury\" Swoop',5500,0,0,3,34,'',''),(423,'A-19 \"Iron Crawler\" Armored Transport',12500,0,40,6,39,'',''),(424,'A-11 Model III \"Burrower',45000,0,12,7,40,'',''),(425,'MEV2 \"Dug Digger\"',30000,0,100,5,38,'',''),(426,'Sunflare',0,0,2,0,34,'',''),(427,'Cloakshape Fighter',38000,0,12,4,41,'item/427/Cloakshape_NEGVV.jpg','Image shown from http://starwars.wikia.com/wiki/CloakShape'),(428,'Firespray-31 System Patrol Craft',80000,0,40,4,42,'item/428/Firespray_SWGTCG.jpg','Image shown from http://starwars.wikia.com/wiki/Firespray-31-class_patrol_and_attack_craft'),(429,'JM-5000 Jumpmaster Long Range Scout',55000,0,30,5,42,'item/429/Punishing_One_JKTCG.jpg','Image shown from http://starwars.wikia.com/wiki/JumpMaster_5000'),(430,'Lambda-Class T-4A Long Range Shuttle',140000,1,200,6,43,'item/430/Shuttle-CHRON.jpg','Image shown from http://starwars.wikia.com/wiki/Lambda-class'),(431,'TIE/LN Starfighter',50000,1,4,4,41,'item/431/Tiefighterfull.jpg','Image from http://starwars.wikia.com/wiki/TIE/LN_starfighter'),(432,'BTL-A4 Y-Wing Attack Starfighter',80000,0,10,4,41,'item/432/Ywing.jpg','Image from http://starwars.wikia.com/wiki/BTL-A4'),(433,'BTL-S3 Y-Wing Attack Starfighter',80000,0,10,4,41,'item/433/Btl-s3.jpg','Image from http://starwars.wikia.com/wiki/BTL-S3_Y-wing_starfighter'),(434,'Z-95-AF4 Headhunter',55000,0,8,4,41,'item/434/Z95headhunter_negvv.jpg','Wheel Security Starfighters are 85,000 credits (R)\r\n\r\nImage from http://starwars.wikia.com/wiki/Z-95_Headhunter'),(435,'GAT-12H Skipray Blastboat',150000,0,20,6,42,'item/435/Skipray2.jpg','Image from http://starwars.wikia.com/wiki/GAT-12_Skipray_Blastboat'),(436,'Action VI Bulk Transport',200000,0,10000,5,44,'item/436/ActionVITransport-SWR.png','Image from http://starwars.wikia.com/wiki/Action_VI_bulk_freighter'),(437,'ILH-KK Citadel-Class Light Freighter',200000,0,95,6,45,'item/437/Citadel.jpg','Image from http://starwars.wikia.com/wiki/ILH-KK_Citadel-class_civilian_cruiser'),(438,'GR-75 Medium Transport',180000,0,1000,4,44,'item/438/GR-75_Medium_Transport.jpg','Image from http://starwars.wikia.com/wiki/GR-75_medium_transport'),(439,'SoroSuub Luxury 3000 Space Yacht',120000,0,100,6,46,'item/439/PersonalLuxuryYacht3000.png','Image shown from http://starwars.wikia.com/wiki/Personal_Luxury_Yacht_3000'),(440,'Space Master Medium Transport',150000,0,800,4,44,'item/440/GoshynQueen.jpg','Image from http://starwars.wikia.com/wiki/Space_Master-class_Medium_Transport'),(441,'Starwind Pleasure Yacht',210000,0,85,6,45,'item/441/Starwindyacht.png','Image from http://starwars.wikia.com/wiki/Starwind-class_pleasure_yacht'),(442,'Wayfarer-Class Medium Freighter',120000,0,850,5,45,'item/442/TheRevenge_1.jpg','Image from http://starwars.wikia.com/wiki/Wayfarer-class_Medium_Transport'),(443,'YT-1300 Light Freighter',100000,0,165,4,45,'item/443/YT1300-CHRON.jpg','Image from http://starwars.wikia.com/wiki/YT-1300_light_freighter'),(444,'YT-2400 Light Freighter',130000,0,140,5,45,'item/444/Outrider_negvv_1.jpg','Image from http://starwars.wikia.com/wiki/YT-2400_light_freighter'),(445,'Star Galleon Armed Transport',1500000,1,10000,7,44,'item/445/Star_Galleon_SotG(2007).jpg','Image from http://starwars.wikia.com/wiki/Star_Galleon'),(446,'CR90 Corvette',1200000,0,2500,5,47,'item/446/Corvette_negvv.jpg','The numbers shown for Encumbrance, Passengers, and Crew are maximums for each respective category.  Depending on configuration, the Crew complement can be as small as 30, and there is a trade-off between the number of Passengers and the amount of Encumbrance that can be carried.\r\n\r\nImage from http://starwars.wikia.com/wiki/CR90'),(447,'DP20 Gunship',3200000,0,300,6,48,'item/447/CorellianGunship-SWR.png','Image from http://starwars.wikia.com/wiki/DP20_frigate'),(448,'Marauder-Class Assault Corvette',3000000,1,175,5,47,'item/448/Marauder-class_corvette_SofG2007.jpg','Starfighter Complement: Twelve fighters, two shuttles\r\n\r\nImage from http://starwars.wikia.com/wiki/Marauder-class'),(449,'EF76 Nebulon-B Escort Frigate',8500000,1,4000,7,48,'item/449/Nebulon-b_negvv.jpg','Starfighter Complement: Twenty-four Starfighters\r\n\r\nImage from http://starwars.wikia.com/wiki/EF76_Nebulon-B_escort_frigate'),(450,'Sentry Droid Starship',0,0,0,0,41,'',''),(451,'Z-TIE',0,0,8,0,41,'',''),(452,'Nightflyer',160000,0,95,5,45,'',''),(453,'The Deep Dark',120000,1,50,5,49,'',''),(454,'Blockade Bandit',700000,0,750,5,47,'','Junker Starship'),(455,'Imperial System Patrol Craft IPV-1',4000000,1,20,5,48,'item/455/Ipv1eaw.JPG','Image from http://starwars.wikia.com/wiki/IPV-1_System_Patrol_Craft'),(456,'ISO-One',150000,0,1000,4,50,'item/456/BFF1BulkFreighter-TCG.jpg','Image from http://starwars.wikia.com/wiki/BFF-1_bulk_freighter'),(458,'A-7 Hunter Interceptor',80000,0,4,6,41,'',''),(459,'Preybird-Class Starfighter',84000,0,8,8,41,'item/459/Preybird.JPG','Navicomputer is only 5 jumps\r\n\r\nImage from http://starwars.wikia.com/wiki/Preybird-class_starfighter'),(460,'4R3 Light Assault Transport',300000,0,80,7,51,'',''),(461,'Surronian Conqueror-Class Assault Ship',100500,0,80,9,51,'item/461/GuriStinger-SOTEC.jpg','Image from http://starwars.wikia.com/wiki/Surronian_Conqueror'),(462,'YV-929 Light Freighter',380000,0,80,6,45,'item/462/YV-929.jpg','Image from http://starwars.wikia.com/wiki/YV-929_armed_freighter'),(463,'YZ-775 Medium Transport',500000,0,850,3,44,'item/463/Yz-775.JPG','Image from http://starwars.wikia.com/wiki/YZ-775_medium_transport'),(464,'Rendili Stardrive Neutron Star-Class Bulk Cruiser',2800000,0,5000,4,52,'item/464/NeutronStarBulkCruiser-SWR.png','Image from http://starwars.wikia.com/wiki/Neutron_Star-class_bulk_cruiser'),(465,'Keldabe-Class Battleship',200000000,1,8000,8,53,'item/465/Kedalbe_battleship2.jpg','Starfighter Complement: 36 starfighters\r\n\r\nImage from http://starwars.wikia.com/wiki/Keldabe-class_battleship'),(466,'Starbolt Assault Carrier',10000000,1,4000,8,48,'','Starfighter Complement: 24 starfighters, six assault speeders, four troop speeders, two command speeders, and two shuttles'),(467,'Incom A-24 Sleuth-Class Scout Ship',45000,0,20,6,42,'item/467/A-24-goi.jpg','Image from http://starwars.wikia.com/wiki/A-24_Sleuth_Scout'),(468,'Incom A-36 Pathfinder-Class Force Reconnaissance Vessel',135000,0,40,7,42,'',''),(469,'Loronar E-9 Explorer-Class Armed Long-Range Scout Vessel',120000,0,60,6,42,'item/469/E-9.JPG','Image from http://starwars.wikia.com/wiki/E-9_Explorer'),(470,'Ghtroc 720 Light Freighter',112000,0,200,8,45,'item/470/Ghtroc720_sotg07.jpg','Image from http://starwars.wikia.com/wiki/Ghtroc_720_freighter'),(471,'Xiytiar-Class Heavy Transport',200000,0,2000,5,44,'item/471/Xiytiar_Library.jpg','Image from http://starwars.wikia.com/wiki/Xiytiar-class_transport'),(472,'YG-4210 Light Freighter',85000,0,120,7,45,'item/472/YG-4210.jpg','Image from http://starwars.wikia.com/wiki/YG-4210'),(473,'YT-1000 Light Freighter',75000,0,150,5,45,'item/473/Yt-1000.jpg','Image from http://starwars.wikia.com/wiki/YT-1000_light_freighter'),(474,'YV-560 Light Freighter',120000,0,80,7,45,'item/474/YV-560_light_Frieghter.jpg','Image from http://starwars.wikia.com/wiki/YV-560_light_freighter'),(475,'Xanter-Class Deep-Space Exploration Frigate',3750000,0,2000,7,48,'','Consumables are 2.5 years'),(476,'The Venture',185000,0,50,5,46,'',''),(477,'A-Type Stiletto',90000,0,8,7,41,'',''),(478,'Selonian Coneship',5000,0,2,7,55,'item/478/Selonian_Coneship.JPG','Image from http://starwars.wikia.com/wiki/Selonian_cone_ship'),(479,'CL-1C Lancet Interceptor',55000,0,4,5,41,'',''),(480,'HLAF-500 Starfighter',70000,0,6,5,41,'item/480/HLAF-500_Starfighter.jpg','Image from http://starwars.wikia.com/wiki/HLAF-500_starfighter'),(481,'LAF-250 Starfighter',60000,0,6,4,41,'item/481/HLAF-250_Starfighter.jpg','Image from http://starwars.wikia.com/wiki/LAF-250_starfighter'),(482,'PPB Pocket Patrol Boat',70000,0,12,5,42,'',''),(483,'CSS-1 Corellian Star Shuttle',325000,0,1000,6,44,'item/483/CorellianStarShuttleModel-SWBRBD1.png','Primary Hyperdrive: Class 1.5\r\n\r\nImage from http://starwars.wikia.com/wiki/CSS-1_Corellian_Star_Shuttle'),(484,'PB-950 Patrol Boat',150000,0,150,5,42,'item/484/PB-950PB.png','Image from http://starwars.wikia.com/wiki/PB-950_patrol_boat'),(485,'D-Type Stealth Freighter',200000,0,125,7,45,'',''),(486,'J-Type Star Skiff',260000,0,90,7,46,'item/486/Nabooskiff2-chron.jpg','Image from http://starwars.wikia.com/wiki/J-type_star_skiff'),(487,'S-Type Racing Sloop',160000,0,20,7,57,'',''),(488,'YG-4400 Light Freighter',110000,0,75,5,45,'',''),(489,'YT-1210 Light Freighter',120000,0,100,5,45,'item/489/YT1210-EotESoF.png','Image from http://starwars.wikia.com/wiki/YT-1210_light_freighter'),(490,'CR92A Assassin-Class Corvette',2500000,1,1000,6,47,'',''),(491,'The Diligent',125000,0,180,5,42,'',''),(492,'Bloodblade',80000,0,40,4,42,'','Pilot: Capitan Jostero\r\nGuards: 2 pirates'),(493,'Modified Cloakshape Starfighter',38000,0,12,4,41,'','');
/*!40000 ALTER TABLE `oldbooks_item` ENABLE KEYS */;
UNLOCK TABLES;

--
-- Table structure for table `oldbooks_rangeband`
--

DROP TABLE IF EXISTS `oldbooks_rangeband`;
/*!40101 SET @saved_cs_client     = @@character_set_client */;
/*!40101 SET character_set_client = utf8 */;
CREATE TABLE `oldbooks_rangeband` (
  `id` int(11) NOT NULL AUTO_INCREMENT,
  `range_band` int(11) NOT NULL,
  `name` varchar(50) NOT NULL,
  PRIMARY KEY (`id`)
) ENGINE=InnoDB AUTO_INCREMENT=12 DEFAULT CHARSET=latin1;
/*!40101 SET character_set_client = @saved_cs_client */;

--
-- Dumping data for table `oldbooks_rangeband`
--

LOCK TABLES `oldbooks_rangeband` WRITE;
/*!40000 ALTER TABLE `oldbooks_rangeband` DISABLE KEYS */;
INSERT INTO `oldbooks_rangeband` VALUES (1,1,'Engaged'),(2,1,'Short'),(3,1,'Medium'),(4,1,'Long'),(5,1,'Extreme'),(6,2,'Close'),(7,2,'Short'),(8,2,'Medium'),(9,2,'Long'),(10,2,'Extreme'),(11,2,'None');
/*!40000 ALTER TABLE `oldbooks_rangeband` ENABLE KEYS */;
UNLOCK TABLES;

--
-- Table structure for table `oldbooks_skill`
--

DROP TABLE IF EXISTS `oldbooks_skill`;
/*!40101 SET @saved_cs_client     = @@character_set_client */;
/*!40101 SET character_set_client = utf8 */;
CREATE TABLE `oldbooks_skill` (
  `id` int(11) NOT NULL AUTO_INCREMENT,
  `skill` int(11) NOT NULL,
  `name` varchar(50) NOT NULL,
  PRIMARY KEY (`id`)
) ENGINE=InnoDB AUTO_INCREMENT=7 DEFAULT CHARSET=latin1;
/*!40101 SET character_set_client = @saved_cs_client */;

--
-- Dumping data for table `oldbooks_skill`
--

LOCK TABLES `oldbooks_skill` WRITE;
/*!40000 ALTER TABLE `oldbooks_skill` DISABLE KEYS */;
INSERT INTO `oldbooks_skill` VALUES (1,1,'Brawl'),(2,1,'Melee'),(3,1,'Ranged [Light]'),(4,1,'Ranged [Heavy]'),(5,1,'Gunnery'),(6,1,'Lightsaber');
/*!40000 ALTER TABLE `oldbooks_skill` ENABLE KEYS */;
UNLOCK TABLES;

--
-- Table structure for table `oldbooks_starship`
--

DROP TABLE IF EXISTS `oldbooks_starship`;
/*!40101 SET @saved_cs_client     = @@character_set_client */;
/*!40101 SET character_set_client = utf8 */;
CREATE TABLE `oldbooks_starship` (
  `vehicle_ptr_id` int(11) NOT NULL,
  `navicomputer` int(11) NOT NULL,
  PRIMARY KEY (`vehicle_ptr_id`)
) ENGINE=InnoDB DEFAULT CHARSET=latin1;
/*!40101 SET character_set_client = @saved_cs_client */;

--
-- Dumping data for table `oldbooks_starship`
--

LOCK TABLES `oldbooks_starship` WRITE;
/*!40000 ALTER TABLE `oldbooks_starship` DISABLE KEYS */;
INSERT INTO `oldbooks_starship` VALUES (427,2),(428,1),(429,1),(430,1),(431,2),(432,3),(433,3),(434,2),(435,1),(436,1),(437,1),(438,1),(439,1),(440,1),(441,1),(442,1),(443,1),(444,1),(445,1),(446,1),(447,1),(448,1),(449,1),(450,2),(451,2),(452,1),(453,1),(454,1),(455,2),(456,1),(458,2),(459,1),(460,1),(461,1),(462,1),(463,1),(464,1),(465,1),(466,1),(467,1),(468,1),(469,1),(470,1),(471,1),(472,1),(473,1),(474,1),(475,1),(476,1),(477,2),(478,2),(479,1),(480,1),(481,2),(482,2),(483,1),(484,1),(485,1),(486,1),(487,1),(488,1),(489,1),(490,1),(491,1),(492,1),(493,2);
/*!40000 ALTER TABLE `oldbooks_starship` ENABLE KEYS */;
UNLOCK TABLES;

--
-- Table structure for table `oldbooks_system`
--

DROP TABLE IF EXISTS `oldbooks_system`;
/*!40101 SET @saved_cs_client     = @@character_set_client */;
/*!40101 SET character_set_client = utf8 */;
CREATE TABLE `oldbooks_system` (
  `id` int(11) NOT NULL AUTO_INCREMENT,
  `name` varchar(100) NOT NULL,
  `initials` varchar(10) NOT NULL,
  PRIMARY KEY (`id`)
) ENGINE=InnoDB AUTO_INCREMENT=3 DEFAULT CHARSET=latin1;
/*!40101 SET character_set_client = @saved_cs_client */;

--
-- Dumping data for table `oldbooks_system`
--

LOCK TABLES `oldbooks_system` WRITE;
/*!40000 ALTER TABLE `oldbooks_system` DISABLE KEYS */;
INSERT INTO `oldbooks_system` VALUES (1,'Edge of the Empire','EotE'),(2,'Age of Rebellion','AoR');
/*!40000 ALTER TABLE `oldbooks_system` ENABLE KEYS */;
UNLOCK TABLES;

--
-- Table structure for table `oldbooks_vehicle`
--

DROP TABLE IF EXISTS `oldbooks_vehicle`;
/*!40101 SET @saved_cs_client     = @@character_set_client */;
/*!40101 SET character_set_client = utf8 */;
CREATE TABLE `oldbooks_vehicle` (
  `item_ptr_id` int(11) NOT NULL,
  `silhoutte` int(11) NOT NULL,
  `speed` int(11) NOT NULL,
  `handling` int(11) NOT NULL,
  `def_fore` int(11) NOT NULL,
  `def_port` int(11) NOT NULL,
  `def_starboard` int(11) NOT NULL,
  `def_aft` int(11) NOT NULL,
  `armor_value` int(11) NOT NULL,
  `hull_trauma` int(11) NOT NULL,
  `system_strain` int(11) NOT NULL,
  `model` varchar(100) NOT NULL,
  `manufacturer` varchar(100) NOT NULL,
  `max_altitude` int(11) DEFAULT NULL,
  `sensor_range_id` int(11) NOT NULL,
  `passenger` int(11) NOT NULL,
  `hard_points` int(11) NOT NULL,
  `weapon_count` int(11) NOT NULL,
  PRIMARY KEY (`item_ptr_id`),
  KEY `oldbooks_vehicle_109b73f0` (`sensor_range_id`)
) ENGINE=InnoDB DEFAULT CHARSET=latin1;
/*!40101 SET character_set_client = @saved_cs_client */;

--
-- Dumping data for table `oldbooks_vehicle`
--

LOCK TABLES `oldbooks_vehicle` WRITE;
/*!40000 ALTER TABLE `oldbooks_vehicle` DISABLE KEYS */;
INSERT INTO `oldbooks_vehicle` VALUES (391,2,1,-2,0,0,0,0,0,6,4,'V5-series','TaggeCo',1,11,6,0,0),(393,2,1,-1,0,0,0,0,0,2,2,'Cargo Floater 3z','Ubrikkian',15,11,15,1,0),(394,2,3,0,0,0,0,0,0,5,5,'Civilian','Various manufacturers',300000,7,1,1,0),(395,2,4,3,0,0,0,0,1,4,6,'T-16 Skyhopper','Incom Corporation',300000,7,1,3,0),(396,2,4,1,0,0,0,0,1,5,7,'Storm IV','Bespin Motors',100000,7,0,2,1),(397,2,4,0,0,0,0,0,1,4,6,'T-47','Incom Corporation',175,6,0,3,1),(398,2,3,1,0,0,0,0,0,2,4,'74-Z','Aratech Repulsor Company',25,6,1,2,1),(399,3,1,-2,0,0,0,0,0,10,8,'A-A5','Trast Heavy Transports',3,11,25,3,0),(400,2,3,2,0,0,0,0,0,2,3,'Flare-S','Mobquet Swoops and Speeders',350,11,1,2,0),(401,2,2,0,0,0,0,0,0,4,5,'X-34','SoroSuub',1,6,1,2,0),(402,4,1,-3,0,0,0,0,4,40,30,'Digger Crawler','Corellian Mining Corporation',NULL,8,30,5,0),(403,3,2,-2,0,0,0,0,0,8,4,'Personnel Carrier','Various manufacturers',NULL,11,15,3,0),(404,2,2,0,0,0,0,0,3,6,5,'AT-PT','Rothana Heavy Industries',NULL,6,1,2,2),(405,4,1,-2,0,0,0,0,2,20,12,'AT-EST','Rothana Heavy Industries',NULL,9,8,4,1),(406,3,3,0,0,0,0,0,2,10,8,'Guardian 5e','Ubrikkian',300000,7,5,1,1),(407,2,2,0,0,0,0,0,0,2,3,'Guardian E2','Ubrikkian',350,6,1,0,0),(408,3,3,0,0,0,0,0,2,11,9,'Invader AA-9','Mekuun',200000,6,10,2,2),(409,3,2,-2,0,0,0,0,3,15,12,'Overwatch MC-2','Mekuun',200000,7,2,2,2),(410,3,3,-1,0,0,0,0,2,12,10,'Rush','Mekuun',200000,7,20,2,2),(411,2,5,1,0,0,0,0,0,6,5,'Needle Ne-4','Bespin Motors',120000,7,0,2,1),(412,3,4,2,0,0,0,0,0,2,3,'Flare-S','Mobquet Swoops and Speeders',350,11,0,0,1),(413,2,3,1,0,0,0,0,0,3,3,'57-D','Aratech Repulsor Company',20,11,1,3,0),(414,2,3,1,0,0,0,0,0,3,3,'KV','Kuat Vehicles',50,11,0,0,0),(415,2,2,0,0,0,0,0,0,4,7,'Zeohyr-G','Mobquet Swoops and Speeders',6,11,1,2,0),(416,2,4,1,0,0,0,0,2,5,7,'Storm IV','Bespin Motors',100000,7,0,2,1),(417,2,2,0,0,0,0,0,0,2,4,'Civilian','Aratech Repulsor Company',0,11,6,2,1),(418,2,3,1,0,0,0,0,1,6,6,'CAV-11','Corellian Engineering Corporation',300000,7,2,2,2),(419,3,4,-1,1,0,0,0,0,10,8,'G35','Corellian Engineering Corporation',300000,7,10,2,0),(420,2,4,0,0,0,0,0,0,2,3,'D-22','Corellian Engineering Corporation',35,6,1,2,0),(421,2,3,0,0,0,0,0,0,5,5,'Seraph-Class','Corellian Engineering Corporation',2,6,3,2,1),(422,2,5,1,0,0,0,0,0,2,2,'S-5','Mobquet Swoops and Speeders',50,11,0,3,0),(423,5,1,-3,0,0,0,0,4,20,15,'A-19','Corellian Mining Corporation',0,7,8,4,3),(424,3,1,-3,0,0,0,0,1,18,12,'TBV Model III','Corellian Mining Corporation',0,6,3,2,1),(425,3,2,-1,0,0,0,0,2,10,8,'MEV2','Corellia Mining Corporation',0,6,0,2,1),(426,2,4,2,0,0,0,0,0,1,4,'Flare-S','Mobquet Swoops and Speeders',50,11,0,0,0),(427,3,4,0,0,0,0,0,3,10,8,'CloakShape','Kuat Systems Engineering',NULL,6,0,3,2),(428,4,4,0,1,0,0,1,4,15,12,'Firespray','Kuat Systems Engineering',NULL,7,4,4,2),(429,4,4,1,1,0,0,0,2,14,8,'JumpMaster','Corellian Engineering Corporation',NULL,10,1,2,1),(430,4,3,0,2,0,0,1,4,25,15,'Lambda','Sienar Fleet Systems and Cygnus Spaceworks',NULL,7,20,2,3),(431,3,5,3,0,0,0,0,2,6,8,'TIE Series','Sienar Fleet Systems',NULL,6,0,0,1),(432,3,4,0,1,0,0,1,3,12,10,'BTL Y-Wing','Koensayr Manufacturing',NULL,6,0,1,3),(433,3,4,0,1,0,0,1,3,12,10,'BTL Y-Wing','Koensayr Manufacturing',NULL,6,0,1,3),(434,3,4,1,1,0,0,0,3,9,8,'Headhunter','Incom/Subpro',NULL,6,0,2,2),(435,4,4,-1,2,0,0,1,4,20,15,'Skipray','Sienar Fleet Systems',NULL,7,0,2,4),(436,5,2,-3,2,1,1,1,2,40,20,'Action VI','Corellian Engineering Corporation',NULL,8,5,4,0),(437,4,3,-1,2,0,0,1,4,30,16,'Citadel','Koensayr Manufacturing',NULL,8,14,4,5),(438,5,3,-3,1,1,1,1,3,20,18,'GR-75','Gallofree Yards, Inc.',NULL,8,100,2,0),(439,4,3,0,1,0,0,1,1,30,12,'Luxury 3000','SoroSuub Corporation',NULL,7,10,4,0),(440,5,2,-4,1,1,1,1,2,25,25,'Space Master','Kuat Drive Yards',NULL,8,0,2,2),(441,5,3,-2,2,1,1,1,3,25,20,'Starwind','Kuat Drive Yards',NULL,8,10,2,2),(442,5,3,-2,1,1,1,2,4,32,20,'Wayfarer','Kuat Systems Engineering',NULL,11,6,5,1),(443,4,3,-1,1,0,0,1,3,22,15,'YT-1300','Corellian Engineering Corporation',NULL,7,6,6,2),(444,4,3,0,1,0,0,1,4,25,18,'YT-2400','Corellian Engineering Corporation',NULL,7,6,5,2),(445,6,1,-2,2,2,2,2,5,85,18,'Star Galleon','Kuat Drive Yards',NULL,8,300,2,11),(446,5,3,-1,2,1,1,2,5,50,25,'CR90','Corellian Engineering Corporation',NULL,9,600,4,6),(447,5,4,-1,2,2,2,1,5,55,30,'DP20','Corellian Engineering Corporation',NULL,9,0,1,18),(448,5,3,0,2,1,1,1,5,65,35,'Marauder','Republic Sienar Systems',NULL,8,80,1,11),(449,6,3,-1,2,2,2,2,6,71,40,'Nebulon-B','Kuat Drive Yards',NULL,9,75,2,27),(450,3,4,0,0,0,0,0,3,10,12,'Custom','Unknown',NULL,8,0,0,1),(451,3,4,-2,1,0,0,0,2,9,7,'Ugly','Scavenged',NULL,7,0,0,2),(452,4,3,1,2,0,0,1,4,25,18,'YT-2400','Corellian Engineering Corporation',NULL,8,6,0,2),(453,4,3,0,1,0,0,1,4,25,18,'Skywatcher-class','Sienar Fleet Systems',NULL,8,6,3,2),(454,5,2,-2,2,1,1,2,5,50,15,'CR90','Corellian Engineering Corporation',NULL,9,50,2,6),(455,5,3,-1,2,2,2,1,6,45,20,'IPV-1','Sienar Fleet Systems',NULL,9,10,2,5),(456,5,2,-3,2,1,1,1,2,40,25,'BFF-1 series','Phylon Freight',NULL,8,25,5,4),(458,3,5,2,0,0,0,0,2,6,7,'A-series','Kuat Drive Yards',NULL,6,0,1,1),(459,3,4,-1,1,0,0,1,3,10,9,'Preybird','SoroSuub',NULL,6,0,1,3),(460,4,3,-1,2,0,0,1,3,32,19,'4R3','Telgorn Corporation',NULL,8,16,4,5),(461,4,3,0,2,0,0,2,4,20,14,'Conqueror','Surronian',NULL,8,1,4,2),(462,4,3,-1,2,0,0,1,4,23,15,'YV-929','Corellian Engineering Corporation',NULL,7,6,1,6),(463,5,2,-3,1,1,1,1,4,34,25,'YZ-775','Corellian Engineering Corporation',NULL,8,0,2,5),(464,7,1,-3,2,2,2,1,6,80,50,'Neutron Star','Rendili Star Drive',NULL,9,250,6,51),(465,7,3,-1,2,2,2,2,8,100,60,'Keldabe','Mandal Motors / Zann Consortium',NULL,9,1000,4,47),(466,6,3,-1,2,2,2,2,6,75,60,'Starbolt','Corellian Engineering Corporation',NULL,9,250,2,10),(467,3,4,1,1,0,0,0,2,10,10,'Sleuth','Incom Corporation',NULL,8,1,3,1),(468,4,4,0,1,0,0,1,3,16,16,'Pathfinder','Incom Corporation',NULL,8,4,2,3),(469,4,3,-1,1,0,0,1,4,25,14,'Explorer','Loronar Corporation',NULL,8,4,4,2),(470,4,3,-2,1,0,0,1,5,28,15,'720','Ghtroc Industries',NULL,8,10,4,1),(471,5,2,-3,1,1,1,1,2,35,20,'Xiytiar','TransGalMeg Industries',NULL,7,12,4,0),(472,4,2,-2,2,0,0,1,3,30,10,'YG-4210','Corellian Engineering Corporation',NULL,8,12,4,1),(473,4,3,-1,1,0,0,1,2,20,14,'YT-1000','Corellian Engineering Corporation',NULL,7,4,5,1),(474,4,3,0,1,0,0,1,3,20,20,'YV-560','Corellian Engineering Corporation',NULL,9,5,4,1),(475,6,1,-2,2,2,2,2,6,80,32,'Xanter','Rendili Star Drive',NULL,9,50,2,11),(476,4,3,2,1,0,0,0,3,20,20,'Courier-class','Nubia Star Drives, Inc.',NULL,8,25,3,3),(477,3,4,0,1,0,0,1,2,10,12,'A-type Stiletto','Nubia Star Drives, Inc.',NULL,8,0,0,2),(478,3,1,-5,0,0,0,0,1,8,3,'Coneship','Various Selonian Dens',NULL,11,0,0,0),(479,3,5,1,1,0,0,0,2,6,8,'CL-1c','Corellian Engineering Corporation',NULL,7,1,0,1),(480,3,4,1,1,0,0,1,2,8,8,'HLAF-500','Corellian Engineering Corporation',NULL,7,0,1,1),(481,3,4,0,1,0,0,0,2,8,8,'LAF-250','Corellian Engineering Corporation',NULL,7,0,1,1),(482,3,4,0,1,0,0,1,2,10,7,'PPB','Corellian Engineering Corporation',NULL,9,0,2,1),(483,5,3,-2,2,2,2,1,4,30,22,'CCS-8','Corellian Engineering Corporation',NULL,8,200,4,0),(484,5,3,-2,2,1,1,1,4,34,22,'PB-950','Corellian Engineering Corporation',NULL,8,8,3,4),(485,4,2,-3,2,0,0,2,3,22,24,'D-Type Stealth Freighter','Nubia Star Drives, Inc.',NULL,7,3,0,0),(486,4,4,-1,2,0,0,2,4,28,18,'J-Type Star Skiff','Nubia Star Drives, Inc.',NULL,8,3,0,2),(487,3,6,1,1,0,0,0,1,11,15,'S-Type Racing Sloop','Nubia Star Drives, Inc.',NULL,7,2,0,0),(488,4,4,-1,1,0,0,2,3,21,14,'YG-4400','Corellian Engineering Corporation',NULL,7,2,2,1),(489,4,4,-1,1,0,0,1,2,20,12,'YT-1210','Corellian Engineering Corporation',NULL,7,4,3,1),(490,5,3,-1,2,2,2,1,5,55,25,'CR92a','Corellian Engineering Corporation',NULL,9,60,2,10),(491,5,3,-2,2,1,1,1,4,34,22,'PB-950','Corellian Engineering Corporation',NULL,8,8,3,4),(492,4,4,-1,2,0,0,1,4,18,10,'Firespray','Kuat Systems Engineering',NULL,7,6,0,2),(493,3,4,0,0,0,0,0,3,10,8,'CloakShape','Kuat Systems Engineering',NULL,6,0,0,2);
/*!40000 ALTER TABLE `oldbooks_vehicle` ENABLE KEYS */;
UNLOCK TABLES;

--
-- Table structure for table `oldbooks_weapon`
--

DROP TABLE IF EXISTS `oldbooks_weapon`;
/*!40101 SET @saved_cs_client     = @@character_set_client */;
/*!40101 SET character_set_client = utf8 */;
CREATE TABLE `oldbooks_weapon` (
  `item_ptr_id` int(11) NOT NULL,
  `skill_id` int(11) NOT NULL,
  `damage` int(11) NOT NULL,
  `critical` int(11) NOT NULL,
  `range_band_id` int(11) NOT NULL,
  `hard_points` int(11) NOT NULL,
  `special` varchar(200) NOT NULL,
  PRIMARY KEY (`item_ptr_id`),
  KEY `oldbooks_weapon_85a9a3f0` (`skill_id`),
  KEY `oldbooks_weapon_2a595e10` (`range_band_id`)
) ENGINE=InnoDB DEFAULT CHARSET=latin1;
/*!40101 SET character_set_client = @saved_cs_client */;

--
-- Dumping data for table `oldbooks_weapon`
--

LOCK TABLES `oldbooks_weapon` WRITE;
/*!40000 ALTER TABLE `oldbooks_weapon` DISABLE KEYS */;
INSERT INTO `oldbooks_weapon` VALUES (144,3,6,3,3,0,'Stun Setting'),(145,2,0,5,1,0,'The GM may spend [A][A] to deal 3 strain'),(146,1,0,4,1,0,'Ensnare 1'),(147,1,3,4,1,0,'Knockdown'),(148,1,2,5,1,0,'-'),(149,1,2,3,1,0,'Ensnare 2, Linked 3'),(150,1,4,3,1,0,'Ensnare 1, Pierce 1'),(151,1,2,4,1,0,'-'),(152,1,1,4,1,0,'-'),(153,4,5,4,3,0,'Knockdown, slow-firing'),(154,3,4,6,3,0,'Stun setting, Worn out'),(155,4,7,3,4,0,'Stun setting, Worn out'),(156,3,6,3,3,3,'Stun Setting'),(157,3,5,4,2,1,'Stun Setting'),(158,3,5,4,3,2,'Stun Setting'),(159,4,9,3,3,4,'Stun Setting'),(160,4,9,3,4,4,'Stun Setting'),(161,4,10,3,3,2,'Cumbersome 3, Knockdown'),(162,3,7,3,3,3,'Stun Setting'),(163,4,10,3,4,4,'Auto-fire, Cumbersome 3'),(164,5,15,2,4,4,'Auto-fire, Cumbersome 5, Pierce 2, Vicious 1'),(165,3,10,5,2,3,'Disorient 5, Stun Damage (Droid only)'),(166,4,11,3,4,4,'Auto-fire, Cumbersome 4, Pierce 1'),(167,3,10,2,2,2,'Vicious 4'),(168,4,10,2,4,4,'Cumbersome 2, Vicious 5'),(169,3,4,5,2,0,'-'),(170,4,7,5,3,1,'Cumbersome 2'),(171,3,2,0,2,2,'Ensnare 3, Knockdown, Limited Ammo 1'),(172,3,2,0,2,2,'Ensnare 3, Knockdown, Limited Ammo 1'),(173,3,8,4,2,0,'Blast6, Limited Ammo 1'),(174,3,8,0,2,0,'Disorient 3, Stun Damage, Blast 8, Limited Ammo 1'),(175,3,20,2,2,0,'Blast 15, Breach 1, Vicious 4, Limited Ammo 1'),(176,4,8,2,2,2,'Burn 3, Blast 8'),(177,5,20,2,5,4,'Blast 10, Cumbersome 3, Guided 3, Breach 1, Prepare 1, Limited Ammo 6'),(178,1,1,4,1,0,'Disorient 3'),(179,1,0,5,1,1,'Stun 3'),(180,2,1,3,1,0,'-'),(181,2,3,2,1,3,'Pierce 2, Stun Setting'),(182,2,2,3,1,0,'Defensive 1, Disorient 3'),(183,6,10,1,1,0,'Breach 1, Sunder, Vicious 2'),(184,2,2,5,1,0,'Disorient 2'),(185,2,3,2,1,3,'Pierce 2, Sunder, Vicious 3'),(186,2,1,2,1,2,'Pierce 2, Vicious 1'),(187,2,2,2,1,3,'Pierce 2, Vicious 1, Defensive 1'),(188,3,7,0,2,0,'Stun Damage'),(189,3,6,0,2,0,'Stun Damage'),(190,3,1,0,2,0,'Stun Damage'),(191,4,7,3,3,0,'Auto-fire, Stun Settings'),(192,3,8,3,3,0,'Stun setting, Hutt only'),(193,3,5,4,2,0,'Accurate 2, Stun Setting'),(194,1,3,5,1,0,'-'),(195,1,9,3,2,0,'Knockdown, Sunder'),(196,1,3,4,1,0,'Knockdown, Disorient 1'),(197,1,1,4,1,0,'Ensnare 4, Knockdown'),(198,3,8,3,3,2,'-'),(199,3,5,3,3,2,'Auto-fire, Inaccurate 1'),(200,3,6,3,3,4,'Stun Settings'),(201,3,6,2,3,3,'Stun Setting'),(202,4,6,3,2,3,'Blast 5, Stun Setting'),(203,4,10,3,4,4,'Cumbersome 3, Pierce 2'),(204,3,6,3,3,3,'Auto-fire, Stun Setting'),(205,4,9,3,3,3,'Stun Setting'),(206,5,12,3,4,4,'Auto-fire, Cumbersome 6, Pierce 1, Vicious 1'),(207,5,15,3,5,4,'Auto-fire, Cumbersome 6, Pierce 2, Vicious 1'),(208,5,9,2,2,3,'Burn 4, Blast 9, Cumbersome 3, Vicious 2'),(209,5,8,3,3,4,'Blast 8, Cumbersome 3, Limited Ammo 4, Pierce 6, Prepare 1, Vicious 1'),(210,5,10,2,3,4,'Breach 2, Cumbersome 3, Limited Ammo 4, Prepare 1, Vicious 3'),(211,5,8,4,3,3,'Blast 6, Cumbersome 3, Limited Ammo 6'),(212,4,6,5,2,1,'Auto-fire, Inaccurate 1'),(213,3,5,4,2,1,'Accurate 1, Limited Ammo 5'),(214,3,10,5,2,0,'Blast 7, Disorient 5, Stun Damage (Droid Only), Limited Ammo 1'),(215,3,8,3,2,0,'Blast 5, Burn 2, Limited Ammo 1'),(216,3,10,5,2,0,'Blast 8, Concussive 2, Disorient 5, Limited Ammo 1'),(217,3,9,4,2,0,'Blast 7, Limited Ammo 1, Cumbersome 2'),(218,3,12,3,2,0,'Blast 10, Limited Ammo 1'),(219,5,14,4,5,0,'Blast 10, Concussive 3, Disorient 5, Guided 2'),(220,5,12,4,5,0,'Blast 12, Guided 3'),(221,5,10,3,5,0,'Blast 10, Burn 3, Guided 2'),(222,5,16,3,3,0,'Blast 14, Cumbersome 3, Inaccurate 1, Pierce 2'),(223,1,1,2,1,0,'Pierce 1, Vicious 1'),(224,1,4,4,1,0,'Inaccurate 1'),(225,1,1,3,1,1,'Defensive 1'),(226,2,2,2,1,3,'Cumbersome 3, Defensive 1, Superior'),(227,2,3,2,1,3,'Defensive 1, Pierce 2, Vicious 2'),(228,2,2,3,1,3,'Burn 2, Sunder, Vicious 1'),(229,4,10,3,5,3,'Accurate 1, Cumbersome 3, Pierce 2, Slow Firing 1'),(230,3,5,4,4,3,'Accurate 1, Pierce 2'),(231,4,10,0,4,4,'Disorient 2, Stun Damage'),(232,4,6,0,4,3,'Pierce 4, Stun Damage'),(233,4,8,3,5,4,'Accurate 2, Pierce 3'),(234,4,8,4,2,4,'Blast 6, Knockdown'),(235,3,0,0,2,0,'Blast -, Ensnare 3'),(236,2,5,4,1,2,'Breach 1, Cumbersome 3, Inaccurate 2'),(237,4,3,0,2,2,'Ensnare 5'),(238,2,3,3,1,2,'Pierce 2, Vicious 2'),(239,2,4,2,1,3,'Cumbersome 5, Pierce 2, Sunder, Vicious 2'),(240,1,3,5,1,0,'Pierce 1'),(241,4,9,3,3,0,'Stun Setting'),(242,3,5,4,2,0,'Stun Setting'),(243,1,2,5,1,0,'Ensnare 3'),(244,3,8,0,2,0,'Disorient 3, Stun Damage'),(245,2,3,4,1,0,'Pierce 2, Vicious 3'),(246,3,6,3,3,0,'Pierce 2, Stun Setting'),(247,2,3,2,1,0,'Disorient 2. Stun Damage'),(248,1,2,0,2,0,'Pierce 1, Stun Damage'),(249,3,3,0,2,0,'Pierce 1, Stun Damage'),(250,4,5,3,3,2,'Auto-fire, Pierce 1'),(251,1,1,4,1,0,'Sunder, Vicious 1'),(252,1,4,4,1,0,'-'),(253,1,2,3,1,0,'Pierce 2'),(254,1,3,5,1,0,'Knockdown, Pierce 3'),(255,1,0,6,1,0,'-'),(256,1,6,4,1,0,'Vicious 2, Sunder'),(257,1,0,5,1,0,'Burn 2, Disorient 3, Slow-firing 1'),(258,1,1,5,1,0,'Pierce 1'),(259,1,5,4,1,0,'Pierce 3, Sunder'),(260,1,7,3,1,0,'Concussive 2, Knockdown, Prepare 1, Vicious 2'),(261,1,1,4,1,0,'Disorient 2, Pierce 3, Stun 3'),(262,1,4,4,1,0,'Concussive 3, Knockdown, Prepare 1'),(263,1,0,4,1,0,'Burn 4, Sunder, Vicious 2'),(264,1,3,3,1,0,'Pierce 4, Vicious 4'),(265,1,1,3,1,0,'Pierce 3, Prepare 1, Vicious 1'),(266,1,0,3,1,0,'Disorient 3, Prepare 1, Pierce 3'),(267,1,2,3,1,0,'-'),(268,1,3,5,1,0,'Disorient 3, Inaccurate 1'),(269,1,0,5,1,0,'Ensnare 2, Stun 3'),(270,1,-2,3,1,0,'Pierce 3, Stun 4'),(271,1,1,5,1,0,'Disorient 2, Knockdown, Prepare 1'),(272,1,0,4,1,0,'Pierce 1'),(273,1,3,4,1,0,'Vicious 3'),(274,1,4,5,1,0,'Disorient 2, Knockdown, use Agility'),(275,3,5,4,2,0,'Burn 3, Slow-firing 4'),(276,1,1,4,1,0,'Knockdown'),(277,1,2,3,1,0,'Ensnare 4, Pierce 1'),(278,2,3,4,1,0,'Automatic [T] to all checks with weapon'),(279,1,7,4,1,0,'Knockdown'),(280,1,2,3,1,0,'Vicious 2'),(281,1,3,3,1,0,'May only target victims affected by creatures Ensnare quality'),(282,1,2,4,1,0,'Ensnare 2, Knockdown'),(283,1,3,4,1,0,'-'),(284,2,2,4,1,0,'Stun 3'),(285,3,5,4,3,1,'Inferior, Stun Setting'),(286,3,9,2,2,2,'Accurate 1, Limited Ammo 1, Pierce 1'),(287,3,5,3,3,2,'Accurate 1, Stun setting'),(288,3,7,2,3,3,'Stun Setting, Superior'),(289,3,5,3,3,3,'Disorient 1, Stun Setting'),(290,3,7,4,3,2,'Stun Setting'),(291,3,5,3,2,1,'Stun Setting'),(292,4,8,4,4,4,'Stun Setting'),(293,3,4,5,2,0,'Auto-fire'),(294,2,2,3,1,1,'Defensive 1, Vicious 1'),(295,4,5,5,3,1,'Cumbersome 3, Knockdown, Limited Ammo 1, Pierce 1'),(296,4,8,3,2,2,'Cumbersome 4, Limited Ammo 1, Pierce 3, Vicious 1'),(297,4,7,5,4,2,'Accurate 1, Cumbersome 2'),(298,2,2,0,1,2,'Disorient 3, Stun Damage'),(299,2,9,2,1,0,'Breach 1, Cumbersome 4, Innacurate 2, Sunder'),(300,2,3,3,1,3,'Defensive 1, Pierce 3'),(301,4,8,3,2,0,'Blast 4'),(302,2,3,5,1,0,'Inaccurate 1, Knockdown'),(303,2,4,5,1,0,'-'),(304,3,16,3,2,0,'Pierce 3'),(305,2,3,3,1,0,'Pierce 2, Stun setting'),(306,1,1,4,1,0,'Knockdown, Linked 6');
/*!40000 ALTER TABLE `oldbooks_weapon` ENABLE KEYS */;
UNLOCK TABLES;

--
-- Table structure for table `transportation_consumable`
--

DROP TABLE IF EXISTS `transportation_consumable`;
/*!40101 SET @saved_cs_client     = @@character_set_client */;
/*!40101 SET character_set_client = utf8 */;
CREATE TABLE `transportation_consumable` (
  `id` int(11) NOT NULL AUTO_INCREMENT,
  `value` int(11) NOT NULL,
  `period` int(11) NOT NULL,
  `starship_id` int(11) NOT NULL,
  PRIMARY KEY (`id`),
  UNIQUE KEY `starship_id` (`starship_id`),
  CONSTRAINT `starship_id_refs_vehicle_ptr_id_d0ba8333` FOREIGN KEY (`starship_id`) REFERENCES `transportation_starship` (`vehicle_ptr_id`)
) ENGINE=InnoDB AUTO_INCREMENT=207 DEFAULT CHARSET=latin1;
/*!40101 SET character_set_client = @saved_cs_client */;

--
-- Dumping data for table `transportation_consumable`
--

LOCK TABLES `transportation_consumable` WRITE;
/*!40000 ALTER TABLE `transportation_consumable` DISABLE KEYS */;
INSERT INTO `transportation_consumable` VALUES (1,1,2,427),(2,1,4,428),(3,2,4,429),(4,2,4,430),(5,2,2,431),(6,1,3,432),(7,1,3,433),(8,1,2,434),(9,1,4,435),(10,3,4,436),(11,6,4,437),(12,6,4,438),(13,1,4,439),(14,3,4,440),(15,4,4,441),(16,3,4,442),(17,2,4,443),(18,2,4,444),(19,6,4,445),(20,1,5,446),(21,8,4,447),(22,3,4,448),(23,2,5,449),(24,0,2,450),(25,1,2,451),(26,2,4,452),(27,1,5,453),(28,1,4,454),(29,1,4,455),(30,3,4,456),(32,1,2,458),(33,4,2,459),(34,1,4,460),(35,1,4,461),(36,6,4,462),(37,6,4,463),(38,1,5,464),(39,2,5,465),(40,2,5,466),(41,3,4,467),(42,9,4,468),(43,6,4,469),(44,2,4,470),(45,6,4,471),(46,1,5,472),(47,2,4,473),(48,8,4,474),(49,2,5,475),(50,1,4,476),(51,48,1,477),(52,1,3,478),(53,1,2,479),(54,2,2,480),(55,2,2,481),(56,2,3,482),(57,3,5,483),(58,3,4,484),(59,2,4,485),(60,6,4,486),(61,1,3,487),(62,2,4,488),(63,2,4,489),(64,1,5,490),(65,3,4,491),(66,1,4,492),(67,1,2,493),(68,2,2,495),(69,1,3,496),(70,2,2,500),(71,1,3,1235),(72,1,3,1236),(73,1,3,1237),(74,2,2,1238),(75,1,4,1239),(76,1,5,1240),(77,8,4,1241),(78,1,4,1242),(79,6,4,1243),(80,1,5,1244),(81,16,4,1245),(82,16,4,1246),(83,2,5,1247),(84,3,5,1248),(85,1,5,1249),(86,2,5,1250),(87,4,4,1340),(88,2,5,1370),(89,2,3,1371),(90,2,4,1372),(91,2,4,1374),(92,2,3,1375),(93,3,4,1478),(94,7,2,1479),(95,3,4,1480),(96,3,4,1481),(97,2,4,1482),(98,2,4,1483),(99,6,4,1484),(100,4,4,1485),(101,6,4,1486),(102,2,2,1488),(103,1,5,1490),(104,1,3,1680),(105,1,3,1681),(106,1,4,1682),(107,1,3,1683),(108,2,2,1684),(109,1,3,1685),(110,1,2,1686),(111,1,3,1687),(112,1,3,1688),(113,2,2,1689),(114,2,3,1690),(115,1,5,1691),(116,1,5,1692),(117,2,5,1693),(118,2,2,1823),(119,1,3,1824),(120,2,2,1825),(121,1,4,1826),(122,3,4,1827),(123,3,4,1828),(124,1,5,1829),(125,2,5,1830),(126,6,4,1831),(127,3,4,1832),(128,1,2,1833),(129,3,2,1834),(130,3,4,1835),(131,1,4,1836),(132,4,4,1837),(133,1,4,1838),(134,2,4,1839),(135,1,4,1840),(136,1,4,1841),(137,2,4,1842),(138,1,4,1843),(139,1,4,1844),(140,2,5,1845),(141,3,4,2002),(142,1,4,2136),(143,2,4,2137),(144,3,4,2138),(145,2,4,2139),(146,2,4,2140),(147,2,5,2220),(148,2,3,2291),(149,1,4,2292),(150,2,5,2293),(151,2,5,2294),(152,2,2,2402),(153,2,5,2407),(154,3,4,2408),(155,1,3,2409),(156,8,4,2411),(157,3,4,2412),(158,5,2,2563),(159,2,3,2564),(160,3,4,2565),(161,1,4,2566),(162,2,4,2567),(163,3,4,2568),(164,3,4,2569),(165,1,4,2570),(166,2,5,2732),(167,2,5,2733),(168,2,5,2734),(169,3,5,2735),(170,2,5,2736),(171,1,3,2828),(172,2,3,2829),(173,1,2,2830),(174,2,4,2831),(175,2,4,2832),(176,1,4,2833),(177,1,4,2834),(178,1,4,2835),(179,2,4,2909),(180,1,3,3217),(181,1,5,3218),(182,1,5,3219),(183,3,4,3349),(184,1,4,3350),(185,6,4,3351),(186,3,4,3352),(187,1,5,3353),(188,1,3,3354),(189,1,5,3355),(190,3,4,3356),(191,3,4,3477),(192,1,2,3478),(193,1,4,3479),(194,1,2,3480),(195,3,4,3482),(196,3,4,3483),(197,2,4,3484),(198,2,4,3567),(199,1,4,3569),(200,1,4,3570),(201,2,4,3619),(202,6,4,3620),(203,1,3,3621),(204,2,5,3622),(205,3,4,3623),(206,3,4,3624);
/*!40000 ALTER TABLE `transportation_consumable` ENABLE KEYS */;
UNLOCK TABLES;

--
-- Table structure for table `transportation_crewdescriptor`
--

DROP TABLE IF EXISTS `transportation_crewdescriptor`;
/*!40101 SET @saved_cs_client     = @@character_set_client */;
/*!40101 SET character_set_client = utf8 */;
CREATE TABLE `transportation_crewdescriptor` (
  `id` int(11) NOT NULL AUTO_INCREMENT,
  `description` varchar(100) NOT NULL,
  PRIMARY KEY (`id`)
) ENGINE=InnoDB AUTO_INCREMENT=71 DEFAULT CHARSET=latin1;
/*!40101 SET character_set_client = @saved_cs_client */;

--
-- Dumping data for table `transportation_crewdescriptor`
--

LOCK TABLES `transportation_crewdescriptor` WRITE;
/*!40000 ALTER TABLE `transportation_crewdescriptor` DISABLE KEYS */;
INSERT INTO `transportation_crewdescriptor` VALUES (1,'pilot'),(2,'gunner'),(3,'co-pilot/cargo handler'),(4,'co-pilot'),(5,'miners and engineers'),(6,'sensor/comms operator'),(7,'communication tech'),(8,'sensor tech'),(9,'tactical officer'),(10,'commander'),(11,'co-pilot/navigator'),(12,'steward'),(13,'co-pilot/engineer'),(14,'co-pilot/mining operator'),(15,'guard'),(16,'navigator'),(17,'comms operator'),(18,'engineer'),(19,'crew'),(20,'cargo master'),(21,'mates/crew'),(22,'captain'),(23,'officers and enlisted crew'),(24,'officers, pilots, and enlisted crew'),(25,'loadmaster'),(26,'technician'),(27,'sensor officer/gunner'),(28,'communications officer'),(29,'system engineer'),(30,'co-pilot/gunner'),(31,'astromech droid'),(32,'vehicle commander'),(33,'officers, enlisted, and troops'),(34,'ship\'s captain'),(35,'weapon systems operators'),(36,'Hutt'),(37,'Servant'),(38,'officers, pilots, and crew'),(39,'customs inspector/captain'),(40,'customs agents/staff'),(41,'pilot/commander'),(42,'steward/cargo hand'),(43,'gunner/crew'),(44,'Chauffeur'),(45,'Helmsman'),(46,'waitstaff'),(47,'vehicle commander/gunner'),(48,'driver'),(49,'comms/electronic warfare operators'),(50,'guard/gunner'),(51,'comms/electronic warfare droids'),(52,'driver/gunner'),(53,'reconnaissance systems operator'),(54,'officers, pilots, gunners, and enlisted crew'),(55,'operator'),(56,'aft gunner'),(57,'mechanic'),(58,'turret gunner'),(59,'Crane Operator'),(60,'Tractor Beam Operator'),(61,'Weapon Systems Operator'),(62,'observer'),(63,'medic and/or medical droid'),(64,'liaison officer'),(65,'co-pilot/spotter'),(66,'sensor operator'),(67,'security tech'),(68,'comms/sensor operator'),(69,'navigation/comms operator'),(70,'co-pilot/sensor operator');
/*!40000 ALTER TABLE `transportation_crewdescriptor` ENABLE KEYS */;
UNLOCK TABLES;

--
-- Table structure for table `transportation_crewentry`
--

DROP TABLE IF EXISTS `transportation_crewentry`;
/*!40101 SET @saved_cs_client     = @@character_set_client */;
/*!40101 SET character_set_client = utf8 */;
CREATE TABLE `transportation_crewentry` (
  `id` int(11) NOT NULL AUTO_INCREMENT,
  `quantity` int(11) NOT NULL,
  `description_id` int(11) NOT NULL,
  `vehicle_id` int(11) NOT NULL,
  PRIMARY KEY (`id`),
  KEY `transportation_crewentry_41d54852` (`description_id`),
  KEY `transportation_crewentry_8daad208` (`vehicle_id`),
  CONSTRAINT `description_id_refs_id_7263f6ce` FOREIGN KEY (`description_id`) REFERENCES `transportation_crewdescriptor` (`id`),
  CONSTRAINT `vehicle_id_refs_gear_ptr_id_5972abcf` FOREIGN KEY (`vehicle_id`) REFERENCES `transportation_vehicle` (`gear_ptr_id`)
) ENGINE=InnoDB AUTO_INCREMENT=634 DEFAULT CHARSET=latin1;
/*!40101 SET character_set_client = @saved_cs_client */;

--
-- Dumping data for table `transportation_crewentry`
--

LOCK TABLES `transportation_crewentry` WRITE;
/*!40000 ALTER TABLE `transportation_crewentry` DISABLE KEYS */;
INSERT INTO `transportation_crewentry` VALUES (1,1,1,391),(3,1,1,393),(4,1,1,394),(5,1,1,396),(6,1,2,396),(7,1,1,395),(8,1,1,397),(9,1,3,397),(10,1,1,398),(11,1,1,399),(12,2,4,399),(13,1,1,400),(14,1,1,401),(15,50,5,402),(16,1,1,403),(17,1,4,403),(18,1,1,404),(19,1,1,405),(20,1,4,405),(21,1,6,405),(22,1,1,406),(23,1,1,407),(24,1,1,408),(25,1,2,408),(26,1,1,409),(27,1,2,409),(28,2,7,409),(29,2,8,409),(30,1,9,409),(31,1,10,409),(32,1,1,410),(33,2,2,410),(34,1,1,411),(35,1,1,412),(36,1,1,413),(37,1,1,414),(38,1,1,415),(39,1,1,416),(40,1,2,416),(41,1,1,417),(42,1,1,418),(43,1,1,419),(44,1,11,419),(45,1,12,419),(46,1,1,420),(47,1,1,421),(48,1,1,422),(49,1,1,423),(50,1,13,423),(51,2,2,423),(52,1,1,424),(53,1,13,424),(54,1,1,425),(55,1,14,425),(56,1,1,426),(57,1,1,427),(58,1,1,428),(59,2,15,428),(60,1,1,429),(61,1,1,430),(62,1,4,430),(63,1,16,430),(64,1,2,430),(65,1,17,430),(66,1,18,430),(67,1,1,431),(68,1,1,432),(69,1,1,433),(70,1,2,433),(71,1,1,434),(72,1,1,435),(73,1,4,435),(74,1,6,435),(75,2,2,435),(76,20,19,436),(77,1,1,437),(78,1,4,437),(79,1,18,437),(80,1,1,438),(81,1,4,438),(82,1,18,438),(83,1,20,438),(84,3,21,438),(85,1,1,439),(86,1,13,439),(87,1,22,440),(88,1,1,440),(89,1,4,440),(90,2,18,440),(91,1,20,440),(92,3,21,440),(93,1,1,441),(94,1,4,441),(95,1,18,441),(96,2,2,441),(97,1,1,442),(98,1,4,442),(99,1,18,442),(100,1,20,442),(101,6,19,442),(102,1,1,443),(103,1,13,443),(104,1,1,444),(105,1,13,444),(106,150,23,445),(107,165,19,446),(108,91,23,447),(109,177,24,448),(110,920,24,449),(111,1,1,451),(112,1,1,452),(113,12,19,453),(114,40,19,454),(115,12,19,455),(116,15,19,456),(118,1,1,458),(119,1,1,459),(120,1,2,459),(121,1,1,460),(122,1,4,460),(123,2,2,460),(124,1,18,460),(125,1,1,461),(126,1,2,461),(127,1,18,461),(128,1,1,462),(129,1,4,462),(130,2,2,462),(131,1,22,463),(132,1,1,463),(133,1,4,463),(134,2,18,463),(135,1,20,463),(136,2,2,463),(137,2200,19,464),(138,6000,19,465),(139,800,19,466),(140,1,1,467),(141,1,1,468),(142,1,4,468),(143,1,8,468),(144,1,2,468),(145,1,1,469),(146,1,4,469),(147,1,18,469),(148,1,25,469),(149,1,1,470),(150,1,4,470),(151,1,1,471),(152,1,4,471),(153,1,25,471),(154,1,18,471),(155,6,26,471),(156,1,1,472),(157,1,4,472),(158,1,1,473),(159,1,13,473),(160,1,1,474),(161,1,13,474),(162,150,24,475),(163,1,1,476),(164,1,4,476),(165,1,18,476),(166,5,2,476),(167,11,19,476),(168,1,1,477),(169,1,1,478),(170,1,4,478),(171,1,1,479),(172,1,1,480),(173,1,1,481),(174,1,1,482),(175,1,27,482),(176,1,1,483),(177,1,4,483),(178,1,16,483),(179,2,28,483),(180,3,18,483),(181,1,1,484),(182,1,11,484),(183,2,2,484),(184,1,1,485),(185,1,29,485),(186,1,1,486),(187,1,11,486),(188,1,2,486),(189,1,1,487),(190,1,16,487),(191,1,1,488),(192,1,30,488),(193,1,1,489),(194,1,2,489),(195,150,19,490),(196,1,1,491),(197,1,11,491),(198,2,2,491),(199,1,1,492),(200,2,15,492),(201,1,1,493),(202,1,1,495),(203,1,1,496),(204,1,31,496),(205,1,1,497),(206,1,1,498),(207,1,2,498),(208,1,1,499),(209,1,30,499),(210,1,32,499),(211,1,18,499),(212,1,25,499),(213,1,1,500),(214,1,1,1232),(215,1,30,1232),(216,1,1,1233),(217,1,30,1233),(218,1,32,1233),(219,1,18,1233),(220,1,25,1233),(221,1,1,1234),(222,1,2,1234),(223,1,1,1235),(224,1,1,1236),(225,1,1,1237),(226,1,1,1238),(227,1,1,1239),(228,0,4,1239),(229,0,16,1239),(230,3,2,1239),(231,0,17,1239),(232,0,18,1239),(233,200,33,1240),(234,1,34,1241),(235,1,1,1241),(236,1,4,1241),(237,1,16,1241),(238,1,17,1241),(239,4,18,1241),(240,1,1,1242),(241,1,4,1242),(242,1,18,1242),(243,1,6,1242),(244,2,25,1242),(245,6,2,1242),(246,800,23,1243),(247,16000,24,1244),(248,2551,24,1245),(249,2807,24,1246),(250,37085,24,1247),(251,109000,24,1248),(252,6107,24,1249),(253,5400,24,1250),(254,50,19,1340),(255,1,1,1347),(256,683,24,1370),(257,1,1,1371),(258,1,1,1372),(259,1,1,1374),(260,1,4,1374),(261,2,2,1374),(262,1,1,1375),(263,1,1,1471),(264,1,30,1471),(265,1,1,1472),(266,1,1,1473),(267,1,1,1474),(268,1,1,1476),(269,1,30,1476),(270,1,1,1477),(271,1,13,1477),(272,1,1,1479),(273,1,13,1479),(274,1,1,1480),(275,1,4,1480),(276,1,18,1480),(277,1,25,1480),(278,1,1,1481),(279,1,4,1481),(280,1,1,1482),(281,1,4,1482),(282,1,1,1483),(283,1,4,1483),(284,1,1,1484),(285,1,13,1484),(286,1,12,1484),(287,150,23,1485),(288,850,23,1486),(289,1,1,1487),(290,1,30,1487),(291,1,1,1488),(292,1,1,1489),(293,2,2,1489),(294,37085,24,1490),(295,1,1,1491),(296,1,1,1674),(297,1,10,1674),(298,1,2,1674),(299,1,1,1675),(300,1,1,1676),(301,1,2,1676),(302,1,1,1677),(303,1,1,1678),(304,1,1,1679),(305,1,4,1679),(306,1,18,1679),(307,2,61,1679),(308,1,1,1680),(309,1,31,1680),(310,1,1,1681),(311,1,35,1681),(312,1,1,1682),(313,2,35,1682),(314,1,1,1683),(315,1,1,1684),(316,1,1,1685),(317,1,31,1685),(318,1,1,1686),(319,1,31,1686),(320,1,1,1687),(321,1,35,1687),(322,1,1,1688),(323,1,1,1689),(324,1,1,1690),(325,1,30,1690),(326,4000,24,1691),(327,250,24,1692),(328,40000,24,1693),(329,1,1,1819),(330,26,19,1820),(331,1,36,1821),(332,1,1,1822),(333,1,1,1823),(334,1,1,1824),(335,1,2,1824),(336,1,1,1825),(337,1,1,1826),(338,1,4,1826),(339,2,2,1826),(340,4,37,1826),(341,1,1,1827),(342,1,4,1827),(343,1,16,1827),(344,2,2,1827),(345,10,15,1827),(346,1,1,1828),(347,1,4,1828),(348,1,18,1828),(349,3,19,1828),(350,37,19,1829),(351,975,38,1830),(352,1,1,1831),(353,1,11,1831),(354,1,1,1832),(355,1,13,1832),(356,1,1,1833),(357,1,1,1834),(358,1,39,1835),(359,1,1,1835),(360,1,18,1835),(361,1,28,1835),(362,6,2,1835),(363,2,40,1835),(364,1,41,1836),(365,1,11,1836),(366,2,2,1836),(367,1,1,1837),(368,1,11,1837),(369,1,1,1838),(370,1,11,1838),(371,1,1,1839),(372,1,13,1839),(373,1,1,1840),(374,1,13,1840),(375,2,42,1840),(376,1,1,1841),(377,1,13,1841),(378,1,1,1842),(379,1,13,1842),(380,2,43,1842),(381,1,1,1843),(382,1,13,1843),(383,1,1,1844),(384,1,13,1844),(385,5000,38,1845),(386,1,1,1910),(387,1,1,1911),(388,1,1,1912),(389,1,1,1913),(390,1,1,1914),(391,1,1,1915),(392,1,2,1915),(393,1,1,2002),(394,1,4,2002),(395,1,18,2002),(396,3,19,2002),(397,1,44,2132),(398,1,1,2133),(399,1,1,2134),(400,1,45,2135),(401,3,18,2135),(402,12,46,2135),(403,1,1,2136),(404,1,13,2136),(405,1,1,2137),(406,1,13,2137),(407,1,2,2137),(408,1,1,2138),(409,1,4,2138),(410,1,16,2138),(411,1,17,2138),(412,1,18,2138),(413,1,1,2139),(414,1,13,2139),(415,1,1,2140),(416,1,13,2140),(417,2,2,2140),(418,5400,24,2220),(419,1,1,2288),(420,1,1,2289),(421,1,4,2289),(422,2,2,2289),(423,1,1,2290),(424,1,1,2291),(425,1,1,2292),(426,1,4,2292),(427,1,2,2292),(428,820,23,2293),(429,3770,24,2294),(430,1,1,2402),(431,6000,19,2407),(432,20,19,2408),(433,1,1,2409),(434,1,34,2411),(435,1,1,2411),(436,1,4,2411),(437,1,17,2411),(438,1,16,2411),(439,4,18,2411),(440,120,38,2412),(441,1,1,2556),(442,1,1,2557),(443,1,1,2558),(444,1,1,2559),(445,1,1,2560),(446,1,1,2561),(447,1,1,2562),(448,1,1,2563),(449,1,31,2563),(450,1,1,2564),(451,1,1,2565),(452,1,4,2565),(453,1,1,2566),(454,1,4,2566),(455,1,1,2567),(456,1,4,2567),(457,1,1,2568),(458,1,4,2568),(459,30,38,2569),(460,20,23,2570),(461,1,1,2728),(462,1,6,2728),(463,1,47,2729),(464,1,48,2729),(465,2,49,2729),(466,1,32,2730),(467,1,48,2730),(468,1,50,2730),(469,4,51,2730),(470,1,52,2731),(471,1,53,2731),(472,1100,24,2732),(473,900,24,2733),(474,5480,54,2734),(475,125000,24,2735),(476,45000,24,2736),(477,1,48,2824),(478,1,55,2824),(479,1,2,2824),(480,1,48,2825),(481,1,55,2825),(482,1,2,2825),(483,1,55,2826),(484,1,1,2827),(485,1,1,2828),(486,1,56,2828),(487,1,1,2829),(488,1,1,2830),(489,1,1,2831),(490,1,11,2831),(491,1,1,2832),(492,1,4,2832),(493,1,18,2832),(494,1,25,2832),(495,1,1,2833),(496,1,4,2833),(497,1,57,2833),(498,4,2,2833),(499,1,1,2834),(500,1,4,2834),(501,1,2,2834),(502,1,1,2835),(503,1,13,2835),(504,1,58,2835),(505,1,56,2835),(506,2,19,2835),(507,1,1,2878),(508,1,1,2909),(509,1,13,2909),(510,1,1,3105),(511,1,4,3105),(512,1,1,3213),(513,1,59,3213),(514,1,1,3214),(515,1,1,3215),(516,1,1,3216),(517,1,60,3216),(518,1,1,3217),(519,135,23,3218),(520,100,23,3219),(521,1,1,3343),(522,1,62,3343),(523,1,1,3344),(524,1,1,3345),(525,1,4,3345),(526,1,17,3345),(527,1,1,3346),(528,1,63,3346),(529,1,64,3346),(530,1,1,3347),(531,1,1,3348),(532,1,4,3348),(533,1,6,3348),(534,1,1,3349),(535,1,4,3349),(536,1,1,3350),(537,1,4,3350),(538,1,1,3351),(539,25,19,3351),(540,1,1,3352),(541,1,4,3352),(542,1,64,3352),(543,1,34,3353),(544,1,1,3353),(545,1,4,3353),(546,1,16,3353),(547,1,17,3353),(548,4,18,3353),(549,1,1,3354),(550,1,1,3355),(551,1,18,3355),(552,1,1,3417),(553,1,65,3417),(554,1,32,3417),(555,5,2,3417),(556,1,1,3418),(557,1,1,3419),(558,1,30,3419),(559,1,1,3420),(560,1,4,3420),(561,1,10,3420),(562,1,1,3421),(563,2,2,3421),(564,1,66,3421),(565,1,1,3422),(566,1,2,3422),(567,1,1,3423),(568,1,30,3423),(569,4,2,3423),(570,1,1,3424),(571,1,1,3425),(572,1,4,3425),(573,1,2,3425),(574,1,1,3426),(575,1,2,3426),(576,1,1,3475),(577,1,4,3475),(578,1,6,3475),(579,1,67,3475),(580,1,1,3476),(581,1,1,3477),(582,1,4,3477),(583,1,1,3478),(584,1,1,3479),(585,1,30,3479),(586,1,1,3480),(587,1,1,3482),(588,1,4,3482),(589,1,1,3483),(590,1,4,3483),(591,1,1,3484),(592,1,4,3484),(593,1,18,3484),(594,1,68,3484),(595,2,25,3484),(596,6,2,3484),(597,1,1,3567),(598,1,4,3567),(599,1,1,3568),(600,1,1,3569),(601,1,4,3569),(602,1,1,3570),(603,1,4,3570),(604,1,1,3611),(605,1,4,3611),(606,2,66,3611),(607,1,1,3612),(608,1,1,3613),(609,1,1,3614),(610,1,1,3615),(611,1,1,3616),(612,1,4,3616),(613,2,66,3616),(614,1,1,3617),(615,1,69,3617),(616,1,1,3618),(617,1,1,3619),(618,1,70,3619),(619,1,2,3619),(620,1,1,3620),(621,1,4,3620),(622,1,18,3620),(623,3,66,3620),(624,1,1,3621),(625,1,1,3622),(626,1,4,3622),(627,2,18,3622),(628,4,66,3622),(629,1,1,3623),(630,1,4,3623),(631,1,1,3624),(632,1,4,3624),(633,1,18,3624);
/*!40000 ALTER TABLE `transportation_crewentry` ENABLE KEYS */;
UNLOCK TABLES;

--
-- Table structure for table `transportation_hyperdrive`
--

DROP TABLE IF EXISTS `transportation_hyperdrive`;
/*!40101 SET @saved_cs_client     = @@character_set_client */;
/*!40101 SET character_set_client = utf8 */;
CREATE TABLE `transportation_hyperdrive` (
  `id` int(11) NOT NULL AUTO_INCREMENT,
  `rank` int(11) NOT NULL,
  `class_value` int(11) NOT NULL,
  `starship_id` int(11) NOT NULL,
  PRIMARY KEY (`id`),
  KEY `transportation_hyperdrive_fa1680a5` (`starship_id`),
  CONSTRAINT `starship_id_refs_vehicle_ptr_id_7e4e185d` FOREIGN KEY (`starship_id`) REFERENCES `transportation_starship` (`vehicle_ptr_id`)
) ENGINE=InnoDB AUTO_INCREMENT=311 DEFAULT CHARSET=latin1;
/*!40101 SET character_set_client = @saved_cs_client */;

--
-- Dumping data for table `transportation_hyperdrive`
--

LOCK TABLES `transportation_hyperdrive` WRITE;
/*!40000 ALTER TABLE `transportation_hyperdrive` DISABLE KEYS */;
INSERT INTO `transportation_hyperdrive` VALUES (1,1,3,428),(2,2,15,428),(3,1,3,429),(4,2,15,429),(5,1,1,430),(6,2,10,430),(7,1,1,432),(8,1,1,433),(9,1,2,435),(10,2,15,435),(11,1,3,436),(12,2,20,436),(13,1,2,437),(14,2,15,437),(15,1,4,438),(16,2,15,438),(17,1,2,439),(18,2,14,439),(19,1,4,440),(20,2,15,440),(21,1,1,441),(22,2,15,441),(23,1,2,442),(24,2,14,442),(25,1,2,443),(26,2,12,443),(27,1,2,444),(28,2,12,444),(29,1,2,445),(30,2,15,445),(31,1,2,446),(32,1,2,447),(33,2,16,447),(34,1,2,448),(35,1,2,449),(36,2,12,449),(37,1,2,452),(38,2,12,452),(39,1,1,453),(40,2,10,453),(41,1,2,454),(42,1,3,456),(43,2,12,456),(44,1,3,459),(45,1,2,460),(46,2,15,460),(47,1,1,461),(48,2,10,461),(49,1,2,462),(50,2,12,462),(51,1,1,463),(52,2,12,463),(53,1,3,464),(54,2,20,464),(55,1,2,465),(56,2,10,465),(57,1,2,466),(58,2,10,466),(59,1,1,467),(60,2,9,467),(61,1,2,468),(62,2,12,468),(63,1,1,469),(64,2,12,469),(65,1,2,470),(66,2,15,470),(67,1,3,471),(68,2,16,471),(69,1,3,472),(70,2,13,472),(71,1,3,473),(72,2,16,473),(73,1,2,474),(74,2,15,474),(75,1,3,475),(76,2,9,475),(77,3,18,475),(78,1,2,476),(79,2,14,476),(80,1,1,479),(81,1,2,480),(82,1,2,483),(83,2,12,483),(84,1,3,484),(85,2,12,484),(86,1,3,485),(87,2,25,485),(88,1,1,486),(89,2,12,486),(90,1,8,487),(91,2,18,487),(92,1,2,488),(93,2,16,488),(94,1,2,489),(95,2,16,489),(96,1,2,490),(97,2,16,490),(98,1,1,491),(99,2,12,491),(100,1,3,492),(101,2,15,492),(102,1,1,496),(103,1,1,1235),(104,1,2,1236),(105,1,2,1237),(106,1,1,1239),(107,2,10,1239),(108,1,2,1240),(109,2,10,1240),(110,1,2,1241),(111,2,14,1241),(112,1,3,1242),(113,2,12,1242),(114,1,1,1243),(115,2,15,1243),(116,1,4,1244),(117,2,18,1244),(118,1,2,1245),(119,2,12,1245),(120,1,2,1246),(121,2,12,1246),(122,1,2,1247),(123,2,8,1247),(124,1,2,1248),(125,2,16,1248),(126,1,1,1249),(127,2,15,1249),(128,1,1,1250),(129,2,9,1250),(130,1,2,1340),(131,2,18,1340),(132,1,2,1370),(133,2,12,1370),(134,1,12,1372),(135,1,2,1374),(136,2,18,1374),(137,1,3,1480),(138,2,15,1480),(139,1,2,1481),(140,1,3,1482),(141,2,15,1482),(142,1,1,1483),(143,2,15,1483),(144,1,2,1484),(145,2,12,1484),(146,1,2,1485),(147,2,15,1485),(148,1,3,1486),(149,2,12,1486),(150,1,1,1488),(151,1,2,1490),(152,2,8,1490),(153,1,1,1680),(154,1,1,1682),(155,1,2,1683),(156,1,3,1684),(157,1,2,1685),(158,1,2,1688),(159,1,1,1690),(160,1,2,1691),(161,2,12,1691),(162,1,2,1692),(163,2,12,1692),(164,1,2,1693),(165,2,14,1693),(166,1,2,1823),(167,1,1,1824),(168,2,12,1824),(169,1,1,1825),(170,1,3,1827),(171,2,15,1827),(172,1,2,1828),(173,2,12,1828),(174,1,2,1829),(175,2,12,1829),(176,1,2,1830),(177,2,12,1830),(178,1,1,1831),(179,2,12,1831),(180,1,2,1832),(181,2,12,1832),(182,1,3,1834),(183,1,2,1835),(184,2,15,1835),(185,1,1,1836),(186,2,12,1836),(187,1,1,1837),(188,2,8,1837),(189,1,2,1838),(190,2,15,1838),(191,1,2,1839),(192,2,12,1839),(193,1,2,1840),(194,2,12,1840),(195,1,2,1841),(196,2,12,1841),(197,1,2,1842),(198,2,15,1842),(199,1,2,1843),(200,2,15,1843),(201,1,2,1844),(202,2,15,1844),(203,1,1,2002),(204,2,12,2002),(205,1,2,2136),(206,2,12,2136),(207,1,2,2137),(208,2,12,2137),(209,1,1,2138),(210,2,7,2138),(211,1,1,2139),(212,2,10,2139),(213,1,2,2140),(214,2,18,2140),(215,1,1,2220),(216,2,9,2220),(217,1,1,2291),(218,1,1,2292),(219,2,12,2292),(220,1,1,2293),(221,2,15,2293),(222,1,1,2294),(223,2,15,2294),(224,1,2,2402),(225,1,2,2407),(226,2,10,2407),(227,1,3,2408),(228,2,20,2408),(229,1,2,2409),(230,1,2,2411),(231,2,14,2411),(232,1,2,2412),(233,1,3,2565),(234,2,15,2565),(235,1,3,2566),(236,1,2,2567),(237,2,15,2567),(238,1,2,2568),(239,2,15,2568),(240,1,2,2569),(241,2,12,2569),(242,1,1,2732),(243,2,10,2732),(244,1,1,2733),(245,2,11,2733),(246,1,1,2734),(247,2,9,2734),(248,1,2,2735),(249,2,12,2735),(250,1,3,2736),(251,2,15,2736),(252,1,3,2828),(253,1,2,2829),(254,1,2,2830),(255,2,12,2830),(256,1,2,2831),(257,2,12,2831),(258,1,3,2832),(259,2,12,2832),(260,1,3,2833),(261,2,12,2833),(262,1,4,2834),(263,2,20,2834),(264,1,2,2835),(265,2,14,2835),(266,1,2,2909),(267,2,12,2909),(268,1,2,3218),(269,2,15,3218),(270,1,4,3219),(271,2,15,3219),(272,1,3,3349),(273,1,2,3350),(274,1,3,3351),(275,1,2,3352),(276,2,10,3352),(277,1,2,3353),(278,2,14,3353),(279,1,3,3355),(280,1,2,3356),(281,2,14,3356),(282,1,2,3477),(283,2,8,3477),(284,1,2,3478),(285,1,2,3479),(286,2,10,3479),(287,1,3,3480),(288,1,2,3482),(289,2,12,3482),(290,1,3,3483),(291,2,14,3483),(292,1,3,3484),(293,2,12,3484),(294,1,2,3567),(295,2,12,3567),(296,1,2,3569),(297,2,10,3569),(298,1,2,3570),(299,2,8,3570),(300,1,2,3619),(301,2,8,3619),(302,1,2,3620),(303,2,12,3620),(304,1,1,3621),(305,1,3,3622),(306,2,14,3622),(307,1,2,3623),(308,2,12,3623),(309,1,2,3624),(310,2,10,3624);
/*!40000 ALTER TABLE `transportation_hyperdrive` ENABLE KEYS */;
UNLOCK TABLES;

--
-- Table structure for table `transportation_starship`
--

DROP TABLE IF EXISTS `transportation_starship`;
/*!40101 SET @saved_cs_client     = @@character_set_client */;
/*!40101 SET character_set_client = utf8 */;
CREATE TABLE `transportation_starship` (
  `vehicle_ptr_id` int(11) NOT NULL,
  `navicomputer` int(11) NOT NULL,
  PRIMARY KEY (`vehicle_ptr_id`),
  CONSTRAINT `vehicle_ptr_id_refs_gear_ptr_id_eac10554` FOREIGN KEY (`vehicle_ptr_id`) REFERENCES `transportation_vehicle` (`gear_ptr_id`)
) ENGINE=InnoDB DEFAULT CHARSET=latin1;
/*!40101 SET character_set_client = @saved_cs_client */;

--
-- Dumping data for table `transportation_starship`
--

LOCK TABLES `transportation_starship` WRITE;
/*!40000 ALTER TABLE `transportation_starship` DISABLE KEYS */;
INSERT INTO `transportation_starship` VALUES (427,2),(428,1),(429,1),(430,1),(431,2),(432,3),(433,3),(434,2),(435,1),(436,1),(437,1),(438,1),(439,1),(440,1),(441,1),(442,1),(443,1),(444,1),(445,1),(446,1),(447,1),(448,1),(449,1),(450,2),(451,2),(452,1),(453,1),(454,1),(455,2),(456,1),(458,2),(459,1),(460,1),(461,1),(462,1),(463,1),(464,1),(465,1),(466,1),(467,1),(468,1),(469,1),(470,1),(471,1),(472,1),(473,1),(474,1),(475,1),(476,1),(477,2),(478,2),(479,1),(480,1),(481,2),(482,2),(483,1),(484,1),(485,1),(486,1),(487,1),(488,1),(489,1),(490,1),(491,1),(492,1),(493,2),(495,2),(496,3),(500,2),(1235,1),(1236,1),(1237,1),(1238,2),(1239,1),(1240,1),(1241,1),(1242,1),(1243,1),(1244,1),(1245,1),(1246,1),(1247,1),(1248,1),(1249,1),(1250,1),(1340,1),(1370,1),(1371,2),(1372,3),(1374,1),(1375,2),(1478,2),(1479,2),(1480,1),(1481,1),(1482,1),(1483,1),(1484,1),(1485,1),(1486,1),(1488,1),(1490,1),(1680,3),(1681,2),(1682,1),(1683,1),(1684,1),(1685,3),(1686,3),(1687,2),(1688,1),(1689,2),(1690,1),(1691,1),(1692,1),(1693,1),(1823,1),(1824,1),(1825,1),(1826,2),(1827,1),(1828,1),(1829,1),(1830,1),(1831,1),(1832,1),(1833,2),(1834,1),(1835,1),(1836,1),(1837,1),(1838,1),(1839,1),(1840,1),(1841,1),(1842,1),(1843,1),(1844,1),(1845,2),(2002,1),(2136,1),(2137,1),(2138,1),(2139,1),(2140,1),(2220,1),(2291,1),(2292,1),(2293,1),(2294,1),(2402,1),(2407,1),(2408,1),(2409,1),(2411,1),(2412,1),(2563,3),(2564,3),(2565,1),(2566,1),(2567,1),(2568,1),(2569,1),(2570,2),(2732,1),(2733,1),(2734,1),(2735,1),(2736,1),(2828,1),(2829,1),(2830,3),(2831,1),(2832,1),(2833,1),(2834,1),(2835,1),(2909,1),(3217,2),(3218,1),(3219,1),(3349,1),(3350,1),(3351,1),(3352,1),(3353,1),(3354,2),(3355,1),(3356,1),(3477,1),(3478,1),(3479,1),(3480,1),(3482,1),(3483,1),(3484,1),(3567,1),(3569,1),(3570,1),(3619,3),(3620,1),(3621,1),(3622,1),(3623,1),(3624,1);
/*!40000 ALTER TABLE `transportation_starship` ENABLE KEYS */;
UNLOCK TABLES;

--
-- Table structure for table `transportation_vehicle`
--

DROP TABLE IF EXISTS `transportation_vehicle`;
/*!40101 SET @saved_cs_client     = @@character_set_client */;
/*!40101 SET character_set_client = utf8 */;
CREATE TABLE `transportation_vehicle` (
  `gear_ptr_id` int(11) NOT NULL,
  `silhoutte` int(11) NOT NULL,
  `speed` int(11) NOT NULL,
  `handling` int(11) NOT NULL,
  `def_fore` int(11) NOT NULL,
  `def_port` int(11) NOT NULL,
  `def_starboard` int(11) NOT NULL,
  `def_aft` int(11) NOT NULL,
  `armor_value` int(11) NOT NULL,
  `hull_trauma` int(11) NOT NULL,
  `system_strain` int(11) NOT NULL,
  `vehicle_model` varchar(100) NOT NULL,
  `manufacturer` varchar(100) NOT NULL,
  `max_altitude` int(11) DEFAULT NULL,
  `sensor_range` int(11) NOT NULL,
  `passenger` int(11) NOT NULL,
  `hard_points` int(11) NOT NULL,
  `weapon_count` int(11) NOT NULL,
  PRIMARY KEY (`gear_ptr_id`),
  KEY `transportation_vehicle_109b73f0` (`sensor_range`),
  CONSTRAINT `gear_ptr_id_refs_entry_ptr_id_21331697` FOREIGN KEY (`gear_ptr_id`) REFERENCES `equipment_gear` (`entry_ptr_id`)
) ENGINE=InnoDB DEFAULT CHARSET=latin1;
/*!40101 SET character_set_client = @saved_cs_client */;

--
-- Dumping data for table `transportation_vehicle`
--

LOCK TABLES `transportation_vehicle` WRITE;
/*!40000 ALTER TABLE `transportation_vehicle` DISABLE KEYS */;
INSERT INTO `transportation_vehicle` VALUES (391,2,1,-2,0,0,0,0,0,6,4,'V5-series','TaggeCo',1,11,6,0,0),(393,2,1,-1,0,0,0,0,0,2,2,'Cargo Floater 3z','Ubrikkian',15,11,15,1,0),(394,2,3,0,0,0,0,0,0,5,5,'Civilian','Various manufacturers',300000,7,1,1,0),(395,2,4,3,0,0,0,0,1,4,6,'T-16 Skyhopper','Incom Corporation',300000,7,1,3,0),(396,2,4,1,0,0,0,0,1,5,7,'Storm IV','Bespin Motors',100000,7,0,2,1),(397,2,4,0,0,0,0,0,1,4,6,'T-47','Incom Corporation',175,6,0,3,1),(398,2,3,1,0,0,0,0,0,2,4,'74-Z','Aratech Repulsor Company',25,6,1,2,1),(399,3,1,-2,0,0,0,0,0,10,8,'A-A5','Trast Heavy Transports',3,11,25,3,0),(400,2,3,2,0,0,0,0,0,2,3,'Flare-S','Mobquet Swoops and Speeders',350,11,1,2,0),(401,2,2,0,0,0,0,0,0,4,5,'X-34','SoroSuub',1,6,1,2,0),(402,4,1,-3,0,0,0,0,4,40,30,'Digger Crawler','Corellian Mining Corporation',NULL,8,30,5,0),(403,3,2,-2,0,0,0,0,0,8,4,'Personnel Carrier','Various manufacturers',NULL,11,15,3,0),(404,2,2,0,0,0,0,0,3,6,5,'AT-PT','Rothana Heavy Industries',NULL,6,1,1,2),(405,4,1,-2,0,0,0,0,2,20,12,'AT-EST','Rothana Heavy Industries',NULL,9,8,4,1),(406,3,3,0,0,0,0,0,2,10,8,'Guardian 5e','Ubrikkian',300000,7,5,1,1),(407,2,2,0,0,0,0,0,0,2,3,'Guardian E2','Ubrikkian',350,6,1,0,0),(408,3,3,0,0,0,0,0,2,11,9,'Invader AA-9','Mekuun',200000,6,10,2,2),(409,3,2,-2,0,0,0,0,3,15,12,'Overwatch MC-2','Mekuun',200000,7,2,2,2),(410,3,3,-1,0,0,0,0,2,12,10,'Rush','Mekuun',200000,7,20,2,2),(411,2,5,1,0,0,0,0,0,6,5,'Needle Ne-4','Bespin Motors',120000,7,0,2,1),(412,3,4,2,0,0,0,0,0,2,3,'Flare-S','Mobquet Swoops and Speeders',350,11,0,0,1),(413,2,3,1,0,0,0,0,0,3,3,'57-D','Aratech Repulsor Company',20,11,1,3,0),(414,2,3,1,0,0,0,0,0,3,3,'KV','Kuat Vehicles',50,11,0,0,0),(415,2,2,0,0,0,0,0,0,4,7,'Zeohyr-G','Mobquet Swoops and Speeders',6,11,1,2,0),(416,2,4,1,0,0,0,0,2,5,7,'Storm IV','Bespin Motors',100000,7,0,2,1),(417,2,2,0,0,0,0,0,0,2,4,'Civilian','Aratech Repulsor Company',0,11,6,2,1),(418,2,3,1,0,0,0,0,1,6,6,'CAV-11','Corellian Engineering Corporation',300000,7,2,2,2),(419,3,4,-1,1,0,0,0,0,10,8,'G35','Corellian Engineering Corporation',300000,7,10,2,0),(420,2,4,0,0,0,0,0,0,2,3,'D-22','Corellian Engineering Corporation',35,6,1,2,0),(421,2,3,0,0,0,0,0,0,5,5,'Seraph-Class','Corellian Engineering Corporation',2,6,3,2,1),(422,2,5,1,0,0,0,0,0,2,2,'S-5','Mobquet Swoops and Speeders',50,11,0,3,0),(423,5,1,-3,0,0,0,0,4,20,15,'A-19','Corellian Mining Corporation',0,7,8,4,3),(424,3,1,-3,0,0,0,0,1,18,12,'TBV Model III','Corellian Mining Corporation',0,6,3,2,1),(425,3,2,-1,0,0,0,0,2,10,8,'MEV2','Corellia Mining Corporation',0,6,0,2,1),(426,2,4,2,0,0,0,0,0,1,4,'Flare-S','Mobquet Swoops and Speeders',50,11,0,0,0),(427,3,4,0,0,0,0,0,3,10,8,'CloakShape','Kuat Systems Engineering',NULL,6,0,3,2),(428,4,4,0,1,0,0,1,4,15,12,'Firespray','Kuat Systems Engineering',NULL,7,6,4,2),(429,4,4,1,1,0,0,0,2,14,8,'JumpMaster','Corellian Engineering Corporation',NULL,10,1,2,1),(430,4,3,0,2,0,0,1,4,25,15,'Lambda','Sienar Fleet Systems and Cygnus Spaceworks',NULL,7,20,2,3),(431,3,5,3,0,0,0,0,2,6,8,'TIE Series','Sienar Fleet Systems',NULL,6,0,0,1),(432,3,4,0,1,0,0,1,3,12,10,'BTL Y-Wing','Koensayr Manufacturing',NULL,6,0,1,3),(433,3,4,0,1,0,0,1,3,12,10,'BTL Y-Wing','Koensayr Manufacturing',NULL,6,0,1,3),(434,3,4,1,1,0,0,0,3,9,8,'Headhunter','Incom/Subpro',NULL,6,0,2,2),(435,4,4,-1,2,0,0,1,4,20,15,'Skipray','Sienar Fleet Systems',NULL,7,0,2,4),(436,5,2,-3,2,1,1,1,2,40,20,'Action VI','Corellian Engineering Corporation',NULL,8,5,4,0),(437,4,3,-1,2,0,0,1,4,30,16,'Citadel','Koensayr Manufacturing',NULL,8,14,4,5),(438,5,3,-3,1,1,1,1,3,20,18,'GR-75','Gallofree Yards, Inc.',NULL,8,100,2,0),(439,4,3,0,1,0,0,1,1,30,12,'Luxury 3000','SoroSuub Corporation',NULL,7,10,4,0),(440,5,2,-4,1,1,1,1,2,25,25,'Space Master','Kuat Drive Yards',NULL,8,0,2,2),(441,5,3,-2,2,1,1,1,3,25,20,'Starwind','Kuat Drive Yards',NULL,8,10,2,2),(442,5,3,-2,1,1,1,2,4,32,20,'Wayfarer','Kuat Systems Engineering',NULL,7,6,5,1),(443,4,3,-1,1,0,0,1,3,22,15,'YT-1300','Corellian Engineering Corporation',NULL,7,6,6,2),(444,4,3,0,1,0,0,1,4,25,18,'YT-2400','Corellian Engineering Corporation',NULL,7,6,5,2),(445,6,1,-2,2,2,2,2,5,85,18,'Star Galleon','Kuat Drive Yards',NULL,8,300,2,11),(446,5,3,-1,2,1,1,2,5,50,25,'CR90','Corellian Engineering Corporation',NULL,9,600,4,6),(447,5,4,-1,2,2,2,1,5,55,30,'DP20','Corellian Engineering Corporation',NULL,9,0,1,18),(448,5,3,0,2,1,1,1,5,65,35,'Marauder','Republic Sienar Systems',NULL,8,80,1,11),(449,6,3,-1,2,2,2,2,6,71,40,'Nebulon-B','Kuat Drive Yards',NULL,9,75,2,27),(450,3,4,0,0,0,0,0,3,10,12,'Custom','Unknown',NULL,8,0,0,1),(451,3,4,-2,1,0,0,0,2,9,7,'Ugly','Scavenged',NULL,7,0,0,2),(452,4,3,1,2,0,0,1,4,25,18,'YT-2400','Corellian Engineering Corporation',NULL,8,6,0,2),(453,4,3,0,1,0,0,1,4,25,18,'Skywatcher-class','Sienar Fleet Systems',NULL,8,6,3,2),(454,5,2,-2,2,1,1,2,5,50,15,'CR90','Corellian Engineering Corporation',NULL,9,50,2,6),(455,5,3,-1,2,2,2,1,6,45,20,'IPV-1','Sienar Fleet Systems',NULL,9,10,2,5),(456,5,2,-3,2,1,1,1,2,40,25,'BFF-1 series','Phylon Freight',NULL,8,25,5,4),(458,3,5,2,0,0,0,0,2,6,7,'A-series','Kuat Drive Yards',NULL,6,0,1,1),(459,3,4,-1,1,0,0,1,3,10,9,'Preybird','SoroSuub',NULL,6,0,1,3),(460,4,3,-1,2,0,0,1,3,32,19,'4R3','Telgorn Corporation',NULL,8,16,4,5),(461,4,3,0,2,0,0,2,4,20,14,'Conqueror','Surronian',NULL,8,1,4,2),(462,4,3,-1,2,0,0,1,4,23,15,'YV-929','Corellian Engineering Corporation',NULL,7,6,1,6),(463,5,2,-3,1,1,1,1,4,34,25,'YZ-775','Corellian Engineering Corporation',NULL,8,0,2,5),(464,7,1,-3,2,2,2,1,6,80,50,'Neutron Star','Rendili Star Drive',NULL,9,250,6,51),(465,7,3,-1,2,2,2,2,8,100,60,'Keldabe','Mandal Motors / Zann Consortium',NULL,9,1000,4,47),(466,6,3,-1,2,2,2,2,6,75,60,'Starbolt','Corellian Engineering Corporation',NULL,9,250,2,10),(467,3,4,1,1,0,0,0,2,10,10,'Sleuth','Incom Corporation',NULL,8,1,3,1),(468,4,4,0,1,0,0,1,3,16,16,'Pathfinder','Incom Corporation',NULL,8,4,2,3),(469,4,3,-1,1,0,0,1,4,25,14,'Explorer','Loronar Corporation',NULL,8,4,4,2),(470,4,3,-2,1,0,0,1,5,28,15,'720','Ghtroc Industries',NULL,8,10,4,1),(471,5,2,-3,1,1,1,1,2,35,20,'Xiytiar','TransGalMeg Industries',NULL,7,12,4,0),(472,4,2,-2,2,0,0,1,3,30,10,'YG-4210','Corellian Engineering Corporation',NULL,8,12,4,1),(473,4,3,-1,1,0,0,1,2,20,14,'YT-1000','Corellian Engineering Corporation',NULL,7,4,5,1),(474,4,3,0,1,0,0,1,3,20,20,'YV-560','Corellian Engineering Corporation',NULL,9,5,4,1),(475,6,1,-2,2,2,2,2,6,80,32,'Xanter','Rendili Star Drive',NULL,9,50,2,11),(476,4,3,2,1,0,0,0,3,20,20,'Courier-class','Nubia Star Drives, Inc.',NULL,8,25,3,3),(477,3,4,0,1,0,0,1,2,10,12,'A-type Stiletto','Nubia Star Drives, Inc.',NULL,8,0,0,2),(478,3,1,-5,0,0,0,0,1,8,3,'Coneship','Various Selonian Dens',NULL,11,0,0,0),(479,3,5,1,1,0,0,0,2,6,8,'CL-1c','Corellian Engineering Corporation',NULL,7,1,0,1),(480,3,4,1,1,0,0,1,2,8,8,'HLAF-500','Corellian Engineering Corporation',NULL,7,0,1,1),(481,3,4,0,1,0,0,0,2,8,8,'LAF-250','Corellian Engineering Corporation',NULL,7,0,1,1),(482,3,4,0,1,0,0,1,2,10,7,'PPB','Corellian Engineering Corporation',NULL,9,0,2,1),(483,5,3,-2,2,2,2,1,4,30,22,'CCS-8','Corellian Engineering Corporation',NULL,8,200,4,0),(484,5,3,-2,2,1,1,1,4,34,22,'PB-950','Corellian Engineering Corporation',NULL,8,8,3,4),(485,4,2,-3,2,0,0,2,3,22,24,'D-Type Stealth Freighter','Nubia Star Drives, Inc.',NULL,7,3,0,0),(486,4,4,-1,2,0,0,2,4,28,18,'J-Type Star Skiff','Nubia Star Drives, Inc.',NULL,8,3,0,2),(487,3,6,1,1,0,0,0,1,11,15,'S-Type Racing Sloop','Nubia Star Drives, Inc.',NULL,7,2,0,0),(488,4,4,-1,1,0,0,2,3,21,14,'YG-4400','Corellian Engineering Corporation',NULL,7,2,2,1),(489,4,4,-1,1,0,0,1,2,20,12,'YT-1210','Corellian Engineering Corporation',NULL,7,4,3,1),(490,5,3,-1,2,2,2,1,5,55,25,'CR92a','Corellian Engineering Corporation',NULL,9,60,2,10),(491,5,3,-2,2,1,1,1,4,34,22,'PB-950','Corellian Engineering Corporation',NULL,8,8,3,4),(492,4,4,-1,2,0,0,1,4,18,10,'Firespray','Kuat Systems Engineering',NULL,7,6,0,2),(493,3,4,0,0,0,0,0,3,10,8,'CloakShape','Kuat Systems Engineering',NULL,6,0,0,2),(495,3,6,3,0,0,0,1,0,6,10,'TIE Series','Sienar Fleet Systems',NULL,7,0,0,1),(496,3,5,1,1,0,0,1,3,10,10,'T-65B X-wing','Incom Corporation',NULL,7,0,1,2),(497,2,3,1,0,0,0,0,0,2,3,'74-ZB','Aratech Repulsor Company',25,6,1,0,1),(498,3,2,-1,0,0,0,0,3,15,12,'AT-ST','Kuat Drive Yards',0,7,0,1,1),(499,4,1,-1,0,0,0,0,6,37,32,'AT-AT','Kuat Drive Yards',0,7,40,3,1),(500,3,3,-1,0,0,0,0,3,9,8,'TIE Series','Sienar Fleet Systems',NULL,6,0,2,1),(1232,2,4,0,0,0,0,0,1,4,6,'T-47','Incom Corporation',175,6,0,2,2),(1233,4,1,-3,0,0,0,0,5,40,35,'AT-AT','Kuat Drive Yards',NULL,7,40,3,2),(1234,3,2,0,0,0,0,0,3,15,12,'AT-ST','Kuat Drive Yards',NULL,7,0,1,3),(1235,3,6,3,1,0,0,0,2,6,6,'RZ-1 \"A-Wing\"','Incom/Alliance Underground Engineering',NULL,8,0,1,2),(1236,3,4,-1,2,0,0,1,3,15,6,'A/SF-01 B-Wing','Slayn & Korpil',NULL,6,0,1,4),(1237,3,4,2,1,0,0,1,3,10,10,'TIE Series','Sienar Fleet Systems',NULL,6,0,0,3),(1238,3,4,0,0,0,0,0,3,9,8,'TIE Series','Sienar Fleet Systems',NULL,6,0,0,3),(1239,4,3,-1,2,0,0,2,5,25,15,'Sentinel','Sienar Fleet Systems and Cygnus Spaceworks',NULL,6,54,0,4),(1240,5,3,-1,2,2,2,1,5,55,35,'Vigil','Kuat Drive Yards',NULL,9,200,0,3),(1241,5,3,-2,2,1,1,1,5,46,24,'Consular','Corellian Engineering Corporation',NULL,9,16,4,5),(1242,5,2,-3,2,2,2,1,5,50,36,'Gozanti','Gallofree Yards, Inc. and Corellian Engineering Corporation',NULL,9,12,4,7),(1243,5,2,-1,2,1,1,1,5,52,34,'Lancer','Kuat Drive Yards',NULL,9,40,0,20),(1244,7,2,-2,1,1,1,1,7,100,40,'Dreadnought','Rendili Star Drive',NULL,8,3000,4,40),(1245,7,3,-1,3,2,2,2,6,85,55,'Vindicator','Sienar Fleet Systems',NULL,9,400,0,58),(1246,7,2,-2,3,3,3,2,5,75,65,'Interdictor-class','Sienar Fleet Systems',NULL,9,80,0,20),(1247,8,2,-3,3,3,3,2,10,145,60,'Imperial I','Kuat Drive Yards',NULL,9,9700,2,130),(1248,9,2,-3,3,3,3,3,11,185,95,'Praetor II','Kuat Drive Yards',NULL,9,14000,1,150),(1249,8,1,-3,2,2,2,2,9,120,50,'Victory II','Kuat Drive Yards',NULL,9,1600,4,60),(1250,8,2,-2,3,4,4,3,9,140,80,'Liberty','Mon Calamari Shipyards',NULL,9,1200,4,74),(1340,6,1,-3,2,1,1,1,3,75,24,'Temple','Kuat Drive Yards',NULL,6,150,6,0),(1347,3,2,-1,0,0,0,0,0,12,10,'Shiphand','Aratech Repulsor Company',2,11,6,1,0),(1370,6,3,1,2,2,2,2,6,71,40,'Nebulon-B','Kuat Drive Yards',NULL,10,225,0,39),(1371,2,3,-1,0,0,0,0,1,6,10,'Escape Pod','Faberstien-Lago',NULL,8,5,1,0),(1372,3,3,-2,0,0,0,0,2,12,15,'Life Boat','Faberstien-Lago',NULL,9,25,2,0),(1374,4,3,0,1,0,0,1,4,25,15,'Kappa','Sienar Fleet Systems',NULL,7,40,2,4),(1375,2,4,0,0,0,0,0,1,4,6,'ISP-6','Cygnus Spaceworks',NULL,6,0,1,2),(1471,4,2,0,0,0,0,0,2,20,15,'Mauler TR','Sienar Fleet Systems',200000,7,24,2,1),(1472,2,3,0,0,0,0,0,0,5,4,'V-35 Courier','SoroSuub',1,6,3,3,0),(1473,2,2,-1,0,0,0,0,0,5,3,'AuperHaul II','Ubrikkian Industries',50,6,8,2,0),(1474,2,4,0,0,0,0,0,0,8,8,'Panther','SoroSuub Corporation',10,7,3,3,0),(1475,4,1,-2,0,0,0,0,3,38,30,'I-C2','Veril Line Systems',NULL,6,6,1,0),(1476,3,2,0,0,0,0,0,3,8,8,'AT-RCT','Kuat Drive Yards',NULL,6,0,2,3),(1477,2,1,0,0,0,0,0,0,7,6,'All Terrain Construction Transport','Kuat Drive Yards',NULL,6,0,3,1),(1478,4,3,0,1,0,0,1,2,28,30,'Monitor-class','The Nerfworks',NULL,9,0,0,2),(1479,4,4,0,2,0,0,1,3,18,14,'Regulator-class','Sienar Fleet Systems',NULL,8,6,2,2),(1480,5,2,-2,1,1,1,0,5,35,14,'HT-2200','Corellian Engineering Corporation',NULL,7,8,5,2),(1481,3,4,1,1,0,0,1,2,18,18,'HWK-290','Corellian Engineering Corporation',NULL,7,2,5,0),(1482,4,2,-1,1,0,0,1,3,19,11,'YT-1200','Corellian Engineering Corporation',NULL,8,6,5,1),(1483,4,4,1,1,0,0,0,1,17,15,'YT-1760','Corellian Engineering Corporation',NULL,7,8,5,1),(1484,4,4,1,1,0,0,1,1,25,22,'Luxurious-class','Ghtroc Industries',NULL,7,12,4,0),(1485,6,2,-2,2,1,1,1,4,65,45,'Armos','SoroSuub',NULL,10,1000,4,0),(1486,7,1,-1,2,1,1,2,2,85,40,'Indulgent-class','Leonore Luxury Liners Incorporated',NULL,9,1500,1,4),(1487,2,4,2,0,0,0,0,0,4,6,'T-47','Incom Corporation',175,6,0,2,2),(1488,3,6,3,1,0,0,1,1,6,10,'TIE Series','Sienar Fleet Systems',NULL,6,0,0,3),(1489,2,3,-1,0,0,0,0,1,3,5,'MSP100 Pteropter Hover Pod','Gallofree Aerial Products',2000,7,3,2,2),(1490,8,2,-3,3,3,3,2,10,125,65,'Interdictor','Sienar Fleet Systems',NULL,9,5000,0,32),(1491,2,2,-1,0,0,0,0,0,5,5,'Civilian','Various',1,11,6,1,0),(1674,4,1,-2,0,0,0,0,4,20,18,'AT-AA','Rothana Heavy Industries',NULL,8,2,0,1),(1675,2,3,0,0,0,0,0,0,4,6,'AV-21','Mobquet Swoops and Speeders',3,6,1,3,0),(1676,3,2,1,0,0,0,0,3,12,10,'1L Light Repulsor Tank','Ubrikkian Industries',3,6,4,1,1),(1677,2,5,2,0,0,0,0,0,4,5,'SU-40','SoroSuub',100000,6,1,2,0),(1678,2,3,2,0,0,0,0,0,3,2,'Nebulon-Q','Mobquet Swoops and Speeders',350,11,0,3,0),(1679,4,2,-2,0,0,0,0,3,15,15,'PTB-625','Incom/SubPro',100000,8,1,2,3),(1680,3,5,1,1,0,0,1,3,14,8,'E-Wing','FreiTek Incorporated',NULL,6,0,1,2),(1681,4,3,-1,1,0,0,1,4,22,12,'H-60 Tempest','Slayn & Korpil',NULL,6,0,2,4),(1682,3,3,-2,2,0,0,1,4,15,12,'BTS-A2 H-wing','Koensayr Manuracturing',NULL,7,1,1,3),(1683,3,4,0,1,0,0,0,2,6,8,'R-41 Starchaser','Hoersch-Kessel Drive, Inc.',NULL,6,0,2,3),(1684,3,6,-1,1,0,0,0,2,8,7,'R-60 T-wing','Hoersch-Kessel Drive, Inc.',NULL,6,0,1,2),(1685,3,4,0,2,0,0,0,4,12,8,'Heavy-95','Incom/SubPro',NULL,6,0,1,2),(1686,3,4,2,1,0,0,0,2,10,8,'A3-Nimbus','Kuat Systems Engineering',NULL,6,0,2,2),(1687,3,4,1,0,0,0,0,3,10,8,'TIE-series','Sienar Fleet Systems',NULL,6,0,0,2),(1688,3,5,2,1,0,0,1,2,9,12,'TIE-series','Sienar Fleet Systems',NULL,6,0,0,3),(1689,3,4,-2,1,0,0,1,3,18,12,'TIE-series','Sienar Fleet Systems',NULL,7,0,0,3),(1690,3,5,2,1,0,0,0,2,8,10,'TIE-series','Sienar Fleet Systems',NULL,7,0,0,1),(1691,7,2,-3,2,2,2,2,4,80,60,'Ton-Falk','Kuat Drive Yards',NULL,9,800,3,15),(1692,6,2,-2,2,2,2,1,5,62,45,'Quasar Fire','SoroSuub Corporation',NULL,9,150,4,4),(1693,8,2,-4,3,3,3,2,8,130,55,'Secutor','Kuat Drive Yards',NULL,9,14000,2,73),(1819,2,3,0,0,0,0,0,0,6,8,'Bantha-II','Ubrikkian Industries',50,7,16,2,0),(1820,4,2,-2,0,0,0,0,3,35,25,'Luxury-class','Ubrikkian Industries',10,7,300,2,1),(1821,2,1,0,0,0,0,0,1,3,4,'HF-2','SakTek, Inc.',5,11,2,3,1),(1822,2,2,1,0,0,0,0,1,4,5,'Pongeeta-class','Ubrikkian Industries',2,6,2,2,0),(1823,3,5,2,1,0,0,0,2,6,8,'M3-A Scyk','MandalMotors',NULL,7,0,2,1),(1824,4,4,-1,2,0,0,2,4,24,18,'M22-T Krayt','MandalMotors',NULL,7,2,2,3),(1825,3,4,1,1,0,0,0,4,10,8,'HH-87 Starhopper','MandalMotors',NULL,7,0,2,1),(1826,4,3,-1,2,1,1,2,4,30,18,'Seltiss-2','Ubrikkian Industries',NULL,7,12,4,2),(1827,5,3,-2,1,1,1,1,4,35,20,'Y164','Rendili StarDrive',NULL,7,1200,3,2),(1828,5,3,-3,1,1,1,1,3,26,15,'TL-1200','Suwantek Systems',NULL,7,8,4,2),(1829,5,3,-1,2,1,1,2,6,45,28,'Minstrel-Class Space Yacht','Ubrikkian Industries',NULL,8,75,3,12),(1830,6,3,-2,2,2,2,1,6,75,45,'Kossak-Class','Ubrikkian Industries',NULL,9,90,3,30),(1831,4,5,1,1,0,0,1,3,18,15,'HWK-1000','Corellian Engineering Corporation',NULL,7,4,5,0),(1832,4,3,0,1,0,0,1,3,24,14,'YT-2000','Corellian Engineering Corporation',NULL,7,7,5,2),(1833,3,4,1,1,0,0,0,2,6,5,'Delta-6','Kuat Systems Engineering',NULL,6,0,2,1),(1834,3,4,-2,1,0,0,1,3,12,8,'Alpha-class','Cygnus Spaceworks',NULL,7,0,2,2),(1835,4,3,-2,2,0,0,1,4,28,18,'Customs Frigate','Rendili StarDrive',NULL,8,10,2,7),(1836,4,3,-3,2,0,0,2,4,30,20,'VT-49 Decimator','Kuat Drive Yards',NULL,7,6,1,4),(1837,4,4,-1,1,0,0,1,1,18,14,'WUD-500','Corellian Engineering Corporation',NULL,7,6,5,2),(1838,4,3,-1,1,0,0,1,3,20,16,'Starlight-class','Rendili StarDrive and Surron StarTech',NULL,7,6,4,1),(1839,4,3,0,1,0,0,1,3,24,18,'YKL-37R Nova Courier','Gallofree Yards, Inc.',NULL,7,6,5,4),(1840,4,2,-2,1,0,0,1,2,24,15,'GX1 Short Hauler','Lantillian ShipWrights',NULL,7,6,5,1),(1841,4,4,1,1,0,0,1,1,26,10,'Baudo-class','Mendel Baudo Shipyards',NULL,7,8,6,1),(1842,5,1,-4,1,1,1,1,3,40,28,'MMT','Mobquet Swoops and Speeders',NULL,7,90,5,2),(1843,4,3,-3,1,0,0,1,1,26,14,'Gymsnor-3','CorelliSpace',NULL,7,4,4,1),(1844,4,3,-2,1,0,0,1,3,20,18,'Gymsnor-4','CorelliSpace',NULL,7,4,5,1),(1845,8,0,0,2,2,2,2,6,300,150,'Golan I','Golan Arms',NULL,9,10000,4,39),(1910,2,4,-1,0,0,0,0,2,5,6,'HSP-10','Dromor Motors',100000,7,2,1,2),(1911,2,3,-1,0,0,0,0,0,5,6,'Cargohopper 102','TaggeCo.',300000,7,0,0,1),(1912,2,2,0,0,0,0,0,0,4,8,'1000-XTC','Tion Industries',50,7,2,3,0),(1913,2,3,0,0,0,0,0,0,3,3,'Starhawk','Ikas-Adno',15,6,1,2,1),(1914,2,3,0,0,0,0,0,0,3,3,'Starhawk','Ikas-Adno',15,6,2,1,1),(1915,2,2,0,0,0,0,0,2,5,5,'Sunrunner zX','Ikas-Adno',2,6,1,3,1),(2002,5,3,-3,1,1,1,1,3,23,16,'TL-1200','Suwantek Systems',NULL,7,8,2,2),(2132,3,2,-1,0,0,0,0,1,10,8,'8880','Ubrikkian Industries',2,11,6,2,0),(2133,2,1,0,0,0,0,0,0,5,5,'V-35','SoroSuub Corporation',1,8,2,2,0),(2134,2,3,0,0,0,0,0,0,9,6,'XTC','Tion Industries',50000,7,2,1,0),(2135,5,1,-5,0,0,0,0,3,55,28,'HA-5','Hyrotii Engineering',10000,7,16,3,0),(2136,4,4,1,1,0,0,1,1,26,10,'Baudo','Mendel Baudo Shipyards',NULL,7,8,6,1),(2137,5,3,0,1,1,1,1,3,38,18,'Curich','Sienar Fleet Systems',NULL,7,50,2,1),(2138,5,4,1,2,1,1,2,3,36,18,'J-Type','Nubia Star Drives',NULL,7,10,0,0),(2139,4,3,0,2,0,0,1,3,22,16,'MC-18','Mon Calamari Shipyards',NULL,7,5,2,1),(2140,4,3,0,1,0,0,1,4,28,14,'Kappa','Republic Sienar Systems',NULL,7,40,2,3),(2220,8,2,-2,4,4,4,3,10,150,90,'Home One','Mon Calamari Shipyards',NULL,9,1200,2,78),(2288,1,2,3,0,0,0,0,0,1,3,'Paraglider','Nen-Carvon',10000,7,0,1,1),(2289,3,2,0,0,0,0,0,3,8,6,'Explorer Submersible','Hydrosphere Corporation',5000,7,2,2,2),(2290,2,4,1,0,0,0,0,2,8,8,'Attack Submersible','Mon Calamari Subworks',2500,8,0,3,2),(2291,3,5,2,1,0,0,1,1,10,6,'Tallanx','Gimmellian Shipworks',NULL,6,0,2,1),(2292,4,4,0,1,0,0,1,2,18,14,'Darvro','Gimmellian Shipworks',NULL,7,4,4,3),(2293,6,4,0,3,2,2,2,5,74,42,'MC30c','Mon Calamari Shipyards',NULL,7,95,3,40),(2294,6,2,-1,3,2,2,3,6,92,56,'MC40a','Mon Calamari Shipyards',NULL,7,650,4,40),(2402,3,3,0,1,0,0,1,2,8,8,'Cutlass','SoroSuub Corporation',NULL,6,0,3,3),(2407,7,3,-1,2,2,2,2,8,100,60,'Keldabe','Zann Consortium',NULL,9,1000,4,47),(2408,5,3,-1,3,2,2,2,2,40,20,'Interceptor IV','Corellian Engineering Corporation',NULL,8,5,4,3),(2409,3,4,1,2,0,0,2,2,14,7,'StarViper M-2','MandalMotors',NULL,6,0,0,2),(2411,5,4,0,2,1,1,1,5,46,23,'Consular','Corellian Engineering Corporation',NULL,9,16,3,7),(2412,5,3,0,1,1,1,1,5,62,35,'Marauder','Republic Sienar Systems',NULL,8,40,0,11),(2556,2,4,2,0,0,0,0,3,6,7,'Talon I','Ubrikkian Industries',100000,7,0,2,1),(2557,2,2,0,0,0,0,0,0,4,5,'Various','Various corporations',NULL,6,4,4,0),(2558,3,1,0,0,0,0,0,0,8,8,'A-A3','Trast Heavy Transports',NULL,6,2,3,0),(2559,2,2,0,0,0,0,0,1,3,4,'85-XS','Aratech Repulsor Company',NULL,6,1,4,0),(2560,2,3,-2,0,0,0,0,0,3,3,'48 Roller','Gallis-Tech',NULL,11,0,0,0),(2561,2,2,-1,0,0,0,0,0,56,3,'Various','Various manufacturers',NULL,11,3,2,0),(2562,3,1,-1,0,0,0,0,0,15,15,'AT-HCT','Rothana Heavy Engineering',NULL,8,6,2,0),(2563,3,5,2,1,0,0,0,2,7,7,'Delta-7','Kuat Systems Engineering',NULL,6,0,2,1),(2564,3,4,1,1,0,0,1,3,10,8,'D-12','Kuat Systems Engineering',NULL,7,1,3,0),(2565,4,4,1,1,0,0,1,2,16,10,'Pathfinder','Vangaard Industries',NULL,10,2,2,1),(2566,4,2,-2,1,0,0,1,2,25,15,'Rigger-class','Corellian Engineering Corporation',NULL,8,6,4,3),(2567,4,3,0,1,0,0,1,4,20,16,'Simiyiar','Mon Calamari Shipyards',NULL,8,5,4,2),(2568,4,3,-1,1,0,0,1,3,30,20,'Questor','Starfield Industries',NULL,8,6,4,1),(2569,5,2,-2,2,2,2,1,6,50,35,'Adz','Kuat Drive Yards',NULL,10,8,1,7),(2570,5,4,-1,2,2,2,2,3,40,35,'IR-3F','Republic Sienar Systems',NULL,10,10,2,4),(2728,2,6,0,0,0,0,0,1,6,4,'SU-42RS','SoroSuub',130000,9,0,0,1),(2729,3,1,-2,0,0,0,0,1,11,7,'AA-70','Trast Heavy Transports',3,8,10,2,1),(2730,3,4,1,1,0,0,0,2,10,10,'LAVr QH-7 Chariot','Uulshos Manufacturing',5,9,3,2,1),(2731,2,2,1,0,0,0,0,2,5,8,'AT-FRC','Kuat Drive Yards',NULL,8,0,1,2),(2732,7,2,0,3,2,2,2,5,60,55,'Munificent-class','Hoersch-Kessel Drive, Inc',NULL,9,850,1,108),(2733,6,3,-1,3,2,2,1,6,75,45,'Surveyor-class','Kuat Drive Yards',NULL,10,80,2,22),(2734,9,2,-2,4,4,4,4,10,155,90,'Home One type','Mon Calamari Shipyards',NULL,9,1200,4,158),(2735,9,2,-4,4,3,3,2,13,205,105,'Assertor-class','Kuat Drive Yards',NULL,9,20000,3,320),(2736,8,1,-3,3,2,2,3,8,125,65,'Maelstrom-classs','Kuat Drive Yards',NULL,9,15000,2,120),(2824,4,2,-2,3,0,0,3,4,10,12,'D-4','Incom Corporation',5,7,10,4,2),(2825,4,2,-2,0,0,0,0,0,9,10,'D-4S','Incom Corporation',5,7,10,4,0),(2826,2,1,-2,0,0,0,0,0,6,5,'Rufescent-class','TaggeCo',NULL,7,0,6,0),(2827,2,3,-1,0,0,0,0,1,3,8,'Tsmeu-6','Z-Gomot Ternbuell Guppat Corporation',NULL,11,0,2,1),(2828,3,4,-2,0,0,0,0,4,12,8,'Blade-32','Tarrvin-on-Kallik',NULL,6,1,1,3),(2829,4,4,-1,2,0,0,0,3,16,14,'M12-L Kimogila','MandalMotors',NULL,7,0,2,3),(2830,2,4,1,1,0,0,1,2,7,7,'Miy\'til','Olanji/Charubah',NULL,6,0,1,2),(2831,4,3,-2,1,0,0,1,2,26,12,'Barloz-class','Corellian Engineering Corporation',NULL,7,4,4,1),(2832,5,2,-2,2,2,2,2,5,35,15,'Stalwart-class','Nova-Drive',NULL,8,10,2,0),(2833,5,3,-1,1,1,1,1,3,18,25,'Barrage-class','Alto Systems',NULL,9,5,3,6),(2834,5,3,-1,1,1,1,1,2,19,12,'Penumbra-class','Brennkeyes Syndicate',NULL,7,4,0,1),(2835,5,3,-3,1,1,1,1,3,32,28,'VCX-100','Corellian Engineering Corporation',NULL,7,6,5,3),(2878,2,4,-2,0,0,0,0,0,2,3,'Flare-V','Monquet Swoops and Speeders',400,11,1,1,0),(2909,4,4,-1,1,0,0,1,3,22,14,'YT-1300','Corellian Engineering Corporation',NULL,7,6,6,2),(3105,2,3,0,0,0,0,0,2,10,10,'SEC-22m','Kodoos Repulsor Ltd',1000,6,2,1,2),(3213,4,1,-3,0,0,0,0,2,25,10,'UH-XH','Baktoid Armor Workshop',500,7,24,3,0),(3214,4,1,-4,0,0,0,0,1,20,8,'KRI-80','SoroSuub Corporation',10,7,5,5,0),(3215,3,2,-3,0,0,0,0,0,10,8,'J-15','SoroSuub Corporation',3000,7,3,5,0),(3216,5,1,-2,0,0,0,0,2,28,30,'TRL-03','Ubrikkian Industries',1000,8,2,5,2),(3217,3,3,0,0,0,0,0,2,5,8,'AD-1S','Koensayr Manufacturing',NULL,11,2,8,0),(3218,5,3,-2,2,1,1,2,5,50,25,'Modified CR90','Corellian Engineering Corporation',NULL,9,220,6,2),(3219,5,2,-4,2,1,1,1,4,55,35,'L-2783','Corellian Engineering Corporation',NULL,9,100,7,4),(3343,2,3,0,0,0,0,0,0,5,5,'Ascendant','Sienar Design Systems',6000,9,0,2,0),(3344,1,4,2,0,0,0,0,0,3,4,'Flasherfish','Kuat Vehicles',20,8,1,2,0),(3345,3,3,1,0,0,0,0,1,5,7,'IML-2c','Imperial Mining, Ltd',NULL,8,2,4,0),(3346,3,3,-1,0,0,0,0,0,10,8,'A-A5m','Trast Heavy Transports',NULL,9,6,4,0),(3347,2,2,0,0,0,0,0,0,4,6,'Oduran Model 25','Ubrikkian Industries',NULL,6,5,0,0),(3348,4,1,-1,0,0,0,0,2,20,12,'Whelik ATE','Corellian Mining Corporation',NULL,9,2,4,0),(3349,4,3,1,1,0,0,0,3,25,15,'T-6','Slayn & Korpil',NULL,8,4,2,0),(3350,3,4,0,1,0,0,1,3,14,8,'V-19B Dart','Slayn & Korpil',NULL,8,2,1,0),(3351,5,2,-2,1,1,1,0,2,35,18,'Action IV','Corellian Engineering Corporation',NULL,8,6,4,2),(3352,4,3,-1,2,1,1,0,4,22,16,'TL-18B','Suwantek Systems',NULL,8,4,5,2),(3353,5,3,-2,2,1,1,0,4,46,24,'Consular','Corellian Engineering Corporation',NULL,10,24,6,0),(3354,3,2,-4,0,0,0,0,1,10,4,'Salon Pod','Corellian Engineering Corporation',NULL,8,10,0,0),(3355,5,3,-1,2,1,1,2,3,44,28,'Unknown Class','believed to be Rendili Vehicle Corporation ',NULL,10,10,6,0),(3356,6,2,-2,0,0,0,0,2,50,25,'Observation Platform','Kamino Engineering',NULL,10,20,6,0),(3417,4,1,-2,0,0,0,0,4,40,35,'AT-TE','Kuat Drive Yards',NULL,7,20,2,5),(3418,2,3,-2,0,0,0,0,0,5,5,'Versatile-Athletic Walker','Baktoid Industrial Systems',NULL,7,1,1,1),(3419,3,2,-1,0,0,0,0,1,6,5,'Arrow-23','Aratech Repulsor Company',5,7,4,4,0),(3420,3,2,-2,0,0,0,0,2,15,7,'Imperial Troop Transport','Ubrikkian Industries',5,6,10,0,3),(3421,3,1,-1,2,0,0,0,4,22,20,'HAVr A9','Ubrikkian Industries',20,8,10,1,2),(3422,3,2,0,1,0,0,1,1,8,4,'SC2-M','Rothana Heavy Engineering',3,7,1,2,1),(3423,3,4,-1,1,0,0,1,3,20,15,'LAAT','Rothana Heavy Engineering',100000,8,30,2,9),(3424,3,4,-2,1,0,0,1,2,20,15,'LAAT','Rothana Heavy Engineering',100000,8,2,1,2),(3425,3,4,0,0,0,0,0,2,8,10,'HAET-221','Mekuun Corporation',100000,9,5,1,3),(3426,3,4,-1,2,0,0,0,2,10,9,'IDT','Rothana Heavy Engineering',100000,7,18,1,2),(3475,3,2,-1,1,0,0,0,2,5,8,'XL-3c Guardsman','Tion mil/Sci Industries',150000,9,12,1,1),(3476,3,3,1,0,0,0,0,1,14,10,'M90 Ranger','Cryospac Repulsorlift Corporation',10,6,6,4,0),(3477,4,5,-1,2,0,0,1,2,25,15,'Aggressor','Trilon Inc',NULL,7,8,3,3),(3478,3,6,3,0,0,0,0,2,12,10,'Fang fighter','MandalMotors',NULL,6,0,1,2),(3479,3,4,-1,2,0,0,1,3,14,12,'G-1A','Byblos Drive Yards',NULL,7,3,4,2),(3480,3,4,0,1,0,0,0,2,10,6,'Kihraxz','TransGalMeg, Inc',NULL,6,0,5,3),(3482,4,5,-2,1,0,0,0,2,20,10,'Lancer-class','MandalMotors',NULL,7,4,3,3),(3483,4,3,-2,2,0,0,1,3,30,12,'YV-666','Corellian Engineering Corporation',NULL,7,6,6,2),(3484,5,3,-3,3,2,2,1,5,55,40,'Gozanti-class/C-ROC Type','Corellian Engineering Corporation',NULL,8,20,6,6),(3567,4,3,0,2,0,0,1,3,17,12,'Eta-class','Cygnus Spaceworks',NULL,7,10,2,1),(3568,2,2,0,0,0,0,0,0,2,2,'Undicur','Kuat Vehicles',150,11,0,0,0),(3569,3,4,0,1,0,0,1,1,15,14,'Limulus-class','Kuat Systems Engineering',NULL,7,1,2,1),(3570,4,4,0,1,0,0,1,2,18,13,'Legate-class','Sienar Fleet Systems',NULL,7,4,3,2),(3611,2,3,1,0,0,0,0,1,5,10,'Br.549 FasTrak','Bespin Motors',150000,9,0,1,0),(3612,2,2,1,0,0,0,0,0,2,5,'610-AvA \"Dart\"','Aratech Repulsor Company',20,6,1,4,0),(3613,2,3,0,0,0,0,0,1,4,6,'Swift 3','Aratech Repulsor Company',25,6,0,4,2),(3614,3,1,-1,0,0,0,0,0,12,8,'A-A8 BackCountry','Trast Heavy Transports',5,6,5,6,0),(3615,2,2,0,0,0,0,0,0,4,6,'Joben T-85','Zebulon Dak Speeder Corporation',25,6,1,5,0),(3616,2,2,-1,0,0,0,0,2,15,12,'LM002 Bloodhound','SoroSuub Corporation',10,9,2,2,0),(3617,3,1,0,0,0,0,0,1,15,10,'AT-ET','Rothana Heavy Engineering',NULL,8,4,6,0),(3618,2,3,1,1,0,0,0,0,4,8,'AT-RT','Kuat Drive Yards',NULL,8,0,2,1),(3619,3,4,-1,1,0,0,1,3,14,8,'ARC-40b','Kuat Drive Yards',NULL,8,0,2,5),(3620,4,3,-1,2,0,0,1,3,20,18,'Far*Reach-class','Loronar Corporation',NULL,10,2,3,1),(3621,3,4,2,0,0,0,0,3,10,9,'V-19 Torrent','Slayn & Korpil',NULL,7,0,1,2),(3622,5,2,-1,2,0,0,1,3,35,30,'Alidade-class','Sienar Ships',NULL,10,5,3,2),(3623,4,4,0,1,0,0,0,3,20,15,'Kazellis-class','Kazellis Corporation',NULL,8,4,2,1),(3624,3,3,0,1,0,0,1,2,17,17,'Wander-class','Mon Calamari Shipyards',NULL,8,1,4,1);
/*!40000 ALTER TABLE `transportation_vehicle` ENABLE KEYS */;
UNLOCK TABLES;

--
-- Table structure for table `transportation_vehicleattachment`
--

DROP TABLE IF EXISTS `transportation_vehicleattachment`;
/*!40101 SET @saved_cs_client     = @@character_set_client */;
/*!40101 SET character_set_client = utf8 */;
CREATE TABLE `transportation_vehicleattachment` (
  `attachment_ptr_id` int(11) NOT NULL,
  `by_silhoutte` tinyint(1) NOT NULL,
  PRIMARY KEY (`attachment_ptr_id`),
  CONSTRAINT `attachment_ptr_id_refs_gear_ptr_id_e578fe6f` FOREIGN KEY (`attachment_ptr_id`) REFERENCES `equipment_attachment` (`gear_ptr_id`)
) ENGINE=InnoDB DEFAULT CHARSET=latin1;
/*!40101 SET character_set_client = @saved_cs_client */;

--
-- Dumping data for table `transportation_vehicleattachment`
--

LOCK TABLES `transportation_vehicleattachment` WRITE;
/*!40000 ALTER TABLE `transportation_vehicleattachment` DISABLE KEYS */;
INSERT INTO `transportation_vehicleattachment` VALUES (359,0),(360,0),(361,1),(362,0),(363,0),(364,0),(365,0),(366,1),(367,1),(379,0),(380,0),(381,1),(382,0),(383,0),(384,1),(385,0),(386,0),(387,1),(388,0),(389,0),(1251,0),(1694,0),(1695,0),(1696,0),(1697,0),(1698,0),(1699,0),(1700,0),(1916,0),(1917,0),(1918,0),(1919,0),(1920,0),(1921,0),(1922,0),(1923,0),(1924,0),(2141,0),(2142,0),(2143,0),(2144,0),(2737,0),(2738,0),(2739,0),(2740,0),(2741,0),(3220,1),(3221,1),(3223,0),(3224,0),(3225,1),(3226,0),(3227,0),(3228,0),(3229,0),(3230,0),(3231,0),(3232,1),(3233,0),(3481,0),(3485,0),(3486,0),(3487,0),(3557,0),(3558,0),(3559,0),(3560,0),(3561,0),(3562,0),(3563,0),(3564,0),(3565,0),(3566,0);
/*!40000 ALTER TABLE `transportation_vehicleattachment` ENABLE KEYS */;
UNLOCK TABLES;
/*!40103 SET TIME_ZONE=@OLD_TIME_ZONE */;

/*!40101 SET SQL_MODE=@OLD_SQL_MODE */;
/*!40014 SET FOREIGN_KEY_CHECKS=@OLD_FOREIGN_KEY_CHECKS */;
/*!40014 SET UNIQUE_CHECKS=@OLD_UNIQUE_CHECKS */;
/*!40101 SET CHARACTER_SET_CLIENT=@OLD_CHARACTER_SET_CLIENT */;
/*!40101 SET CHARACTER_SET_RESULTS=@OLD_CHARACTER_SET_RESULTS */;
/*!40101 SET COLLATION_CONNECTION=@OLD_COLLATION_CONNECTION */;
/*!40111 SET SQL_NOTES=@OLD_SQL_NOTES */;

-- Dump completed on 2020-02-13  4:04:27
